Protein	Protein ID	Entry Name	Gene	Length	Is Decoy	Is Contaminant	Organism	Protein Description	Protein Existence	Coverage	Protein Probability	Top Peptide Probability	Protein Qvalue	Total Peptides	Unique Peptides	Razor Peptides	Total Spectral Count	Unique Spectral Count	Razor Spectral Count	Total Intensity	Unique Intensity	Razor Intensity	Razor Assigned Modifications	Razor Observed Modifications	Indistinguishable Proteins
sp|A0A0R4ITC5|TRRAP_DANRE	A0A0R4ITC5	TRRAP_DANRE	trrap	3841	false	false	Danio rerio	Transformation/transcription domain-associated protein	3:Protein inferred from homology	0.26	1.0000	0.9988	0.00000000000000	1	1	1	1	1	1	366193.88	366193.88	366193.88	8C(57.0215)		
sp|A0MTA1|APEX1_DANRE	A0MTA1	APEX1_DANRE	apex1	310	false	false	Danio rerio	DNA-(apurinic or apyrimidinic site) endonuclease	1:Experimental evidence at protein level	3.23	1.0000	0.9990	0.00000000000000	1	1	1	1	1	1	1423939.2	1423939.2	1423939.2			
sp|A1L1F4|PDS5A_DANRE	A1L1F4	PDS5A_DANRE	pds5a	1320	false	false	Danio rerio	Sister chromatid cohesion protein PDS5 homolog A	2:Experimental evidence at transcript level	0.91	1.0000	0.9990	0.00000000000000	1	0	0	1	0	0	2108406.0	0	0			
sp|A3QK16|ERLN2_DANRE	A3QK16	ERLN2_DANRE	erlin2	331	false	false	Danio rerio	Erlin-2	2:Experimental evidence at transcript level	10.27	1.0000	0.9988	0.00000000000000	4	3	3	4	3	3	5737874.5	2145829.2	2145829.2			
sp|A5PLC8|PTMAB_DANRE	A5PLC8	PTMAB_DANRE	ptmab	106	false	false	Danio rerio	Prothymosin alpha-B	1:Experimental evidence at protein level	13.21	1.0000	0.9990	0.00000000000000	1	1	1	1	1	1	430756.8	430756.8	430756.8	N-term(42.0106)		
sp|A5WUL3|MED22_DANRE	A5WUL3	MED22_DANRE	med22	198	false	false	Danio rerio	Mediator of RNA polymerase II transcription subunit 22	2:Experimental evidence at transcript level	5.56	1.0000	0.9989	0.00000000000000	1	1	1	1	1	1	768185.7	768185.7	768185.7			
sp|A9JRE2|MTNA_DANRE	A9JRE2	MTNA_DANRE	mri1	353	false	false	Danio rerio	Methylthioribose-1-phosphate isomerase	2:Experimental evidence at transcript level	3.97	1.0000	0.9988	0.00000000000000	1	1	1	1	1	1	500179.25	500179.25	500179.25			
sp|B8A5I7|SSBP_DANRE	B8A5I7	SSBP_DANRE	ssbp1	146	false	false	Danio rerio	Single-stranded DNA-binding protein, mitochondrial	1:Experimental evidence at protein level	41.78	1.0000	0.9990	0.00000000000000	5	5	5	5	5	5	6105200.5	6105200.5	6105200.5			
sp|F1QGH7|CTNB1_DANRE	F1QGH7	CTNB1_DANRE	ctnnb1	780	false	false	Danio rerio	Catenin beta-1	1:Experimental evidence at protein level	1.28	1.0000	0.9990	0.00000000000000	1	0	1	1	0	1	0	0	0	5C(57.0215)		
sp|F1QGW6|IF2G_DANRE	F1QGW6	IF2G_DANRE	eif2s3	472	false	false	Danio rerio	Eukaryotic translation initiation factor 2 subunit 3	3:Protein inferred from homology	2.33	1.0000	0.9990	0.00000000000000	1	1	1	1	1	1	0	0	0			
sp|F1QNV4|NU133_DANRE	F1QNV4	NU133_DANRE	nup133	1136	false	false	Danio rerio	Nuclear pore complex protein Nup133	2:Experimental evidence at transcript level	1.06	1.0000	0.9990	0.00000000000000	1	1	1	1	1	1	0	0	0			
sp|F1RAX4|STRA6_DANRE	F1RAX4	STRA6_DANRE	stra6	670	false	false	Danio rerio	Receptor for retinol uptake stra6	1:Experimental evidence at protein level	3.13	1.0000	0.9990	0.00000000000000	2	2	2	2	2	2	7776407.0	7776407.0	7776407.0			
sp|F1RCR6|TRIPC_DANRE	F1RCR6	TRIPC_DANRE	trip12	2026	false	false	Danio rerio	E3 ubiquitin-protein ligase TRIP12	3:Protein inferred from homology	0.54	1.0000	0.9990	0.00000000000000	1	1	1	1	1	1	508893.97	508893.97	508893.97	6C(57.0215),8C(57.0215)		
sp|F6P6X0|UBAP1_DANRE	F6P6X0	UBAP1_DANRE	ubap1	453	false	false	Danio rerio	Ubiquitin-associated protein 1	2:Experimental evidence at transcript level	2.65	1.0000	0.9982	0.00000000000000	1	1	1	1	1	1	2358936.8	2358936.8	2358936.8	6M(15.9949)		
sp|O42248|GBLP_DANRE	O42248	GBLP_DANRE	gnb2l1	317	false	false	Danio rerio	Guanine nucleotide-binding protein subunit beta-2-like 1	1:Experimental evidence at protein level	16.40	1.0000	0.9990	0.00000000000000	4	4	4	4	4	4	4170131.8	4170131.8	4170131.8	13C(57.0215),14C(57.0215)		
sp|O57521|HS90B_DANRE	O57521	HS90B_DANRE	hsp90ab1	725	false	false	Danio rerio	Heat shock protein HSP 90-beta	1:Experimental evidence at protein level	2.34	1.0000	0.9990	0.00000000000000	1	1	1	1	1	1	0	0	0			
sp|O77727|K1C15_SHEEP	O77727	K1C15_SHEEP	KRT15	453	false	false	Ovis aries	Keratin, type I cytoskeletal 15	2:Experimental evidence at transcript level	10.82	1.0000	0.9990	0.00000000000000	7	2	3	7	2	2	1.12680824E8	4473622.0	5660582.0	15M(15.9949)		
sp|O82803|SRPP_HEVBR	O82803	SRPP_HEVBR	SRPP	204	false	false	Hevea brasiliensis	Small rubber particle protein	1:Experimental evidence at protein level	28.92	1.0000	0.9985	0.00000000000000	5	5	5	5	5	5	1.2497444E7	1.2497444E7	1.2497444E7	N-term(42.0106),N-term(42.0106)		
sp|P00760|TRY1_BOVIN	P00760	TRY1_BOVIN	PRSS1	246	false	false	Bos taurus	Serine protease 1	1:Experimental evidence at protein level	9.76	1.0000	0.9990	0.00000000000000	1	1	1	2	2	2	1.7352118E7	1.7352118E7	1.7352118E7	12C(57.0215),23C(57.0215),12C(57.0215),23C(57.0215)		
sp|P00761|TRYP_PIG	P00761	TRYP_PIG		231	false	false	Sus scrofa	Trypsin	1:Experimental evidence at protein level	74.46	1.0000	0.9990	0.00000000000000	15	15	15	24	24	24	3.23790848E9	3.23790848E9	3.23790848E9	12C(57.0215),12C(57.0215),23C(57.0215),13C(57.0215),13C(57.0215),13C(57.0215),27C(57.0215),3C(57.0215),17M(15.9949),17M(15.9949),17M(15.9949),2C(57.0215),2C(57.0215),2C(57.0215),30C(57.0215),9C(57.0215),2C(57.0215),9C(57.0215),2C(57.0215),9C(57.0215),37M(15.9949),9C(57.0215)		
sp|P00883|ALDOA_RABIT	P00883	ALDOA_RABIT	ALDOA	364	false	false	Oryctolagus cuniculus	Fructose-bisphosphate aldolase A	1:Experimental evidence at protein level	12.64	1.0000	0.9977	0.00000000000000	2	1	1	2	1	1	0	0	0			
sp|P01112|RASH_HUMAN	P01112	RASH_HUMAN	HRAS	189	false	false	Homo sapiens	GTPase HRas	1:Experimental evidence at protein level	21.16	1.0000	0.9990	0.00000000000000	3	0	3	3	0	3	2657932.2	0	2657932.2	N-term(42.0106)		tr|Q503B6|Q503B6_DANRE, tr|Q568K0|Q568K0_DANRE
sp|P02662|CASA1_BOVIN	P02662	CASA1_BOVIN	CSN1S1	214	false	false	Bos taurus	Alpha-S1-casein	1:Experimental evidence at protein level	28.97	1.0000	0.9990	0.00000000000000	6	6	6	8	8	8	1.255724E8	1.255724E8	1.255724E8	11M(15.9949),11M(15.9949),3M(15.9949)		
sp|P02663|CASA2_BOVIN	P02663	CASA2_BOVIN	CSN1S2	222	false	false	Bos taurus	Alpha-S2-casein	1:Experimental evidence at protein level	4.95	1.0000	0.9990	0.00000000000000	3	3	3	1	1	1	1.004229E7	1.004229E7	1.004229E7			
sp|P02666|CASB_BOVIN	P02666	CASB_BOVIN	CSN2	224	false	false	Bos taurus	Beta-casein	1:Experimental evidence at protein level	18.75	1.0000	0.9990	0.00000000000000	4	4	4	4	4	4	1.1728831E7	1.1728831E7	1.1728831E7	2M(15.9949),2M(15.9949),9M(15.9949)		
sp|P02668|CASK_BOVIN	P02668	CASK_BOVIN	CSN3	190	false	false	Bos taurus	Kappa-casein	1:Experimental evidence at protein level	32.63	1.0000	0.9990	0.00000000000000	3	3	3	4	4	4	2.0935866E7	2.0935866E7	2.0935866E7			
sp|P02768|ALBU_HUMAN	P02768	ALBU_HUMAN	ALB	609	false	false	Homo sapiens	Albumin	1:Experimental evidence at protein level	8.54	1.0000	0.9989	0.00000000000000	8	5	5	5	3	3	9598228.0	4929717.0	4929717.0	3C(57.0215),6M(15.9949)		
sp|P02769|ALBU_BOVIN	P02769	ALBU_BOVIN	ALB	607	false	false	Bos taurus	Albumin	1:Experimental evidence at protein level	2.47	1.0000	0.9990	0.00000000000000	4	1	4	2	0	2	9712733.0	2216226.2	9712733.0			
sp|P02788|TRFL_HUMAN	P02788	TRFL_HUMAN	LTF	710	false	false	Homo sapiens	Lactotransferrin	1:Experimental evidence at protein level	26.34	1.0000	0.9990	0.00000000000000	16	16	16	16	16	16	1.3140334E7	1.3140334E7	1.3140334E7	10C(57.0215),11C(57.0215),17C(57.0215),4C(57.0215),7C(57.0215),21C(57.0215),2C(57.0215),6M(15.9949),4C(57.0215),7C(57.0215),5C(57.0215)		
sp|P04040|CATA_HUMAN	P04040	CATA_HUMAN	CAT	527	false	false	Homo sapiens	Catalase	1:Experimental evidence at protein level	22.39	1.0000	0.9990	0.00000000000000	10	8	10	10	8	10	2.2109224E7	2.2109224E7	2.2109224E7	11C(57.0215),12C(57.0215),N-term(42.0106),N-term(42.0106),11M(15.9949)		
sp|P04264|K2C1_HUMAN	P04264	K2C1_HUMAN	KRT1	644	false	false	Homo sapiens	Keratin, type II cytoskeletal 1	1:Experimental evidence at protein level	62.11	1.0000	0.9990	0.00000000000000	52	49	52	69	66	69	2.13505382E9	2.13505382E9	2.13505382E9	10M(15.9949),14C(57.0215),11C(57.0215),12C(57.0215),14C(57.0215),19M(15.9949),1M(15.9949),5C(57.0215),1M(15.9949),5C(57.0215),4C(57.0215),4C(57.0215),4C(57.0215),4C(57.0215),5C(57.0215),5C(57.0215),7M(15.9949),9M(15.9949),9M(15.9949)		
sp|P06732|KCRM_HUMAN	P06732	KCRM_HUMAN	CKM	381	false	false	Homo sapiens	Creatine kinase M-type	1:Experimental evidence at protein level	3.67	1.0000	0.9989	0.00000000000000	1	0	0	1	0	0	3856204.8	0	0			
sp|P07339|CATD_HUMAN	P07339	CATD_HUMAN	CTSD	412	false	false	Homo sapiens	Cathepsin D	1:Experimental evidence at protein level	2.67	1.0000	0.9990	0.00000000000000	2	1	2	1	0	1	5696570.0	3010930.2	5696570.0	7M(15.9949)		
sp|P10599|THIO_HUMAN	P10599	THIO_HUMAN	TXN	105	false	false	Homo sapiens	Thioredoxin	1:Experimental evidence at protein level	45.71	1.0000	0.9990	0.00000000000000	3	3	3	4	4	4	3.7473952E7	3.7473952E7	3.7473952E7	24C(57.0215),27C(57.0215),24C(57.0215),27C(57.0215)		
sp|P13104|TPM1_DANRE	P13104	TPM1_DANRE	tpma	284	false	false	Danio rerio	Tropomyosin alpha-1 chain	2:Experimental evidence at transcript level	32.39	1.0000	0.9990	0.00000000000000	11	2	11	12	1	12	5.3885856E7	892089.75	5.3885856E7			
sp|P13645|K1C10_HUMAN	P13645	K1C10_HUMAN	KRT10	584	false	false	Homo sapiens	Keratin, type I cytoskeletal 10	1:Experimental evidence at protein level	58.56	1.0000	0.9990	0.00000000000000	40	35	40	57	51	57	1.12494246E9	1.12494246E9	1.12494246E9	10C(57.0215),10C(57.0215),11M(15.9949),14M(15.9949),16C(57.0215),16C(57.0215),21C(57.0215),26C(57.0215),26M(15.9949),3M(15.9949),3M(15.9949),3M(15.9949),5C(57.0215),5C(57.0215),5C(57.0215),5M(15.9949),7C(57.0215)		
sp|P15252|REF_HEVBR	P15252	REF_HEVBR		138	false	false	Hevea brasiliensis	Rubber elongation factor protein	1:Experimental evidence at protein level	15.94	1.0000	0.9989	0.00000000000000	2	2	2	2	2	2	3835494.0	3835494.0	3835494.0			
sp|P17561|EPD_DANRE	P17561	EPD_DANRE	epd	217	false	false	Danio rerio	Ependymin	2:Experimental evidence at transcript level	8.76	1.0000	0.9990	0.00000000000000	1	1	1	1	1	1	794373.6	794373.6	794373.6			
sp|P35359|OPSD_DANRE	P35359	OPSD_DANRE	rho	354	false	false	Danio rerio	Rhodopsin	1:Experimental evidence at protein level	9.04	1.0000	0.9990	0.00000000000000	2	2	2	2	2	2	0	0	0	10C(57.0215),8C(57.0215),12C(57.0215),13M(15.9949),8C(57.0215)		
sp|P35527|K1C9_HUMAN	P35527	K1C9_HUMAN	KRT9	623	false	false	Homo sapiens	Keratin, type I cytoskeletal 9	1:Experimental evidence at protein level	66.93	1.0000	0.9990	0.00000000000000	42	42	42	57	57	57	3.38537664E8	3.38537664E8	3.38537664E8	10M(15.9949),15C(57.0215),19M(15.9949),1M(15.9949),27C(57.0215),2C(57.0215),3M(15.9949),3M(15.9949),5M(15.9949),5M(15.9949),5M(15.9949),5M(15.9949),6M(15.9949),8M(15.9949),N-term(42.0106),2C(57.0215)		
sp|P35908|K22E_HUMAN	P35908	K22E_HUMAN	KRT2	639	false	false	Homo sapiens	Keratin, type II cytoskeletal 2 epidermal	1:Experimental evidence at protein level	83.88	1.0000	0.9990	0.00000000000000	46	42	44	59	55	57	2.17936352E8	2.17936352E8	2.17936352E8	10M(15.9949),1M(15.9949),23M(15.9949),23M(15.9949),7C(57.0215),7C(57.0215),7M(15.9949),7M(15.9949),8C(57.0215),8C(57.0215),9M(15.9949)		
sp|P61626|LYSC_HUMAN	P61626	LYSC_HUMAN	LYZ	148	false	false	Homo sapiens	Lysozyme C	1:Experimental evidence at protein level	57.43	1.0000	0.9990	0.00000000000000	8	8	8	10	10	10	1.06124952E8	1.06124952E8	1.06124952E8	12C(57.0215),26C(57.0215),8C(57.0215),12C(57.0215),26C(57.0215),8C(57.0215),15C(57.0215),19C(57.0215),33C(57.0215),3C(57.0215),3M(15.9949),9C(57.0215)		
sp|P62084|RS7_DANRE	P62084	RS7_DANRE	rps7	194	false	false	Danio rerio	40S ribosomal protein S7	1:Experimental evidence at protein level	13.92	1.0000	0.9990	0.00000000000000	2	2	2	2	2	2	4520893.0	4520893.0	4520893.0			
sp|P62247|RS8_DANRE	P62247	RS8_DANRE	rps8	208	false	false	Danio rerio	40S ribosomal protein S8	1:Experimental evidence at protein level	33.65	1.0000	0.9990	0.00000000000000	5	4	5	7	5	7	2.407149E7	2.0297332E7	2.407149E7	12C(57.0215),4C(57.0215),2C(57.0215)		
sp|P62937|PPIA_HUMAN	P62937	PPIA_HUMAN	PPIA	165	false	false	Homo sapiens	Peptidyl-prolyl cis-trans isomerase A	1:Experimental evidence at protein level	10.91	1.0000	0.9990	0.00000000000000	1	1	1	2	2	2	324441.38	324441.38	324441.38			
sp|P68871|HBB_HUMAN	P68871	HBB_HUMAN	HBB	147	false	false	Homo sapiens	Hemoglobin subunit beta	1:Experimental evidence at protein level	34.69	1.0000	0.9986	0.00000000000000	5	5	5	6	6	6	6075704.0	6075704.0	6075704.0	15M(15.9949)		
sp|P69905|HBA_HUMAN	P69905	HBA_HUMAN	HBA2	142	false	false	Homo sapiens	Hemoglobin subunit alpha	1:Experimental evidence at protein level	18.31	1.0000	0.9982	0.00000000000000	2	2	2	2	2	2	3336999.5	3336999.5	3336999.5			
sp|P79735|RAN_DANRE	P79735	RAN_DANRE	ran	215	false	false	Danio rerio	GTP-binding nuclear protein Ran	2:Experimental evidence at transcript level	29.77	1.0000	0.9990	0.00000000000000	5	5	5	6	6	6	2.2196708E7	2.2196708E7	2.2196708E7	10C(57.0215),2C(57.0215),N-term(42.0106)		
sp|Q06725|N2F1A_DANRE	Q06725	N2F1A_DANRE	nr2f1a	411	false	false	Danio rerio	Nuclear receptor subfamily 2 group F member 1-A	2:Experimental evidence at transcript level	3.41	1.0000	0.9990	0.00000000000000	1	0	1	1	0	1	0	0	0			tr|Q91430|Q91430_DANRE
sp|Q06830|PRDX1_HUMAN	Q06830	PRDX1_HUMAN	PRDX1	199	false	false	Homo sapiens	Peroxiredoxin-1	1:Experimental evidence at protein level	21.61	1.0000	0.9984	0.00000000000000	6	3	3	5	3	3	2.0255852E7	1.3817642E7	1.3817642E7			
sp|Q1MTE5|ARL3_DANRE	Q1MTE5	ARL3_DANRE	arl3	182	false	false	Danio rerio	ADP-ribosylation factor-like protein 3	2:Experimental evidence at transcript level	10.44	1.0000	0.9990	0.00000000000000	1	1	1	1	1	1	0	0	0			
sp|Q1MTI4|TPISA_DANRE	Q1MTI4	TPISA_DANRE	tpi1a	248	false	false	Danio rerio	Triosephosphate isomerase A	2:Experimental evidence at transcript level	6.05	1.0000	0.9990	0.00000000000000	1	0	0	1	0	0	1156128.4	0	0			
sp|Q32LQ4|BHMT1_DANRE	Q32LQ4	BHMT1_DANRE	bhmt	400	false	false	Danio rerio	Betaine--homocysteine S-methyltransferase 1	2:Experimental evidence at transcript level	14.50	1.0000	0.9990	0.00000000000000	4	4	4	6	6	6	1.1336833E7	1.1336833E7	1.1336833E7	6M(15.9949)		
sp|Q49HM9|GRK7A_DANRE	Q49HM9	GRK7A_DANRE	grk7a	549	false	false	Danio rerio	Rhodopsin kinase grk7a	1:Experimental evidence at protein level	5.65	1.0000	0.9990	0.00000000000000	2	2	2	2	2	2	1388149.9	1388149.9	1388149.9	N-term(42.0106),1C(57.0215),3M(15.9949)		
sp|Q52PJ5|DPYL3_DANRE	Q52PJ5	DPYL3_DANRE	dpysl3	567	false	false	Danio rerio	Dihydropyrimidinase-related protein 3	2:Experimental evidence at transcript level	16.05	1.0000	0.9990	0.00000000000000	7	6	7	6	6	6	3825575.0	2682252.2	3825575.0	10C(57.0215),4M(15.9949),8C(57.0215),8C(57.0215)		
sp|Q58EE9|GFAP_DANRE	Q58EE9	GFAP_DANRE	gfap	444	false	false	Danio rerio	Glial fibrillary acidic protein	1:Experimental evidence at protein level	2.48	1.0000	0.9990	0.00000000000000	1	0	0	1	0	0	9570957.0	0	0			
sp|Q58EG2|ERLN1_DANRE	Q58EG2	ERLN1_DANRE	erlin1	342	false	false	Danio rerio	Erlin-1	2:Experimental evidence at transcript level	9.06	1.0000	0.9989	0.00000000000000	4	3	4	4	3	4	6637568.5	2572871.5	6637568.5	9M(15.9949)		
sp|Q5D018|RBM8A_DANRE	Q5D018	RBM8A_DANRE	rbm8a	174	false	false	Danio rerio	RNA-binding protein 8A	2:Experimental evidence at transcript level	10.92	1.0000	0.9990	0.00000000000000	1	1	1	1	1	1	477306.56	477306.56	477306.56			
sp|Q5MJ86|G3P2_DANRE	Q5MJ86	G3P2_DANRE	gapdh-2	335	false	false	Danio rerio	Glyceraldehyde-3-phosphate dehydrogenase 2	2:Experimental evidence at transcript level	25.67	1.0000	0.9990	0.00000000000000	10	8	10	11	10	11	1.9933556E7	1.7773692E7	1.9933556E7	13C(57.0215),13M(15.9949),13M(15.9949),20C(57.0215),20C(57.0215),4M(15.9949),N-term(42.0106),4C(57.0215)		
sp|Q5PRD0|143BA_DANRE	Q5PRD0	143BA_DANRE	ywhaba	244	false	false	Danio rerio	14-3-3 protein beta/alpha-A	2:Experimental evidence at transcript level	12.70	1.0000	0.9990	0.00000000000000	4	1	4	3	0	3	6041025.5	260211.81	6041025.5	N-term(42.0106)		
sp|Q5TZ66|SN25A_DANRE	Q5TZ66	SN25A_DANRE	snap25a	204	false	false	Danio rerio	Synaptosomal-associated protein 25-A	2:Experimental evidence at transcript level	33.82	1.0000	0.9990	0.00000000000000	5	2	2	13	3	3	4.5498264E7	1.3254374E7	1.3254374E7			
sp|Q5XJ10|G3P_DANRE	Q5XJ10	G3P_DANRE	gapdh	333	false	false	Danio rerio	Glyceraldehyde-3-phosphate dehydrogenase	2:Experimental evidence at transcript level	31.23	1.0000	0.9990	0.00000000000000	7	5	5	7	6	6	1.384076E7	9086512.0	9086512.0	13M(15.9949),19C(57.0215)		
sp|Q5XXA7|HDGR2_DANRE	Q5XXA7	HDGR2_DANRE	hdgfl2	662	false	false	Danio rerio	Hepatoma-derived growth factor-related protein 2	2:Experimental evidence at transcript level	1.66	1.0000	0.9977	0.00000000000000	1	0	1	1	0	1	2.258998E7	0	2.258998E7			tr|A0A8M3AN22|A0A8M3AN22_DANRE
sp|Q642H9|RS4X_DANRE	Q642H9	RS4X_DANRE	rps4x	263	false	false	Danio rerio	40S ribosomal protein S4, X isoform	1:Experimental evidence at protein level	4.56	1.0000	0.9990	0.00000000000000	1	1	1	1	1	1	1917772.8	1917772.8	1917772.8	4C(57.0215)		
sp|Q642J5|RFOX1_DANRE	Q642J5	RFOX1_DANRE	rbfox1	373	false	false	Danio rerio	RNA binding protein fox-1 homolog 1	2:Experimental evidence at transcript level	5.09	1.0000	0.9990	0.00000000000000	1	1	1	1	1	1	0	0	0			
sp|Q6DEM5|TIM8A_DANRE	Q6DEM5	TIM8A_DANRE	timm8a	90	false	false	Danio rerio	Mitochondrial import inner membrane translocase subunit Tim8 A	3:Protein inferred from homology	12.22	1.0000	0.9990	0.00000000000000	1	1	1	1	1	1	1129779.1	1129779.1	1129779.1	4C(57.0215),8C(57.0215)		
sp|Q6DGJ3|TIM13_DANRE	Q6DGJ3	TIM13_DANRE	timm13	95	false	false	Danio rerio	Mitochondrial import inner membrane translocase subunit Tim13	3:Protein inferred from homology	10.53	1.0000	0.9990	0.00000000000000	1	1	1	2	2	2	1292727.0	1292727.0	1292727.0	2M(15.9949)		
sp|Q6DGV1|CELF4_DANRE	Q6DGV1	CELF4_DANRE	celf4	520	false	false	Danio rerio	CUGBP Elav-like family member 4	2:Experimental evidence at transcript level	1.92	1.0000	0.9988	0.00000000000000	1	0	0	1	0	0	457523.25	0	0			
sp|Q6DGY7|CRGNB_DANRE	Q6DGY7	CRGNB_DANRE	crygnb	183	false	false	Danio rerio	Gamma-crystallin N-B	2:Experimental evidence at transcript level	40.44	1.0000	0.9990	0.00000000000000	7	7	7	9	9	9	1.566168E7	1.566168E7	1.566168E7	1C(57.0215),8C(57.0215),2C(57.0215),4C(57.0215),6C(57.0215),9M(15.9949),9M(15.9949),N-term(42.0106),8C(57.0215)		
sp|Q6DI05|SUMO3_DANRE	Q6DI05	SUMO3_DANRE	sumo3	94	false	false	Danio rerio	Small ubiquitin-related modifier 3	3:Protein inferred from homology	12.77	1.0000	0.9990	0.00000000000000	1	0	1	1	0	1	761194.3	0	761194.3			sp|Q6NV25|SMO3L_DANRE
sp|Q6DI06|TIM10_DANRE	Q6DI06	TIM10_DANRE	timm10	88	false	false	Danio rerio	Mitochondrial import inner membrane translocase subunit Tim10	3:Protein inferred from homology	15.91	1.0000	0.9990	0.00000000000000	1	1	1	1	1	1	1221627.9	1221627.9	1221627.9	11C(57.0215)		
sp|Q6DRH5|NOP10_DANRE	Q6DRH5	NOP10_DANRE	nop10	64	false	false	Danio rerio	H/ACA ribonucleoprotein complex subunit 3	3:Protein inferred from homology	20.31	1.0000	0.9989	0.00000000000000	1	1	1	1	1	1	679267.2	679267.2	679267.2			
sp|Q6IQM2|CYC_DANRE	Q6IQM2	CYC_DANRE	cyc	104	false	false	Danio rerio	Cytochrome c	3:Protein inferred from homology	7.69	1.0000	0.9989	0.00000000000000	1	0	1	1	0	1	0	0	0			
sp|Q6NSN2|AOF_DANRE	Q6NSN2	AOF_DANRE	mao	522	false	false	Danio rerio	Amine oxidase [flavin-containing]	1:Experimental evidence at protein level	9.77	1.0000	0.9990	0.00000000000000	3	3	3	3	3	3	4438136.5	4438136.5	4438136.5	3C(57.0215),N-term(42.0106),N-term(42.0106)		
sp|Q6NWF6|K2C8_DANRE	Q6NWF6	K2C8_DANRE	krt8	520	false	false	Danio rerio	Keratin, type II cytoskeletal 8	1:Experimental evidence at protein level	5.77	1.0000	0.9990	0.00000000000000	4	0	1	4	0	1	1.4783329E7	0	927380.6			
sp|Q6NXA4|ILF3_DANRE	Q6NXA4	ILF3_DANRE	ilf3	833	false	false	Danio rerio	Interleukin enhancer-binding factor 3 homolog	1:Experimental evidence at protein level	1.08	1.0000	0.9990	0.00000000000000	1	0	1	1	0	1	370254.8	0	370254.8	1C(57.0215)		tr|A0A8M2BB13|A0A8M2BB13_DANRE
sp|Q6NYE2|RCC2_DANRE	Q6NYE2	RCC2_DANRE	rcc2	495	false	false	Danio rerio	Protein RCC2 homolog	2:Experimental evidence at transcript level	7.27	1.0000	0.9990	0.00000000000000	4	4	4	5	5	5	1.2723238E7	1.2723238E7	1.2723238E7	15C(57.0215),15C(57.0215)		
sp|Q6NYS8|OST48_DANRE	Q6NYS8	OST48_DANRE	ddost	441	false	false	Danio rerio	Dolichyl-diphosphooligosaccharide--protein glycosyltransferase 48 kDa subunit	2:Experimental evidence at transcript level	4.99	1.0000	0.9990	0.00000000000000	2	2	2	2	2	2	2393123.8	2393123.8	2393123.8			
sp|Q6NZ06|ILF2_DANRE	Q6NZ06	ILF2_DANRE	ilf2	387	false	false	Danio rerio	Interleukin enhancer-binding factor 2 homolog	2:Experimental evidence at transcript level	5.94	1.0000	0.9990	0.00000000000000	1	1	1	1	1	1	432680.16	432680.16	432680.16			
sp|Q6NZZ9|RBM22_DANRE	Q6NZZ9	RBM22_DANRE	rbm22	425	false	false	Danio rerio	Pre-mRNA-splicing factor RBM22	2:Experimental evidence at transcript level	6.35	1.0000	0.9990	0.00000000000000	1	1	1	1	1	1	1582517.4	1582517.4	1582517.4			
sp|Q6P026|BAF_DANRE	Q6P026	BAF_DANRE	banf1	90	false	false	Danio rerio	Barrier-to-autointegration factor	1:Experimental evidence at protein level	42.22	1.0000	0.9990	0.00000000000000	3	3	3	4	4	4	8771229.0	8771229.0	8771229.0	3M(15.9949),9M(15.9949)		
sp|Q6P0V6|RL8_DANRE	Q6P0V6	RL8_DANRE	rpl8	257	false	false	Danio rerio	60S ribosomal protein L8	1:Experimental evidence at protein level	4.28	1.0000	0.9990	0.00000000000000	1	1	1	1	1	1	342044.72	342044.72	342044.72			
sp|Q6P3H7|RBBP4_DANRE	Q6P3H7	RBBP4_DANRE	rbbp4	424	false	false	Danio rerio	Histone-binding protein RBBP4	2:Experimental evidence at transcript level	3.30	1.0000	0.9990	0.00000000000000	1	1	1	1	1	1	0	0	0	N-term(42.0106)		
sp|Q6P5M2|SKI8_DANRE	Q6P5M2	SKI8_DANRE	skic8	305	false	false	Danio rerio	SKI8 subunit of superkiller complex protein	2:Experimental evidence at transcript level	2.62	1.0000	0.9990	0.00000000000000	1	1	1	1	1	1	2611967.2	2611967.2	2611967.2			
sp|Q6PBI5|RS25_DANRE	Q6PBI5	RS25_DANRE	rps25	124	false	false	Danio rerio	40S ribosomal protein S25	1:Experimental evidence at protein level	8.06	1.0000	0.9989	0.00000000000000	2	2	2	1	1	1	4297695.0	4297695.0	4297695.0			
sp|Q6PBM7|FA76B_DANRE	Q6PBM7	FA76B_DANRE	fam76b	328	false	false	Danio rerio	Protein FAM76B	1:Experimental evidence at protein level	3.35	1.0000	0.9986	0.00000000000000	1	1	1	1	1	1	0	0	0	3C(57.0215),6C(57.0215)		
sp|Q6PBU7|UQCC2_DANRE	Q6PBU7	UQCC2_DANRE	uqcc2	129	false	false	Danio rerio	Ubiquinol-cytochrome-c reductase complex assembly factor 2	2:Experimental evidence at transcript level	11.63	1.0000	0.9990	0.00000000000000	1	1	1	1	1	1	0	0	0	14C(57.0215)		
sp|Q6PBW5|RP65A_DANRE	Q6PBW5	RP65A_DANRE	rpe65a	531	false	false	Danio rerio	Retinoid isomerohydrolase	2:Experimental evidence at transcript level	16.95	1.0000	0.9990	0.00000000000000	8	8	8	10	10	10	1.6500621E7	1.6500621E7	1.6500621E7	10C(57.0215),28M(15.9949),4M(15.9949)		
sp|Q6PBY0|GNB5B_DANRE	Q6PBY0	GNB5B_DANRE	gnb5b	395	false	false	Danio rerio	Guanine nucleotide-binding protein subunit beta-5b	2:Experimental evidence at transcript level	3.80	1.0000	0.9990	0.00000000000000	1	1	1	1	1	1	787416.3	787416.3	787416.3	N-term(42.0106),13C(57.0215),1C(57.0215)		
sp|Q6PBY1|RS3A_DANRE	Q6PBY1	RS3A_DANRE	rps3a	267	false	false	Danio rerio	40S ribosomal protein S3a	1:Experimental evidence at protein level	15.73	1.0000	0.9990	0.00000000000000	7	7	7	6	6	6	1.299221E7	1.299221E7	1.299221E7	2C(57.0215),2C(57.0215),3C(57.0215)		
sp|Q6PC14|RL23_DANRE	Q6PC14	RL23_DANRE	rpl23	140	false	false	Danio rerio	60S ribosomal protein L23	1:Experimental evidence at protein level	21.43	1.0000	0.9990	0.00000000000000	4	4	4	4	4	4	1.1032623E7	1.1032623E7	1.1032623E7	13C(57.0215),13C(57.0215),15C(57.0215),2C(57.0215)		
sp|Q6PC54|SN25B_DANRE	Q6PC54	SN25B_DANRE	snap25b	203	false	false	Danio rerio	Synaptosomal-associated protein 25-B	2:Experimental evidence at transcript level	33.99	1.0000	0.9990	0.00000000000000	6	3	6	15	5	15	3.6081944E7	6541416.0	3.6081944E7	1M(15.9949),1M(15.9949),2M(15.9949),2M(15.9949),4M(15.9949),4M(15.9949),4M(15.9949),6M(15.9949)		
sp|Q6PG31|RNPS1_DANRE	Q6PG31	RNPS1_DANRE	rnps1	283	false	false	Danio rerio	RNA-binding protein with serine-rich domain 1	2:Experimental evidence at transcript level	12.72	1.0000	0.9990	0.00000000000000	3	3	3	2	2	2	2219455.0	2219455.0	2219455.0	2M(15.9949)		
sp|Q6PH57|GBB1_DANRE	Q6PH57	GBB1_DANRE	gnb1	340	false	false	Danio rerio	Guanine nucleotide-binding protein G(I)/G(S)/G(T) subunit beta-1	2:Experimental evidence at transcript level	34.71	1.0000	0.9990	0.00000000000000	8	1	8	7	1	7	1.9364242E7	1460087.4	1.9364242E7	11C(57.0215),11C(57.0215),12C(57.0215),15C(57.0215),3C(57.0215),4M(15.9949),7C(57.0215),N-term(42.0106)		
sp|Q6PHK6|PURB_DANRE	Q6PHK6	PURB_DANRE	purb	297	false	false	Danio rerio	Transcriptional activator protein Pur-beta	2:Experimental evidence at transcript level	5.05	1.0000	0.9990	0.00000000000000	1	0	0	1	0	0	0	0	0			
sp|Q6PI20|H33_DANRE	Q6PI20	H33_DANRE	h3f3d	136	false	false	Danio rerio	Histone H3.3	2:Experimental evidence at transcript level	32.35	1.0000	0.9990	0.00000000000000	11	0	0	11	0	0	3.5673808E8	0	0			
sp|Q6PI52|CALM_DANRE	Q6PI52	CALM_DANRE	calm3b	149	false	false	Danio rerio	Calmodulin	2:Experimental evidence at transcript level	8.72	1.0000	0.9990	0.00000000000000	2	2	2	1	1	1	4.3327724E7	4.3327724E7	4.3327724E7	N-term(42.0106)		
sp|Q6Q415|RL36_DANRE	Q6Q415	RL36_DANRE	rpl36	105	false	false	Danio rerio	60S ribosomal protein L36	1:Experimental evidence at protein level	9.52	1.0000	0.9989	0.00000000000000	1	1	1	1	1	1	1580435.2	1580435.2	1580435.2	3C(57.0215)		
sp|Q6Q420|RS15A_DANRE	Q6Q420	RS15A_DANRE	rps15a	130	false	false	Danio rerio	40S ribosomal protein S15a	1:Experimental evidence at protein level	33.08	1.0000	0.9990	0.00000000000000	3	3	3	3	3	3	6998040.0	6998040.0	6998040.0			
sp|Q6TGY8|EMC2_DANRE	Q6TGY8	EMC2_DANRE	emc2	297	false	false	Danio rerio	ER membrane protein complex subunit 2	2:Experimental evidence at transcript level	3.70	1.0000	0.9990	0.00000000000000	1	1	1	1	1	1	538566.44	538566.44	538566.44			
sp|Q6VN46|MYG_DANRE	Q6VN46	MYG_DANRE	mb	147	false	false	Danio rerio	Myoglobin	2:Experimental evidence at transcript level	13.61	1.0000	0.9990	0.00000000000000	2	2	2	2	2	2	1946980.4	1946980.4	1946980.4	N-term(42.0106)		
sp|Q71PD7|H2AV_DANRE	Q71PD7	H2AV_DANRE	h2az2a	128	false	false	Danio rerio	Histone H2A.V	2:Experimental evidence at transcript level	31.25	1.0000	0.9990	0.00000000000000	6	0	5	7	0	6	2.1429833E9	0	5.657116E7			tr|Q0Z946|Q0Z946_DANRE
sp|Q7SXP4|SRS1A_DANRE	Q7SXP4	SRS1A_DANRE	srsf1a	257	false	false	Danio rerio	Serine/arginine-rich splicing factor 1A	2:Experimental evidence at transcript level	9.34	1.0000	0.9990	0.00000000000000	3	2	3	2	2	2	1617593.0	1120085.2	1617593.0			
sp|Q7T356|143BB_DANRE	Q7T356	143BB_DANRE	ywhabb	242	false	false	Danio rerio	14-3-3 protein beta/alpha-B	2:Experimental evidence at transcript level	12.81	1.0000	0.9990	0.00000000000000	3	0	0	3	0	0	6041025.5	0	0			
sp|Q7T394|LIS1A_DANRE	Q7T394	LIS1A_DANRE	pafah1b1a	410	false	false	Danio rerio	Lissencephaly-1 homolog A	2:Experimental evidence at transcript level	2.68	1.0000	0.9990	0.00000000000000	1	0	0	1	0	0	861896.9	0	0			
sp|Q7T3B0|EIF3M_DANRE	Q7T3B0	EIF3M_DANRE	eif3m	375	false	false	Danio rerio	Eukaryotic translation initiation factor 3 subunit M	2:Experimental evidence at transcript level	6.40	1.0000	0.9990	0.00000000000000	1	1	1	1	1	1	1.2962702E7	1.2962702E7	1.2962702E7	N-term(42.0106)		
sp|Q7ZTS4|K1C18_DANRE	Q7ZTS4	K1C18_DANRE	krt18	431	false	false	Danio rerio	Keratin, type I cytoskeletal 18	1:Experimental evidence at protein level	1.62	1.0000	0.9990	0.00000000000000	1	0	0	1	0	0	3.2360556E7	0	0			
sp|Q7ZUG5|RS21_DANRE	Q7ZUG5	RS21_DANRE	rps21	81	false	false	Danio rerio	40S ribosomal protein S21	1:Experimental evidence at protein level	41.98	1.0000	0.9990	0.00000000000000	3	3	3	3	3	3	1898650.6	1898650.6	1898650.6	5C(57.0215),N-term(42.0106)		
sp|Q7ZUN8|YKT6_DANRE	Q7ZUN8	YKT6_DANRE	ykt6	198	false	false	Danio rerio	Synaptobrevin homolog YKT6	2:Experimental evidence at transcript level	6.57	1.0000	0.9969	0.00000000000000	1	1	1	1	1	1	697346.0	697346.0	697346.0			
sp|Q7ZUY3|H2AX_DANRE	Q7ZUY3	H2AX_DANRE	h2ax	142	false	false	Danio rerio	Histone H2AX	2:Experimental evidence at transcript level	35.21	1.0000	0.9990	0.00000000000000	9	0	9	13	0	13	2.54917453E9	0	2.54917453E9			tr|A0A8M2BA83|A0A8M2BA83_DANRE, tr|A0A8M3ATV1|A0A8M3ATV1_DANRE, tr|A0A8N7TAW0|A0A8N7TAW0_DANRE, tr|A4FVM2|A4FVM2_DANRE, tr|E7EXD7|E7EXD7_DANRE, tr|E7F5W3|E7F5W3_DANRE, tr|F1QTL1|F1QTL1_DANRE, tr|Q4FZZ7|Q4FZZ7_DANRE, tr|Q561S9|Q561S9_DANRE, tr|Q5XJK2|Q5XJK2_DANRE
sp|Q7ZV96|RL10_DANRE	Q7ZV96	RL10_DANRE	rpl10	215	false	false	Danio rerio	60S ribosomal protein L10	1:Experimental evidence at protein level	25.12	1.0000	0.9990	0.00000000000000	6	6	6	8	8	8	1.3456526E7	1.3456526E7	1.3456526E7	10M(15.9949),7C(57.0215),12M(15.9949),9C(57.0215),4C(57.0215),4C(57.0215),4C(57.0215),9M(15.9949),6C(57.0215),7C(57.0215),8M(15.9949),8M(15.9949),9C(57.0215),9C(57.0215)		
sp|Q7ZVA0|SMU1_DANRE	Q7ZVA0	SMU1_DANRE	smu1	513	false	false	Danio rerio	WD40 repeat-containing protein SMU1	2:Experimental evidence at transcript level	2.53	1.0000	0.9990	0.00000000000000	1	1	1	1	1	1	414514.62	414514.62	414514.62	7C(57.0215),8C(57.0215)		
sp|Q7ZVF3|SDHA_DANRE	Q7ZVF3	SDHA_DANRE	sdha	661	false	false	Danio rerio	Succinate dehydrogenase [ubiquinone] flavoprotein subunit, mitochondrial	2:Experimental evidence at transcript level	2.12	1.0000	0.9990	0.00000000000000	1	1	1	1	1	1	0	0	0			
sp|Q7ZVF9|ACTB2_DANRE	Q7ZVF9	ACTB2_DANRE	actbb	375	false	false	Danio rerio	Actin, cytoplasmic 2	1:Experimental evidence at protein level	52.27	1.0000	0.9990	0.00000000000000	16	1	16	19	2	19	4.6596512E7	2696235.5	4.6596512E7	10M(15.9949),6M(15.9949),7M(15.9949),N-term(42.0106),15M(15.9949),16C(57.0215),N-term(42.0106),16C(57.0215)		
sp|Q7ZVI7|ACTB1_DANRE	Q7ZVI7	ACTB1_DANRE	actba	375	false	false	Danio rerio	Actin, cytoplasmic 1	1:Experimental evidence at protein level	52.27	1.0000	0.9990	0.00000000000000	16	1	1	19	2	2	4.6596512E7	3509013.0	3509013.0	N-term(42.0106),15M(15.9949),16C(57.0215),N-term(42.0106),16C(57.0215)		
sp|Q7ZVY5|CISY_DANRE	Q7ZVY5	CISY_DANRE	cs	468	false	false	Danio rerio	Citrate synthase, mitochondrial	2:Experimental evidence at transcript level	2.56	1.0000	0.9990	0.00000000000000	1	1	1	1	1	1	2286914.8	2286914.8	2286914.8			
sp|Q7ZWE9|KCY_DANRE	Q7ZWE9	KCY_DANRE	cmpk	196	false	false	Danio rerio	UMP-CMP kinase	2:Experimental evidence at transcript level	6.12	1.0000	0.9990	0.00000000000000	1	1	1	1	1	1	968812.7	968812.7	968812.7			
sp|Q7ZWJ4|RL18A_DANRE	Q7ZWJ4	RL18A_DANRE	rpl18a	176	false	false	Danio rerio	60S ribosomal protein L18a	1:Experimental evidence at protein level	12.50	1.0000	0.9990	0.00000000000000	2	2	2	2	2	2	0	0	0	11C(57.0215)		
sp|Q803D2|LIS1B_DANRE	Q803D2	LIS1B_DANRE	pafah1b1b	410	false	false	Danio rerio	Lissencephaly-1 homolog B	2:Experimental evidence at transcript level	2.68	1.0000	0.9990	0.00000000000000	1	0	1	1	0	1	861896.9	0	861896.9	9C(57.0215)		
sp|Q803F6|RSSA_DANRE	Q803F6	RSSA_DANRE	rpsa	308	false	false	Danio rerio	40S ribosomal protein SA	1:Experimental evidence at protein level	16.56	1.0000	0.9990	0.00000000000000	3	3	3	3	3	3	1146550.4	1146550.4	1146550.4	20C(57.0215),8C(57.0215)		
sp|Q8AYN0|OPSR2_DANRE	Q8AYN0	OPSR2_DANRE	opn1lw2	356	false	false	Danio rerio	Red-sensitive opsin-2	1:Experimental evidence at protein level	7.02	1.0000	0.9989	0.00000000000000	3	1	3	7	4	7	3.12708E7	2.3699544E7	3.12708E7	13M(15.9949),13M(15.9949),2C(57.0215),2C(57.0215),2C(57.0215),4M(15.9949)		
sp|Q8JGR4|RL24_DANRE	Q8JGR4	RL24_DANRE	rpl24	157	false	false	Danio rerio	60S ribosomal protein L24	2:Experimental evidence at transcript level	7.64	1.0000	0.9990	0.00000000000000	3	3	3	4	4	4	3.1334094E7	3.1334094E7	3.1334094E7	1M(15.9949),6C(57.0215),1M(15.9949),6C(57.0215),4C(57.0215),6C(57.0215),6C(57.0215)		
sp|Q8JGS9|RS18_DANRE	Q8JGS9	RS18_DANRE	rps18	152	false	false	Danio rerio	40S ribosomal protein S18	1:Experimental evidence at protein level	42.11	1.0000	0.9989	0.00000000000000	8	8	8	8	8	8	6999200.5	6999200.5	6999200.5	N-term(42.0106)		
sp|Q8JH70|ALDCB_DANRE	Q8JH70	ALDCB_DANRE	aldocb	363	false	false	Danio rerio	Fructose-bisphosphate aldolase C-B	2:Experimental evidence at transcript level	7.16	1.0000	0.9990	0.00000000000000	1	0	1	1	0	1	0	0	0			
sp|Q8UVK2|SPT6H_DANRE	Q8UVK2	SPT6H_DANRE	supt6h	1726	false	false	Danio rerio	Transcription elongation factor SPT6	1:Experimental evidence at protein level	1.22	1.0000	0.9990	0.00000000000000	1	1	1	1	1	1	858186.0	858186.0	858186.0			
sp|Q90473|HSP7C_DANRE	Q90473	HSP7C_DANRE	hspa8	649	false	false	Danio rerio	Heat shock cognate 71 kDa protein	2:Experimental evidence at transcript level	10.17	1.0000	0.9990	0.00000000000000	5	0	4	4	0	3	6221851.0	0	6221851.0			
sp|Q90XG0|TPISB_DANRE	Q90XG0	TPISB_DANRE	tpi1b	248	false	false	Danio rerio	Triosephosphate isomerase B	2:Experimental evidence at transcript level	6.05	1.0000	0.9990	0.00000000000000	1	0	1	1	0	1	1156128.4	0	1156128.4			
sp|Q90Z10|RL13_DANRE	Q90Z10	RL13_DANRE	rpl13	211	false	false	Danio rerio	60S ribosomal protein L13	1:Experimental evidence at protein level	5.21	1.0000	0.9988	0.00000000000000	1	1	1	1	1	1	540984.9	540984.9	540984.9			
sp|Q92005|EF1A_DANRE	Q92005	EF1A_DANRE	eef1a	462	false	false	Danio rerio	Elongation factor 1-alpha	2:Experimental evidence at transcript level	20.56	1.0000	0.9990	0.00000000000000	12	3	12	11	3	11	3.1543788E7	1.1804632E7	3.1543788E7	12M(15.9949),2M(15.9949),9M(15.9949)		
sp|Q9DGK4|TCTP_DANRE	Q9DGK4	TCTP_DANRE	tpt1	171	false	false	Danio rerio	Translationally-controlled tumor protein homolog	2:Experimental evidence at transcript level	11.11	1.0000	0.9990	0.00000000000000	1	1	1	1	1	1	850960.56	850960.56	850960.56			
sp|Q9IBD1|CELF3_DANRE	Q9IBD1	CELF3_DANRE	celf3	452	false	false	Danio rerio	CUGBP Elav-like family member 3	2:Experimental evidence at transcript level	2.21	1.0000	0.9989	0.00000000000000	1	0	1	1	0	1	457523.25	0	457523.25	2C(57.0215),8C(57.0215)		tr|A0A8M9PGK3|A0A8M9PGK3_DANRE
sp|Q9MIY7|COX2_DANRE	Q9MIY7	COX2_DANRE	mt-co2	230	false	false	Danio rerio	Cytochrome c oxidase subunit 2	3:Protein inferred from homology	8.70	1.0000	0.9990	0.00000000000000	1	1	1	2	2	2	1.0583205E7	1.0583205E7	1.0583205E7			
sp|Q9NSB2|KRT84_HUMAN	Q9NSB2	KRT84_HUMAN	KRT84	600	false	false	Homo sapiens	Keratin, type II cuticular Hb4	2:Experimental evidence at transcript level	2.33	1.0000	0.9982	0.00000000000000	3	0	0	3	0	0	1.9425558E7	0	0			
sp|Q9PT92|CATA_DANRE	Q9PT92	CATA_DANRE	cat	526	false	false	Danio rerio	Catalase	2:Experimental evidence at transcript level	3.99	1.0000	0.9990	0.00000000000000	2	0	0	2	0	0	3854913.0	0	0			
sp|Q9PU58|NIPS2_DANRE	Q9PU58	NIPS2_DANRE	nipsnap2	286	false	false	Danio rerio	Protein NipSnap homolog 2	2:Experimental evidence at transcript level	12.94	1.0000	0.9988	0.00000000000000	3	2	3	3	2	3	2798688.5	1668332.6	2798688.5	2M(15.9949)		
sp|Q9PV90|RLA0_DANRE	Q9PV90	RLA0_DANRE	rplp0	319	false	false	Danio rerio	60S acidic ribosomal protein P0	2:Experimental evidence at transcript level	3.76	1.0000	0.9990	0.00000000000000	1	1	1	1	1	1	1452381.2	1452381.2	1452381.2			
sp|Q9W6A5|OPSG1_DANRE	Q9W6A5	OPSG1_DANRE	opn1mw1	349	false	false	Danio rerio	Green-sensitive opsin-1	1:Experimental evidence at protein level	8.31	1.0000	0.9990	0.00000000000000	3	2	3	4	2	4	2.576767E7	0	2.576767E7	2C(57.0215),3M(15.9949),9C(57.0215),2C(57.0215),9C(57.0215)		
sp|Q9W6A8|OP1S2_DANRE	Q9W6A8	OP1S2_DANRE	opn1sw2	354	false	false	Danio rerio	Opsin-1, short-wave-sensitive 2	1:Experimental evidence at protein level	4.24	1.0000	0.9986	0.00000000000000	1	1	1	3	3	3	5320713.0	5320713.0	5320713.0	13M(15.9949)		
sp|Q9W6A9|OP1S1_DANRE	Q9W6A9	OP1S1_DANRE	opn1sw1	336	false	false	Danio rerio	Opsin-1, short-wave-sensitive 1	1:Experimental evidence at protein level	11.31	1.0000	0.9990	0.00000000000000	4	4	4	6	6	6	1.22121712E8	1.22121712E8	1.22121712E8	13M(15.9949),3C(57.0215),13M(15.9949),3C(57.0215),3C(57.0215),3C(57.0215),5C(57.0215),5C(57.0215),5C(57.0215),7M(15.9949),5C(57.0215),7M(15.9949)		
sp|Q9W762|TIM9_DANRE	Q9W762	TIM9_DANRE	timm9	84	false	false	Danio rerio	Mitochondrial import inner membrane translocase subunit Tim9	3:Protein inferred from homology	19.05	1.0000	0.9990	0.00000000000000	1	1	1	1	1	1	1097465.9	1097465.9	1097465.9	13C(57.0215),9C(57.0215)		
tr|A0A0R4IBX9|A0A0R4IBX9_DANRE	A0A0R4IBX9	A0A0R4IBX9_DANRE	si:ch73-1a9.3	87	false	false	Danio rerio	Si:ch73-1a9.3	3:Protein inferred from homology	17.24	1.0000	0.9990	0.00000000000000	1	1	1	2	2	2	4.0846408E7	4.0846408E7	4.0846408E7			
tr|A0A0R4IC20|A0A0R4IC20_DANRE	A0A0R4IC20	A0A0R4IC20_DANRE	si:ch211-276i12.9	167	false	false	Danio rerio	Si:ch211-276i12.9	4:Protein predicted	16.77	1.0000	0.9990	0.00000000000000	3	1	3	2	0	2	1.5501712E7	1630995.6	1.5501712E7			
tr|A0A0R4IFJ7|A0A0R4IFJ7_DANRE	A0A0R4IFJ7	A0A0R4IFJ7_DANRE	fi14g08	417	false	false	Danio rerio	creatine kinase	1:Experimental evidence at protein level	44.84	1.0000	0.9990	0.00000000000000	15	12	15	18	15	18	1.8530132E7	1.8321464E7	1.8530132E7	11C(57.0215),13C(57.0215),21M(15.9949),21M(15.9949),4M(15.9949),5M(15.9949),7M(15.9949)		
tr|A0A0R4IKF0|A0A0R4IKF0_DANRE	A0A0R4IKF0	A0A0R4IKF0_DANRE	wu:fb66d03	257	false	false	Danio rerio	Apolipoprotein A-Ib	1:Experimental evidence at protein level	7.39	1.0000	0.9990	0.00000000000000	2	2	2	1	1	1	4273986.5	4273986.5	4273986.5			
tr|A0A0R4IM99|A0A0R4IM99_DANRE	A0A0R4IM99	A0A0R4IM99_DANRE	tpm2	284	false	false	Danio rerio	Tropomyosin 2 (beta)	3:Protein inferred from homology	26.41	1.0000	0.9990	0.00000000000000	8	1	4	10	1	4	5.3885856E7	1409982.2	4357941.0			
tr|A0A0R4INI3|A0A0R4INI3_DANRE	A0A0R4INI3	A0A0R4INI3_DANRE	smyhc1	1938	false	false	Danio rerio	Slow myosin heavy chain 1	1:Experimental evidence at protein level	16.20	1.0000	0.9990	0.00000000000000	30	2	16	36	3	19	5.5058136E7	4490853.0	1.5001145E7	1C(57.0215)		
tr|A0A0R4IP12|A0A0R4IP12_DANRE	A0A0R4IP12	A0A0R4IP12_DANRE	pds5b	1408	false	false	Danio rerio	PDS5 cohesin-associated factor B	4:Protein predicted	0.85	1.0000	0.9990	0.00000000000000	1	0	1	1	0	1	2108406.0	0	2108406.0	5C(57.0215),6C(57.0215)		
tr|A0A0R4IQM9|A0A0R4IQM9_DANRE	A0A0R4IQM9	A0A0R4IQM9_DANRE	stxbp1a	603	false	false	Danio rerio	Syntaxin-binding protein 1a	3:Protein inferred from homology	8.29	1.0000	0.9990	0.00000000000000	4	2	4	4	2	4	1756368.8	909161.44	1756368.8	9C(57.0215)		
tr|A0A0R4IS70|A0A0R4IS70_DANRE	A0A0R4IS70	A0A0R4IS70_DANRE	purba	317	false	false	Danio rerio	Purine-rich element-binding protein Ba	3:Protein inferred from homology	4.73	1.0000	0.9990	0.00000000000000	1	0	1	1	0	1	0	0	0			
tr|A0A1L6UW63|A0A1L6UW63_DANRE	A0A1L6UW63	A0A1L6UW63_DANRE	zgc:171719	284	false	false	Danio rerio	Tropomyosin 1-1	1:Experimental evidence at protein level	23.24	1.0000	0.9990	0.00000000000000	8	0	0	10	0	0	5.3885856E7	0	0			
tr|A0A1L6UW65|A0A1L6UW65_DANRE	A0A1L6UW65	A0A1L6UW65_DANRE	tmp4	284	false	false	Danio rerio	Tropomyosin 4-2alpha	2:Experimental evidence at transcript level	20.77	1.0000	0.9990	0.00000000000000	6	0	0	8	0	0	5.3885856E7	0	0			
tr|A0A2R8Q650|A0A2R8Q650_DANRE	A0A2R8Q650	A0A2R8Q650_DANRE	tpm3	284	false	false	Danio rerio	Tropomyosin 3	3:Protein inferred from homology	22.18	1.0000	0.9990	0.00000000000000	9	0	0	11	0	0	5.3885856E7	0	0			
tr|A0A2R8QB83|A0A2R8QB83_DANRE	A0A2R8QB83	A0A2R8QB83_DANRE	btbd17b	515	false	false	Danio rerio	BTB (POZ) domain-containing 17b	1:Experimental evidence at protein level	3.69	1.0000	0.9990	0.00000000000000	1	1	1	1	1	1	830109.0	830109.0	830109.0			
tr|A0A2R8QLH1|A0A2R8QLH1_DANRE	A0A2R8QLH1	A0A2R8QLH1_DANRE	rab41	211	false	false	Danio rerio	RAB41, member RAS oncogene family	4:Protein predicted	5.21	1.0000	0.9980	0.00000000000000	1	0	0	1	0	0	6308992.5	0	0			
tr|A0A2R8QUQ1|A0A2R8QUQ1_DANRE	A0A2R8QUQ1	A0A2R8QUQ1_DANRE	rgs9a	480	false	false	Danio rerio	Regulator of G protein-signaling 9a	4:Protein predicted	4.17	1.0000	0.9979	0.00000000000000	2	2	2	2	2	2	609308.6	609308.6	609308.6	8C(57.0215)		
tr|A0A2R8RKX9|A0A2R8RKX9_DANRE	A0A2R8RKX9	A0A2R8RKX9_DANRE	gnb4b	340	false	false	Danio rerio	Guanine nucleotide-binding protein (G protein), beta polypeptide 4b	3:Protein inferred from homology	12.94	1.0000	0.9990	0.00000000000000	3	1	1	3	1	1	3.8214272E7	3.5326728E7	3.5326728E7	11C(57.0215)		
tr|A0A8M1N062|A0A8M1N062_DANRE	A0A8M1N062	A0A8M1N062_DANRE	polr2d	145	false	false	Danio rerio	DNA-directed RNA polymerase II subunit RPB4	1:Experimental evidence at protein level	17.93	1.0000	0.9990	0.00000000000000	1	1	1	1	1	1	1188055.4	1188055.4	1188055.4			
tr|A0A8M1N2G4|A0A8M1N2G4_DANRE	A0A8M1N2G4	A0A8M1N2G4_DANRE	snrpg	76	false	false	Danio rerio	Small nuclear ribonucleoprotein G	1:Experimental evidence at protein level	17.11	1.0000	0.9990	0.00000000000000	1	1	1	1	1	1	2214144.5	2214144.5	2214144.5			
tr|A0A8M1N4J0|A0A8M1N4J0_DANRE	A0A8M1N4J0	A0A8M1N4J0_DANRE	acp1	158	false	false	Danio rerio	Low molecular weight phosphotyrosine protein phosphatase	1:Experimental evidence at protein level	13.29	1.0000	0.9990	0.00000000000000	2	2	2	2	2	2	1579839.8	1579839.8	1579839.8	11C(57.0215),6C(57.0215)		
tr|A0A8M1N5K7|A0A8M1N5K7_DANRE	A0A8M1N5K7	A0A8M1N5K7_DANRE	c1qbp	270	false	false	Danio rerio	Complement component 1 Q subcomponent-binding protein, mitochondrial	1:Experimental evidence at protein level	10.37	1.0000	0.9990	0.00000000000000	2	2	2	2	2	2	466210.94	466210.94	466210.94	1M(15.9949)		
tr|A0A8M1N5M5|A0A8M1N5M5_DANRE	A0A8M1N5M5	A0A8M1N5M5_DANRE	tubb6	447	false	false	Danio rerio	Tubulin beta chain	1:Experimental evidence at protein level	15.21	1.0000	0.9990	0.00000000000000	7	2	2	11	4	4	2.8389956E7	1.3476441E7	1.3476441E7			
tr|A0A8M1N612|A0A8M1N612_DANRE	A0A8M1N612	A0A8M1N612_DANRE	ndufs2	464	false	false	Danio rerio	NADH dehydrogenase [ubiquinone] iron-sulfur protein 2, mitochondrial	1:Experimental evidence at protein level	2.59	1.0000	0.9990	0.00000000000000	1	1	1	1	1	1	1579160.8	1579160.8	1579160.8			
tr|A0A8M1N6S0|A0A8M1N6S0_DANRE	A0A8M1N6S0	A0A8M1N6S0_DANRE	polr2b	1174	false	false	Danio rerio	DNA-directed RNA polymerase subunit beta	1:Experimental evidence at protein level	1.02	1.0000	0.9990	0.00000000000000	1	1	1	1	1	1	0	0	0			
tr|A0A8M1N7Z8|A0A8M1N7Z8_DANRE	A0A8M1N7Z8	A0A8M1N7Z8_DANRE	tubb2b	472	false	false	Danio rerio	Tubulin beta chain	1:Experimental evidence at protein level	59.53	1.0000	0.9990	0.00000000000000	26	3	26	44	3	44	1.46226592E8	8987888.0	1.46226592E8	10C(57.0215),10M(15.9949),10M(15.9949),11M(15.9949),11M(15.9949),12C(57.0215),12C(57.0215),12C(57.0215),1M(15.9949),12C(57.0215),1M(15.9949),1M(15.9949),23C(57.0215),25M(15.9949),5C(57.0215),7C(57.0215),25M(15.9949),5C(57.0215),7C(57.0215),2M(15.9949),4C(57.0215),5C(57.0215),7C(57.0215),5C(57.0215),7C(57.0215),5M(15.9949),6C(57.0215),8C(57.0215),6M(15.9949),8M(15.9949),9M(15.9949)		
tr|A0A8M1N8U3|A0A8M1N8U3_DANRE	A0A8M1N8U3	A0A8M1N8U3_DANRE	cirbpb	206	false	false	Danio rerio	cold-inducible RNA-binding protein isoform 1	1:Experimental evidence at protein level	12.62	1.0000	0.9990	0.00000000000000	1	1	1	1	1	1	0	0	0	N-term(42.0106)		
tr|A0A8M1NBP6|A0A8M1NBP6_DANRE	A0A8M1NBP6	A0A8M1NBP6_DANRE	myh7l	1936	false	false	Danio rerio	myosin heavy chain 7-like	1:Experimental evidence at protein level	10.18	1.0000	0.9977	0.00000000000000	20	1	2	23	1	2	4.5758128E7	0	2983556.0			
tr|A0A8M1NEM1|A0A8M1NEM1_DANRE	A0A8M1NEM1	A0A8M1NEM1_DANRE	myh9a	1961	false	false	Danio rerio	myosin-9	1:Experimental evidence at protein level	0.46	1.0000	0.9990	0.00000000000000	1	0	0	1	0	0	994743.9	0	0			
tr|A0A8M1NFX8|A0A8M1NFX8_DANRE	A0A8M1NFX8	A0A8M1NFX8_DANRE	krtt1c19e	473	false	false	Danio rerio	keratin type 1 c19e	1:Experimental evidence at protein level	1.90	1.0000	0.9990	0.00000000000000	1	0	0	1	0	0	8164345.5	0	0			
tr|A0A8M1NYJ7|A0A8M1NYJ7_DANRE	A0A8M1NYJ7	A0A8M1NYJ7_DANRE	sh3gl2b	350	false	false	Danio rerio	SH3-domain GRB2-like 2-like	3:Protein inferred from homology	3.43	1.0000	0.9990	0.00000000000000	1	0	1	1	0	1	569336.9	0	569336.9			
tr|A0A8M1NYL7|A0A8M1NYL7_DANRE	A0A8M1NYL7	A0A8M1NYL7_DANRE	gngt2b	69	false	false	Danio rerio	Guanine nucleotide-binding protein subunit gamma	3:Protein inferred from homology	17.39	1.0000	0.9990	0.00000000000000	3	2	3	1	0	1	5095049.5	2542705.2	5095049.5			
tr|A0A8M1NZG6|A0A8M1NZG6_DANRE	A0A8M1NZG6	A0A8M1NZG6_DANRE	snap29	266	false	false	Danio rerio	synaptosomal-associated protein 29	1:Experimental evidence at protein level	7.89	1.0000	0.9989	0.00000000000000	1	1	1	1	1	1	0	0	0			
tr|A0A8M1NZX1|A0A8M1NZX1_DANRE	A0A8M1NZX1	A0A8M1NZX1_DANRE	bphl	277	false	false	Danio rerio	valacyclovir hydrolase	1:Experimental evidence at protein level	5.42	1.0000	0.9990	0.00000000000000	1	1	1	1	1	1	899804.7	899804.7	899804.7			
tr|A0A8M1P122|A0A8M1P122_DANRE	A0A8M1P122	A0A8M1P122_DANRE	lsm8	96	false	false	Danio rerio	U6 snRNA-associated Sm-like protein LSm8	1:Experimental evidence at protein level	16.67	1.0000	0.9990	0.00000000000000	1	1	1	1	1	1	400633.28	400633.28	400633.28			
tr|A0A8M1P2M7|A0A8M1P2M7_DANRE	A0A8M1P2M7	A0A8M1P2M7_DANRE	cox6c	76	false	false	Danio rerio	Cytochrome c oxidase subunit 6C	1:Experimental evidence at protein level	17.11	1.0000	0.9989	0.00000000000000	1	1	1	1	1	1	2789790.0	2789790.0	2789790.0			
tr|A0A8M1P318|A0A8M1P318_DANRE	A0A8M1P318	A0A8M1P318_DANRE	hmgn3	120	false	false	Danio rerio	high mobility group nucleosome-binding domain-containing protein 3 isoform 1	1:Experimental evidence at protein level	10.83	1.0000	0.9989	0.00000000000000	1	1	1	1	1	1	1263659.2	1263659.2	1263659.2			
tr|A0A8M1P4G3|A0A8M1P4G3_DANRE	A0A8M1P4G3	A0A8M1P4G3_DANRE	stt3b	805	false	false	Danio rerio	dolichyl-diphosphooligosaccharide--protein glycotransferase	1:Experimental evidence at protein level	1.12	1.0000	0.9982	0.00000000000000	1	1	1	1	1	1	897739.9	897739.9	897739.9	4M(15.9949)		
tr|A0A8M1P526|A0A8M1P526_DANRE	A0A8M1P526	A0A8M1P526_DANRE	atp5f1c	293	false	false	Danio rerio	ATP synthase subunit gamma	1:Experimental evidence at protein level	4.10	1.0000	0.9990	0.00000000000000	2	2	2	1	1	1	2133944.2	2133944.2	2133944.2	3M(15.9949)		
tr|A0A8M1P5N6|A0A8M1P5N6_DANRE	A0A8M1P5N6	A0A8M1P5N6_DANRE	krt4	497	false	false	Danio rerio	keratin 4	1:Experimental evidence at protein level	6.04	1.0000	0.9990	0.00000000000000	4	0	0	4	0	0	1.4783329E7	0	0			
tr|A0A8M1P7E4|A0A8M1P7E4_DANRE	A0A8M1P7E4	A0A8M1P7E4_DANRE	cox5ab	138	false	false	Danio rerio	Cytochrome c oxidase subunit 5A, mitochondrial	1:Experimental evidence at protein level	36.96	1.0000	0.9990	0.00000000000000	5	2	2	7	2	2	2.8591816E7	780098.25	780098.25			
tr|A0A8M1P7Y5|A0A8M1P7Y5_DANRE	A0A8M1P7Y5	A0A8M1P7Y5_DANRE	vars1	1271	false	false	Danio rerio	Valine--tRNA ligase	1:Experimental evidence at protein level	0.71	1.0000	0.9989	0.00000000000000	1	1	1	1	1	1	3871813.8	3871813.8	3871813.8			
tr|A0A8M1P8J0|A0A8M1P8J0_DANRE	A0A8M1P8J0	A0A8M1P8J0_DANRE	drada	1381	false	false	Danio rerio	Adenosine deaminase RNA-specific	1:Experimental evidence at protein level	2.10	1.0000	0.9990	0.00000000000000	2	2	2	2	2	2	6066656.5	6066656.5	6066656.5			
tr|A0A8M1P8U9|A0A8M1P8U9_DANRE	A0A8M1P8U9	A0A8M1P8U9_DANRE	si:ch211-114n24.6	451	false	false	Danio rerio	Tubulin alpha chain	3:Protein inferred from homology	51.00	1.0000	0.9990	0.00000000000000	22	0	9	31	0	8	1.16710928E8	0	5.4619016E7	15C(57.0215),15C(57.0215),22M(15.9949),31M(15.9949),6C(57.0215),8C(57.0215),8C(57.0215),8C(57.0215),9C(57.0215)		
tr|A0A8M1P8Z3|A0A8M1P8Z3_DANRE	A0A8M1P8Z3	A0A8M1P8Z3_DANRE	ddx39aa	427	false	false	Danio rerio	RNA helicase	1:Experimental evidence at protein level	5.85	1.0000	0.9990	0.00000000000000	3	1	1	3	1	1	1469611.0	948070.25	948070.25			
tr|A0A8M1P9F3|A0A8M1P9F3_DANRE	A0A8M1P9F3	A0A8M1P9F3_DANRE	gucy2d	1137	false	false	Danio rerio	Guanylate cyclase	3:Protein inferred from homology	2.11	1.0000	0.9969	0.00000000000000	2	0	2	2	0	2	2293703.0	0	2293703.0			tr|A0A8M2BCH5|A0A8M2BCH5_DANRE
tr|A0A8M1PDN1|A0A8M1PDN1_DANRE	A0A8M1PDN1	A0A8M1PDN1_DANRE	bsg	392	false	false	Danio rerio	basigin isoform 1 precursor	1:Experimental evidence at protein level	7.65	1.0000	0.9990	0.00000000000000	2	2	2	3	3	3	5729605.0	5729605.0	5729605.0			
tr|A0A8M1PDW2|A0A8M1PDW2_DANRE	A0A8M1PDW2	A0A8M1PDW2_DANRE	alpl	561	false	false	Danio rerio	Alkaline phosphatase	1:Experimental evidence at protein level	2.50	1.0000	0.9990	0.00000000000000	1	1	1	1	1	1	787376.75	787376.75	787376.75			
tr|A0A8M1PFC4|A0A8M1PFC4_DANRE	A0A8M1PFC4	A0A8M1PFC4_DANRE	npm1a	279	false	false	Danio rerio	Nucleophosmin	1:Experimental evidence at protein level	17.56	1.0000	0.9990	0.00000000000000	3	3	3	2	2	2	5659557.0	5659557.0	5659557.0	15C(57.0215),3C(57.0215)		
tr|A0A8M1PHY6|A0A8M1PHY6_DANRE	A0A8M1PHY6	A0A8M1PHY6_DANRE	ssrp1a	705	false	false	Danio rerio	FACT complex subunit SSRP1	1:Experimental evidence at protein level	1.99	1.0000	0.9990	0.00000000000000	1	1	1	1	1	1	0	0	0	N-term(42.0106)		
tr|A0A8M1PII2|A0A8M1PII2_DANRE	A0A8M1PII2	A0A8M1PII2_DANRE	acadm	426	false	false	Danio rerio	Medium-chain specific acyl-CoA dehydrogenase, mitochondrial	1:Experimental evidence at protein level	7.98	1.0000	0.9990	0.00000000000000	3	3	3	3	3	3	2665980.0	2665980.0	2665980.0			
tr|A0A8M1PUI6|A0A8M1PUI6_DANRE	A0A8M1PUI6	A0A8M1PUI6_DANRE	si:dkey-23a13.9	201	false	false	Danio rerio	histone H1-like	3:Protein inferred from homology	34.83	1.0000	0.9990	0.00000000000000	12	0	1	18	0	2	3.62599904E8	0	6679893.0	N-term(42.0106)		tr|A0A8N7TF89|A0A8N7TF89_DANRE, tr|A0A8N7URG1|A0A8N7URG1_DANRE
tr|A0A8M1PZK0|A0A8M1PZK0_DANRE	A0A8M1PZK0	A0A8M1PZK0_DANRE	cox5b1	134	false	false	Danio rerio	cytochrome c oxidase subunit 5B, mitochondrial-like	1:Experimental evidence at protein level	24.63	1.0000	0.9990	0.00000000000000	2	1	1	2	1	1	1513446.0	0	0	4C(57.0215),6C(57.0215)		
tr|A0A8M1QUS6|A0A8M1QUS6_DANRE	A0A8M1QUS6	A0A8M1QUS6_DANRE	myh9b	1698	false	false	Danio rerio	myosin-9 isoform X1	1:Experimental evidence at protein level	0.53	1.0000	0.9990	0.00000000000000	1	0	0	1	0	0	994743.9	0	0			
tr|A0A8M1RJJ4|A0A8M1RJJ4_DANRE	A0A8M1RJJ4	A0A8M1RJJ4_DANRE	lsm3	102	false	false	Danio rerio	U6 snRNA-associated Sm-like protein LSm3	1:Experimental evidence at protein level	11.76	1.0000	0.9990	0.00000000000000	1	1	1	1	1	1	0	0	0			
tr|A0A8M1RLA4|A0A8M1RLA4_DANRE	A0A8M1RLA4	A0A8M1RLA4_DANRE	si:ch73-36p18.1	204	false	false	Danio rerio	histone H1-like	3:Protein inferred from homology	33.33	1.0000	0.9990	0.00000000000000	12	0	5	18	0	6	4.58170816E8	0	1.93180848E8	N-term(42.0106),N-term(42.0106)		tr|A0A8M1RS22|A0A8M1RS22_DANRE
tr|A0A8M1RM42|A0A8M1RM42_DANRE	A0A8M1RM42	A0A8M1RM42_DANRE	dpysl2a	573	false	false	Danio rerio	dihydropyrimidinase-related protein 2	1:Experimental evidence at protein level	6.28	1.0000	0.9990	0.00000000000000	6	3	3	3	2	2	9189323.0	3520754.5	3520754.5	8C(57.0215)		
tr|A0A8M1RSM5|A0A8M1RSM5_DANRE	A0A8M1RSM5	A0A8M1RSM5_DANRE	si:ch73-368j24.12	201	false	false	Danio rerio	histone H1-like	3:Protein inferred from homology	34.83	1.0000	0.9990	0.00000000000000	13	0	12	21	0	19	3.62599904E8	0	3.62599904E8	N-term(42.0106),N-term(42.0106),N-term(42.0106)		tr|A0A8M2BG38|A0A8M2BG38_DANRE
tr|A0A8M2B1N6|A0A8M2B1N6_DANRE	A0A8M2B1N6	A0A8M2B1N6_DANRE	synj1	1612	false	false	Danio rerio	phosphoinositide 5-phosphatase	1:Experimental evidence at protein level	1.43	1.0000	0.9984	0.00000000000000	1	1	1	1	1	1	1389938.0	1389938.0	1389938.0			
tr|A0A8M2B1U6|A0A8M2B1U6_DANRE	A0A8M2B1U6	A0A8M2B1U6_DANRE	dpysl2b	643	false	false	Danio rerio	dihydropyrimidinase-related protein 2 isoform X1	1:Experimental evidence at protein level	16.33	1.0000	0.9990	0.00000000000000	9	5	8	7	5	7	1.2556859E7	8699422.0	1.2556859E7	8C(57.0215)		
tr|A0A8M2B2D2|A0A8M2B2D2_DANRE	A0A8M2B2D2	A0A8M2B2D2_DANRE	pam	1010	false	false	Danio rerio	peptidyl-glycine alpha-amidating monooxygenase isoform X1	3:Protein inferred from homology	2.67	1.0000	0.9990	0.00000000000000	1	1	1	1	1	1	0	0	0			
tr|A0A8M2B2Q3|A0A8M2B2Q3_DANRE	A0A8M2B2Q3	A0A8M2B2Q3_DANRE	atp2a1l	993	false	false	Danio rerio	Calcium-transporting ATPase	1:Experimental evidence at protein level	9.67	1.0000	0.9982	0.00000000000000	7	0	0	6	0	0	2.29416E7	0	0			
tr|A0A8M2B343|A0A8M2B343_DANRE	A0A8M2B343	A0A8M2B343_DANRE	rps24	133	false	false	Danio rerio	40S ribosomal protein S24	1:Experimental evidence at protein level	26.32	1.0000	0.9990	0.00000000000000	3	3	3	4	4	4	1.9439794E7	1.9439794E7	1.9439794E7	6M(15.9949),N-term(42.0106)		
tr|A0A8M2B3J4|A0A8M2B3J4_DANRE	A0A8M2B3J4	A0A8M2B3J4_DANRE	cltcb	1685	false	false	Danio rerio	Clathrin heavy chain	1:Experimental evidence at protein level	4.04	1.0000	0.9990	0.00000000000000	7	0	0	7	0	0	4742797.0	0	0			
tr|A0A8M2B701|A0A8M2B701_DANRE	A0A8M2B701	A0A8M2B701_DANRE	crmp1	674	false	false	Danio rerio	dihydropyrimidinase-related protein 1 isoform X1	1:Experimental evidence at protein level	2.37	1.0000	0.9990	0.00000000000000	2	0	0	1	0	0	5719247.0	0	0			
tr|A0A8M2B7H0|A0A8M2B7H0_DANRE	A0A8M2B7H0	A0A8M2B7H0_DANRE	apobb.1	3739	false	false	Danio rerio	apolipoprotein Bb, tandem duplicate 1 isoform X1	1:Experimental evidence at protein level	2.41	1.0000	0.9990	0.00000000000000	8	8	8	7	7	7	6487292.0	6487292.0	6487292.0			
tr|A0A8M2B848|A0A8M2B848_DANRE	A0A8M2B848	A0A8M2B848_DANRE	atp2a2b	1041	false	false	Danio rerio	Calcium-transporting ATPase	1:Experimental evidence at protein level	6.63	1.0000	0.9990	0.00000000000000	6	0	0	5	0	0	1.3018722E7	0	0			
tr|A0A8M2B912|A0A8M2B912_DANRE	A0A8M2B912	A0A8M2B912_DANRE	emc1	967	false	false	Danio rerio	ER membrane protein complex subunit 1	1:Experimental evidence at protein level	1.45	1.0000	0.9989	0.00000000000000	1	1	1	1	1	1	0	0	0			
tr|A0A8M2BB12|A0A8M2BB12_DANRE	A0A8M2BB12	A0A8M2BB12_DANRE	phb	309	false	false	Danio rerio	Prohibitin	1:Experimental evidence at protein level	23.95	1.0000	0.9990	0.00000000000000	7	7	7	9	9	9	6.0273608E7	6.0273608E7	6.0273608E7			
tr|A0A8M2BB25|A0A8M2BB25_DANRE	A0A8M2BB25	A0A8M2BB25_DANRE	atp6v0a1a	840	false	false	Danio rerio	V-type proton ATPase subunit a	1:Experimental evidence at protein level	2.86	1.0000	0.9990	0.00000000000000	3	1	1	2	1	1	5277793.5	3374392.8	3374392.8			
tr|A0A8M2BCL1|A0A8M2BCL1_DANRE	A0A8M2BCL1	A0A8M2BCL1_DANRE	gnb2	344	false	false	Danio rerio	guanine nucleotide-binding protein G(I)/G(S)/G(T) subunit beta-2 isoform X1	1:Experimental evidence at protein level	2.91	1.0000	0.9990	0.00000000000000	2	0	0	1	0	0	1775237.5	0	0			
tr|A0A8M2BCV1|A0A8M2BCV1_DANRE	A0A8M2BCV1	A0A8M2BCV1_DANRE	dnm1b	859	false	false	Danio rerio	dynamin GTPase	1:Experimental evidence at protein level	2.44	1.0000	0.9990	0.00000000000000	1	0	0	1	0	0	0	0	0			
tr|A0A8M2BEA2|A0A8M2BEA2_DANRE	A0A8M2BEA2	A0A8M2BEA2_DANRE	vdac3	319	false	false	Danio rerio	voltage-dependent anion-selective channel protein 3 isoform X1	1:Experimental evidence at protein level	51.10	1.0000	0.9990	0.00000000000000	18	18	18	24	24	24	6.7196544E7	6.7196544E7	6.7196544E7	6M(15.9949),6M(15.9949),6M(15.9949),8M(15.9949)		
tr|A0A8M2BG93|A0A8M2BG93_DANRE	A0A8M2BG93	A0A8M2BG93_DANRE	psmc3	427	false	false	Danio rerio	26S protease regulatory subunit 6A isoform X1	1:Experimental evidence at protein level	3.51	1.0000	0.9990	0.00000000000000	1	1	1	1	1	1	0	0	0			
tr|A0A8M2BGP7|A0A8M2BGP7_DANRE	A0A8M2BGP7	A0A8M2BGP7_DANRE	hp1bp3	595	false	false	Danio rerio	heterochromatin protein 1-binding protein 3 isoform X1	1:Experimental evidence at protein level	2.69	1.0000	0.9990	0.00000000000000	1	1	1	1	1	1	292544.38	292544.38	292544.38	12C(57.0215)		
tr|A0A8M2BI26|A0A8M2BI26_DANRE	A0A8M2BI26	A0A8M2BI26_DANRE	si:dkey-108k21.21	271	false	false	Danio rerio	histone H1-like	1:Experimental evidence at protein level	19.93	1.0000	0.9990	0.00000000000000	11	2	2	16	2	2	4.58170816E8	3543786.8	3543786.8			
tr|A0A8M2BJ50|A0A8M2BJ50_DANRE	A0A8M2BJ50	A0A8M2BJ50_DANRE	btf3	196	false	false	Danio rerio	Transcription factor BTF3	1:Experimental evidence at protein level	9.69	1.0000	0.9990	0.00000000000000	1	1	1	1	1	1	2144958.0	2144958.0	2144958.0			
tr|A0A8M2BKF1|A0A8M2BKF1_DANRE	A0A8M2BKF1	A0A8M2BKF1_DANRE	ctbp1	498	false	false	Danio rerio	C-terminal binding protein 1 isoform X1	1:Experimental evidence at protein level	8.84	1.0000	0.9990	0.00000000000000	4	2	4	4	2	4	3058109.8	0	3058109.8			
tr|A0A8M3AIS0|A0A8M3AIS0_DANRE	A0A8M3AIS0	A0A8M3AIS0_DANRE	slc8a2b	967	false	false	Danio rerio	sodium/calcium exchanger 2 isoform X1	1:Experimental evidence at protein level	4.03	1.0000	0.9988	0.00000000000000	2	2	2	2	2	2	5664357.0	5664357.0	5664357.0			
tr|A0A8M3AK57|A0A8M3AK57_DANRE	A0A8M3AK57	A0A8M3AK57_DANRE	meis2a	409	false	false	Danio rerio	homeobox protein Meis2 isoform X1	1:Experimental evidence at protein level	5.13	1.0000	0.9989	0.00000000000000	1	0	0	1	0	0	0	0	0			
tr|A0A8M3APD8|A0A8M3APD8_DANRE	A0A8M3APD8	A0A8M3APD8_DANRE	wu:fb14d09	516	false	false	Danio rerio	aldehyde dehydrogenase, mitochondrial	3:Protein inferred from homology	5.43	1.0000	0.9990	0.00000000000000	2	0	2	3	0	3	1061541.6	0	1061541.6	2M(15.9949)		tr|Q6TH48|Q6TH48_DANRE
tr|A0A8M3AQG4|A0A8M3AQG4_DANRE	A0A8M3AQG4	A0A8M3AQG4_DANRE	myh14	2065	false	false	Danio rerio	myosin-10 isoform X1	1:Experimental evidence at protein level	0.44	1.0000	0.9990	0.00000000000000	1	0	0	1	0	0	994743.9	0	0			
tr|A0A8M3ATS9|A0A8M3ATS9_DANRE	A0A8M3ATS9	A0A8M3ATS9_DANRE	ncam1a	1010	false	false	Danio rerio	neural cell adhesion molecule 1 isoform X1	1:Experimental evidence at protein level	2.77	1.0000	0.9990	0.00000000000000	4	4	4	2	2	2	3290392.5	3290392.5	3290392.5			
tr|A0A8M3AU51|A0A8M3AU51_DANRE	A0A8M3AU51	A0A8M3AU51_DANRE	dbn1	590	false	false	Danio rerio	drebrin isoform X1	1:Experimental evidence at protein level	2.54	1.0000	0.9990	0.00000000000000	1	1	1	1	1	1	0	0	0			
tr|A0A8M3AWP8|A0A8M3AWP8_DANRE	A0A8M3AWP8	A0A8M3AWP8_DANRE	zgc:109965	608	false	false	Danio rerio	uncharacterized protein LOC619266 isoform X1	3:Protein inferred from homology	1.81	1.0000	0.9973	0.00000000000000	1	1	1	1	1	1	1071802.9	1071802.9	1071802.9			
tr|A0A8M3AWS2|A0A8M3AWS2_DANRE	A0A8M3AWS2	A0A8M3AWS2_DANRE	cltca	1685	false	false	Danio rerio	Clathrin heavy chain	1:Experimental evidence at protein level	4.57	1.0000	0.9990	0.00000000000000	8	1	8	8	1	8	4742797.0	608598.2	4742797.0	6C(57.0215)		
tr|A0A8M3AXL2|A0A8M3AXL2_DANRE	A0A8M3AXL2	A0A8M3AXL2_DANRE	hcfc1a	1802	false	false	Danio rerio	host cell factor C1a isoform X1	1:Experimental evidence at protein level	1.78	1.0000	0.9990	0.00000000000000	1	0	1	1	0	1	4152068.0	0	4152068.0	3C(57.0215),9C(57.0215)		
tr|A0A8M3AYX3|A0A8M3AYX3_DANRE	A0A8M3AYX3	A0A8M3AYX3_DANRE	atp6v0a1b	868	false	false	Danio rerio	V-type proton ATPase subunit a	1:Experimental evidence at protein level	4.95	1.0000	0.9990	0.00000000000000	6	4	6	5	4	5	2.5454296E7	2.5454296E7	2.5454296E7	6M(15.9949),6M(15.9949),7M(15.9949)		
tr|A0A8M3B020|A0A8M3B020_DANRE	A0A8M3B020	A0A8M3B020_DANRE	eif4g1a	1640	false	false	Danio rerio	eukaryotic translation initiation factor 4 gamma 1 isoform X1	1:Experimental evidence at protein level	0.61	1.0000	0.9988	0.00000000000000	1	0	1	1	0	1	381044.9	0	381044.9			
tr|A0A8M3B3U9|A0A8M3B3U9_DANRE	A0A8M3B3U9	A0A8M3B3U9_DANRE	si:ch1073-153i20.4	201	false	false	Danio rerio	histone H1-like	3:Protein inferred from homology	34.83	1.0000	0.9990	0.00000000000000	12	1	1	19	3	3	3.62599904E8	3344906.5	3344906.5	N-term(42.0106),N-term(42.0106)		
tr|A0A8M3BA62|A0A8M3BA62_DANRE	A0A8M3BA62	A0A8M3BA62_DANRE	myh10	2014	false	false	Danio rerio	myosin-10 isoform X1	1:Experimental evidence at protein level	2.83	1.0000	0.9990	0.00000000000000	4	3	3	4	3	3	994743.9	0	0			
tr|A0A8M3BBK0|A0A8M3BBK0_DANRE	A0A8M3BBK0	A0A8M3BBK0_DANRE	gcn1	2669	false	false	Danio rerio	eIF-2-alpha kinase activator GCN1	1:Experimental evidence at protein level	0.41	1.0000	0.9990	0.00000000000000	1	1	1	1	1	1	0	0	0			
tr|A0A8M6YVR9|A0A8M6YVR9_DANRE	A0A8M6YVR9	A0A8M6YVR9_DANRE	gars	749	false	false	Danio rerio	Glycine--tRNA ligase	1:Experimental evidence at protein level	2.67	1.0000	0.9990	0.00000000000000	1	1	1	1	1	1	0	0	0			
tr|A0A8M6YYI1|A0A8M6YYI1_DANRE	A0A8M6YYI1	A0A8M6YYI1_DANRE	si:dkey-261m9.12	199	false	false	Danio rerio	histone H1-like	1:Experimental evidence at protein level	33.67	1.0000	0.9990	0.00000000000000	13	3	6	21	3	9	6.0070752E8	3.3720188E7	3.07290528E8	N-term(42.0106),N-term(42.0106),N-term(42.0106),N-term(42.0106)		
tr|A0A8M6Z1M4|A0A8M6Z1M4_DANRE	A0A8M6Z1M4	A0A8M6Z1M4_DANRE	LOC570405	242	false	false	Danio rerio	histone H3-like	3:Protein inferred from homology	58.26	1.0000	0.9990	0.00000000000000	31	0	31	47	0	47	6.133287E8	0	6.133287E8	27C(57.0215),5M(15.9949),5M(15.9949),5M(15.9949),5M(15.9949),6M(15.9949),6M(15.9949),6M(15.9949)		
tr|A0A8M6Z292|A0A8M6Z292_DANRE	A0A8M6Z292	A0A8M6Z292_DANRE	nme2b.1	164	false	false	Danio rerio	Nucleoside diphosphate kinase	1:Experimental evidence at protein level	46.34	1.0000	0.9990	0.00000000000000	5	3	5	8	5	8	1.543471E7	1.295626E7	1.543471E7	2C(57.0215),2M(15.9949),4C(57.0215)		
tr|A0A8M6Z2B4|A0A8M6Z2B4_DANRE	A0A8M6Z2B4	A0A8M6Z2B4_DANRE	ckba	385	false	false	Danio rerio	creatine kinase	1:Experimental evidence at protein level	6.23	1.0000	0.9927	0.00027901785714	2	0	0	3	0	0	5700655.0	0	0			
tr|A0A8M6Z3P2|A0A8M6Z3P2_DANRE	A0A8M6Z3P2	A0A8M6Z3P2_DANRE	zgc:153867	209	false	false	Danio rerio	myosin light chain alkali, smooth-muscle isoform isoform X4	1:Experimental evidence at protein level	6.22	1.0000	0.9990	0.00000000000000	1	0	1	1	0	1	757654.4	0	757654.4			
tr|A0A8M6Z7Z5|A0A8M6Z7Z5_DANRE	A0A8M6Z7Z5	A0A8M6Z7Z5_DANRE	LOC569982	200	false	false	Danio rerio	histone H1-like	3:Protein inferred from homology	33.00	1.0000	0.9990	0.00000000000000	9	0	9	14	0	14	8.5117216E7	0	8.5117216E7	N-term(42.0106),N-term(42.0106)		tr|A4QN90|A4QN90_DANRE
tr|A0A8M9NZA4|A0A8M9NZA4_DANRE	A0A8M9NZA4	A0A8M9NZA4_DANRE	gnb4a	340	false	false	Danio rerio	guanine nucleotide-binding protein subunit beta-4	1:Experimental evidence at protein level	2.94	1.0000	0.9990	0.00000000000000	2	0	0	1	0	0	1775237.5	0	0			
tr|A0A8M9PEX3|A0A8M9PEX3_DANRE	A0A8M9PEX3	A0A8M9PEX3_DANRE	nsfa	747	false	false	Danio rerio	Vesicle-fusing ATPase	1:Experimental evidence at protein level	1.34	1.0000	0.9990	0.00000000000000	1	1	1	1	1	1	0	0	0			
tr|A0A8M9PJL9|A0A8M9PJL9_DANRE	A0A8M9PJL9	A0A8M9PJL9_DANRE	dnm1a	854	false	false	Danio rerio	dynamin GTPase	1:Experimental evidence at protein level	2.46	1.0000	0.9990	0.00000000000000	1	0	1	1	0	1	0	0	0	10C(57.0215),20C(57.0215)		
tr|A0A8M9PJW6|A0A8M9PJW6_DANRE	A0A8M9PJW6	A0A8M9PJW6_DANRE	wu:fd14a01	1936	false	false	Danio rerio	myosin heavy chain, fast skeletal muscle	1:Experimental evidence at protein level	30.22	1.0000	0.9990	0.00000000000000	63	7	22	71	7	22	8.2514448E7	2466551.0	5.4373292E7	3C(57.0215),5M(15.9949),6M(15.9949),7M(15.9949)		
tr|A0A8M9PKU7|A0A8M9PKU7_DANRE	A0A8M9PKU7	A0A8M9PKU7_DANRE	atp1b2a	293	false	false	Danio rerio	Sodium/potassium-transporting ATPase subunit beta	1:Experimental evidence at protein level	4.10	1.0000	0.9990	0.00000000000000	1	1	1	1	1	1	0	0	0	6C(57.0215)		
tr|A0A8M9PL07|A0A8M9PL07_DANRE	A0A8M9PL07	A0A8M9PL07_DANRE	rabl6b	776	false	false	Danio rerio	rab-like protein 6 isoform X1	4:Protein predicted	1.55	1.0000	0.9990	0.00000000000000	1	1	1	1	1	1	0	0	0			
tr|A0A8M9PP44|A0A8M9PP44_DANRE	A0A8M9PP44	A0A8M9PP44_DANRE	LOC100538266	178	false	false	Danio rerio	Nucleoside diphosphate kinase	3:Protein inferred from homology	5.62	1.0000	0.9990	0.00000000000000	1	0	1	1	0	1	985273.0	0	985273.0			tr|Q6PC37|Q6PC37_DANRE
tr|A0A8M9PQY4|A0A8M9PQY4_DANRE	A0A8M9PQY4	A0A8M9PQY4_DANRE	hcfc1b	1993	false	false	Danio rerio	host cell factor 1	1:Experimental evidence at protein level	1.61	1.0000	0.9990	0.00000000000000	1	0	0	1	0	0	4152068.0	0	0			
tr|A0A8M9PR47|A0A8M9PR47_DANRE	A0A8M9PR47	A0A8M9PR47_DANRE	LOC100329813	1938	false	false	Danio rerio	Myosin-7	1:Experimental evidence at protein level	13.83	1.0000	0.9976	0.00000000000000	26	0	0	31	0	0	5.5058136E7	0	0			
tr|A0A8M9PSZ1|A0A8M9PSZ1_DANRE	A0A8M9PSZ1	A0A8M9PSZ1_DANRE	tardbpl	396	false	false	Danio rerio	TAR DNA-binding protein 43	1:Experimental evidence at protein level	5.30	1.0000	0.9990	0.00000000000000	2	1	1	2	1	1	2139271.2	448521.06	448521.06			
tr|A0A8M9PTL3|A0A8M9PTL3_DANRE	A0A8M9PTL3	A0A8M9PTL3_DANRE	si:ch211-243g18.2	458	false	false	Danio rerio	uncharacterized protein LOC559906 isoform X1	1:Experimental evidence at protein level	1.53	1.0000	0.9990	0.00000000000000	1	0	0	1	0	0	3.2360556E7	0	0			
tr|A0A8M9PVC1|A0A8M9PVC1_DANRE	A0A8M9PVC1	A0A8M9PVC1_DANRE	celf5a	552	false	false	Danio rerio	CUGBP Elav-like family member 5 isoform X1	3:Protein inferred from homology	1.81	1.0000	0.9980	0.00000000000000	1	0	0	1	0	0	457523.25	0	0			
tr|A0A8M9PVN0|A0A8M9PVN0_DANRE	A0A8M9PVN0	A0A8M9PVN0_DANRE	LOC100537594	1085	false	false	Danio rerio	myosin heavy chain, fast skeletal muscle-like	1:Experimental evidence at protein level	12.81	1.0000	0.9802	0.00161987041037	15	0	0	15	0	0	5.4373292E7	0	0			
tr|A0A8M9PWI4|A0A8M9PWI4_DANRE	A0A8M9PWI4	A0A8M9PWI4_DANRE	atp2b3b	1297	false	false	Danio rerio	Calcium-transporting ATPase	1:Experimental evidence at protein level	1.70	1.0000	0.9990	0.00000000000000	2	0	2	2	0	2	1946498.5	0	1946498.5			
tr|A0A8M9PZU3|A0A8M9PZU3_DANRE	A0A8M9PZU3	A0A8M9PZU3_DANRE	prkacaa	389	false	false	Danio rerio	cAMP-dependent protein kinase	1:Experimental evidence at protein level	3.08	1.0000	0.9990	0.00000000000000	1	0	1	1	0	1	1321271.6	0	1321271.6			tr|Q6DBV8|Q6DBV8_DANRE
tr|A0A8M9Q103|A0A8M9Q103_DANRE	A0A8M9Q103	A0A8M9Q103_DANRE	si:ch211-59d13.2	1135	false	false	Danio rerio	solute carrier family 12 member 5 isoform X1	1:Experimental evidence at protein level	3.35	1.0000	0.9990	0.00000000000000	3	2	3	4	2	4	4.0417756E7	438410.84	4.0417756E7	6M(15.9949),7M(15.9949)		
tr|A0A8M9Q636|A0A8M9Q636_DANRE	A0A8M9Q636	A0A8M9Q636_DANRE	tuba7l	468	false	false	Danio rerio	Tubulin alpha chain	1:Experimental evidence at protein level	25.00	1.0000	0.9990	0.00000000000000	12	0	0	16	0	0	5.4619016E7	0	0			
tr|A0A8M9QDP5|A0A8M9QDP5_DANRE	A0A8M9QDP5	A0A8M9QDP5_DANRE	dynll1	137	false	false	Danio rerio	Dynein light chain	1:Experimental evidence at protein level	8.03	1.0000	0.9990	0.00000000000000	1	0	1	1	0	1	0	0	0	7C(57.0215)		
tr|A0A8M9QEC8|A0A8M9QEC8_DANRE	A0A8M9QEC8	A0A8M9QEC8_DANRE	myhc3	1937	false	false	Danio rerio	Myosin, heavy polypeptide 1.2, skeletal muscle	3:Protein inferred from homology	35.73	1.0000	0.9990	0.00000000000000	75	0	0	87	0	0	8.2514448E7	0	0			
tr|A0A8M9QF30|A0A8M9QF30_DANRE	A0A8M9QF30	A0A8M9QF30_DANRE	cltcl1	1606	false	false	Danio rerio	Clathrin heavy chain	1:Experimental evidence at protein level	1.25	1.0000	0.9988	0.00000000000000	2	0	0	2	0	0	2280555.0	0	0			
tr|A0A8M9QFE6|A0A8M9QFE6_DANRE	A0A8M9QFE6	A0A8M9QFE6_DANRE	myh11a	1983	false	false	Danio rerio	myosin-11 isoform X1	1:Experimental evidence at protein level	0.45	1.0000	0.9990	0.00000000000000	1	0	0	1	0	0	994743.9	0	0			
tr|A0A8M9QGP0|A0A8M9QGP0_DANRE	A0A8M9QGP0	A0A8M9QGP0_DANRE	ntm	380	false	false	Danio rerio	neurotrimin isoform X1	4:Protein predicted	6.05	1.0000	0.9990	0.00000000000000	1	1	1	1	1	1	0	0	0	1M(15.9949)		
tr|A0A8M9QHC3|A0A8M9QHC3_DANRE	A0A8M9QHC3	A0A8M9QHC3_DANRE	slc4a5	1088	false	false	Danio rerio	Anion exchange protein	3:Protein inferred from homology	1.01	1.0000	0.9988	0.00000000000000	1	1	1	1	1	1	1411771.4	1411771.4	1411771.4			
tr|A0A8M9QHY1|A0A8M9QHY1_DANRE	A0A8M9QHY1	A0A8M9QHY1_DANRE	slc4a10a	1211	false	false	Danio rerio	Anion exchange protein	1:Experimental evidence at protein level	0.91	1.0000	0.9990	0.00000000000000	1	1	1	1	1	1	0	0	0			
tr|A0A8M9QK76|A0A8M9QK76_DANRE	A0A8M9QK76	A0A8M9QK76_DANRE	camk2g2	637	false	false	Danio rerio	calcium/calmodulin-dependent protein kinase	1:Experimental evidence at protein level	1.26	1.0000	0.9990	0.00000000000000	3	1	1	1	1	1	2365387.8	520364.2	520364.2	N-term(42.0106),6C(57.0215)		
tr|A0A8N7T7N7|A0A8N7T7N7_DANRE	A0A8N7T7N7	A0A8N7T7N7_DANRE	apoba	4418	false	false	Danio rerio	apolipoprotein B-100	1:Experimental evidence at protein level	1.20	1.0000	0.9989	0.00000000000000	5	5	5	4	4	4	2653998.0	2653998.0	2653998.0			
tr|A0A8N7T837|A0A8N7T837_DANRE	A0A8N7T837	A0A8N7T837_DANRE	larsb	1176	false	false	Danio rerio	leucine--tRNA ligase	1:Experimental evidence at protein level	0.94	1.0000	0.9990	0.00000000000000	1	1	1	1	1	1	0	0	0			
tr|A0A8N7TBR8|A0A8N7TBR8_DANRE	A0A8N7TBR8	A0A8N7TBR8_DANRE	si:dkey-222f2.1	438	false	false	Danio rerio	keratin, type II cytoskeletal 8 isoform X1	1:Experimental evidence at protein level	2.51	1.0000	0.9989	0.00000000000000	1	0	0	1	0	0	9570957.0	0	0			
tr|A0A8N7TDX3|A0A8N7TDX3_DANRE	A0A8N7TDX3	A0A8N7TDX3_DANRE	nars	603	false	false	Danio rerio	asparagine--tRNA ligase	1:Experimental evidence at protein level	1.33	1.0000	0.9990	0.00000000000000	1	1	1	1	1	1	0	0	0			
tr|A0A8N7TEC8|A0A8N7TEC8_DANRE	A0A8N7TEC8	A0A8N7TEC8_DANRE	tkta	628	false	false	Danio rerio	transketolase-like	1:Experimental evidence at protein level	2.55	1.0000	0.9990	0.00000000000000	2	2	2	2	2	2	3205316.5	3205316.5	3205316.5			
tr|A0A8N7UVM4|A0A8N7UVM4_DANRE	A0A8N7UVM4	A0A8N7UVM4_DANRE	eef2l2	861	false	false	Danio rerio	elongation factor 2	1:Experimental evidence at protein level	8.71	1.0000	0.9989	0.00000000000000	6	0	0	6	0	0	2.1135668E7	0	0			
tr|A0A8N7UZX7|A0A8N7UZX7_DANRE	A0A8N7UZX7	A0A8N7UZX7_DANRE	slc1a2b	562	false	false	Danio rerio	Amino acid transporter	1:Experimental evidence at protein level	1.96	1.0000	0.9990	0.00000000000000	1	0	1	1	0	1	1051283.2	0	1051283.2	1C(57.0215)		
tr|A1A5Y9|A1A5Y9_DANRE	A1A5Y9	A1A5Y9_DANRE	zgc:158423	480	false	false	Danio rerio	Zgc:158423	1:Experimental evidence at protein level	4.58	1.0000	0.9954	0.00000000000000	1	1	1	1	1	1	356209.16	356209.16	356209.16	5M(15.9949)		
tr|A1L1Y0|A1L1Y0_DANRE	A1L1Y0	A1L1Y0_DANRE	trp2	513	false	false	Danio rerio	Dct protein	2:Experimental evidence at transcript level	4.29	1.0000	0.9990	0.00000000000000	2	2	2	2	2	2	2872516.0	2872516.0	2872516.0	2C(57.0215),3C(57.0215),8C(57.0215)		
tr|A2AWE1|A2AWE1_DANRE	A2AWE1	A2AWE1_DANRE	hm:zehl0637	199	false	false	Danio rerio	Peroxiredoxin-1	1:Experimental evidence at protein level	40.20	1.0000	0.9990	0.00000000000000	9	4	7	9	4	6	5.1133904E7	1.0976801E7	1.2083841E7	3M(15.9949),8M(15.9949),N-term(42.0106)		
tr|A2BGE0|A2BGE0_DANRE	A2BGE0	A2BGE0_DANRE	si:rp71-10d23.3	605	false	false	Danio rerio	Si:rp71-10d23.3	1:Experimental evidence at protein level	4.46	1.0000	0.9990	0.00000000000000	2	0	0	2	0	0	847207.3	0	0			
tr|A2BGX6|A2BGX6_DANRE	A2BGX6	A2BGX6_DANRE	myhc4	1935	false	false	Danio rerio	Myosin heavy chain 4	1:Experimental evidence at protein level	30.59	1.0000	0.9973	0.00000000000000	66	0	0	76	0	0	8.2514448E7	0	0			
tr|A2BHA3|A2BHA3_DANRE	A2BHA3	A2BHA3_DANRE	CK-M	381	false	false	Danio rerio	creatine kinase	1:Experimental evidence at protein level	3.67	1.0000	0.9990	0.00000000000000	1	0	0	1	0	0	3856204.8	0	0			
tr|A2RUX2|A2RUX2_DANRE	A2RUX2	A2RUX2_DANRE	zgc:158293	435	false	false	Danio rerio	Zgc:158293 protein	1:Experimental evidence at protein level	2.76	1.0000	0.9987	0.00000000000000	1	1	1	1	1	1	0	0	0			
tr|A2RV23|A2RV23_DANRE	A2RV23	A2RV23_DANRE	zgc:158677	689	false	false	Danio rerio	Zgc:158677 protein	2:Experimental evidence at transcript level	1.02	1.0000	0.9990	0.00000000000000	1	1	1	1	1	1	2917478.5	2917478.5	2917478.5			
tr|A3KMH5|A3KMH5_DANRE	A3KMH5	A3KMH5_DANRE	im:7144234	763	false	false	Danio rerio	enoyl-CoA hydratase	1:Experimental evidence at protein level	1.97	1.0000	0.9990	0.00000000000000	1	1	1	1	1	1	231301.23	231301.23	231301.23			
tr|A3KP44|A3KP44_DANRE	A3KP44	A3KP44_DANRE	fb59c09	260	false	false	Danio rerio	Zgc:162938 protein	1:Experimental evidence at protein level	4.23	1.0000	0.9990	0.00000000000000	1	1	1	1	1	1	1617808.2	1617808.2	1617808.2			
tr|A3KPI6|A3KPI6_DANRE	A3KPI6	A3KPI6_DANRE	si:ch211-288g17.3	378	false	false	Danio rerio	Si:ch211-288g17.3	4:Protein predicted	9.52	1.0000	0.9990	0.00000000000000	3	3	3	3	3	3	2862286.0	2862286.0	2862286.0	5C(57.0215)		
tr|A3KPW8|A3KPW8_DANRE	A3KPW8	A3KPW8_DANRE	si:ch211-215a10.5	191	false	false	Danio rerio	Hippocalcin-like 4 (Fragment)	1:Experimental evidence at protein level	7.85	1.0000	0.9986	0.00000000000000	1	0	0	1	0	0	0	0	0			
tr|A4IG19|A4IG19_DANRE	A4IG19	A4IG19_DANRE	pygb	843	false	false	Danio rerio	Alpha-1,4 glucan phosphorylase	1:Experimental evidence at protein level	3.32	1.0000	0.9967	0.00000000000000	3	0	0	2	0	0	5222020.5	0	0			
tr|A4JYK9|A4JYK9_DANRE	A4JYK9	A4JYK9_DANRE	iglon5	332	false	false	Danio rerio	Zgc:110372	1:Experimental evidence at protein level	5.12	1.0000	0.9990	0.00000000000000	1	1	1	1	1	1	1295857.2	1295857.2	1295857.2			
tr|A5A5E1|A5A5E1_DANRE	A5A5E1	A5A5E1_DANRE	zgc:194528	1253	false	false	Danio rerio	Cytoplasmic FMR1-interacting protein	1:Experimental evidence at protein level	0.88	1.0000	0.9989	0.00000000000000	1	1	1	1	1	1	661220.9	661220.9	661220.9			
tr|A5WWJ4|A5WWJ4_DANRE	A5WWJ4	A5WWJ4_DANRE	matn1	489	false	false	Danio rerio	Matrilin 1	4:Protein predicted	2.66	1.0000	0.9990	0.00000000000000	2	1	2	1	1	1	848807.3	325642.62	848807.3			
tr|A7E2K4|A7E2K4_DANRE	A7E2K4	A7E2K4_DANRE	rplp2l	114	false	false	Danio rerio	60S acidic ribosomal protein P2	1:Experimental evidence at protein level	11.40	1.0000	0.9990	0.00000000000000	1	1	1	1	1	1	1184280.9	1184280.9	1184280.9			
tr|A7E2K5|A7E2K5_DANRE	A7E2K5	A7E2K5_DANRE	crybb1l2	221	false	false	Danio rerio	Zgc:171773 protein	1:Experimental evidence at protein level	32.58	1.0000	0.9990	0.00000000000000	7	5	7	11	8	11	4.53382E7	1.7804684E7	4.53382E7	12M(15.9949),1M(15.9949),1M(15.9949),2C(57.0215),2C(57.0215),2M(15.9949)		
tr|A7E2K8|A7E2K8_DANRE	A7E2K8	A7E2K8_DANRE	crygm2d14	175	false	false	Danio rerio	Crystallin, gamma M2d14	1:Experimental evidence at protein level	5.14	1.0000	0.9990	0.00000000000000	2	0	0	1	0	0	1239494.8	0	0			
tr|A7MBY2|A7MBY2_DANRE	A7MBY2	A7MBY2_DANRE	tho4	280	false	false	Danio rerio	THO complex subunit 4	1:Experimental evidence at protein level	3.93	1.0000	0.9990	0.00000000000000	1	1	1	1	1	1	1155447.9	1155447.9	1155447.9			
tr|A7MCR1|A7MCR1_DANRE	A7MCR1	A7MCR1_DANRE	fb78f10	273	false	false	Danio rerio	Cytochrome b-c1 complex subunit Rieske, mitochondrial	1:Experimental evidence at protein level	15.02	1.0000	0.9990	0.00000000000000	2	2	2	2	2	2	7202749.0	7202749.0	7202749.0			
tr|A7YY99|A7YY99_DANRE	A7YY99	A7YY99_DANRE	atp5ia	71	false	false	Danio rerio	ATP synthase subunit e, mitochondrial	1:Experimental evidence at protein level	32.39	1.0000	0.9990	0.00000000000000	2	2	2	2	2	2	1.5833334E7	1.5833334E7	1.5833334E7			
tr|A8E4S8|A8E4S8_DANRE	A8E4S8	A8E4S8_DANRE	si:ch211-212n6.17	173	false	false	Danio rerio	Crystallin, gamma M2d10	1:Experimental evidence at protein level	5.20	1.0000	0.9990	0.00000000000000	1	0	0	1	0	0	418659.8	0	0			
tr|A8E5J9|A8E5J9_DANRE	A8E5J9	A8E5J9_DANRE	ckmt2	413	false	false	Danio rerio	creatine kinase	1:Experimental evidence at protein level	8.23	1.0000	0.9990	0.00000000000000	3	0	0	3	0	0	7513148.0	0	0			
tr|A8E5L0|A8E5L0_DANRE	A8E5L0	A8E5L0_DANRE	zgc:64204	380	false	false	Danio rerio	creatine kinase	1:Experimental evidence at protein level	9.21	1.0000	0.9990	0.00000000000000	2	0	0	2	0	0	4841544.0	0	0			
tr|A8KB78|A8KB78_DANRE	A8KB78	A8KB78_DANRE	rps23	143	false	false	Danio rerio	40S ribosomal protein S23	1:Experimental evidence at protein level	38.46	1.0000	0.9990	0.00000000000000	4	4	4	4	4	4	2553833.5	2553833.5	2553833.5	10C(57.0215)		
tr|A8KBJ5|A8KBJ5_DANRE	A8KBJ5	A8KBJ5_DANRE	si:ch211-113a14.27	136	false	false	Danio rerio	Histone H3	1:Experimental evidence at protein level	55.88	1.0000	0.9990	0.00000000000000	13	2	2	13	2	2	3.5673808E8	0	0	27C(57.0215),7M(15.9949),31C(57.0215)		
tr|A8KC22|A8KC22_DANRE	A8KC22	A8KC22_DANRE	hnrnpl	522	false	false	Danio rerio	Heterogeneous nuclear ribonucleoprotein L2	1:Experimental evidence at protein level	4.41	1.0000	0.9990	0.00000000000000	2	0	0	2	0	0	3083201.5	0	0			
tr|A8WGC6|A8WGC6_DANRE	A8WGC6	A8WGC6_DANRE	atp5b	517	false	false	Danio rerio	ATP synthase subunit beta	1:Experimental evidence at protein level	41.01	1.0000	0.9990	0.00000000000000	13	13	13	15	15	15	2.1352714E7	2.1352714E7	2.1352714E7	2M(15.9949)		
tr|A9LDD9|A9LDD9_DANRE	A9LDD9	A9LDD9_DANRE	shmt2	492	false	false	Danio rerio	glycine hydroxymethyltransferase	1:Experimental evidence at protein level	3.66	1.0000	0.9990	0.00000000000000	1	1	1	1	1	1	0	0	0	15C(57.0215)		
tr|B0JYH6|B0JYH6_DANRE	B0JYH6	B0JYH6_DANRE	pvrl1b	541	false	false	Danio rerio	Nectin 1b	1:Experimental evidence at protein level	4.99	1.0000	0.9990	0.00000000000000	2	2	2	2	2	2	3823844.5	3823844.5	3823844.5			
tr|B0R0V8|B0R0V8_DANRE	B0R0V8	B0R0V8_DANRE	chunp6890	481	false	false	Danio rerio	V-type proton ATPase subunit H	1:Experimental evidence at protein level	4.78	1.0000	0.9990	0.00000000000000	1	1	1	1	1	1	1106726.5	1106726.5	1106726.5			
tr|B0S5B9|B0S5B9_DANRE	B0S5B9	B0S5B9_DANRE	syp	294	false	false	Danio rerio	Synaptophysin a	1:Experimental evidence at protein level	3.40	1.0000	0.9990	0.00000000000000	1	1	1	1	1	1	293556.6	293556.6	293556.6			
tr|B0S6P0|B0S6P0_DANRE	B0S6P0	B0S6P0_DANRE	crygm2d9	173	false	false	Danio rerio	Crystallin, gamma M2d9	3:Protein inferred from homology	5.20	1.0000	0.9990	0.00000000000000	1	0	0	1	0	0	418659.8	0	0			
tr|B0S730|B0S730_DANRE	B0S730	B0S730_DANRE	wu:fj78b08	298	false	false	Danio rerio	ADP/ATP translocase	1:Experimental evidence at protein level	25.50	1.0000	0.9990	0.00000000000000	6	0	0	6	0	0	1.0809645E7	0	0			
tr|B0UYS0|B0UYS0_DANRE	B0UYS0	B0UYS0_DANRE	wu:fa91c06	460	false	false	Danio rerio	Keratin 15	1:Experimental evidence at protein level	1.96	1.0000	0.9990	0.00000000000000	1	1	1	1	1	1	0	0	0			
tr|B2CQD3|B2CQD3_DANRE	B2CQD3	B2CQD3_DANRE	npm2	182	false	false	Danio rerio	Nucleophosmin/nucleoplasmin, 2b	1:Experimental evidence at protein level	20.33	1.0000	0.9990	0.00000000000000	2	2	2	2	2	2	1707024.5	1707024.5	1707024.5	2M(15.9949)		
tr|B3DFN3|B3DFN3_DANRE	B3DFN3	B3DFN3_DANRE	fc15d06	583	false	false	Danio rerio	Lamin-B2	1:Experimental evidence at protein level	9.78	1.0000	0.9990	0.00000000000000	10	10	10	5	5	5	2.0935572E7	2.0935572E7	2.0935572E7			
tr|B3DGI9|B3DGI9_DANRE	B3DGI9	B3DGI9_DANRE	timm8b	95	false	false	Danio rerio	Mitochondrial import inner membrane translocase subunit	1:Experimental evidence at protein level	23.16	1.0000	0.9990	0.00000000000000	2	2	2	2	2	2	5429839.0	5429839.0	5429839.0	4C(57.0215),8C(57.0215)		
tr|B5M4A7|B5M4A7_DANRE	B5M4A7	B5M4A7_DANRE	cryba1c	206	false	false	Danio rerio	BetaA1c-crystallin	1:Experimental evidence at protein level	5.83	1.0000	0.9990	0.00000000000000	1	0	0	1	0	0	3491844.5	0	0			
tr|B6IDE1|B6IDE1_DANRE	B6IDE1	B6IDE1_DANRE	smyhc2	1939	false	false	Danio rerio	slow Myosin heavy chain 2	1:Experimental evidence at protein level	17.23	1.0000	0.9990	0.00000000000000	31	0	4	37	0	4	5.5058136E7	0	2107967.0			
tr|B8A516|B8A516_DANRE	B8A516	B8A516_DANRE	fb22g06	449	false	false	Danio rerio	Tubulin alpha chain	1:Experimental evidence at protein level	48.11	1.0000	0.9990	0.00000000000000	21	0	1	31	0	1	1.18896776E8	0	2.780239E7			
tr|B8A552|B8A552_DANRE	B8A552	B8A552_DANRE	smarca5	1035	false	false	Danio rerio	SWI/SNF-related matrix-associated actin-dependent regulator of chromatin subfamily A member 5	3:Protein inferred from homology	2.32	1.0000	0.9990	0.00000000000000	2	0	2	2	0	2	1031569.5	0	1031569.5	9C(57.0215)		
tr|B8A568|B8A568_DANRE	B8A568	B8A568_DANRE	myhz1.1	1937	false	false	Danio rerio	Myosin, heavy polypeptide 1.1, skeletal muscle	1:Experimental evidence at protein level	35.73	1.0000	0.9990	0.00000000000000	75	0	10	87	0	14	8.2514448E7	0	1.9896548E7	5M(15.9949),6M(15.9949),N-term(42.0106),N-term(42.0106),6M(15.9949)		
tr|B8A569|B8A569_DANRE	B8A569	B8A569_DANRE	ns:zf-e68	1937	false	false	Danio rerio	Myosin, heavy polypeptide 1.3, skeletal muscle	1:Experimental evidence at protein level	33.71	1.0000	0.9990	0.00000000000000	71	0	12	80	0	15	8.2514448E7	0	1.502205E7	9M(15.9949)		
tr|E7EXT3|E7EXT3_DANRE	E7EXT3	E7EXT3_DANRE	zgc:63642	842	false	false	Danio rerio	Alpha-1,4 glucan phosphorylase	1:Experimental evidence at protein level	3.33	1.0000	0.9990	0.00000000000000	3	0	3	2	0	2	5222020.5	0	5222020.5			
tr|E7F354|E7F354_DANRE	E7F354	E7F354_DANRE	ywhag2	247	false	false	Danio rerio	14-3-3 protein gamma-1	1:Experimental evidence at protein level	6.88	1.0000	0.9990	0.00000000000000	2	0	1	2	0	1	4649673.0	0	293154.53	N-term(42.0106)		
tr|E7F8M1|E7F8M1_DANRE	E7F8M1	E7F8M1_DANRE	crybb1l1	219	false	false	Danio rerio	Crystallin, beta B1,-like 1	1:Experimental evidence at protein level	34.70	1.0000	0.9990	0.00000000000000	8	6	6	10	7	7	3.4947124E7	6483210.0	6483210.0	1C(57.0215),2C(57.0215),2C(57.0215),5M(15.9949),8C(57.0215),8C(57.0215)		
tr|E9QBD0|E9QBD0_DANRE	E9QBD0	E9QBD0_DANRE	dcamkl1	770	false	false	Danio rerio	Doublecortin-like kinase 1a	1:Experimental evidence at protein level	1.43	1.0000	0.9990	0.00000000000000	1	1	1	1	1	1	3004384.5	3004384.5	3004384.5			
tr|E9QF07|E9QF07_DANRE	E9QF07	E9QF07_DANRE	myh7bb	1935	false	false	Danio rerio	Myosin, heavy chain 7B, cardiac muscle, beta b	3:Protein inferred from homology	3.05	1.0000	0.9946	0.00000000000000	7	0	0	9	0	0	3.7461032E7	0	0			
tr|F1Q7N8|F1Q7N8_DANRE	F1Q7N8	F1Q7N8_DANRE	si:dkey-28b4.8	1056	false	false	Danio rerio	Calcium-transporting ATPase	1:Experimental evidence at protein level	8.62	1.0000	0.9990	0.00000000000000	8	4	6	8	4	6	1.7196048E7	4542827.0	6408197.5	16C(57.0215),16C(57.0215),3M(15.9949)		
tr|F1Q9P4|F1Q9P4_DANRE	F1Q9P4	F1Q9P4_DANRE	napbb	295	false	false	Danio rerio	N-ethylmaleimide-sensitive factor attachment protein, beta b	3:Protein inferred from homology	4.75	1.0000	0.9990	0.00000000000000	1	0	0	1	0	0	2500402.5	0	0			
tr|F1QCC9|F1QCC9_DANRE	F1QCC9	F1QCC9_DANRE	syt5b	446	false	false	Danio rerio	Synaptotagmin Vb	4:Protein predicted	5.16	1.0000	0.9990	0.00000000000000	3	1	1	2	1	1	5767655.0	3091710.5	3091710.5			
tr|F1QCE9|F1QCE9_DANRE	F1QCE9	F1QCE9_DANRE	ndufab1	153	false	false	Danio rerio	Acyl carrier protein	1:Experimental evidence at protein level	7.19	1.0000	0.9990	0.00000000000000	1	1	1	1	1	1	3788542.5	3788542.5	3788542.5			
tr|F1QEZ8|F1QEZ8_DANRE	F1QEZ8	F1QEZ8_DANRE	ncanb	1254	false	false	Danio rerio	Neurocan b	4:Protein predicted	0.80	1.0000	0.9990	0.00000000000000	1	1	1	1	1	1	0	0	0	3C(57.0215)		
tr|F1QFJ8|F1QFJ8_DANRE	F1QFJ8	F1QFJ8_DANRE	fb19a06	407	false	false	Danio rerio	heterogeneous nuclear ribonucleoprotein H1, like	1:Experimental evidence at protein level	5.41	1.0000	0.9990	0.00000000000000	2	2	2	2	2	2	2580747.0	2580747.0	2580747.0	6C(57.0215),N-term(42.0106)		
tr|F1QFK9|F1QFK9_DANRE	F1QFK9	F1QFK9_DANRE	fc22d10	431	false	false	Danio rerio	Cleavage stimulation factor 50 kDa subunit	1:Experimental evidence at protein level	4.18	1.0000	0.9990	0.00000000000000	2	2	2	2	2	2	3727260.2	3727260.2	3727260.2	5C(57.0215),6C(57.0215)		
tr|F1QFV6|F1QFV6_DANRE	F1QFV6	F1QFV6_DANRE	rpl28l	138	false	false	Danio rerio	60S ribosomal protein L28	1:Experimental evidence at protein level	14.49	1.0000	0.9990	0.00000000000000	3	3	3	3	3	3	2.5027668E7	2.5027668E7	2.5027668E7	N-term(42.0106),N-term(42.0106),8M(15.9949)		
tr|F1QGP8|F1QGP8_DANRE	F1QGP8	F1QGP8_DANRE	hmgb3a	213	false	false	Danio rerio	High mobility group box 3a	4:Protein predicted	13.15	1.0000	0.9990	0.00000000000000	4	4	4	5	5	5	1.9185912E7	1.9185912E7	1.9185912E7			
tr|F1QHC4|F1QHC4_DANRE	F1QHC4	F1QHC4_DANRE	lmnb1	588	false	false	Danio rerio	Lamin B1	1:Experimental evidence at protein level	9.18	1.0000	0.9990	0.00000000000000	4	4	4	5	5	5	1.1173151E7	1.1173151E7	1.1173151E7	11M(15.9949)		
tr|F1QNF2|F1QNF2_DANRE	F1QNF2	F1QNF2_DANRE	cbx3a	177	false	false	Danio rerio	Chromobox homolog 3a (HP1 gamma homolog, Drosophila)	4:Protein predicted	6.78	1.0000	0.9990	0.00000000000000	1	1	1	1	1	1	0	0	0	6C(57.0215)		
tr|F1QS28|F1QS28_DANRE	F1QS28	F1QS28_DANRE	hnrnpa0a	305	false	false	Danio rerio	Heterogeneous nuclear ribonucleoprotein A0a	4:Protein predicted	4.59	1.0000	0.9990	0.00000000000000	1	1	1	1	1	1	1707353.8	1707353.8	1707353.8	4C(57.0215)		
tr|F1QV31|F1QV31_DANRE	F1QV31	F1QV31_DANRE	ckii	566	false	false	Danio rerio	keratin 5	1:Experimental evidence at protein level	5.30	1.0000	0.9990	0.00000000000000	4	0	0	4	0	0	1.4783329E7	0	0			
tr|F1QVX3|F1QVX3_DANRE	F1QVX3	F1QVX3_DANRE	myhb	1937	false	false	Danio rerio	Myosin, heavy chain b	1:Experimental evidence at protein level	21.27	1.0000	0.9990	0.00000000000000	43	7	37	51	8	44	8.2514448E7	6813782.0	7.2749896E7	1M(15.9949),5M(15.9949)		
tr|F1QWU4|F1QWU4_DANRE	F1QWU4	F1QWU4_DANRE	myl6	164	false	false	Danio rerio	Myosin, light chain 6, alkali, smooth muscle and non-muscle	4:Protein predicted	7.93	1.0000	0.9990	0.00000000000000	1	0	0	1	0	0	757654.4	0	0			
tr|F1QZW1|F1QZW1_DANRE	F1QZW1	F1QZW1_DANRE	myh7	1938	false	false	Danio rerio	Myosin heavy chain 7	1:Experimental evidence at protein level	10.68	1.0000	0.9988	0.00000000000000	22	1	1	26	1	1	5.8441844E7	515992.6	515992.6			
tr|F1R0A8|F1R0A8_DANRE	F1R0A8	F1R0A8_DANRE	syn2a	463	false	false	Danio rerio	Synapsin IIa	3:Protein inferred from homology	2.16	1.0000	0.9990	0.00000000000000	1	1	1	1	1	1	0	0	0			
tr|F1R2E0|F1R2E0_DANRE	F1R2E0	F1R2E0_DANRE	si:ch211-197g15.1	715	false	false	Danio rerio	Heterogeneous nuclear ribonucleoprotein M	1:Experimental evidence at protein level	1.26	1.0000	0.9990	0.00000000000000	1	1	1	1	1	1	1915426.0	1915426.0	1915426.0			
tr|F1R412|F1R412_DANRE	F1R412	F1R412_DANRE	tpm4a	284	false	false	Danio rerio	Tropomyosin 4a	3:Protein inferred from homology	9.15	1.0000	0.9990	0.00000000000000	3	0	0	5	0	0	3.6859192E7	0	0			
tr|F1R5C0|F1R5C0_DANRE	F1R5C0	F1R5C0_DANRE	syt2a	430	false	false	Danio rerio	Synaptotagmin	1:Experimental evidence at protein level	2.33	1.0000	0.9990	0.00000000000000	2	0	0	1	0	0	2675945.0	0	0			
tr|F1R6C7|F1R6C7_DANRE	F1R6C7	F1R6C7_DANRE	myha	1933	false	false	Danio rerio	Myosin, heavy chain a	3:Protein inferred from homology	28.92	1.0000	0.9982	0.00000000000000	61	0	0	71	0	0	8.2514448E7	0	0			
tr|F1R9V3|F1R9V3_DANRE	F1R9V3	F1R9V3_DANRE	hspa8b	647	false	false	Danio rerio	Heat shock protein family A (Hsp70) member 8b	3:Protein inferred from homology	9.12	1.0000	0.9990	0.00000000000000	5	0	0	4	0	0	1.2077065E7	0	0			
tr|F1RCB6|F1RCB6_DANRE	F1RCB6	F1RCB6_DANRE	actc1a	377	false	false	Danio rerio	Actin alpha cardiac muscle 1a	1:Experimental evidence at protein level	37.40	1.0000	0.9990	0.00000000000000	11	0	3	13	0	4	4.6596512E7	0	1306432.0	10M(15.9949),12M(15.9949),2C(57.0215)		
tr|F6NZ76|F6NZ76_DANRE	F6NZ76	F6NZ76_DANRE	tomm5	51	false	false	Danio rerio	Translocase of outer mitochondrial membrane 5 homolog (yeast)	3:Protein inferred from homology	39.22	1.0000	0.9988	0.00000000000000	2	2	2	3	3	3	6432897.0	6432897.0	6432897.0	1M(15.9949)		
tr|F6P6X1|F6P6X1_DANRE	F6P6X1	F6P6X1_DANRE	ylpm1	1850	false	false	Danio rerio	YLP motif-containing 1	4:Protein predicted	0.70	1.0000	0.9990	0.00000000000000	1	1	1	1	1	1	0	0	0			
tr|F8W2P1|F8W2P1_DANRE	F8W2P1	F8W2P1_DANRE	arl8a	186	false	false	Danio rerio	ADP-ribosylation factor-like 8A	4:Protein predicted	14.52	1.0000	0.9989	0.00000000000000	2	1	2	2	1	2	2436865.5	2040344.0	2436865.5	3C(57.0215),4C(57.0215),9C(57.0215)		
tr|F8W442|F8W442_DANRE	F8W442	F8W442_DANRE	gnao1a	354	false	false	Danio rerio	Guanine nucleotide-binding protein (G protein), alpha-activating activity polypeptide O, a	4:Protein predicted	29.38	1.0000	0.9990	0.00000000000000	8	5	7	8	5	7	8.0954952E7	1489528.5	4773727.0	10C(57.0215),3C(57.0215)		
tr|M1EVR1|M1EVR1_DANRE	M1EVR1	M1EVR1_DANRE	SLC12A5	1117	false	false	Danio rerio	Potassium/chloride cotransporter kcc2	2:Experimental evidence at transcript level	2.86	1.0000	0.9990	0.00000000000000	2	0	1	3	0	1	4.13317E7	0	1352357.4	9M(15.9949)		
tr|O93548|O93548_DANRE	O93548	O93548_DANRE	hbbe1.3	147	false	false	Danio rerio	Embryonic 1 beta-globin	1:Experimental evidence at protein level	16.33	1.0000	0.9990	0.00000000000000	2	2	2	2	2	2	9616709.0	9616709.0	9616709.0			
tr|Q05AL9|Q05AL9_DANRE	Q05AL9	Q05AL9_DANRE	wu:fa91c11	431	false	false	Danio rerio	Zgc:153629	1:Experimental evidence at protein level	5.80	1.0000	0.9990	0.00000000000000	4	0	1	3	0	1	4.171186E7	0	914359.5			
tr|Q05AP2|Q05AP2_DANRE	Q05AP2	Q05AP2_DANRE	zgc:152801	316	false	false	Danio rerio	ATPase plasma membrane Ca2+ transporting 4	1:Experimental evidence at protein level	4.11	1.0000	0.9990	0.00000000000000	1	1	1	1	1	1	195942.73	195942.73	195942.73	12C(57.0215),4C(57.0215)		
tr|Q08BA1|Q08BA1_DANRE	Q08BA1	Q08BA1_DANRE	atp5a1	551	false	false	Danio rerio	ATP synthase subunit alpha	1:Experimental evidence at protein level	19.60	1.0000	0.9990	0.00000000000000	12	12	12	10	10	10	2.8434108E7	2.8434108E7	2.8434108E7	3C(57.0215),3C(57.0215)		
tr|Q08BR1|Q08BR1_DANRE	Q08BR1	Q08BR1_DANRE	zgc:152914	176	false	false	Danio rerio	Protein Dr1	1:Experimental evidence at protein level	7.95	1.0000	0.9990	0.00000000000000	1	1	1	1	1	1	0	0	0	N-term(42.0106)		
tr|Q08BX0|Q08BX0_DANRE	Q08BX0	Q08BX0_DANRE	rab21	216	false	false	Danio rerio	Ras-related protein Rab-21	1:Experimental evidence at protein level	5.56	1.0000	0.9981	0.00000000000000	1	1	1	1	1	1	692051.25	692051.25	692051.25	10C(57.0215)		
tr|Q08C42|Q08C42_DANRE	Q08C42	Q08C42_DANRE	zgc:153661	71	false	false	Danio rerio	ATP synthase subunit e, mitochondrial	1:Experimental evidence at protein level	18.31	1.0000	0.9990	0.00000000000000	3	3	3	3	3	3	1.1418313E7	1.1418313E7	1.1418313E7			
tr|Q1ECY0|Q1ECY0_DANRE	Q1ECY0	Q1ECY0_DANRE	wu:fj24g11	825	false	false	Danio rerio	Silver homolog (Mouse) a	2:Experimental evidence at transcript level	1.33	1.0000	0.9988	0.00000000000000	1	1	1	1	1	1	0	0	0			
tr|Q1JQ71|Q1JQ71_DANRE	Q1JQ71	Q1JQ71_DANRE	silverb	616	false	false	Danio rerio	Silver homolog (Mouse) b	2:Experimental evidence at transcript level	8.12	1.0000	0.9990	0.00000000000000	3	3	3	3	3	3	1.6034686E7	1.6034686E7	1.6034686E7			
tr|Q1LUD3|Q1LUD3_DANRE	Q1LUD3	Q1LUD3_DANRE	rcv2b	191	false	false	Danio rerio	Recoverin 3	1:Experimental evidence at protein level	9.42	1.0000	0.9990	0.00000000000000	2	2	2	2	2	2	7902955.5	7902955.5	7902955.5			
tr|Q1LWH1|Q1LWH1_DANRE	Q1LWH1	Q1LWH1_DANRE	im:6906552	146	false	false	Danio rerio	40S ribosomal protein S16	1:Experimental evidence at protein level	31.51	1.0000	0.9990	0.00000000000000	7	7	7	6	6	6	1.0423614E7	1.0423614E7	1.0423614E7			
tr|Q1LXJ7|Q1LXJ7_DANRE	Q1LXJ7	Q1LXJ7_DANRE	cyt1l	429	false	false	Danio rerio	type I cytokeratin, enveloping layer, like	1:Experimental evidence at protein level	1.63	1.0000	0.9990	0.00000000000000	1	0	0	1	0	0	3.2360556E7	0	0			
tr|Q2LEK1|Q2LEK1_DANRE	Q2LEK1	Q2LEK1_DANRE	fk70a07	4643	false	false	Danio rerio	Dynein cytoplasmic 1 heavy chain 1	1:Experimental evidence at protein level	0.30	1.0000	0.9990	0.00000000000000	3	3	3	1	1	1	7792712.0	7792712.0	7792712.0	1M(15.9949)		
tr|Q32PT3|Q32PT3_DANRE	Q32PT3	Q32PT3_DANRE	zgc:123215	213	false	false	Danio rerio	Zgc:123215	1:Experimental evidence at protein level	28.17	1.0000	0.9990	0.00000000000000	9	9	9	11	11	11	2.6750556E7	2.6750556E7	2.6750556E7	10C(57.0215),10C(57.0215),11C(57.0215),13C(57.0215)		
tr|Q32Q51|Q32Q51_DANRE	Q32Q51	Q32Q51_DANRE	zgc:123327	127	false	false	Danio rerio	60S ribosomal protein L22	1:Experimental evidence at protein level	10.24	1.0000	0.9990	0.00000000000000	1	1	1	1	1	1	0	0	0			
tr|Q3B732|Q3B732_DANRE	Q3B732	Q3B732_DANRE	zgc:123210	76	false	false	Danio rerio	High mobility group nucleosomal-binding domain 2	1:Experimental evidence at protein level	17.11	1.0000	0.9990	0.00000000000000	1	1	1	2	2	2	7.72128E7	7.72128E7	7.72128E7			
tr|Q3B738|Q3B738_DANRE	Q3B738	Q3B738_DANRE	im:7151275	192	false	false	Danio rerio	Peptidyl-prolyl cis-trans isomerase	1:Experimental evidence at protein level	5.21	1.0000	0.9990	0.00000000000000	1	1	1	1	1	1	204959.98	204959.98	204959.98	6C(57.0215)		
tr|Q3B750|Q3B750_DANRE	Q3B750	Q3B750_DANRE	zgc:123330	90	false	false	Danio rerio	Cytochrome b-c1 complex subunit 6	1:Experimental evidence at protein level	20.00	1.0000	0.9990	0.00000000000000	1	1	1	1	1	1	1.9464982E7	1.9464982E7	1.9464982E7	7C(57.0215)		
tr|Q3B7R0|Q3B7R0_DANRE	Q3B7R0	Q3B7R0_DANRE	sr:nyz104	307	false	false	Danio rerio	Cytochrome C-1	1:Experimental evidence at protein level	5.21	1.0000	0.9990	0.00000000000000	1	1	1	1	1	1	615644.44	615644.44	615644.44			
tr|Q45FX9|Q45FX9_DANRE	Q45FX9	Q45FX9_DANRE	cryba22	197	false	false	Danio rerio	BetaA2-2-crystallin	1:Experimental evidence at protein level	69.54	1.0000	0.9990	0.00000000000000	10	6	10	12	7	12	2.53172E7	1.0707559E7	2.53172E7	10M(15.9949),6C(57.0215),1C(57.0215),1M(15.9949),2C(57.0215),8C(57.0215),2C(57.0215),8C(57.0215),5C(57.0215),5C(57.0215),N-term(42.0106)		
tr|Q4KMI7|Q4KMI7_DANRE	Q4KMI7	Q4KMI7_DANRE	actc	377	false	false	Danio rerio	Actin, alpha 1b, skeletal muscle	1:Experimental evidence at protein level	33.95	1.0000	0.9990	0.00000000000000	13	0	1	14	0	1	3.6804536E7	0	5794858.0			
tr|Q4KMK4|Q4KMK4_DANRE	Q4KMK4	Q4KMK4_DANRE	wu:fj35g11	1023	false	false	Danio rerio	Sodium/potassium-transporting ATPase subunit alpha	1:Experimental evidence at protein level	12.22	1.0000	0.9990	0.00000000000000	12	0	0	15	0	0	6.2091192E7	0	0			
tr|Q4V8S2|Q4V8S2_DANRE	Q4V8S2	Q4V8S2_DANRE	rcv1a	203	false	false	Danio rerio	Recoverin a	1:Experimental evidence at protein level	48.28	1.0000	0.9990	0.00000000000000	6	6	6	5	5	5	5443549.5	5443549.5	5443549.5	17C(57.0215),7C(57.0215),5M(15.9949),7C(57.0215)		
tr|Q4V8S5|Q4V8S5_DANRE	Q4V8S5	Q4V8S5_DANRE	acbd7	88	false	false	Danio rerio	Acbd7 protein	1:Experimental evidence at protein level	18.18	1.0000	0.9990	0.00000000000000	1	1	1	1	1	1	733736.4	733736.4	733736.4			
tr|Q4V914|Q4V914_DANRE	Q4V914	Q4V914_DANRE	zgc:114051	367	false	false	Danio rerio	Core histone macro-H2A	1:Experimental evidence at protein level	7.08	1.0000	0.9990	0.00000000000000	2	2	2	2	2	2	4016467.5	4016467.5	4016467.5			
tr|Q4V918|Q4V918_DANRE	Q4V918	Q4V918_DANRE	zgc:114044	255	false	false	Danio rerio	Proteasome subunit alpha type	1:Experimental evidence at protein level	12.16	1.0000	0.9990	0.00000000000000	2	2	2	2	2	2	776386.0	776386.0	776386.0	N-term(42.0106)		
tr|Q4VBI5|Q4VBI5_DANRE	Q4VBI5	Q4VBI5_DANRE	zgc:112340	101	false	false	Danio rerio	NADH dehydrogenase [ubiquinone] 1 alpha subcomplex subunit 2	1:Experimental evidence at protein level	25.74	1.0000	0.9990	0.00000000000000	2	2	2	2	2	2	1.2736217E7	1.2736217E7	1.2736217E7	2C(57.0215),4C(57.0215)		
tr|Q4VBI6|Q4VBI6_DANRE	Q4VBI6	Q4VBI6_DANRE	tubb2a	449	false	false	Danio rerio	Tubulin beta chain	1:Experimental evidence at protein level	41.43	1.0000	0.9990	0.00000000000000	18	0	0	29	0	0	1.4306656E8	0	0			
tr|Q4VBU7|Q4VBU7_DANRE	Q4VBU7	Q4VBU7_DANRE	zgc:114165	141	false	false	Danio rerio	Cytochrome c oxidase subunit 5A, mitochondrial	1:Experimental evidence at protein level	54.61	1.0000	0.9990	0.00000000000000	5	2	5	7	2	7	2.8883414E7	5555906.5	2.8883414E7	2M(15.9949)		
tr|Q4VBV1|Q4VBV1_DANRE	Q4VBV1	Q4VBV1_DANRE	im:6900881	111	false	false	Danio rerio	Cytochrome b-c1 complex subunit 7	1:Experimental evidence at protein level	18.92	1.0000	0.9990	0.00000000000000	4	4	4	3	3	3	6876348.0	6876348.0	6876348.0	6C(57.0215)		
tr|Q502J1|Q502J1_DANRE	Q502J1	Q502J1_DANRE	zgc:112161	295	false	false	Danio rerio	Zgc:112161	1:Experimental evidence at protein level	4.75	1.0000	0.9990	0.00000000000000	1	0	1	1	0	1	2500402.5	0	2500402.5	10C(57.0215)		
tr|Q502P6|Q502P6_DANRE	Q502P6	Q502P6_DANRE	zgc:111955	106	false	false	Danio rerio	NADH dehydrogenase [ubiquinone] iron-sulfur protein 5	1:Experimental evidence at protein level	16.98	1.0000	0.9990	0.00000000000000	1	1	1	1	1	1	0	0	0			
tr|Q502Q7|Q502Q7_DANRE	Q502Q7	Q502Q7_DANRE	plasticin	442	false	false	Danio rerio	Peripherin	2:Experimental evidence at transcript level	2.49	1.0000	0.9980	0.00000000000000	1	0	0	1	0	0	0	0	0			
tr|Q503M9|Q503M9_DANRE	Q503M9	Q503M9_DANRE	zgc:110425	195	false	false	Danio rerio	Zgc:110425	1:Experimental evidence at protein level	14.87	1.0000	0.9989	0.00000000000000	7	1	1	10	1	1	3.53834336E8	1.2852695E7	1.2852695E7			
tr|Q504B4|Q504B4_DANRE	Q504B4	Q504B4_DANRE	cox7a2	83	false	false	Danio rerio	Cytochrome c oxidase, subunit VIIa 2	1:Experimental evidence at protein level	12.05	1.0000	0.9989	0.00000000000000	1	1	1	1	1	1	2842201.8	2842201.8	2842201.8			
tr|Q52JI7|Q52JI7_DANRE	Q52JI7	Q52JI7_DANRE	zgc:109979	196	false	false	Danio rerio	Beta A4-crystallin	1:Experimental evidence at protein level	66.84	1.0000	0.9990	0.00000000000000	10	10	10	9	9	9	1.3940728E7	1.3940728E7	1.3940728E7	14M(15.9949),17C(57.0215),17C(57.0215),1M(15.9949),9C(57.0215),6C(57.0215),6M(15.9949),8C(57.0215),8C(57.0215),8C(57.0215),8C(57.0215),8C(57.0215),8C(57.0215)		
tr|Q52PJ7|Q52PJ7_DANRE	Q52PJ7	Q52PJ7_DANRE	CRMP-5a	564	false	false	Danio rerio	Collapsin response mediator protein 5.1	1:Experimental evidence at protein level	4.08	1.0000	0.9990	0.00000000000000	2	0	2	2	0	2	2443419.5	0	2443419.5			
tr|Q52PJ8|Q52PJ8_DANRE	Q52PJ8	Q52PJ8_DANRE	crmp5.2	568	false	false	Danio rerio	Collapsin response mediator protein 5.2	1:Experimental evidence at protein level	4.05	1.0000	0.9990	0.00000000000000	2	0	0	2	0	0	2443419.5	0	0			
tr|Q52WY2|Q52WY2_DANRE	Q52WY2	Q52WY2_DANRE	wu:fj62g06	191	false	false	Danio rerio	Cell division control protein 42 homolog	1:Experimental evidence at protein level	5.24	1.0000	0.9990	0.00000000000000	1	0	1	1	0	1	1313403.0	0	1313403.0	4C(57.0215)		
tr|Q566W6|Q566W6_DANRE	Q566W6	Q566W6_DANRE	wu:fj10g10	185	false	false	Danio rerio	Zgc:112425	1:Experimental evidence at protein level	18.38	1.0000	0.9990	0.00000000000000	2	2	2	2	2	2	1163637.6	1163637.6	1163637.6			
tr|Q567D9|Q567D9_DANRE	Q567D9	Q567D9_DANRE	cryba1l	199	false	false	Danio rerio	Crystallin, beta A1, like	1:Experimental evidence at protein level	23.12	1.0000	0.9990	0.00000000000000	8	7	8	3	2	3	1.3655955E7	1.2721019E7	1.3655955E7	1M(15.9949),6C(57.0215),9C(57.0215)		
tr|Q567E8|Q567E8_DANRE	Q567E8	Q567E8_DANRE	zgc:112098	377	false	false	Danio rerio	Acta1a protein	2:Experimental evidence at transcript level	37.14	1.0000	0.9990	0.00000000000000	13	0	0	13	0	0	3.6804536E7	0	0			
tr|Q567G0|Q567G0_DANRE	Q567G0	Q567G0_DANRE	fa19b06	198	false	false	Danio rerio	High-mobility group box 3b	1:Experimental evidence at protein level	4.55	1.0000	0.9990	0.00000000000000	1	1	1	1	1	1	986524.4	986524.4	986524.4			
tr|Q567N5|Q567N5_DANRE	Q567N5	Q567N5_DANRE	wu:fa93h05	265	false	false	Danio rerio	60S ribosomal protein L6	1:Experimental evidence at protein level	11.70	1.0000	0.9990	0.00000000000000	2	2	2	2	2	2	5680719.0	5680719.0	5680719.0			
tr|Q567Y2|Q567Y2_DANRE	Q567Y2	Q567Y2_DANRE	rgr1	295	false	false	Danio rerio	RPE-retinal G protein-coupled receptor	1:Experimental evidence at protein level	9.83	1.0000	0.9989	0.00000000000000	2	2	2	3	3	3	5827676.5	5827676.5	5827676.5			
tr|Q567Y4|Q567Y4_DANRE	Q567Y4	Q567Y4_DANRE	wu:fb10b03	175	false	false	Danio rerio	NADH dehydrogenase [ubiquinone] 1 beta subcomplex subunit 9	1:Experimental evidence at protein level	9.71	1.0000	0.9989	0.00000000000000	2	2	2	2	2	2	5081047.5	5081047.5	5081047.5	4C(57.0215),N-term(42.0106)		
tr|Q568D0|Q568D0_DANRE	Q568D0	Q568D0_DANRE	histh1l	201	false	false	Danio rerio	Zgc:110380	1:Experimental evidence at protein level	26.87	1.0000	0.9990	0.00000000000000	9	9	9	12	12	12	2.9287748E7	2.9287748E7	2.9287748E7	N-term(42.0106),N-term(42.0106),N-term(42.0106)		
tr|Q568U3|Q568U3_DANRE	Q568U3	Q568U3_DANRE	si:dkeyp-113d7.5	430	false	false	Danio rerio	Zgc:109868	1:Experimental evidence at protein level	1.63	1.0000	0.9990	0.00000000000000	1	0	0	1	0	0	3.2360556E7	0	0			
tr|Q58EI3|Q58EI3_DANRE	Q58EI3	Q58EI3_DANRE	fc21c08	457	false	false	Danio rerio	MICOS complex subunit	1:Experimental evidence at protein level	5.69	1.0000	0.9987	0.00000000000000	2	2	2	2	2	2	298827.78	298827.78	298827.78			
tr|Q5BJ17|Q5BJ17_DANRE	Q5BJ17	Q5BJ17_DANRE	zgc:110766	448	false	false	Danio rerio	Elongation factor Tu	1:Experimental evidence at protein level	2.01	1.0000	0.9990	0.00000000000000	1	1	1	1	1	1	5594315.0	5594315.0	5594315.0			
tr|Q5BJA2|Q5BJA2_DANRE	Q5BJA2	Q5BJA2_DANRE	zgc:114172	116	false	false	Danio rerio	NADH dehydrogenase [ubiquinone] 1 alpha subcomplex subunit 5	1:Experimental evidence at protein level	46.55	1.0000	0.9990	0.00000000000000	4	4	4	5	5	5	6750631.5	6750631.5	6750631.5			
tr|Q5BJB9|Q5BJB9_DANRE	Q5BJB9	Q5BJB9_DANRE	cb718	250	false	false	Danio rerio	Prdx3 protein	1:Experimental evidence at protein level	10.40	1.0000	0.9990	0.00000000000000	2	2	2	2	2	2	2249200.0	2249200.0	2249200.0			
tr|Q5BU17|Q5BU17_DANRE	Q5BU17	Q5BU17_DANRE	ctbp2l	860	false	false	Danio rerio	C-terminal-binding protein 2	2:Experimental evidence at transcript level	5.12	1.0000	0.9990	0.00000000000000	3	1	1	3	1	1	4211057.0	1152947.2	1152947.2			
tr|Q5BU19|Q5BU19_DANRE	Q5BU19	Q5BU19_DANRE	wu:fb96g03	1147	false	false	Danio rerio	C-terminal-binding protein 2 isoform 1	1:Experimental evidence at protein level	3.84	1.0000	0.9990	0.00000000000000	3	2	2	3	2	2	3388439.2	2812362.8	2812362.8			
tr|Q5CZQ1|Q5CZQ1_DANRE	Q5CZQ1	Q5CZQ1_DANRE	im:7138781	255	false	false	Danio rerio	Tyrosine 3-monooxygenase/tryptophan 5-monooxygenase activation protein, epsilon polypeptide 2	1:Experimental evidence at protein level	3.14	1.0000	0.9990	0.00000000000000	1	0	0	1	0	0	4356518.5	0	0			
tr|Q5FVD1|Q5FVD1_DANRE	Q5FVD1	Q5FVD1_DANRE	zgc:92612	201	false	false	Danio rerio	Zgc:92612	1:Experimental evidence at protein level	28.86	1.0000	0.9990	0.00000000000000	4	4	4	4	4	4	9410312.0	9410312.0	9410312.0			
tr|Q5RGB5|Q5RGB5_DANRE	Q5RGB5	Q5RGB5_DANRE	rab3a	220	false	false	Danio rerio	Ras-related protein Rab-3	1:Experimental evidence at protein level	25.91	1.0000	0.9990	0.00000000000000	6	2	6	5	1	5	2.6328168E7	1.1383965E7	2.6328168E7	10M(15.9949),6C(57.0215)		
tr|Q5RKM2|Q5RKM2_DANRE	Q5RKM2	Q5RKM2_DANRE	wu:fb33h05	731	false	false	Danio rerio	NADH-ubiquinone oxidoreductase 75 kDa subunit, mitochondrial	1:Experimental evidence at protein level	2.19	1.0000	0.9990	0.00000000000000	1	1	1	1	1	1	0	0	0			
tr|Q5RKP9|Q5RKP9_DANRE	Q5RKP9	Q5RKP9_DANRE	zgc:101761	359	false	false	Danio rerio	Guanine nucleotide-binding protein (G protein), alpha 11b (Gq class)	1:Experimental evidence at protein level	3.06	1.0000	0.9990	0.00000000000000	1	0	1	1	0	1	1599260.4	0	1599260.4			
tr|Q5TZ27|Q5TZ27_DANRE	Q5TZ27	Q5TZ27_DANRE	syt1	419	false	false	Danio rerio	Synaptotagmin	1:Experimental evidence at protein level	2.39	1.0000	0.9990	0.00000000000000	2	0	2	1	0	1	2675945.0	0	2675945.0			
tr|Q5TZ35|Q5TZ35_DANRE	Q5TZ35	Q5TZ35_DANRE	im:7159195	191	false	false	Danio rerio	Visinin-like 1B	1:Experimental evidence at protein level	7.85	1.0000	0.9990	0.00000000000000	1	0	1	1	0	1	0	0	0	11C(57.0215)		
tr|Q5U3E1|Q5U3E1_DANRE	Q5U3E1	Q5U3E1_DANRE	zgc:103679	215	false	false	Danio rerio	Novel protein similar to vertebrate Ras family	1:Experimental evidence at protein level	34.42	1.0000	0.9990	0.00000000000000	7	1	7	7	1	7	8600576.0	2662058.0	8600576.0	N-term(42.0106)		
tr|Q5U3G0|Q5U3G0_DANRE	Q5U3G0	Q5U3G0_DANRE	fa94d03	179	false	false	Danio rerio	Progesterone receptor membrane component 1	1:Experimental evidence at protein level	5.03	1.0000	0.9990	0.00000000000000	1	0	1	1	0	1	298279.3	0	298279.3	6C(57.0215)		
tr|Q5XJJ3|Q5XJJ3_DANRE	Q5XJJ3	Q5XJJ3_DANRE	fj08b08	252	false	false	Danio rerio	ATP synthase subunit b	1:Experimental evidence at protein level	5.16	1.0000	0.9990	0.00000000000000	1	1	1	1	1	1	2830631.5	2830631.5	2830631.5	6M(15.9949)		
tr|Q5XJS8|Q5XJS8_DANRE	Q5XJS8	Q5XJS8_DANRE	hadh2	260	false	false	Danio rerio	3-hydroxyacyl-CoA dehydrogenase type-2	1:Experimental evidence at protein level	5.77	1.0000	0.9990	0.00000000000000	1	1	1	2	2	2	999613.8	999613.8	999613.8	2M(15.9949)		
tr|Q5XJU2|Q5XJU2_DANRE	Q5XJU2	Q5XJU2_DANRE	zgc:101566	126	false	false	Danio rerio	Zgc:101566	1:Experimental evidence at protein level	7.94	1.0000	0.9976	0.00000000000000	1	1	1	1	1	1	0	0	0			
tr|Q5XTN0|Q5XTN0_DANRE	Q5XTN0	Q5XTN0_DANRE	zgc:109980	175	false	false	Danio rerio	Crygmx protein	1:Experimental evidence at protein level	5.71	1.0000	0.9990	0.00000000000000	2	2	2	1	1	1	1369208.5	1369208.5	1369208.5	14C(57.0215),8M(15.9949)		
tr|Q642Z0|Q642Z0_DANRE	Q642Z0	Q642Z0_DANRE	cb279	994	false	false	Danio rerio	Calcium-transporting ATPase	1:Experimental evidence at protein level	17.20	1.0000	0.9990	0.00000000000000	15	8	15	14	8	14	3.0860118E7	1.7479666E7	3.0860118E7	10C(57.0215),11C(57.0215),16C(57.0215),16C(57.0215),3M(15.9949),1M(15.9949),2M(15.9949),2M(15.9949),6C(57.0215),9C(57.0215)		
tr|Q66IB6|Q66IB6_DANRE	Q66IB6	Q66IB6_DANRE	hmgb2	214	false	false	Danio rerio	High mobility group box 2B	1:Experimental evidence at protein level	37.38	1.0000	0.9990	0.00000000000000	8	8	8	9	9	9	3.3485556E7	3.3485556E7	3.3485556E7	10C(57.0215),11C(57.0215),11C(57.0215),13C(57.0215),13M(15.9949)		
tr|Q6AZB2|Q6AZB2_DANRE	Q6AZB2	Q6AZB2_DANRE	fj36f06	525	false	false	Danio rerio	Succinyl-CoA:3-ketoacid-coenzyme A transferase	1:Experimental evidence at protein level	2.67	1.0000	0.9990	0.00000000000000	1	1	1	1	1	1	0	0	0	1M(15.9949)		
tr|Q6AZC1|Q6AZC1_DANRE	Q6AZC1	Q6AZC1_DANRE	wu:fa14g03	406	false	false	Danio rerio	26S protease regulatory subunit 8 (Fragment)	1:Experimental evidence at protein level	5.17	1.0000	0.9990	0.00000000000000	1	1	1	1	1	1	0	0	0			
tr|Q6DC49|Q6DC49_DANRE	Q6DC49	Q6DC49_DANRE	tuba8l3a	450	false	false	Danio rerio	Tubulin alpha chain	2:Experimental evidence at transcript level	45.78	1.0000	0.9990	0.00000000000000	21	0	4	28	0	9	1.16710928E8	0	1.02498192E8	2M(15.9949),4C(57.0215),5C(57.0215),2M(15.9949),4C(57.0215),5C(57.0215),2M(15.9949),4C(57.0215),5C(57.0215),3C(57.0215),3C(57.0215),3C(57.0215),4M(15.9949),3C(57.0215),4M(15.9949),4C(57.0215),5C(57.0215),4C(57.0215),5C(57.0215)		
tr|Q6DGE4|Q6DGE4_DANRE	Q6DGE4	Q6DGE4_DANRE	hm:zeh0659	526	false	false	Danio rerio	5,6-dihydroxyindole-2-carboxylic acid oxidase precursor	1:Experimental evidence at protein level	4.18	1.0000	0.9990	0.00000000000000	2	2	2	1	1	1	1496722.4	1496722.4	1496722.4	16C(57.0215),4C(57.0215),5C(57.0215),2C(57.0215)		
tr|Q6DGJ6|Q6DGJ6_DANRE	Q6DGJ6	Q6DGJ6_DANRE	prdx1	197	false	false	Danio rerio	Peroxiredoxin-1	1:Experimental evidence at protein level	43.65	1.0000	0.9990	0.00000000000000	11	9	11	13	10	13	6.18517E7	2.6992926E7	6.18517E7	7M(15.9949),8M(15.9949)		
tr|Q6DGM0|Q6DGM0_DANRE	Q6DGM0	Q6DGM0_DANRE	zgc:92859	110	false	false	Danio rerio	60S ribosomal protein L35a	1:Experimental evidence at protein level	7.27	1.0000	0.9960	0.00000000000000	1	1	1	2	2	2	1233487.9	1233487.9	1233487.9	2M(15.9949)		
tr|Q6DGV5|Q6DGV5_DANRE	Q6DGV5	Q6DGV5_DANRE	zgc:92757	201	false	false	Danio rerio	RAB10, member RAS oncogene family	1:Experimental evidence at protein level	23.88	1.0000	0.9989	0.00000000000000	4	2	2	5	3	3	1.4420964E7	1601541.0	1601541.0	6M(15.9949)		
tr|Q6DGX6|Q6DGX6_DANRE	Q6DGX6	Q6DGX6_DANRE	crygEM2-8	175	false	false	Danio rerio	Crystallin gamma EM2-8	1:Experimental evidence at protein level	5.14	1.0000	0.9990	0.00000000000000	1	0	1	1	0	1	418659.8	0	418659.8			
tr|Q6DGX8|Q6DGX8_DANRE	Q6DGX8	Q6DGX8_DANRE	zgc:92726	262	false	false	Danio rerio	Proteasome subunit alpha type	1:Experimental evidence at protein level	5.73	1.0000	0.9990	0.00000000000000	1	1	1	2	2	2	936968.1	936968.1	936968.1			
tr|Q6DGY0|Q6DGY0_DANRE	Q6DGY0	Q6DGY0_DANRE	zgc:92724	174	false	false	Danio rerio	Zgc:92724	1:Experimental evidence at protein level	9.77	1.0000	0.9990	0.00000000000000	1	0	1	1	0	1	0	0	0	4C(57.0215),5M(15.9949),8C(57.0215)		
tr|Q6DGY4|Q6DGY4_DANRE	Q6DGY4	Q6DGY4_DANRE	cryba1b	198	false	false	Danio rerio	Crystallin, beta A1b	1:Experimental evidence at protein level	21.72	1.0000	0.9990	0.00000000000000	5	5	5	3	3	3	8455662.0	8455662.0	8455662.0	10C(57.0215),8C(57.0215),4C(57.0215)		
tr|Q6DGY8|Q6DGY8_DANRE	Q6DGY8	Q6DGY8_DANRE	zgc:92716	246	false	false	Danio rerio	Proteasome subunit alpha type	1:Experimental evidence at protein level	5.28	1.0000	0.9990	0.00000000000000	1	0	0	1	0	0	1224226.5	0	0			
tr|Q6DGZ8|Q6DGZ8_DANRE	Q6DGZ8	Q6DGZ8_DANRE	zgc:92706	232	false	false	Danio rerio	Crystallin, beta B1	1:Experimental evidence at protein level	51.72	1.0000	0.9990	0.00000000000000	11	11	11	11	11	11	5.401574E7	5.401574E7	5.401574E7	12C(57.0215),8C(57.0215),17C(57.0215),18C(57.0215),8C(57.0215),6C(57.0215),6C(57.0215),6C(57.0215),8C(57.0215)		
tr|Q6DH07|Q6DH07_DANRE	Q6DH07	Q6DH07_DANRE	arr3l	357	false	false	Danio rerio	Arrestin 3, retinal (X-arrestin), like	1:Experimental evidence at protein level	27.73	1.0000	0.9990	0.00000000000000	8	8	8	11	11	11	1.920968E7	1.920968E7	1.920968E7			
tr|Q6DH55|Q6DH55_DANRE	Q6DH55	Q6DH55_DANRE	zgc:92641	340	false	false	Danio rerio	Guanine nucleotide binding protein (G protein), beta polypeptide 3, like	2:Experimental evidence at transcript level	6.18	1.0000	0.9990	0.00000000000000	1	1	1	1	1	1	0	0	0	11C(57.0215)		
tr|Q6DHB6|Q6DHB6_DANRE	Q6DHB6	Q6DHB6_DANRE	wu:fa97a07	466	false	false	Danio rerio	Zgc:92533	1:Experimental evidence at protein level	1.50	1.0000	0.9990	0.00000000000000	2	0	0	1	0	0	3.3547516E7	0	0			
tr|Q6DHE6|Q6DHE6_DANRE	Q6DHE6	Q6DHE6_DANRE	kars	602	false	false	Danio rerio	Lysine--tRNA ligase	1:Experimental evidence at protein level	1.83	1.0000	0.9990	0.00000000000000	1	1	1	1	1	1	0	0	0			
tr|Q6DHI9|Q6DHI9_DANRE	Q6DHI9	Q6DHI9_DANRE	psmb2	199	false	false	Danio rerio	Proteasome subunit beta	1:Experimental evidence at protein level	10.55	1.0000	0.9989	0.00000000000000	1	1	1	1	1	1	0	0	0	5C(57.0215)		
tr|Q6DHJ2|Q6DHJ2_DANRE	Q6DHJ2	Q6DHJ2_DANRE	rab3a	220	false	false	Danio rerio	Ras-related protein Rab-3	1:Experimental evidence at protein level	25.91	1.0000	0.9986	0.00000000000000	5	2	2	5	2	2	1.2175482E7	3855001.8	3855001.8	6C(57.0215)		
tr|Q6DHL6|Q6DHL6_DANRE	Q6DHL6	Q6DHL6_DANRE	wu:fa92e06	249	false	false	Danio rerio	40S ribosomal protein S6	1:Experimental evidence at protein level	15.66	1.0000	0.9990	0.00000000000000	5	5	5	5	5	5	8618882.0	8618882.0	8618882.0	10C(57.0215),12C(57.0215),1M(15.9949),2C(57.0215),2C(57.0215)		
tr|Q6DHS3|Q6DHS3_DANRE	Q6DHS3	Q6DHS3_DANRE	wu:fa92b05	204	false	false	Danio rerio	Ribosomal protein L15	1:Experimental evidence at protein level	17.16	1.0000	0.9990	0.00000000000000	3	3	3	4	4	4	9082498.0	9082498.0	9082498.0			
tr|Q6DI34|Q6DI34_DANRE	Q6DI34	Q6DI34_DANRE	wu:fb75h08	619	false	false	Danio rerio	Delta(14)-sterol reductase LBR	1:Experimental evidence at protein level	1.94	1.0000	0.9990	0.00000000000000	1	1	1	1	1	1	0	0	0			
tr|Q6DRD1|Q6DRD1_DANRE	Q6DRD1	Q6DRD1_DANRE	atp5o	209	false	false	Danio rerio	ATP synthase subunit O, mitochondrial	1:Experimental evidence at protein level	11.48	1.0000	0.9990	0.00000000000000	2	2	2	2	2	2	1306082.2	1306082.2	1306082.2			
tr|Q6DRD2|Q6DRD2_DANRE	Q6DRD2	Q6DRD2_DANRE	wu:fc85c10	389	false	false	Danio rerio	26S protease regulatory subunit 10B	1:Experimental evidence at protein level	3.08	1.0000	0.9990	0.00000000000000	1	1	1	1	1	1	0	0	0			
tr|Q6DRF3|Q6DRF3_DANRE	Q6DRF3	Q6DRF3_DANRE	wu:fc51f06	237	false	false	Danio rerio	Proteasome subunit beta	1:Experimental evidence at protein level	5.91	1.0000	0.9990	0.00000000000000	1	1	1	1	1	1	0	0	0			
tr|Q6DRM3|Q6DRM3_DANRE	Q6DRM3	Q6DRM3_DANRE	rpl9	193	false	false	Danio rerio	60S ribosomal protein L9	1:Experimental evidence at protein level	19.17	1.0000	0.9990	0.00000000000000	2	2	2	2	2	2	3638229.8	3638229.8	3638229.8			
tr|Q6DRN7|Q6DRN7_DANRE	Q6DRN7	Q6DRN7_DANRE	zgc:111817	139	false	false	Danio rerio	60S ribosomal protein L14	1:Experimental evidence at protein level	25.90	1.0000	0.9990	0.00000000000000	5	5	5	6	6	6	1.1511346E7	1.1511346E7	1.1511346E7	7C(57.0215),7C(57.0215)		
tr|Q6IMW6|Q6IMW6_DANRE	Q6IMW6	Q6IMW6_DANRE	fb14f11	151	false	false	Danio rerio	40S ribosomal protein S13	1:Experimental evidence at protein level	9.93	1.0000	0.9989	0.00000000000000	1	1	1	1	1	1	4857669.0	4857669.0	4857669.0			
tr|Q6IQ57|Q6IQ57_DANRE	Q6IQ57	Q6IQ57_DANRE	zgc:86940	168	false	false	Danio rerio	Translocon-associated protein subunit delta	1:Experimental evidence at protein level	6.55	1.0000	0.9989	0.00000000000000	1	1	1	1	1	1	1.6145586E7	1.6145586E7	1.6145586E7			
tr|Q6IQ59|Q6IQ59_DANRE	Q6IQ59	Q6IQ59_DANRE	uqcrc2	454	false	false	Danio rerio	Ubiquinol-cytochrome c reductase core protein 2b	1:Experimental evidence at protein level	6.17	1.0000	0.9990	0.00000000000000	2	2	2	2	2	2	935155.5	935155.5	935155.5			
tr|Q6IQ71|Q6IQ71_DANRE	Q6IQ71	Q6IQ71_DANRE	zgc:86924	203	false	false	Danio rerio	Chromobox homolog 1b (HP1 beta homolog Drosophila)	2:Experimental evidence at transcript level	8.37	1.0000	0.9990	0.00000000000000	1	1	1	1	1	1	2484260.8	2484260.8	2484260.8			
tr|Q6IQ89|Q6IQ89_DANRE	Q6IQ89	Q6IQ89_DANRE	zgc:86898	308	false	false	Danio rerio	Zgc:86898	1:Experimental evidence at protein level	3.25	1.0000	0.9990	0.00000000000000	1	1	1	1	1	1	4016307.0	4016307.0	4016307.0			
tr|Q6IQI4|Q6IQI4_DANRE	Q6IQI4	Q6IQI4_DANRE	crygEM2-6	174	false	false	Danio rerio	Crystallin gamma EM2-6	1:Experimental evidence at protein level	5.17	1.0000	0.9983	0.00000000000000	2	0	0	1	0	0	1239494.8	0	0			
tr|Q6IQI6|Q6IQI6_DANRE	Q6IQI6	Q6IQI6_DANRE	zgc:86748	178	false	false	Danio rerio	60S ribosomal protein L11	1:Experimental evidence at protein level	15.17	1.0000	0.9990	0.00000000000000	2	2	2	2	2	2	4350301.5	4350301.5	4350301.5	2C(57.0215),6C(57.0215)		
tr|Q6IQI7|Q6IQI7_DANRE	Q6IQI7	Q6IQI7_DANRE	cpn10	100	false	false	Danio rerio	10 kDa heat shock protein, mitochondrial isoform 1	1:Experimental evidence at protein level	33.00	1.0000	0.9990	0.00000000000000	2	2	2	2	2	2	3815511.5	3815511.5	3815511.5			
tr|Q6IQL9|Q6IQL9_DANRE	Q6IQL9	Q6IQL9_DANRE	actc2	377	false	false	Danio rerio	Novel actin protein	2:Experimental evidence at transcript level	40.05	1.0000	0.9990	0.00000000000000	14	0	0	15	0	0	3.6804536E7	0	0			
tr|Q6IQP4|Q6IQP4_DANRE	Q6IQP4	Q6IQP4_DANRE	rap1a	185	false	false	Danio rerio	small monomeric GTPase	1:Experimental evidence at protein level	7.57	1.0000	0.9990	0.00000000000000	1	0	1	1	0	1	487649.84	0	487649.84			
tr|Q6IQP5|Q6IQP5_DANRE	Q6IQP5	Q6IQP5_DANRE	wu:fi32b03	432	false	false	Danio rerio	phosphopyruvate hydratase	1:Experimental evidence at protein level	3.47	1.0000	0.9990	0.00000000000000	1	0	1	1	0	1	2347368.2	0	2347368.2	14C(57.0215)		
tr|Q6IQQ0|Q6IQQ0_DANRE	Q6IQQ0	Q6IQQ0_DANRE	wu:fb13h07	160	false	false	Danio rerio	60S ribosomal protein L21	1:Experimental evidence at protein level	9.38	1.0000	0.9990	0.00000000000000	1	1	1	2	2	2	5650369.5	5650369.5	5650369.5			
tr|Q6IQU2|Q6IQU2_DANRE	Q6IQU2	Q6IQU2_DANRE	cryba2	197	false	false	Danio rerio	Beta A2-crystallin	1:Experimental evidence at protein level	35.53	1.0000	0.9990	0.00000000000000	9	5	5	8	3	3	2.092491E7	5018481.5	5018481.5	16M(15.9949),3C(57.0215),6C(57.0215)		
tr|Q6IQU9|Q6IQU9_DANRE	Q6IQU9	Q6IQU9_DANRE	hm:zeh0438	126	false	false	Danio rerio	Zgc:86599	1:Experimental evidence at protein level	41.27	1.0000	0.9990	0.00000000000000	5	4	5	6	5	6	1.6858312E7	1.6858312E7	1.6858312E7	4C(57.0215),6C(57.0215),5C(57.0215),7C(57.0215)		
tr|Q6IQX1|Q6IQX1_DANRE	Q6IQX1	Q6IQX1_DANRE	sb:cb38	1935	false	false	Danio rerio	Myosin, heavy polypeptide 2, fast muscle-specific	1:Experimental evidence at protein level	32.97	1.0000	0.9990	0.00000000000000	69	2	17	78	3	18	8.2514448E7	2022898.8	4.0206956E7	4M(15.9949),N-term(42.0106),N-term(42.0106),6M(15.9949)		
tr|Q6JAA4|Q6JAA4_DANRE	Q6JAA4	Q6JAA4_DANRE	im:7152666	798	false	false	Danio rerio	CCCTC-binding factor	1:Experimental evidence at protein level	1.88	1.0000	0.9990	0.00000000000000	2	2	2	1	1	1	3913261.2	3913261.2	3913261.2	13C(57.0215),13C(57.0215),2C(57.0215)		
tr|Q6NUU2|Q6NUU2_DANRE	Q6NUU2	Q6NUU2_DANRE	zgc:85935	619	false	false	Danio rerio	Splicing factor proline/glutamine rich (Polypyrimidine tract binding protein associated)	1:Experimental evidence at protein level	2.58	1.0000	0.9990	0.00000000000000	1	1	1	1	1	1	0	0	0			
tr|Q6NUV2|Q6NUV2_DANRE	Q6NUV2	Q6NUV2_DANRE	zgc:66109	392	false	false	Danio rerio	S-antigen; retina and pineal gland (arrestin) a	1:Experimental evidence at protein level	9.18	1.0000	0.9990	0.00000000000000	2	2	2	2	2	2	1847827.8	1847827.8	1847827.8			
tr|Q6NV07|Q6NV07_DANRE	Q6NV07	Q6NV07_DANRE	wu:fb34a06	736	false	false	Danio rerio	DNA replication licensing factor MCM5	1:Experimental evidence at protein level	1.77	1.0000	0.9986	0.00000000000000	1	1	1	1	1	1	253856.34	253856.34	253856.34			
tr|Q6NVI6|Q6NVI6_DANRE	Q6NVI6	Q6NVI6_DANRE	unm_tf212	541	false	false	Danio rerio	T-complex protein 1 subunit epsilon	1:Experimental evidence at protein level	1.85	1.0000	0.9990	0.00000000000000	1	1	1	1	1	1	335280.56	335280.56	335280.56	7C(57.0215)		
tr|Q6NW90|Q6NW90_DANRE	Q6NW90	Q6NW90_DANRE	Tubb5	444	false	false	Danio rerio	Tubulin beta chain	1:Experimental evidence at protein level	62.61	1.0000	0.9990	0.00000000000000	26	2	9	41	3	11	2.49496208E8	1.0129944E7	1.39980384E8	11M(15.9949),1M(15.9949),1M(15.9949),23C(57.0215),26C(57.0215)		
tr|Q6NWC1|Q6NWC1_DANRE	Q6NWC1	Q6NWC1_DANRE	VDAC1	283	false	false	Danio rerio	Vdac1 protein	1:Experimental evidence at protein level	49.47	1.0000	0.9990	0.00000000000000	11	11	11	13	13	13	3.3650128E7	3.3650128E7	3.3650128E7	N-term(42.0106)		
tr|Q6NWC3|Q6NWC3_DANRE	Q6NWC3	Q6NWC3_DANRE	fc94f01	280	false	false	Danio rerio	40S ribosomal protein S2	1:Experimental evidence at protein level	12.50	1.0000	0.9990	0.00000000000000	5	5	5	3	3	3	3902822.0	3902822.0	3902822.0	2C(57.0215)		
tr|Q6NWI0|Q6NWI0_DANRE	Q6NWI0	Q6NWI0_DANRE	tuba8l	449	false	false	Danio rerio	Tubulin alpha chain	1:Experimental evidence at protein level	23.61	1.0000	0.9990	0.00000000000000	10	0	0	13	0	0	4.323138E7	0	0			
tr|Q6NWI5|Q6NWI5_DANRE	Q6NWI5	Q6NWI5_DANRE	si:dkey-57m14.1	566	false	false	Danio rerio	methylcrotonoyl-CoA carboxylase	1:Experimental evidence at protein level	2.47	1.0000	0.9990	0.00000000000000	1	1	1	1	1	1	275815.2	275815.2	275815.2			
tr|Q6NWK3|Q6NWK3_DANRE	Q6NWK3	Q6NWK3_DANRE	hm:zeh1094	211	false	false	Danio rerio	RAN-binding protein 1	1:Experimental evidence at protein level	6.16	1.0000	0.9990	0.00000000000000	1	1	1	1	1	1	1457867.0	1457867.0	1457867.0			
tr|Q6NX10|Q6NX10_DANRE	Q6NX10	Q6NX10_DANRE	fa22e07	298	false	false	Danio rerio	ADP/ATP translocase	1:Experimental evidence at protein level	33.89	1.0000	0.9989	0.00000000000000	8	1	1	8	1	1	3.4757236E7	0	0	N-term(42.0106)		
tr|Q6NX86|Q6NX86_DANRE	Q6NX86	Q6NX86_DANRE	HMGB1	205	false	false	Danio rerio	High mobility group box 1a	1:Experimental evidence at protein level	21.46	1.0000	0.9990	0.00000000000000	7	5	7	7	5	7	1.5201303E7	1.5201303E7	1.5201303E7	10C(57.0215),10C(57.0215),11C(57.0215),11C(57.0215),11C(57.0215),1M(15.9949),13C(57.0215),3M(15.9949)		
tr|Q6NXB9|Q6NXB9_DANRE	Q6NXB9	Q6NXB9_DANRE	erp57l1	488	false	false	Danio rerio	Protein disulfide-isomerase	1:Experimental evidence at protein level	2.46	1.0000	0.9990	0.00000000000000	1	1	1	1	1	1	0	0	0			
tr|Q6NYF7|Q6NYF7_DANRE	Q6NYF7	Q6NYF7_DANRE	atp5j	112	false	false	Danio rerio	ATP synthase-coupling factor 6, mitochondrial	1:Experimental evidence at protein level	12.50	1.0000	0.9990	0.00000000000000	1	1	1	1	1	1	806661.3	806661.3	806661.3			
tr|Q6NYH5|Q6NYH5_DANRE	Q6NYH5	Q6NYH5_DANRE	fd56c08	306	false	false	Danio rerio	Sodium/potassium-transporting ATPase subunit beta	1:Experimental evidence at protein level	5.88	1.0000	0.9930	0.00000000000000	1	1	1	1	1	1	0	0	0			
tr|Q6NYQ7|Q6NYQ7_DANRE	Q6NYQ7	Q6NYQ7_DANRE	wu:fa20d10	1079	false	false	Danio rerio	proton-translocating NAD(P)(+) transhydrogenase	1:Experimental evidence at protein level	5.28	1.0000	0.9990	0.00000000000000	4	3	4	4	3	4	5642908.5	4325026.5	5642908.5	14C(57.0215)		
tr|Q6NYU8|Q6NYU8_DANRE	Q6NYU8	Q6NYU8_DANRE	hnrpab	340	false	false	Danio rerio	Heterogeneous Nuclear ribonucleoprotein a/b	1:Experimental evidence at protein level	13.24	1.0000	0.9990	0.00000000000000	4	3	4	3	3	3	2408338.8	1719265.0	2408338.8	18M(15.9949),7C(57.0215)		
tr|Q6NYV3|Q6NYV3_DANRE	Q6NYV3	Q6NYV3_DANRE	zgc:65861	199	false	false	Danio rerio	H1.0 linker histone	1:Experimental evidence at protein level	7.54	1.0000	0.9990	0.00000000000000	2	1	2	1	1	1	4528371.5	3061429.8	4528371.5			
tr|Q6NZT9|Q6NZT9_DANRE	Q6NZT9	Q6NZT9_DANRE	zgc:55876	220	false	false	Danio rerio	Serine and arginine-rich-splicing factor 2b	1:Experimental evidence at protein level	3.64	1.0000	0.9990	0.00000000000000	1	0	0	1	0	0	1194333.6	0	0			
tr|Q6NZU8|Q6NZU8_DANRE	Q6NZU8	Q6NZU8_DANRE	zgc:77371	621	false	false	Danio rerio	ATPase family AAA domain-containing protein 3	1:Experimental evidence at protein level	1.77	1.0000	0.9984	0.00000000000000	1	1	1	1	1	1	143260.66	143260.66	143260.66			
tr|Q6P025|Q6P025_DANRE	Q6P025	Q6P025_DANRE	gnb3	338	false	false	Danio rerio	Gnb3 protein	1:Experimental evidence at protein level	52.37	1.0000	0.9990	0.00000000000000	13	13	13	20	20	20	6.7961016E7	6.7961016E7	6.7961016E7	11C(57.0215),11C(57.0215),11C(57.0215),11C(57.0215),12C(57.0215),11C(57.0215),12C(57.0215),11M(15.9949),12C(57.0215),14C(57.0215),3C(57.0215),12C(57.0215),14C(57.0215),3C(57.0215),14C(57.0215),15C(57.0215),14C(57.0215),15C(57.0215),16C(57.0215),16C(57.0215),16C(57.0215),24M(15.9949),25C(57.0215),7C(57.0215),25C(57.0215),7C(57.0215),4M(15.9949),7C(57.0215),4M(15.9949),7C(57.0215),7C(57.0215),7C(57.0215),9C(57.0215),9C(57.0215)		
tr|Q6P0I2|Q6P0I2_DANRE	Q6P0I2	Q6P0I2_DANRE	zgc:77139	251	false	false	Danio rerio	Proteasome subunit alpha type	1:Experimental evidence at protein level	11.95	1.0000	0.9990	0.00000000000000	2	2	2	2	2	2	300881.7	300881.7	300881.7			
tr|Q6P0T0|Q6P0T0_DANRE	Q6P0T0	Q6P0T0_DANRE	ndufs8	210	false	false	Danio rerio	NADH dehydrogenase [ubiquinone] iron-sulfur protein 8, mitochondrial	1:Experimental evidence at protein level	25.24	1.0000	0.9990	0.00000000000000	4	4	4	4	4	4	1.452487E7	1.452487E7	1.452487E7	2C(57.0215),6C(57.0215)		
tr|Q6P102|Q6P102_DANRE	Q6P102	Q6P102_DANRE	hm:zehn0976	245	false	false	Danio rerio	Tyrosine 3-monooxygenase/tryptophan 5-monooxygenase activation protein, beta polypeptide-like	1:Experimental evidence at protein level	3.27	1.0000	0.9990	0.00000000000000	1	0	0	1	0	0	4356518.5	0	0			
tr|Q6P1J5|Q6P1J5_DANRE	Q6P1J5	Q6P1J5_DANRE	fk58f09	159	false	false	Danio rerio	ATP synthase F1 subunit delta	1:Experimental evidence at protein level	18.24	1.0000	0.9990	0.00000000000000	1	1	1	1	1	1	5571510.5	5571510.5	5571510.5			
tr|Q6P271|Q6P271_DANRE	Q6P271	Q6P271_DANRE	atp1a3b	1023	false	false	Danio rerio	Sodium/potassium-transporting ATPase subunit alpha	1:Experimental evidence at protein level	16.03	1.0000	0.9990	0.00000000000000	16	4	16	19	4	19	6.2091192E7	1.1576773E7	6.2091192E7	1C(57.0215),6C(57.0215),3M(15.9949),3M(15.9949),5C(57.0215),7C(57.0215),8M(15.9949),9C(57.0215)		
tr|Q6P2M0|Q6P2M0_DANRE	Q6P2M0	Q6P2M0_DANRE	wu:fa93g12	148	false	false	Danio rerio	60S ribosomal protein L27a	1:Experimental evidence at protein level	20.27	1.0000	0.9990	0.00000000000000	3	3	3	2	2	2	3964182.8	3964182.8	3964182.8	8C(57.0215)		
tr|Q6P3J5|Q6P3J5_DANRE	Q6P3J5	Q6P3J5_DANRE	EEF2	858	false	false	Danio rerio	Eukaryotic Translation Elongation factor 2B	1:Experimental evidence at protein level	15.38	1.0000	0.9990	0.00000000000000	11	5	11	11	5	11	2.1135668E7	4891132.5	2.1135668E7	11C(57.0215),16C(57.0215),5C(57.0215),6C(57.0215)		
tr|Q6P4P8|Q6P4P8_DANRE	Q6P4P8	Q6P4P8_DANRE	zgc:73085	852	false	false	Danio rerio	Phosphodiesterase	1:Experimental evidence at protein level	3.17	1.0000	0.9990	0.00000000000000	2	1	2	2	1	2	2514644.0	1400754.6	2514644.0	11C(57.0215)		
tr|Q6P5L2|Q6P5L2_DANRE	Q6P5L2	Q6P5L2_DANRE	zgc:77734	87	false	false	Danio rerio	Diazepam-binding inhibitor (GABA receptor modulator, acyl-CoA binding protein)	1:Experimental evidence at protein level	22.99	1.0000	0.9990	0.00000000000000	1	1	1	1	1	1	0	0	0			
tr|Q6P5L5|Q6P5L5_DANRE	Q6P5L5	Q6P5L5_DANRE	nduf8	188	false	false	Danio rerio	NADH dehydrogenase [ubiquinone] 1 beta subcomplex subunit 8, mitochondrial	1:Experimental evidence at protein level	15.43	1.0000	0.9962	0.00000000000000	3	3	3	3	3	3	4961036.0	4961036.0	4961036.0			
tr|Q6P5M9|Q6P5M9_DANRE	Q6P5M9	Q6P5M9_DANRE	tubb2c	445	false	false	Danio rerio	Tubulin beta chain	1:Experimental evidence at protein level	69.66	1.0000	0.9990	0.00000000000000	28	0	2	45	0	2	2.49496208E8	0	6021979.5			
tr|Q6P6E0|Q6P6E0_DANRE	Q6P6E0	Q6P6E0_DANRE	zgc:77946	103	false	false	Danio rerio	ATP synthase subunit	1:Experimental evidence at protein level	56.31	1.0000	0.9982	0.00000000000000	4	4	4	4	4	4	3.5355928E7	3.5355928E7	3.5355928E7	10M(15.9949)		
tr|Q6P6E2|Q6P6E2_DANRE	Q6P6E2	Q6P6E2_DANRE	wu:fa91f03	115	false	false	Danio rerio	40S ribosomal protein S26	1:Experimental evidence at protein level	20.87	1.0000	0.9990	0.00000000000000	2	0	2	2	0	2	1150603.8	0	1150603.8			tr|Q6PBZ2|Q6PBZ2_DANRE
tr|Q6P6E5|Q6P6E5_DANRE	Q6P6E5	Q6P6E5_DANRE	zgc:77820	120	false	false	Danio rerio	NADH dehydrogenase [ubiquinone] 1 beta subcomplex subunit 7	1:Experimental evidence at protein level	34.17	1.0000	0.9976	0.00000000000000	2	2	2	2	2	2	1588383.2	1588383.2	1588383.2	6C(57.0215)		
tr|Q6P6E7|Q6P6E7_DANRE	Q6P6E7	Q6P6E7_DANRE	zgc:77758	119	false	false	Danio rerio	40S ribosomal protein S20	1:Experimental evidence at protein level	15.13	1.0000	0.9986	0.00000000000000	4	4	4	3	3	3	9297753.0	9297753.0	9297753.0	2C(57.0215),N-term(42.0106)		
tr|Q6P937|Q6P937_DANRE	Q6P937	Q6P937_DANRE	wu:fb61d08	235	false	false	Danio rerio	Clathrin light chain	1:Experimental evidence at protein level	4.68	1.0000	0.9990	0.00000000000000	3	2	3	2	2	2	2597516.2	2016857.0	2597516.2	2C(57.0215)		
tr|Q6P967|Q6P967_DANRE	Q6P967	Q6P967_DANRE	zgc:73153	354	false	false	Danio rerio	Zgc:73153	1:Experimental evidence at protein level	17.51	1.0000	0.9990	0.00000000000000	5	3	3	6	4	4	7007152.0	4044570.0	4044570.0	10C(57.0215),1M(15.9949),1M(15.9949)		
tr|Q6P969|Q6P969_DANRE	Q6P969	Q6P969_DANRE	zgc:73138	462	false	false	Danio rerio	Elongation factor 1-alpha	1:Experimental evidence at protein level	13.85	1.0000	0.9990	0.00000000000000	8	0	1	6	0	1	3.0122314E7	0	0	11C(57.0215)		
tr|Q6P972|Q6P972_DANRE	Q6P972	Q6P972_DANRE	zgc:73108	451	false	false	Danio rerio	Tubulin alpha chain	1:Experimental evidence at protein level	39.91	1.0000	0.9990	0.00000000000000	18	1	15	29	1	21	1.16710928E8	1628741.2	5.9841208E7	11M(15.9949),5M(15.9949),7C(57.0215),8C(57.0215),8C(57.0215),8C(57.0215),8M(15.9949),8M(15.9949),8M(15.9949),8M(15.9949),9C(57.0215)		
tr|Q6PBH6|Q6PBH6_DANRE	Q6PBH6	Q6PBH6_DANRE	zgc:73404	474	false	false	Danio rerio	Ubiquinol-cytochrome c reductase core protein I	1:Experimental evidence at protein level	1.90	1.0000	0.9990	0.00000000000000	1	0	1	1	0	1	3722460.0	0	3722460.0			
tr|Q6PBI0|Q6PBI0_DANRE	Q6PBI0	Q6PBI0_DANRE	SUCLA2	466	false	false	Danio rerio	Succinate--CoA ligase [ADP-forming] subunit beta, mitochondrial	1:Experimental evidence at protein level	2.15	1.0000	0.9990	0.00000000000000	1	1	1	1	1	1	0	0	0	2C(57.0215),8C(57.0215)		
tr|Q6PBJ8|Q6PBJ8_DANRE	Q6PBJ8	Q6PBJ8_DANRE	zgc:73373	108	false	false	Danio rerio	peptidylprolyl isomerase	1:Experimental evidence at protein level	57.41	1.0000	0.9990	0.00000000000000	4	3	4	4	3	4	5454909.5	5454909.5	5454909.5	5C(57.0215),5C(57.0215),5C(57.0215),5C(57.0215)		
tr|Q6PBM0|Q6PBM0_DANRE	Q6PBM0	Q6PBM0_DANRE	wu:fb39a11	355	false	false	Danio rerio	NADH dehydrogenase [ubiquinone] 1 alpha subcomplex subunit 10, mitochondrial	1:Experimental evidence at protein level	12.68	1.0000	0.9990	0.00000000000000	3	3	3	3	3	3	4883819.0	4883819.0	4883819.0			
tr|Q6PBM9|Q6PBM9_DANRE	Q6PBM9	Q6PBM9_DANRE	arr3	362	false	false	Danio rerio	Arrestin 3, retinal (X-arrestin)	1:Experimental evidence at protein level	3.59	1.0000	0.9990	0.00000000000000	1	1	1	1	1	1	735383.94	735383.94	735383.94			
tr|Q6PBR4|Q6PBR4_DANRE	Q6PBR4	Q6PBR4_DANRE	gngt2	69	false	false	Danio rerio	Guanine nucleotide-binding protein subunit gamma	2:Experimental evidence at transcript level	17.39	1.0000	0.9990	0.00000000000000	1	0	0	1	0	0	2552344.2	0	0			
tr|Q6PBR5|Q6PBR5_DANRE	Q6PBR5	Q6PBR5_DANRE	wu:fa12a02	118	false	false	Danio rerio	V-type proton ATPase subunit G	1:Experimental evidence at protein level	66.10	1.0000	0.9990	0.00000000000000	9	9	9	10	10	10	4.5929084E7	4.5929084E7	4.5929084E7	N-term(42.0106),N-term(42.0106),N-term(42.0106)		
tr|Q6PBW6|Q6PBW6_DANRE	Q6PBW6	Q6PBW6_DANRE	wu:fc58a11	535	false	false	Danio rerio	T-complex protein 1 subunit beta	1:Experimental evidence at protein level	2.80	1.0000	0.9990	0.00000000000000	1	1	1	1	1	1	1115850.5	1115850.5	1115850.5			
tr|Q6PBW7|Q6PBW7_DANRE	Q6PBW7	Q6PBW7_DANRE	zgc:73211	146	false	false	Danio rerio	40S ribosomal protein S19	1:Experimental evidence at protein level	19.86	1.0000	0.9988	0.00000000000000	2	2	2	2	2	2	5382680.0	5382680.0	5382680.0	5C(57.0215),5C(57.0215)		
tr|Q6PBY6|Q6PBY6_DANRE	Q6PBY6	Q6PBY6_DANRE	TOM70	578	false	false	Danio rerio	Translocase of outer mitochondrial membrane 70 homolog A (Yeast)	1:Experimental evidence at protein level	1.90	1.0000	0.9990	0.00000000000000	2	2	2	1	1	1	1783018.6	1783018.6	1783018.6	1C(57.0215),9C(57.0215)		
tr|Q6PBZ1|Q6PBZ1_DANRE	Q6PBZ1	Q6PBZ1_DANRE	zgc:86667	266	false	false	Danio rerio	60S ribosomal protein L7a	1:Experimental evidence at protein level	17.67	1.0000	0.9990	0.00000000000000	6	6	6	6	6	6	3.1496592E7	3.1496592E7	3.1496592E7	7C(57.0215)		
tr|Q6PC13|Q6PC13_DANRE	Q6PC13	Q6PC13_DANRE	phb2	302	false	false	Danio rerio	Prohibitin	1:Experimental evidence at protein level	11.92	1.0000	0.9990	0.00000000000000	2	2	2	2	2	2	3569818.2	3569818.2	3569818.2			
tr|Q6PC16|Q6PC16_DANRE	Q6PC16	Q6PC16_DANRE	zgc:86843	170	false	false	Danio rerio	NADH dehydrogenase [ubiquinone] 1 beta subcomplex subunit 10	1:Experimental evidence at protein level	23.53	1.0000	0.9989	0.00000000000000	3	3	3	4	4	4	3952699.0	3952699.0	3952699.0			
tr|Q6PC38|Q6PC38_DANRE	Q6PC38	Q6PC38_DANRE	rcv2a	193	false	false	Danio rerio	Recoverin	1:Experimental evidence at protein level	16.06	1.0000	0.9990	0.00000000000000	3	3	3	3	3	3	3505216.0	3505216.0	3505216.0	5C(57.0215)		
tr|Q6PC53|Q6PC53_DANRE	Q6PC53	Q6PC53_DANRE	ppial	164	false	false	Danio rerio	Peptidyl-prolyl cis-trans isomerase	1:Experimental evidence at protein level	26.22	1.0000	0.9990	0.00000000000000	4	4	4	4	4	4	6395105.0	6395105.0	6395105.0			
tr|Q6PC77|Q6PC77_DANRE	Q6PC77	Q6PC77_DANRE	atp5h	161	false	false	Danio rerio	ATP synthase subunit d, mitochondrial	1:Experimental evidence at protein level	27.33	1.0000	0.9990	0.00000000000000	4	4	4	5	5	5	5712015.5	5712015.5	5712015.5			
tr|Q6PC80|Q6PC80_DANRE	Q6PC80	Q6PC80_DANRE	chunp6933	204	false	false	Danio rerio	40S ribosomal protein S5 isoform X1	1:Experimental evidence at protein level	13.73	1.0000	0.9990	0.00000000000000	2	2	2	3	3	3	1.7482114E7	1.7482114E7	1.7482114E7	5C(57.0215),5C(57.0215),9C(57.0215)		
tr|Q6PC90|Q6PC90_DANRE	Q6PC90	Q6PC90_DANRE	fa95a02	132	false	false	Danio rerio	40S ribosomal protein S12	1:Experimental evidence at protein level	20.45	1.0000	0.9990	0.00000000000000	2	2	2	2	2	2	6022634.5	6022634.5	6022634.5	11C(57.0215),5C(57.0215),8C(57.0215)		
tr|Q6PC95|Q6PC95_DANRE	Q6PC95	Q6PC95_DANRE	zgc:73046	449	false	false	Danio rerio	Tubulin alpha chain	1:Experimental evidence at protein level	35.41	1.0000	0.9989	0.00000000000000	15	0	0	24	0	0	1.05999848E8	0	0			
tr|Q6PE34|Q6PE34_DANRE	Q6PE34	Q6PE34_DANRE	fj33a08	444	false	false	Danio rerio	Tubulin beta chain	1:Experimental evidence at protein level	54.05	1.0000	0.9990	0.00000000000000	20	1	2	28	1	2	2.33450896E8	4165258.8	7809863.0	10M(15.9949)		
tr|Q6PEI6|Q6PEI6_DANRE	Q6PEI6	Q6PEI6_DANRE	wu:fc20c11	782	false	false	Danio rerio	Aconitate hydratase, mitochondrial	1:Experimental evidence at protein level	7.80	1.0000	0.9990	0.00000000000000	4	4	4	4	4	4	1443495.2	1443495.2	1443495.2	7C(57.0215)		
tr|Q6PFM3|Q6PFM3_DANRE	Q6PFM3	Q6PFM3_DANRE	wu:fj94c07	682	false	false	Danio rerio	Solute carrier family 25 (Mitochondrial carrier, Aralar), member 12	1:Experimental evidence at protein level	6.74	1.0000	0.9990	0.00000000000000	3	2	3	4	3	4	2439755.2	2128435.5	2439755.2			
tr|Q6PFS4|Q6PFS4_DANRE	Q6PFS4	Q6PFS4_DANRE	wu:fd16e04	757	false	false	Danio rerio	MICOS complex subunit MIC60	1:Experimental evidence at protein level	2.77	1.0000	0.9990	0.00000000000000	1	1	1	2	2	2	5224753.0	5224753.0	5224753.0			
tr|Q6PFT7|Q6PFT7_DANRE	Q6PFT7	Q6PFT7_DANRE	wu:fb08h08	142	false	false	Danio rerio	Coactosin-like 1	1:Experimental evidence at protein level	12.68	1.0000	0.9990	0.00000000000000	1	1	1	1	1	1	526855.75	526855.75	526855.75			
tr|Q6PGX4|Q6PGX4_DANRE	Q6PGX4	Q6PGX4_DANRE	zgc:63663	647	false	false	Danio rerio	Heat shock cognate 70	1:Experimental evidence at protein level	12.83	1.0000	0.9990	0.00000000000000	6	0	1	5	0	1	1.6271964E7	0	1.0658739E7			
tr|Q6PH46|Q6PH46_DANRE	Q6PH46	Q6PH46_DANRE	zgc:77192	533	false	false	Danio rerio	T-complex protein 1 subunit delta	1:Experimental evidence at protein level	5.07	1.0000	0.9990	0.00000000000000	3	3	3	2	2	2	2128710.8	2128710.8	2128710.8	5M(15.9949),9C(57.0215),7C(57.0215)		
tr|Q6PHE4|Q6PHE4_DANRE	Q6PHE4	Q6PHE4_DANRE	krtt1c6	405	false	false	Danio rerio	Zgc:77517	1:Experimental evidence at protein level	1.73	1.0000	0.9990	0.00000000000000	1	1	1	1	1	1	3371245.2	3371245.2	3371245.2			
tr|Q6PHI8|Q6PHI8_DANRE	Q6PHI8	Q6PHI8_DANRE	TKT	625	false	false	Danio rerio	Tkt protein	1:Experimental evidence at protein level	14.08	1.0000	0.9990	0.00000000000000	6	6	6	6	6	6	6201763.0	6201763.0	6201763.0	5C(57.0215)		
tr|Q6Q417|Q6Q417_DANRE	Q6Q417	Q6Q417_DANRE	rpl7	246	false	false	Danio rerio	60S ribosomal protein L7	1:Experimental evidence at protein level	10.16	1.0000	0.9990	0.00000000000000	2	2	2	2	2	2	1840543.4	1840543.4	1840543.4			
tr|Q6Q418|Q6Q418_DANRE	Q6Q418	Q6Q418_DANRE	zgc:110350	403	false	false	Danio rerio	60S ribosomal protein L3	1:Experimental evidence at protein level	7.44	1.0000	0.9990	0.00000000000000	3	3	3	3	3	3	1.0706812E7	1.0706812E7	1.0706812E7	20M(15.9949)		
tr|Q6TGS5|Q6TGS5_DANRE	Q6TGS5	Q6TGS5_DANRE	zgc:76934	449	false	false	Danio rerio	Tubulin alpha chain	1:Experimental evidence at protein level	29.18	1.0000	0.9990	0.00000000000000	12	1	3	17	1	3	1.05999848E8	0	1.3870988E7	8C(57.0215)		
tr|Q6TGU0|Q6TGU0_DANRE	Q6TGU0	Q6TGU0_DANRE	SET	275	false	false	Danio rerio	Myeloid leukemia-associated SET translocation protein	1:Experimental evidence at protein level	18.18	1.0000	0.9990	0.00000000000000	5	2	5	5	2	5	1.3147122E7	2257247.0	1.3147122E7			
tr|Q6TGV6|Q6TGV6_DANRE	Q6TGV6	Q6TGV6_DANRE	PSMA5	241	false	false	Danio rerio	Proteasome subunit alpha type	1:Experimental evidence at protein level	4.15	1.0000	0.9990	0.00000000000000	1	1	1	1	1	1	446827.12	446827.12	446827.12			
tr|Q6TH14|Q6TH14_DANRE	Q6TH14	Q6TH14_DANRE	ENO1	433	false	false	Danio rerio	phosphopyruvate hydratase	1:Experimental evidence at protein level	3.46	1.0000	0.9990	0.00000000000000	1	0	0	1	0	0	2347368.2	0	0			
tr|Q6TH32|Q6TH32_DANRE	Q6TH32	Q6TH32_DANRE	CFL2	165	false	false	Danio rerio	Cofilin-1	1:Experimental evidence at protein level	18.79	1.0000	0.9990	0.00000000000000	3	3	3	4	4	4	6215665.0	6215665.0	6215665.0			
tr|Q6TNR5|Q6TNR5_DANRE	Q6TNR5	Q6TNR5_DANRE	wu:fb13h02	164	false	false	Danio rerio	Peptidyl-prolyl cis-trans isomerase	1:Experimental evidence at protein level	12.80	1.0000	0.9990	0.00000000000000	3	3	3	2	2	2	1.4860525E7	1.4860525E7	1.4860525E7	3C(57.0215),6C(57.0215)		
tr|Q6TNT8|Q6TNT8_DANRE	Q6TNT8	Q6TNT8_DANRE	gnai2l	355	false	false	Danio rerio	Guanine nucleotide binding protein (G protein), alpha inhibiting activity polypeptide 2	1:Experimental evidence at protein level	7.61	1.0000	0.9985	0.00000000000000	3	1	1	4	1	1	8.0258752E7	142544.2	142544.2	5C(57.0215)		
tr|Q6TNV0|Q6TNV0_DANRE	Q6TNV0	Q6TNV0_DANRE	COX4I1	169	false	false	Danio rerio	Cytochrome c oxidase subunit 4	1:Experimental evidence at protein level	11.83	1.0000	0.9983	0.00000000000000	3	2	3	2	1	2	7452754.0	5117632.5	7452754.0			
tr|Q6YJK1|Q6YJK1_DANRE	Q6YJK1	Q6YJK1_DANRE	amhc	1936	false	false	Danio rerio	Atrial myosin heavy chain	1:Experimental evidence at protein level	6.97	1.0000	0.9858	0.00082712985939	13	1	1	14	1	1	4.1122728E7	0	0			
tr|Q7SXA3|Q7SXA3_DANRE	Q7SXA3	Q7SXA3_DANRE	zgc:66168	156	false	false	Danio rerio	Ubiquitin-40S ribosomal protein S27a	1:Experimental evidence at protein level	55.77	1.0000	0.9990	0.00000000000000	10	1	10	13	1	13	1.72062544E8	2711453.0	1.72062544E8	1C(57.0215),2C(57.0215),6C(57.0215),2C(57.0215),7C(57.0215)		
tr|Q7SXL4|Q7SXL4_DANRE	Q7SXL4	Q7SXL4_DANRE	ndpkz2	153	false	false	Danio rerio	Nucleoside diphosphate kinase	1:Experimental evidence at protein level	13.73	1.0000	0.9985	0.00000000000000	2	0	0	3	0	0	7895039.5	0	0			
tr|Q7SXM1|Q7SXM1_DANRE	Q7SXM1	Q7SXM1_DANRE	zgc:66195	86	false	false	Danio rerio	Cytochrome c oxidase subunit	1:Experimental evidence at protein level	26.74	1.0000	0.9990	0.00000000000000	2	2	2	2	2	2	5172693.0	5172693.0	5172693.0	2C(57.0215),2C(57.0215),7C(57.0215)		
tr|Q7SXN2|Q7SXN2_DANRE	Q7SXN2	Q7SXN2_DANRE	hnrpdl	296	false	false	Danio rerio	Heterogeneous Nuclear ribonucleoprotein D-like	1:Experimental evidence at protein level	5.41	1.0000	0.9990	0.00000000000000	2	2	2	1	1	1	2616875.0	2616875.0	2616875.0	3C(57.0215),4C(57.0215),4C(57.0215)		
tr|Q7SXN6|Q7SXN6_DANRE	Q7SXN6	Q7SXN6_DANRE	psma6a	246	false	false	Danio rerio	Proteasome subunit alpha type	1:Experimental evidence at protein level	5.28	1.0000	0.9990	0.00000000000000	1	0	1	1	0	1	1224226.5	0	1224226.5			
tr|Q7SXU3|Q7SXU3_DANRE	Q7SXU3	Q7SXU3_DANRE	aldh2a	516	false	false	Danio rerio	Aldehyde dehydrogenase 2 family (Mitochondrial)a	1:Experimental evidence at protein level	2.71	1.0000	0.9990	0.00000000000000	1	0	0	2	0	0	1061541.6	0	0			
tr|Q7SY46|Q7SY46_DANRE	Q7SY46	Q7SY46_DANRE	zgc:63516	617	false	false	Danio rerio	H(+)-transporting two-sector ATPase	1:Experimental evidence at protein level	2.76	1.0000	0.9990	0.00000000000000	2	2	2	1	1	1	427371.6	427371.6	427371.6			
tr|Q7SY50|Q7SY50_DANRE	Q7SY50	Q7SY50_DANRE	zgc:63505	355	false	false	Danio rerio	Zgc:63505	1:Experimental evidence at protein level	8.17	1.0000	0.9990	0.00000000000000	1	1	1	1	1	1	0	0	0			
tr|Q7SYM1|Q7SYM1_DANRE	Q7SYM1	Q7SYM1_DANRE	wu:fi75f05	639	false	false	Danio rerio	Forkhead box K1	1:Experimental evidence at protein level	1.88	1.0000	0.9838	0.00109080992637	1	0	1	1	0	1	1132062.8	0	1132062.8			
tr|Q7SZD3|Q7SZD3_DANRE	Q7SZD3	Q7SZD3_DANRE	fi36d04	650	false	false	Danio rerio	78 kDa glucose-regulated protein	1:Experimental evidence at protein level	7.08	1.0000	0.9990	0.00000000000000	3	2	3	3	2	3	2595702.2	2335011.2	2595702.2			
tr|Q7T1J9|Q7T1J9_DANRE	Q7T1J9	Q7T1J9_DANRE	zgc:65936	166	false	false	Danio rerio	40S ribosomal protein S10	1:Experimental evidence at protein level	9.64	1.0000	0.9990	0.00000000000000	2	2	2	3	3	3	1.6222947E7	1.6222947E7	1.6222947E7	13M(15.9949)		
tr|Q7T2P7|Q7T2P7_DANRE	Q7T2P7	Q7T2P7_DANRE	cb195	371	false	false	Danio rerio	Glutamine synthetase	1:Experimental evidence at protein level	13.75	1.0000	0.9990	0.00000000000000	4	3	4	3	3	3	2967958.5	1926430.5	2967958.5	12C(57.0215),2C(57.0215),N-term(42.0106)		
tr|Q7T334|Q7T334_DANRE	Q7T334	Q7T334_DANRE	zgc:64133	337	false	false	Danio rerio	Malate dehydrogenase	1:Experimental evidence at protein level	5.64	1.0000	0.9990	0.00000000000000	1	1	1	1	1	1	0	0	0			
tr|Q7T399|Q7T399_DANRE	Q7T399	Q7T399_DANRE	rhoae	193	false	false	Danio rerio	Ras homolog family member CA	1:Experimental evidence at protein level	6.74	1.0000	0.9987	0.00000000000000	2	0	0	2	0	0	9519553.0	0	0			
tr|Q7T3B1|Q7T3B1_DANRE	Q7T3B1	Q7T3B1_DANRE	zgc:63995	433	false	false	Danio rerio	26S protease regulatory subunit 7	1:Experimental evidence at protein level	7.16	1.0000	0.9990	0.00000000000000	2	2	2	2	2	2	673371.9	673371.9	673371.9	3C(57.0215)		
tr|Q7T3D3|Q7T3D3_DANRE	Q7T3D3	Q7T3D3_DANRE	zgc:63957	354	false	false	Danio rerio	Guanine nucleotide-binding protein (G protein), alpha-inhibiting activity polypeptide 1	1:Experimental evidence at protein level	5.37	1.0000	0.9990	0.00000000000000	2	0	0	3	0	0	8.0116208E7	0	0			
tr|Q7T3G2|Q7T3G2_DANRE	Q7T3G2	Q7T3G2_DANRE	zgc:63883	246	false	false	Danio rerio	14-3-3 protein eta	1:Experimental evidence at protein level	3.25	1.0000	0.9990	0.00000000000000	1	0	0	1	0	0	4356518.5	0	0			
tr|Q7ZT21|Q7ZT21_DANRE	Q7ZT21	Q7ZT21_DANRE	hbae1.3	143	false	false	Danio rerio	Embryonic alpha globin e1	1:Experimental evidence at protein level	20.28	1.0000	0.9990	0.00000000000000	2	2	2	2	2	2	886626.94	886626.94	886626.94	1M(15.9949)		
tr|Q7ZTH6|Q7ZTH6_DANRE	Q7ZTH6	Q7ZTH6_DANRE	fb14g10	471	false	false	Danio rerio	Hydroxyacyl-Coenzyme A dehydrogenase/3-ketoacyl-Coenzyme A thiolase/enoyl-Coenzyme A hydratase (Trifunctional protein), beta subunit	1:Experimental evidence at protein level	12.31	1.0000	0.9990	0.00000000000000	5	5	5	6	6	6	8932544.0	8932544.0	8932544.0			
tr|Q7ZU67|Q7ZU67_DANRE	Q7ZU67	Q7ZU67_DANRE	fb54c08	406	false	false	Danio rerio	ATP-dependent RNA helicase	1:Experimental evidence at protein level	2.46	1.0000	0.9989	0.00000000000000	2	0	0	1	0	0	3134116.0	0	0			
tr|Q7ZUD3|Q7ZUD3_DANRE	Q7ZUD3	Q7ZUD3_DANRE	fc25b01	142	false	false	Danio rerio	Glia maturation factor	1:Experimental evidence at protein level	10.56	1.0000	0.9990	0.00000000000000	1	1	1	1	1	1	875992.25	875992.25	875992.25	N-term(42.0106),7C(57.0215)		
tr|Q7ZUG1|Q7ZUG1_DANRE	Q7ZUG1	Q7ZUG1_DANRE	wu:fa27c04	165	false	false	Danio rerio	60S ribosomal protein L12	1:Experimental evidence at protein level	9.09	1.0000	0.9990	0.00000000000000	2	2	2	1	1	1	309911.72	309911.72	309911.72			
tr|Q7ZUG6|Q7ZUG6_DANRE	Q7ZUG6	Q7ZUG6_DANRE	fa93d05	117	false	false	Danio rerio	60S ribosomal protein L30	1:Experimental evidence at protein level	23.93	1.0000	0.9990	0.00000000000000	2	2	2	2	2	2	5445507.5	5445507.5	5445507.5	2C(57.0215),8C(57.0215)		
tr|Q7ZUI4|Q7ZUI4_DANRE	Q7ZUI4	Q7ZUI4_DANRE	TXN	108	false	false	Danio rerio	Thioredoxin	1:Experimental evidence at protein level	12.04	1.0000	0.9990	0.00000000000000	1	1	1	2	2	2	2074326.6	2074326.6	2074326.6	1M(15.9949)		
tr|Q7ZUM0|Q7ZUM0_DANRE	Q7ZUM0	Q7ZUM0_DANRE	ywhaq	245	false	false	Danio rerio	14-3-3 protein theta	1:Experimental evidence at protein level	3.27	1.0000	0.9990	0.00000000000000	1	0	0	1	0	0	4356518.5	0	0			
tr|Q7ZUM3|Q7ZUM3_DANRE	Q7ZUM3	Q7ZUM3_DANRE	wu:fc21e02	918	false	false	Danio rerio	hexokinase	1:Experimental evidence at protein level	1.31	1.0000	0.9990	0.00000000000000	1	1	1	1	1	1	1168227.1	1168227.1	1168227.1	11C(57.0215)		
tr|Q7ZUN7|Q7ZUN7_DANRE	Q7ZUN7	Q7ZUN7_DANRE	fb37h03	417	false	false	Danio rerio	creatine kinase	1:Experimental evidence at protein level	6.24	1.0000	0.9990	0.00000000000000	1	1	1	1	1	1	721134.8	721134.8	721134.8	4M(15.9949)		
tr|Q7ZUP6|Q7ZUP6_DANRE	Q7ZUP6	Q7ZUP6_DANRE	zgc:55485	449	false	false	Danio rerio	Isocitrate dehydrogenase [NADP]	1:Experimental evidence at protein level	34.08	1.0000	0.9990	0.00000000000000	15	14	15	17	16	17	1.3385674E7	1.3385674E7	1.3385674E7	11M(15.9949),2C(57.0215),12C(57.0215),5C(57.0215),12C(57.0215),5C(57.0215),1C(57.0215),1M(15.9949),2C(57.0215),5M(15.9949),9C(57.0215)		
tr|Q7ZUR9|Q7ZUR9_DANRE	Q7ZUR9	Q7ZUR9_DANRE	wu:fa95e06	205	false	false	Danio rerio	60S ribosomal protein L13a	1:Experimental evidence at protein level	5.85	1.0000	0.9948	0.00000000000000	1	1	1	1	1	1	0	0	0	1C(57.0215)		
tr|Q7ZUV5|Q7ZUV5_DANRE	Q7ZUV5	Q7ZUV5_DANRE	zgc:56049	201	false	false	Danio rerio	ZRAB1B, member RAS oncogene family a	1:Experimental evidence at protein level	25.37	1.0000	0.9990	0.00000000000000	4	0	3	4	0	3	1.3914665E7	0	7605672.5			
tr|Q7ZUY0|Q7ZUY0_DANRE	Q7ZUY0	Q7ZUY0_DANRE	seta	269	false	false	Danio rerio	SET nuclear proto-oncogene a	1:Experimental evidence at protein level	13.38	1.0000	0.9990	0.00000000000000	4	1	1	4	1	1	1.4613122E7	3723247.8	3723247.8			
tr|Q7ZUY9|Q7ZUY9_DANRE	Q7ZUY9	Q7ZUY9_DANRE	itm1	705	false	false	Danio rerio	dolichyl-diphosphooligosaccharide--protein glycotransferase	1:Experimental evidence at protein level	3.69	1.0000	0.9990	0.00000000000000	2	2	2	1	1	1	7403620.0	7403620.0	7403620.0			
tr|Q7ZV05|Q7ZV05_DANRE	Q7ZV05	Q7ZV05_DANRE	wu:fa91c09	159	false	false	Danio rerio	40S ribosomal protein S11	1:Experimental evidence at protein level	17.61	1.0000	0.9990	0.00000000000000	2	1	2	3	2	3	4943629.5	4290706.0	4943629.5	13C(57.0215),13C(57.0215),1C(57.0215)		
tr|Q7ZV13|Q7ZV13_DANRE	Q7ZV13	Q7ZV13_DANRE	sfrs2	225	false	false	Danio rerio	Serine and arginine-rich-splicing factor 2a	1:Experimental evidence at protein level	13.78	1.0000	0.9990	0.00000000000000	2	1	2	2	1	2	3892824.5	2698490.8	3892824.5	N-term(42.0106),12M(15.9949)		
tr|Q7ZV23|Q7ZV23_DANRE	Q7ZV23	Q7ZV23_DANRE	nhp2l1	128	false	false	Danio rerio	Ribonucloprotein	1:Experimental evidence at protein level	10.16	1.0000	0.9990	0.00000000000000	1	1	1	1	1	1	0	0	0			
tr|Q7ZV39|Q7ZV39_DANRE	Q7ZV39	Q7ZV39_DANRE	zgc:56235	281	false	false	Danio rerio	Zgc:56235	1:Experimental evidence at protein level	7.83	1.0000	0.9988	0.00000000000000	2	0	0	3	0	0	1.8430464E7	0	0			
tr|Q7ZV92|Q7ZV92_DANRE	Q7ZV92	Q7ZV92_DANRE	prp19	505	false	false	Danio rerio	Pre-mRNA-processing factor 19	1:Experimental evidence at protein level	2.77	1.0000	0.9990	0.00000000000000	1	1	1	1	1	1	0	0	0	9C(57.0215)		
tr|Q7ZVB5|Q7ZVB5_DANRE	Q7ZVB5	Q7ZVB5_DANRE	SNRPD3	128	false	false	Danio rerio	Small nuclear ribonucleoprotein Sm D3	1:Experimental evidence at protein level	36.72	1.0000	0.9990	0.00000000000000	3	1	3	3	1	3	2486287.5	913992.25	2486287.5	N-term(42.0106),19C(57.0215)		
tr|Q7ZVD9|Q7ZVD9_DANRE	Q7ZVD9	Q7ZVD9_DANRE	wu:fb13d09	245	false	false	Danio rerio	DNA-(apurinic or apyrimidinic site) lyase	1:Experimental evidence at protein level	26.94	1.0000	0.9990	0.00000000000000	7	7	7	7	7	7	2.2735466E7	2.2735466E7	2.2735466E7	2M(15.9949),3C(57.0215),3C(57.0215)		
tr|Q7ZVF2|Q7ZVF2_DANRE	Q7ZVF2	Q7ZVF2_DANRE	fb11d08	372	false	false	Danio rerio	Glutamine synthetase	1:Experimental evidence at protein level	11.29	1.0000	0.9990	0.00000000000000	3	2	2	2	2	2	1041528.1	0	0	15M(15.9949),2C(57.0215)		
tr|Q7ZVF4|Q7ZVF4_DANRE	Q7ZVF4	Q7ZVF4_DANRE	zgc:86730	661	false	false	Danio rerio	Arginine--tRNA ligase, cytoplasmic	1:Experimental evidence at protein level	1.66	1.0000	0.9990	0.00000000000000	1	0	1	1	0	1	0	0	0			
tr|Q7ZVG1|Q7ZVG1_DANRE	Q7ZVG1	Q7ZVG1_DANRE	zgc:56036	397	false	false	Danio rerio	3-ketoacyl-CoA thiolase, mitochondrial	1:Experimental evidence at protein level	2.02	1.0000	0.9990	0.00000000000000	1	1	1	1	1	1	918423.6	918423.6	918423.6			
tr|Q7ZVI6|Q7ZVI6_DANRE	Q7ZVI6	Q7ZVI6_DANRE	fa93f03	450	false	false	Danio rerio	Tubulin alpha chain	1:Experimental evidence at protein level	43.56	1.0000	0.9990	0.00000000000000	18	1	1	22	1	1	1.09220472E8	450325.78	450325.78	15C(57.0215)		
tr|Q7ZVQ3|Q7ZVQ3_DANRE	Q7ZVQ3	Q7ZVQ3_DANRE	zgc:55793	606	false	false	Danio rerio	WD repeat domain 1	1:Experimental evidence at protein level	2.64	1.0000	0.9990	0.00000000000000	1	1	1	1	1	1	0	0	0	2C(57.0215)		
tr|Q7ZVT2|Q7ZVT2_DANRE	Q7ZVT2	Q7ZVT2_DANRE	pkm2a	532	false	false	Danio rerio	Pyruvate kinase	1:Experimental evidence at protein level	2.44	1.0000	0.9990	0.00000000000000	1	1	1	1	1	1	2028288.4	2028288.4	2028288.4	6C(57.0215)		
tr|Q7ZVX4|Q7ZVX4_DANRE	Q7ZVX4	Q7ZVX4_DANRE	wu:fj47f07	215	false	false	Danio rerio	Ras-related protein Rab-14	1:Experimental evidence at protein level	5.12	1.0000	0.9967	0.00000000000000	1	0	0	1	0	0	6308992.5	0	0			
tr|Q7ZVX8|Q7ZVX8_DANRE	Q7ZVX8	Q7ZVX8_DANRE	zgc:55524	248	false	false	Danio rerio	V-type proton ATPase subunit D	1:Experimental evidence at protein level	2.82	1.0000	0.9990	0.00000000000000	1	1	1	1	1	1	1329837.9	1329837.9	1329837.9			
tr|Q7ZW01|Q7ZW01_DANRE	Q7ZW01	Q7ZW01_DANRE	fd02b12	445	false	false	Danio rerio	Tubulin beta chain	1:Experimental evidence at protein level	57.75	1.0000	0.9990	0.00000000000000	26	0	0	43	0	0	2.49496208E8	0	0			
tr|Q7ZW09|Q7ZW09_DANRE	Q7ZW09	Q7ZW09_DANRE	zgc:55429	536	false	false	Danio rerio	Heterogeneous Nuclear ribonucleoprotein L	2:Experimental evidence at transcript level	4.29	1.0000	0.9990	0.00000000000000	3	0	3	2	0	2	3536787.0	0	3536787.0	2C(57.0215),6C(57.0215),6C(57.0215)		
tr|Q7ZW20|Q7ZW20_DANRE	Q7ZW20	Q7ZW20_DANRE	fe38c12	255	false	false	Danio rerio	14-3-3 protein epsilon	1:Experimental evidence at protein level	7.45	1.0000	0.9990	0.00000000000000	2	1	1	2	1	1	5355077.0	998558.44	998558.44	N-term(42.0106)		
tr|Q7ZW95|Q7ZW95_DANRE	Q7ZW95	Q7ZW95_DANRE	zgc:56659	375	false	false	Danio rerio	60S ribosomal protein L4	1:Experimental evidence at protein level	20.53	1.0000	0.9990	0.00000000000000	7	7	7	7	7	7	4234916.5	4234916.5	4234916.5	10C(57.0215),2C(57.0215),3C(57.0215),4C(57.0215),N-term(42.0106),2C(57.0215)		
tr|Q801U3|Q801U3_DANRE	Q801U3	Q801U3_DANRE	sfrs3a	174	false	false	Danio rerio	Serine and arginine-rich-splicing factor 3a	1:Experimental evidence at protein level	5.17	1.0000	0.9990	0.00000000000000	3	2	3	1	0	1	4635349.5	1482749.5	4635349.5			
tr|Q802C7|Q802C7_DANRE	Q802C7	Q802C7_DANRE	tardbp	412	false	false	Danio rerio	TAR DNA-binding protein 43	1:Experimental evidence at protein level	5.10	1.0000	0.9990	0.00000000000000	2	1	2	2	1	2	2193432.2	502682.1	2193432.2			
tr|Q802C9|Q802C9_DANRE	Q802C9	Q802C9_DANRE	wu:fd15g03	406	false	false	Danio rerio	ATP-dependent RNA helicase	1:Experimental evidence at protein level	2.46	1.0000	0.9990	0.00000000000000	2	0	1	1	0	1	3134116.0	0	0			
tr|Q802U8|Q802U8_DANRE	Q802U8	Q802U8_DANRE	wu:fb12d01	192	false	false	Danio rerio	H1 histone family, member X	1:Experimental evidence at protein level	9.90	1.0000	0.9990	0.00000000000000	2	2	2	2	2	2	3903141.8	3903141.8	3903141.8			
tr|Q802Y2|Q802Y2_DANRE	Q802Y2	Q802Y2_DANRE	wu:fm90e09	429	false	false	Danio rerio	Isocitrate dehydrogenase [NADP]	1:Experimental evidence at protein level	2.10	1.0000	0.9990	0.00000000000000	1	0	0	1	0	0	1442259.4	0	0			
tr|Q802Z3|Q802Z3_DANRE	Q802Z3	Q802Z3_DANRE	zgc:55645	270	false	false	Danio rerio	Zgc:55645	1:Experimental evidence at protein level	7.04	1.0000	0.9990	0.00000000000000	1	1	1	1	1	1	1263980.0	1263980.0	1263980.0	7M(15.9949)		
tr|Q803B0|Q803B0_DANRE	Q803B0	Q803B0_DANRE	cb863	575	false	false	Danio rerio	60 kDa heat shock protein, mitochondrial	1:Experimental evidence at protein level	6.43	1.0000	0.9990	0.00000000000000	2	2	2	2	2	2	1266046.8	1266046.8	1266046.8			
tr|Q803J3|Q803J3_DANRE	Q803J3	Q803J3_DANRE	cb75	212	false	false	Danio rerio	RAB2A, member RAS oncogene family	1:Experimental evidence at protein level	5.19	1.0000	0.9990	0.00000000000000	1	1	1	1	1	1	449313.72	449313.72	449313.72			
tr|Q803K3|Q803K3_DANRE	Q803K3	Q803K3_DANRE	hnrpa1	422	false	false	Danio rerio	Heterogeneous nuclear ribonucleoprotein A1	1:Experimental evidence at protein level	3.79	1.0000	0.9990	0.00000000000000	1	1	1	1	1	1	0	0	0			
tr|Q803M8|Q803M8_DANRE	Q803M8	Q803M8_DANRE	ywhaz	245	false	false	Danio rerio	14-3-3 protein theta	1:Experimental evidence at protein level	3.27	1.0000	0.9990	0.00000000000000	1	0	0	1	0	0	4356518.5	0	0			
tr|Q803N2|Q803N2_DANRE	Q803N2	Q803N2_DANRE	wu:fb22e01	1216	false	false	Danio rerio	Structural maintenance of chromosomes protein	1:Experimental evidence at protein level	2.14	1.0000	0.9990	0.00000000000000	2	2	2	2	2	2	313617.34	313617.34	313617.34			
tr|Q803T5|Q803T5_DANRE	Q803T5	Q803T5_DANRE	AHCY	433	false	false	Danio rerio	Adenosylhomocysteinase	1:Experimental evidence at protein level	2.08	1.0000	0.9990	0.00000000000000	1	1	1	1	1	1	298650.97	298650.97	298650.97			
tr|Q803W0|Q803W0_DANRE	Q803W0	Q803W0_DANRE	ddx39b	427	false	false	Danio rerio	RNA helicase	1:Experimental evidence at protein level	2.58	1.0000	0.9990	0.00000000000000	2	0	2	2	0	2	521540.72	0	521540.72			
tr|Q8AWD0|Q8AWD0_DANRE	Q8AWD0	Q8AWD0_DANRE	wu:fa01a08	283	false	false	Danio rerio	Vdac2 protein	1:Experimental evidence at protein level	67.84	1.0000	0.9990	0.00000000000000	18	16	18	25	22	25	8.0035656E7	8.0035656E7	8.0035656E7	11M(15.9949),1M(15.9949),3M(15.9949),N-term(42.0106),N-term(42.0106)		
tr|Q8AWD9|Q8AWD9_DANRE	Q8AWD9	Q8AWD9_DANRE	catD	398	false	false	Danio rerio	Cathepsin D	1:Experimental evidence at protein level	2.76	1.0000	0.9990	0.00000000000000	1	0	0	1	0	0	2685639.5	0	0			
tr|Q8AWW3|Q8AWW3_DANRE	Q8AWW3	Q8AWW3_DANRE	cb758	290	false	false	Danio rerio	Translocon-associated protein subunit alpha	1:Experimental evidence at protein level	4.48	1.0000	0.9990	0.00000000000000	1	1	1	1	1	1	1151279.6	1151279.6	1151279.6			
tr|Q8AY63|Q8AY63_DANRE	Q8AY63	Q8AY63_DANRE	ckb	381	false	false	Danio rerio	creatine kinase	1:Experimental evidence at protein level	20.21	1.0000	0.9990	0.00000000000000	8	5	8	7	3	7	8723729.0	5643538.0	8723729.0	2C(57.0215),3C(57.0215),8C(57.0215),3C(57.0215),8C(57.0215)		
tr|Q8AYB9|Q8AYB9_DANRE	Q8AYB9	Q8AYB9_DANRE	wu:fa12h07	598	false	false	Danio rerio	Dolichyl-diphosphooligosaccharide--protein glycosyltransferase subunit 1	1:Experimental evidence at protein level	12.71	1.0000	0.9990	0.00000000000000	6	6	6	5	5	5	4755044.5	4755044.5	4755044.5			
tr|Q8JHH4|Q8JHH4_DANRE	Q8JHH4	Q8JHH4_DANRE	atp6e	226	false	false	Danio rerio	V-type proton ATPase subunit E 1	1:Experimental evidence at protein level	5.31	1.0000	0.9990	0.00000000000000	2	2	2	2	2	2	6546354.0	6546354.0	6546354.0	N-term(42.0106),N-term(42.0106)		
tr|Q8JHI0|Q8JHI0_DANRE	Q8JHI0	Q8JHI0_DANRE	SLC25A5	298	false	false	Danio rerio	ADP/ATP translocase	1:Experimental evidence at protein level	62.08	1.0000	0.9990	0.00000000000000	21	12	21	27	18	27	7.970384E7	7.7332816E7	7.970384E7	12C(57.0215),12C(57.0215),5M(15.9949),12C(57.0215),5M(15.9949),13C(57.0215),13C(57.0215),6M(15.9949),13C(57.0215),6M(15.9949),18C(57.0215),23C(57.0215),2M(15.9949),2M(15.9949),2M(15.9949),2M(15.9949),2M(15.9949),8C(57.0215),N-term(42.0106)		
tr|Q8JHI7|Q8JHI7_DANRE	Q8JHI7	Q8JHI7_DANRE	wu:fj48b06	543	false	false	Danio rerio	T-complex protein 1 subunit gamma	1:Experimental evidence at protein level	4.24	1.0000	0.9990	0.00000000000000	2	2	2	2	2	2	996212.75	996212.75	996212.75	6C(57.0215)		
tr|Q8QHA6|Q8QHA6_DANRE	Q8QHA6	Q8QHA6_DANRE	wu:fj51e01	509	false	false	Danio rerio	Vacuolar proton pump subunit B	1:Experimental evidence at protein level	11.59	1.0000	0.9990	0.00000000000000	4	1	4	4	1	4	1.2645823E7	1361741.2	1.2645823E7			
tr|Q8QHA7|Q8QHA7_DANRE	Q8QHA7	Q8QHA7_DANRE	vatB1	506	false	false	Danio rerio	Vacuolar proton pump subunit B	1:Experimental evidence at protein level	7.91	1.0000	0.9990	0.00000000000000	3	0	0	3	0	0	1.2055238E7	0	0			
tr|Q8UVG7|Q8UVG7_DANRE	Q8UVG7	Q8UVG7_DANRE	H-FABP	133	false	false	Danio rerio	Fatty acid-binding protein 3, muscle and heart	1:Experimental evidence at protein level	39.85	1.0000	0.9990	0.00000000000000	4	3	3	4	3	3	2606478.5	2606478.5	2606478.5	N-term(42.0106)		
tr|Q90WX5|Q90WX5_DANRE	Q90WX5	Q90WX5_DANRE	gnat2	354	false	false	Danio rerio	Cone transducin alpha subunit	1:Experimental evidence at protein level	29.10	1.0000	0.9990	0.00000000000000	10	7	10	11	8	11	9.3172728E7	2.4027908E7	9.3172728E7	11C(57.0215),11C(57.0215),13M(15.9949),13M(15.9949),1M(15.9949),2C(57.0215),6C(57.0215),8C(57.0215),8C(57.0215)		
tr|Q90XH2|Q90XH2_DANRE	Q90XH2	Q90XH2_DANRE	meis1	388	false	false	Danio rerio	Myeloid ecotropic viral integration 1	1:Experimental evidence at protein level	5.41	1.0000	0.9990	0.00000000000000	1	0	1	1	0	1	0	0	0			
tr|Q9DEU1|Q9DEU1_DANRE	Q9DEU1	Q9DEU1_DANRE	zgc:92351	1025	false	false	Danio rerio	Sodium/potassium-transporting ATPase subunit alpha	1:Experimental evidence at protein level	10.54	1.0000	0.9990	0.00000000000000	11	1	1	12	0	0	6.2091192E7	358274.34	358274.34			
tr|Q9DGL6|Q9DGL6_DANRE	Q9DGL6	Q9DGL6_DANRE	atp1a1	1028	false	false	Danio rerio	Sodium/potassium-transporting ATPase subunit alpha	1:Experimental evidence at protein level	17.02	1.0000	0.9990	0.00000000000000	15	3	6	17	3	6	6.2091192E7	2763220.5	4982699.5	1C(57.0215),5C(57.0215),6C(57.0215)		
tr|Q9I8N9|Q9I8N9_DANRE	Q9I8N9	Q9I8N9_DANRE	B-FABP	132	false	false	Danio rerio	Brain-type fatty acid-binding protein	1:Experimental evidence at protein level	21.21	1.0000	0.9990	0.00000000000000	2	1	2	2	1	2	1143789.4	1143789.4	1143789.4			
tr|Q9I9P6|Q9I9P6_DANRE	Q9I9P6	Q9I9P6_DANRE	zgc:92909	288	false	false	Danio rerio	Syntaxin-1B	1:Experimental evidence at protein level	5.56	1.0000	0.9990	0.00000000000000	3	3	3	3	3	3	2250352.0	2250352.0	2250352.0	6M(15.9949)		
tr|Q9PWD8|Q9PWD8_DANRE	Q9PWD8	Q9PWD8_DANRE	wu:fa03a08	429	false	false	Danio rerio	Type I cytokeratin	1:Experimental evidence at protein level	1.63	1.0000	0.9990	0.00000000000000	1	0	0	1	0	0	3.2360556E7	0	0			
tr|Q9YHX5|Q9YHX5_DANRE	Q9YHX5	Q9YHX5_DANRE	cb28	455	false	false	Danio rerio	Vimentin	1:Experimental evidence at protein level	2.42	1.0000	0.9990	0.00000000000000	1	0	1	1	0	1	0	0	0	1M(15.9949)		
tr|R4GDZ5|R4GDZ5_DANRE	R4GDZ5	R4GDZ5_DANRE	myh7ba	1938	false	false	Danio rerio	Myosin, heavy chain 7B, cardiac muscle, beta A	3:Protein inferred from homology	2.06	1.0000	0.9936	0.00000000000000	5	0	0	6	0	0	1.2614343E7	0	0			
tr|R4GE15|R4GE15_DANRE	R4GE15	R4GE15_DANRE	si:ch211-113a14.29	124	false	false	Danio rerio	Histone H2B	3:Protein inferred from homology	70.16	1.0000	0.9990	0.00000000000000	14	0	14	23	0	23	3.96760269E9	0	3.96760269E9	2M(15.9949),2M(15.9949),2M(15.9949),5M(15.9949),5M(15.9949)		
tr|X1WFI9|X1WFI9_DANRE	X1WFI9	X1WFI9_DANRE	hmgb1b	197	false	false	Danio rerio	High mobility group box 1b	1:Experimental evidence at protein level	14.21	1.0000	0.9990	0.00000000000000	5	3	3	5	3	3	1.0590351E7	1.0590351E7	1.0590351E7			
sp|Q6NUX8|RHOAA_DANRE	Q6NUX8	RHOAA_DANRE	rhoaa	193	false	false	Danio rerio	Rho-related GTP-binding protein RhoA-A	1:Experimental evidence at protein level	6.74	0.9999	0.9990	0.00000000000000	2	0	0	2	0	0	9519553.0	0	0			sp|Q7T2E8|RHOAC_DANRE
tr|A0A8M1P8M6|A0A8M1P8M6_DANRE	A0A8M1P8M6	A0A8M1P8M6_DANRE	ypel5	121	false	false	Danio rerio	Protein yippee-like	1:Experimental evidence at protein level	9.92	0.9999	0.9989	0.00000000000000	1	1	1	1	1	1	0	0	0			
tr|A0A8M2B261|A0A8M2B261_DANRE	A0A8M2B261	A0A8M2B261_DANRE	inpp5kb	526	false	false	Danio rerio	inositol-polyphosphate 5-phosphatase	3:Protein inferred from homology	2.09	0.9999	0.9988	0.00000000000000	1	0	1	1	0	1	3283919.2	0	3283919.2			
tr|A0A8M2B7W6|A0A8M2B7W6_DANRE	A0A8M2B7W6	A0A8M2B7W6_DANRE	LOC103909414	200	false	false	Danio rerio	serine protease HTRA2, mitochondrial-like isoform X1	3:Protein inferred from homology	6.50	0.9999	0.9987	0.00000000000000	1	0	1	1	0	1	332191.78	0	332191.78			tr|A0A8M2B858|A0A8M2B858_DANRE, tr|A0A8M6YUP2|A0A8M6YUP2_DANRE, tr|A0A8M6Z3U6|A0A8M6Z3U6_DANRE, tr|A0A8M9PBC7|A0A8M9PBC7_DANRE, tr|A0A8M9PDK3|A0A8M9PDK3_DANRE, tr|A0A8M9PIN3|A0A8M9PIN3_DANRE, tr|A0A8M9PLT5|A0A8M9PLT5_DANRE, tr|A0A8M9PLU5|A0A8M9PLU5_DANRE, tr|A0A8M9PLU9|A0A8M9PLU9_DANRE, tr|A0A8M9PMV6|A0A8M9PMV6_DANRE, tr|A0A8M9PQU3|A0A8M9PQU3_DANRE, tr|A0A8M9PTZ3|A0A8M9PTZ3_DANRE, tr|A0A8M9PYY8|A0A8M9PYY8_DANRE, tr|A0A8M9Q065|A0A8M9Q065_DANRE, tr|A0A8M9Q128|A0A8M9Q128_DANRE, tr|A0A8M9Q3F7|A0A8M9Q3F7_DANRE, tr|A0A8M9QAR7|A0A8M9QAR7_DANRE, tr|A0A8M9QC71|A0A8M9QC71_DANRE, tr|A0A8M9QCM4|A0A8M9QCM4_DANRE, tr|A0A8M9QCV4|A0A8M9QCV4_DANRE, tr|A0A8M9QG75|A0A8M9QG75_DANRE, tr|A0A8M9QG79|A0A8M9QG79_DANRE, tr|A0A8M9QKF1|A0A8M9QKF1_DANRE, tr|A0A8M9QLE8|A0A8M9QLE8_DANRE, tr|A0A8M9QP02|A0A8M9QP02_DANRE, tr|A7MC74|A7MC74_DANRE, tr|A9JSY1|A9JSY1_DANRE
tr|A0A8M3ASQ6|A0A8M3ASQ6_DANRE	A0A8M3ASQ6	A0A8M3ASQ6_DANRE	slc4a4a	1146	false	false	Danio rerio	Anion exchange protein	1:Experimental evidence at protein level	2.27	0.9999	0.9985	0.00000000000000	2	1	2	2	1	2	0	0	0			
tr|B0UXR9|B0UXR9_DANRE	B0UXR9	B0UXR9_DANRE	hsp70.1	643	false	false	Danio rerio	Heat shock cognate 70-kd protein, tandem duplicate 2	3:Protein inferred from homology	6.53	0.9999	0.9983	0.00000000000000	3	0	0	3	0	0	1646860.0	0	0			tr|B0UXS6|B0UXS6_DANRE, tr|Q6PH56|Q6PH56_DANRE
tr|F1QEJ5|F1QEJ5_DANRE	F1QEJ5	F1QEJ5_DANRE	zgc:92848	82	false	false	Danio rerio	Cytochrome b-c1 complex subunit 8	1:Experimental evidence at protein level	15.85	0.9999	0.9980	0.00000000000000	1	1	1	1	1	1	3404509.2	3404509.2	3404509.2			
tr|Q15I82|Q15I82_DANRE	Q15I82	Q15I82_DANRE	crygem2-7	173	false	false	Danio rerio	Crystallin gamma EM2-7	2:Experimental evidence at transcript level	15.03	0.9999	0.9989	0.00000000000000	2	0	0	2	0	0	418659.8	0	0			
tr|Q6PBN3|Q6PBN3_DANRE	Q6PBN3	Q6PBN3_DANRE	rds4	342	false	false	Danio rerio	Peripherin 2B (retinal degeneration, slow)	2:Experimental evidence at transcript level	2.92	0.9999	0.9980	0.00000000000000	1	1	1	2	2	2	1360265.5	1360265.5	1360265.5	4M(15.9949)		
tr|Q8JIZ3|Q8JIZ3_DANRE	Q8JIZ3	Q8JIZ3_DANRE	crx	281	false	false	Danio rerio	Cone-rod homeobox	2:Experimental evidence at transcript level	4.27	0.9999	0.9990	0.00000000000000	1	1	1	1	1	1	0	0	0			
tr|Q90Z34|Q90Z34_DANRE	Q90Z34	Q90Z34_DANRE	cb712	292	false	false	Danio rerio	Sodium/potassium-transporting ATPase subunit beta	1:Experimental evidence at protein level	4.11	0.9999	0.9988	0.00000000000000	1	1	1	1	1	1	0	0	0			
sp|Q7ZWJ7|RL34_DANRE	Q7ZWJ7	RL34_DANRE	rpl34	117	false	false	Danio rerio	60S ribosomal protein L34	1:Experimental evidence at protein level	12.82	0.9998	0.9933	0.00000000000000	2	2	2	2	2	2	4050369.5	4050369.5	4050369.5			
tr|A0A8M2B8T5|A0A8M2B8T5_DANRE	A0A8M2B8T5	A0A8M2B8T5_DANRE	srsf6a	400	false	false	Danio rerio	serine/arginine-rich splicing factor 6a isoform X1	1:Experimental evidence at protein level	2.25	0.9998	0.9989	0.00000000000000	2	1	1	1	1	1	1868694.4	255358.47	255358.47			
tr|D7RVR8|D7RVR8_DANRE	D7RVR8	D7RVR8_DANRE	slc1a2a	548	false	false	Danio rerio	Amino acid transporter	2:Experimental evidence at transcript level	2.01	0.9998	0.9988	0.00000000000000	1	0	0	1	0	0	1051283.2	0	0			
tr|Q08C80|Q08C80_DANRE	Q08C80	Q08C80_DANRE	fj41e11	444	false	false	Danio rerio	Tubulin beta chain	1:Experimental evidence at protein level	65.77	0.9998	0.9979	0.00000000000000	26	0	0	42	0	0	2.41224256E8	0	0			
tr|Q6DH22|Q6DH22_DANRE	Q6DH22	Q6DH22_DANRE	wu:fb64c10	291	false	false	Danio rerio	Retinal pigment epithelium retinal G protein receptor-2	1:Experimental evidence at protein level	6.19	0.9998	0.9965	0.00000000000000	1	1	1	1	1	1	1141853.8	1141853.8	1141853.8			
tr|Q7ZUG4|Q7ZUG4_DANRE	Q7ZUG4	Q7ZUG4_DANRE	rab5al	216	false	false	Danio rerio	RAB5A, member RAS oncogene family like	1:Experimental evidence at protein level	18.52	0.9998	0.9990	0.00000000000000	3	0	3	5	0	5	5604582.0	0	5604582.0	7M(15.9949)		
sp|Q6DHM9|RHOAB_DANRE	Q6DHM9	RHOAB_DANRE	rhoab	193	false	false	Danio rerio	Rho-related GTP-binding protein RhoA-B	1:Experimental evidence at protein level	12.95	0.9997	0.9990	0.00000000000000	3	1	3	3	1	3	1.0541085E7	1021532.7	1.0541085E7	11C(57.0215),9C(57.0215),9C(57.0215)		
tr|A0A8M1P9E6|A0A8M1P9E6_DANRE	A0A8M1P9E6	A0A8M1P9E6_DANRE	ly6pge	122	false	false	Danio rerio	uncharacterized protein LOC569792 precursor	4:Protein predicted	10.66	0.9997	0.9988	0.00000000000000	1	1	1	1	1	1	941253.8	941253.8	941253.8	2C(57.0215),9C(57.0215)		
tr|A0A8M1Q6T5|A0A8M1Q6T5_DANRE	A0A8M1Q6T5	A0A8M1Q6T5_DANRE	si:ch211-113a14.18	199	false	false	Danio rerio	histone H1-like	3:Protein inferred from homology	34.67	0.9997	0.9989	0.00000000000000	13	0	1	21	0	1	6.0070752E8	0	5.853348E7			tr|A0A8N7TAZ2|A0A8N7TAZ2_DANRE, tr|A0A8N7UY69|A0A8N7UY69_DANRE
tr|A0A8M2BEB4|A0A8M2BEB4_DANRE	A0A8M2BEB4	A0A8M2BEB4_DANRE	atp2b3a	1299	false	false	Danio rerio	Calcium-transporting ATPase	1:Experimental evidence at protein level	1.77	0.9997	0.9989	0.00000000000000	2	0	1	2	0	1	1115689.2	0	392431.25	6M(15.9949),8C(57.0215)		
tr|A1L2A6|A1L2A6_DANRE	A1L2A6	A1L2A6_DANRE	zgc:158742	352	false	false	Danio rerio	Zgc:158742	2:Experimental evidence at transcript level	3.41	0.9997	0.9990	0.00000000000000	1	0	0	1	0	0	569336.9	0	0			
tr|A7MC89|A7MC89_DANRE	A7MC89	A7MC89_DANRE	si:ch211-55g3.6	175	false	false	Danio rerio	Crystallin, gamma M2d16	2:Experimental evidence at transcript level	9.71	0.9997	0.9990	0.00000000000000	1	0	0	1	0	0	0	0	0			
tr|B8A688|B8A688_DANRE	B8A688	B8A688_DANRE	fa08f12	524	false	false	Danio rerio	Si:ch211-198a12.6	1:Experimental evidence at protein level	1.72	0.9997	0.9972	0.00000000000000	1	1	1	1	1	1	696457.2	696457.2	696457.2			
tr|Q7ZSZ9|Q7ZSZ9_DANRE	Q7ZSZ9	Q7ZSZ9_DANRE	rac1	192	false	false	Danio rerio	Rac family small GTPase 1a	1:Experimental evidence at protein level	10.94	0.9997	0.9990	0.00000000000000	3	0	3	2	0	2	2263372.5	0	2263372.5	3C(57.0215),4C(57.0215)		
tr|Q7SXU7|Q7SXU7_DANRE	Q7SXU7	Q7SXU7_DANRE	bat1	435	false	false	Danio rerio	RNA helicase	1:Experimental evidence at protein level	2.53	0.9996	0.9978	0.00000000000000	2	0	0	2	0	0	521540.72	0	0			
tr|A0A8M1P1Q0|A0A8M1P1Q0_DANRE	A0A8M1P1Q0	A0A8M1P1Q0_DANRE	atp5mf	89	false	false	Danio rerio	ATP synthase subunit f, mitochondrial	1:Experimental evidence at protein level	10.11	0.9995	0.9987	0.00000000000000	1	1	1	1	1	1	820057.94	820057.94	820057.94			
tr|Q7T383|Q7T383_DANRE	Q7T383	Q7T383_DANRE	rala	206	false	false	Danio rerio	small monomeric GTPase	1:Experimental evidence at protein level	12.14	0.9995	0.9980	0.00000000000000	2	1	2	3	1	3	1487649.8	0	1487649.8	3M(15.9949),7C(57.0215)		
tr|A0A8M1NE33|A0A8M1NE33_DANRE	A0A8M1NE33	A0A8M1NE33_DANRE	si:ch211-199o1.2	639	false	false	Danio rerio	Heat shock protein family A (Hsp70) member 1B	1:Experimental evidence at protein level	3.76	0.9994	0.9839	0.00109080992637	2	0	0	2	0	0	1070391.2	0	0			
tr|A0A8N7T6V1|A0A8N7T6V1_DANRE	A0A8N7T6V1	A0A8N7T6V1_DANRE	si:dkey-183i3.5	650	false	false	Danio rerio	thread biopolymer filament subunit alpha	1:Experimental evidence at protein level	1.08	0.9994	0.9953	0.00000000000000	1	0	0	1	0	0	927380.6	0	0			
tr|Q7ZZ56|Q7ZZ56_DANRE	Q7ZZ56	Q7ZZ56_DANRE	si:bz1g13.4	399	false	false	Danio rerio	Phosphatidylinositol 3,4,5-trisphosphate 3-phosphatase and dual-specificity protein phosphatase PTEN	2:Experimental evidence at transcript level	2.51	0.9992	0.9949	0.00000000000000	1	1	1	1	1	1	783207.9	783207.9	783207.9	N-term(42.0106)		
tr|Q5BL99|Q5BL99_DANRE	Q5BL99	Q5BL99_DANRE	dynll2b	89	false	false	Danio rerio	Dynein light chain	1:Experimental evidence at protein level	12.36	0.9990	0.9990	0.00000000000000	1	0	0	1	0	0	0	0	0			
tr|Q9DE44|Q9DE44_DANRE	Q9DE44	Q9DE44_DANRE	zgc:101604	292	false	false	Danio rerio	Cyclin-dependent kinase 5	1:Experimental evidence at protein level	2.74	0.9989	0.9974	0.00000000000000	1	0	1	1	0	1	310305.7	0	310305.7			
sp|Q15323|K1H1_HUMAN	Q15323	K1H1_HUMAN	KRT31	416	false	false	Homo sapiens	Keratin, type I cuticular Ha1	1:Experimental evidence at protein level	1.68	0.9988	0.9987	0.00000000000000	1	0	0	1	0	0	3.2360556E7	0	0			
tr|A0A8M1NSV3|A0A8M1NSV3_DANRE	A0A8M1NSV3	A0A8M1NSV3_DANRE	lmf2b	713	false	false	Danio rerio	Lipase maturation factor	1:Experimental evidence at protein level	3.51	0.9988	0.9986	0.00000000000000	1	1	1	1	1	1	0	0	0			
tr|Q6IQ56|Q6IQ56_DANRE	Q6IQ56	Q6IQ56_DANRE	zgc:86943	127	false	false	Danio rerio	Small nuclear ribonucleoprotein Sm D3	1:Experimental evidence at protein level	37.01	0.9987	0.9987	0.00000000000000	3	1	1	3	1	1	2372595.8	800300.5	800300.5			
sp|Q14532|K1H2_HUMAN	Q14532	K1H2_HUMAN	KRT32	448	false	false	Homo sapiens	Keratin, type I cuticular Ha2	1:Experimental evidence at protein level	1.56	0.9986	0.9733	0.00342736620090	2	0	1	1	0	0	5.9545608E7	0	2.718505E7			
tr|A0A8M2BLG6|A0A8M2BLG6_DANRE	A0A8M2BLG6	A0A8M2BLG6_DANRE	LOC100330283	515	false	false	Danio rerio	potassium voltage-gated channel subfamily A member 3-like	4:Protein predicted	3.30	0.9985	0.9972	0.00000000000000	1	0	1	1	0	1	469879.1	0	469879.1			tr|A0A8M9Q783|A0A8M9Q783_DANRE
tr|X1WBS5|X1WBS5_DANRE	X1WBS5	X1WBS5_DANRE	tomm6	63	false	false	Danio rerio	Translocase of outer mitochondrial membrane 6 homolog (yeast)	4:Protein predicted	20.63	0.9985	0.9962	0.00000000000000	1	1	1	1	1	1	819073.4	819073.4	819073.4	12C(57.0215)		
tr|Q7ZWI5|Q7ZWI5_DANRE	Q7ZWI5	Q7ZWI5_DANRE	gnai2	347	false	false	Danio rerio	Guanine nucleotide binding protein (G protein), alpha inhibiting activity polypeptide 2	1:Experimental evidence at protein level	5.48	0.9983	0.9982	0.00000000000000	2	0	0	3	0	0	8.0116208E7	0	0			
tr|A0A8M9Q2I8|A0A8M9Q2I8_DANRE	A0A8M9Q2I8	A0A8M9Q2I8_DANRE	LOC101884341	535	false	false	Danio rerio	adhesion G protein-coupled receptor L1-like	4:Protein predicted	2.24	0.9980	0.9987	0.00000000000000	1	1	1	1	1	1	0	0	0			
tr|A7MCG9|A7MCG9_DANRE	A7MCG9	A7MCG9_DANRE	syt5	405	false	false	Danio rerio	Synaptotagmin V	1:Experimental evidence at protein level	2.47	0.9979	0.9988	0.00000000000000	1	0	0	1	0	0	1179938.8	0	0			
tr|A2RV44|A2RV44_DANRE	A2RV44	A2RV44_DANRE	wu:fb58f07	486	false	false	Danio rerio	Zgc:158846 protein	2:Experimental evidence at transcript level	4.12	0.9978	0.9490	0.00907944514502	3	0	0	3	0	0	1.1552578E7	0	0			
tr|A8WFS0|A8WFS0_DANRE	A8WFS0	A8WFS0_DANRE	LOC560210	643	false	false	Danio rerio	LOC560210 protein	2:Experimental evidence at transcript level	6.53	0.9975	0.9901	0.00027901785714	3	0	0	3	0	0	1646860.0	0	0			
tr|Q7ZYZ4|Q7ZYZ4_DANRE	Q7ZYZ4	Q7ZYZ4_DANRE	OTTDARP00000001847	143	false	false	Danio rerio	Hbae3 protein	1:Experimental evidence at protein level	6.29	0.9973	0.9979	0.00000000000000	1	1	1	1	1	1	0	0	0			
tr|A0A8M2BFY9|A0A8M2BFY9_DANRE	A0A8M2BFY9	A0A8M2BFY9_DANRE	chchd6b	233	false	false	Danio rerio	MICOS complex subunit MIC25 isoform X1	1:Experimental evidence at protein level	3.43	0.9971	0.9987	0.00000000000000	1	1	1	1	1	1	177928.75	177928.75	177928.75			
sp|P06396|GELS_HUMAN	P06396	GELS_HUMAN	GSN	782	false	false	Homo sapiens	Gelsolin	1:Experimental evidence at protein level	1.92	0.9970	0.9983	0.00000000000000	1	1	1	1	1	1	0	0	0			
tr|Q1L986|Q1L986_DANRE	Q1L986	Q1L986_DANRE	rab3b	217	false	false	Danio rerio	RAB3B, member RAS oncogene family (Fragment)	1:Experimental evidence at protein level	17.51	0.9968	0.9950	0.00000000000000	4	1	1	4	1	1	1.9156382E7	2199983.2	2199983.2	6C(57.0215)		
tr|Q7ZUL8|Q7ZUL8_DANRE	Q7ZUL8	Q7ZUL8_DANRE	zgc:55558	187	false	false	Danio rerio	small monomeric GTPase	1:Experimental evidence at protein level	29.41	0.9967	0.9966	0.00000000000000	4	1	1	4	1	1	3766765.5	1108833.2	1108833.2	7C(57.0215)		
sp|Q5TYV0|EMC7_DANRE	Q5TYV0	EMC7_DANRE	emc7	237	false	false	Danio rerio	ER membrane protein complex subunit 7	2:Experimental evidence at transcript level	3.80	0.9965	0.9988	0.00000000000000	1	1	1	1	1	1	0	0	0			
tr|B2CZB8|B2CZB8_DANRE	B2CZB8	B2CZB8_DANRE	PMCA2	1253	false	false	Danio rerio	Calcium-transporting ATPase	1:Experimental evidence at protein level	1.84	0.9962	0.9960	0.00000000000000	2	0	0	2	0	0	1115689.2	0	0			
tr|Q9YH61|Q9YH61_DANRE	Q9YH61	Q9YH61_DANRE	gsk3a	440	false	false	Danio rerio	[tau protein] kinase	1:Experimental evidence at protein level	2.05	0.9959	0.9975	0.00000000000000	1	0	1	1	0	1	277455.9	0	277455.9			
tr|Q6DGU2|Q6DGU2_DANRE	Q6DGU2	Q6DGU2_DANRE	zgc:92772	218	false	false	Danio rerio	RAB11B, member RAS oncogene family, b	2:Experimental evidence at transcript level	28.44	0.9956	0.9990	0.00000000000000	6	0	0	6	0	0	6735303.0	0	0			tr|Q802D1|Q802D1_DANRE
tr|B2CZB7|B2CZB7_DANRE	B2CZB7	B2CZB7_DANRE	atp2b1b	1240	false	false	Danio rerio	Calcium-transporting ATPase	2:Experimental evidence at transcript level	1.77	0.9954	0.9990	0.00000000000000	2	0	0	2	0	0	1946498.5	0	0			
tr|A0A8M1PZ01|A0A8M1PZ01_DANRE	A0A8M1PZ01	A0A8M1PZ01_DANRE	gnas	419	false	false	Danio rerio	guanine nucleotide-binding protein G(S) subunit alpha isoform X1	1:Experimental evidence at protein level	2.63	0.9953	0.9984	0.00000000000000	1	0	0	1	0	0	7.6755E7	0	0			tr|A0A8M2BLF1|A0A8M2BLF1_DANRE
tr|A0A8M9QBF7|A0A8M9QBF7_DANRE	A0A8M9QBF7	A0A8M9QBF7_DANRE	LOC559637	436	false	false	Danio rerio	Synaptotagmin	1:Experimental evidence at protein level	2.29	0.9951	0.9989	0.00000000000000	2	0	0	1	0	0	2675945.0	0	0			
tr|Q90WX6|Q90WX6_DANRE	Q90WX6	Q90WX6_DANRE	wu:fk56e06	350	false	false	Danio rerio	Guanine nucleotide-binding protein (G protein), alpha transducing activity polypeptide 1	1:Experimental evidence at protein level	5.43	0.9950	0.9989	0.00000000000000	3	0	0	3	0	0	8.6200104E7	0	0			
tr|A0A8M2BEV5|A0A8M2BEV5_DANRE	A0A8M2BEV5	A0A8M2BEV5_DANRE	rab3c	224	false	false	Danio rerio	Ras-related protein Rab-3	1:Experimental evidence at protein level	13.39	0.9947	0.9988	0.00000000000000	3	0	0	3	0	0	1.9156382E7	0	0			
tr|Q5EB15|Q5EB15_DANRE	Q5EB15	Q5EB15_DANRE	zgc:110738	470	false	false	Danio rerio	Peptidase (Mitochondrial processing) beta	1:Experimental evidence at protein level	1.91	0.9946	0.9981	0.00000000000000	1	0	0	1	0	0	3722460.0	0	0			
tr|Q7ZVP2|Q7ZVP2_DANRE	Q7ZVP2	Q7ZVP2_DANRE	wu:fi16g01	221	false	false	Danio rerio	RAB5C, member RAS oncogene family	1:Experimental evidence at protein level	9.50	0.9946	0.9988	0.00000000000000	2	0	0	3	0	0	3854797.5	0	0			
tr|Q642J1|Q642J1_DANRE	Q642J1	Q642J1_DANRE	zgc:103752	108	false	false	Danio rerio	peptidylprolyl isomerase	1:Experimental evidence at protein level	15.74	0.9932	0.9985	0.00000000000000	1	0	0	1	0	0	516936.75	0	0			
tr|Q90X33|Q90X33_DANRE	Q90X33	Q90X33_DANRE	atp[a]1A1	1024	false	false	Danio rerio	Sodium/potassium-transporting ATPase subunit alpha	1:Experimental evidence at protein level	10.35	0.9927	0.9715	0.00367261280168	9	0	0	11	0	0	4.3897736E7	0	0			
sp|Q6TEN1|RAP1B_DANRE	Q6TEN1	RAP1B_DANRE	rap1b	184	false	false	Danio rerio	Ras-related protein Rap-1b	2:Experimental evidence at transcript level	7.61	0.9922	0.9918	0.00027901785714	1	0	0	1	0	0	487649.84	0	0			
tr|Q1RLQ4|Q1RLQ4_DANRE	Q1RLQ4	Q1RLQ4_DANRE	fa96d06	440	false	false	Danio rerio	C-terminal-binding protein 1	1:Experimental evidence at protein level	5.23	0.9919	0.9916	0.00027901785714	2	0	0	2	0	0	3058109.8	0	0			
tr|E7F293|E7F293_DANRE	E7F293	E7F293_DANRE	celf3b	442	false	false	Danio rerio	CUGBP Elav-like family member 3	3:Protein inferred from homology	2.26	0.9917	0.9982	0.00000000000000	1	0	0	1	0	0	457523.25	0	0			
tr|A0A8M9QIA6|A0A8M9QIA6_DANRE	A0A8M9QIA6	A0A8M9QIA6_DANRE	LOC110439971	90	false	false	Danio rerio	histone H2B 1/2-like	3:Protein inferred from homology	48.89	0.9916	0.9575	0.00793447658050	6	1	1	8	1	1	2.64304051E9	2190177.8	2190177.8			
sp|Q6PE18|P4K2A_DANRE	Q6PE18	P4K2A_DANRE	pi4k2a	447	false	false	Danio rerio	Phosphatidylinositol 4-kinase type 2-alpha	2:Experimental evidence at transcript level	2.01	0.9909	0.9890	0.00027901785714	1	1	1	1	1	1	0	0	0			
tr|Q6DGB7|Q6DGB7_DANRE	Q6DGB7	Q6DGB7_DANRE	rac3	192	false	false	Danio rerio	Rac family small GTPase 3a	1:Experimental evidence at protein level	10.94	0.9905	0.9979	0.00000000000000	3	0	0	2	0	0	2263372.5	0	0			
tr|Q6DC00|Q6DC00_DANRE	Q6DC00	Q6DC00_DANRE	zgc:100851	322	false	false	Danio rerio	Sidoreflexin	1:Experimental evidence at protein level	4.35	0.9904	0.9842	0.00109080992637	1	1	1	1	1	1	0	0	0	N-term(42.0106)		
tr|Q6NWK7|Q6NWK7_DANRE	Q6NWK7	Q6NWK7_DANRE	tuba1	451	false	false	Danio rerio	Tubulin alpha chain	2:Experimental evidence at transcript level	53.66	0.9901	0.9990	0.00000000000000	23	0	0	33	0	0	1.18896776E8	0	0			
tr|A0A8M9PS81|A0A8M9PS81_DANRE	A0A8M9PS81	A0A8M9PS81_DANRE	jupb	722	false	false	Danio rerio	junction plakoglobin	3:Protein inferred from homology	1.25	0.9873	0.9972	0.00000000000000	1	1	1	1	1	1	1854675.0	1854675.0	1854675.0			
tr|A9JTC8|A9JTC8_DANRE	A9JTC8	A9JTC8_DANRE	gnai3	354	false	false	Danio rerio	Gnai3 protein	1:Experimental evidence at protein level	5.37	0.9873	0.9990	0.00000000000000	2	0	0	3	0	0	8.0116208E7	0	0			
tr|A4QN79|A4QN79_DANRE	A4QN79	A4QN79_DANRE	si:dkey-251i10.1	299	false	false	Danio rerio	ADP/ATP translocase	1:Experimental evidence at protein level	19.06	0.9872	0.9866	0.00082712985939	6	0	0	6	0	0	4.2420296E7	0	0			
tr|Q567W2|Q567W2_DANRE	Q567W2	Q567W2_DANRE	sb:cb640	453	false	false	Danio rerio	Zgc:110712	1:Experimental evidence at protein level	1.99	0.9859	0.9914	0.00027901785714	1	1	1	1	1	1	0	0	0			
tr|Q6P977|Q6P977_DANRE	Q6P977	Q6P977_DANRE	zgc:73061	213	false	false	Danio rerio	RAB42, member RAS oncogene family a	2:Experimental evidence at transcript level	9.86	0.9819	0.9960	0.00000000000000	2	1	1	2	1	1	6308992.5	0	0	N-term(42.0106)		
tr|Q7ZUW5|Q7ZUW5_DANRE	Q7ZUW5	Q7ZUW5_DANRE	rab5a	216	false	false	Danio rerio	RAB5A, member RAS oncogene family	1:Experimental evidence at protein level	18.52	0.9819	0.9811	0.00135244793075	3	0	0	5	0	0	5604582.0	0	0			
tr|Q6NYT9|Q6NYT9_DANRE	Q6NYT9	Q6NYT9_DANRE	cb828	289	false	false	Danio rerio	Orthodenticle homolog 5	2:Experimental evidence at transcript level	4.15	0.9812	0.9990	0.00000000000000	1	1	1	1	1	1	0	0	0			
tr|Q4V8Q5|Q4V8Q5_DANRE	Q4V8Q5	Q4V8Q5_DANRE	sfrs7	178	false	false	Danio rerio	Serine and arginine-rich-splicing factor 7b	1:Experimental evidence at protein level	5.06	0.9806	0.9957	0.00000000000000	1	0	0	1	0	0	3152599.8	0	0			
tr|Q6DGB3|Q6DGB3_DANRE	Q6DGB3	Q6DGB3_DANRE	zgc:100889	201	false	false	Danio rerio	RAB30, member RAS oncogene family	2:Experimental evidence at transcript level	5.47	0.9806	0.9989	0.00000000000000	1	0	0	1	0	0	6308992.5	0	0			
sp|P00441|SODC_HUMAN	P00441	SODC_HUMAN	SOD1	154	false	false	Homo sapiens	Superoxide dismutase [Cu-Zn]	1:Experimental evidence at protein level	23.38	0.9800	0.9989	0.00000000000000	1	1	1	1	1	1	529383.44	529383.44	529383.44	32C(57.0215)		
tr|Q7ZTT0|Q7ZTT0_DANRE	Q7ZTT0	Q7ZTT0_DANRE	zgc:56685	140	false	false	Danio rerio	Histone H2A	1:Experimental evidence at protein level	11.43	0.9800	0.9905	0.00027901785714	2	0	0	2	0	0	2.19456896E9	0	0			
tr|A0A8M2BIC0|A0A8M2BIC0_DANRE	A0A8M2BIC0	A0A8M2BIC0_DANRE	LOC101884937	684	false	false	Danio rerio	adhesion G protein-coupled receptor L1-like	4:Protein predicted	1.61	0.9798	0.9929	0.00000000000000	1	1	1	1	1	1	0	0	0			
tr|Q7ZTT8|Q7ZTT8_DANRE	Q7ZTT8	Q7ZTT8_DANRE	ndufa4l	82	false	false	Danio rerio	NADH dehydrogenase (Ubiquinone) 1 alpha subcomplex 4, like	1:Experimental evidence at protein level	12.20	0.9784	0.9988	0.00000000000000	1	1	1	1	1	1	1208680.9	1208680.9	1208680.9			
tr|X1WCQ3|X1WCQ3_DANRE	X1WCQ3	X1WCQ3_DANRE	sv2bb	687	false	false	Danio rerio	Synaptic vesicle glycoprotein 2Bb	1:Experimental evidence at protein level	2.62	0.9783	0.9988	0.00000000000000	1	1	1	1	1	1	1674332.8	1674332.8	1674332.8	12C(57.0215)		
sp|Q6DHC1|RB18B_DANRE	Q6DHC1	RB18B_DANRE	rab18b	205	false	false	Danio rerio	Ras-related protein Rab-18-B	2:Experimental evidence at transcript level	5.37	0.9723	0.9985	0.00000000000000	1	0	1	1	0	1	821450.44	0	821450.44			tr|Q6P129|Q6P129_DANRE
tr|Q7ZSZ0|Q7ZSZ0_DANRE	Q7ZSZ0	Q7ZSZ0_DANRE	rab1a	201	false	false	Danio rerio	RAB1A, member RAS oncogene family	2:Experimental evidence at transcript level	14.93	0.9720	0.9758	0.00265533722783	3	0	0	3	0	0	1.3914665E7	0	0			
tr|A0A8M9PEK9|A0A8M9PEK9_DANRE	A0A8M9PEK9	A0A8M9PEK9_DANRE	ctage5	2632	false	false	Danio rerio	melanoma inhibitory activity protein 3 isoform X1	1:Experimental evidence at protein level	1.29	0.9718	0.9876	0.00027901785714	1	1	1	1	1	1	0	0	0			
tr|F1RCW4|F1RCW4_DANRE	F1RCW4	F1RCW4_DANRE	im:6901729	328	false	false	Danio rerio	11-cis retinol dehydrogenase isoform X1	1:Experimental evidence at protein level	5.49	0.9703	0.9846	0.00109080992637	1	1	1	1	1	1	0	0	0	10C(57.0215)		
sp|P61485|RL36A_DANRE	P61485	RL36A_DANRE	rpl36a	106	false	false	Danio rerio	60S ribosomal protein L36a	1:Experimental evidence at protein level	8.49	0.9639	0.9980	0.00000000000000	1	1	1	1	1	1	513933.03	513933.03	513933.03	3C(57.0215),8C(57.0215)		
tr|Q32LQ2|Q32LQ2_DANRE	Q32LQ2	Q32LQ2_DANRE	im:6895766	243	false	false	Danio rerio	Matrix AAA peptidase-interacting protein 1	1:Experimental evidence at protein level	4.12	0.9583	0.9977	0.00000000000000	1	1	1	1	1	1	1947650.2	1947650.2	1947650.2			
tr|Q66HW7|Q66HW7_DANRE	Q66HW7	Q66HW7_DANRE	rds2	345	false	false	Danio rerio	Peripherin 2a (retinal degeneration, slow)	1:Experimental evidence at protein level	2.90	0.9514	0.9973	0.00000000000000	1	1	1	1	1	1	0	0	0			
tr|Q32PW4|Q32PW4_DANRE	Q32PW4	Q32PW4_DANRE	wu:fc38g05	743	false	false	Danio rerio	TAF5 RNA polymerase II, TATA box binding protein (TBP)-associated factor	1:Experimental evidence at protein level	1.21	0.9510	0.9821	0.00135244793075	1	1	1	1	1	1	0	0	0			
tr|A0A8M1RMR6|A0A8M1RMR6_DANRE	A0A8M1RMR6	A0A8M1RMR6_DANRE	cdk12	1293	false	false	Danio rerio	cyclin-dependent kinase 12	1:Experimental evidence at protein level	0.62	0.9487	0.9883	0.00027901785714	1	0	0	1	0	0	310305.7	0	0			
tr|A0A2R8Q7B6|A0A2R8Q7B6_DANRE	A0A2R8Q7B6	A0A2R8Q7B6_DANRE	tanc2a	1995	false	false	Danio rerio	Tetratricopeptide repeat, ankyrin repeat and coiled-coil-containing 2a	4:Protein predicted	0.40	0.9304	0.9690	0.00417645523362	1	0	1	1	0	1	3797861.8	0	3797861.8			
tr|B3DFM1|B3DFM1_DANRE	B3DFM1	B3DFM1_DANRE	pcdh2g10	935	false	false	Danio rerio	Protocadherin 2 gamma 10	2:Experimental evidence at transcript level	1.50	0.9036	0.9558	0.00815910249873	1	0	1	1	0	1	0	0	0			tr|B3DGX5|B3DGX5_DANRE, tr|I6LD60|I6LD60_DANRE, tr|I6LD66|I6LD66_DANRE, tr|I6LD69|I6LD69_DANRE, tr|I6LD72|I6LD72_DANRE, tr|I6LD73|I6LD73_DANRE, tr|I6LD74|I6LD74_DANRE, tr|I6LD75|I6LD75_DANRE, tr|I6LD76|I6LD76_DANRE
tr|Q0P4E8|Q0P4E8_DANRE	Q0P4E8	Q0P4E8_DANRE	zgc:152998	55	false	false	Danio rerio	Mitochondrial import receptor subunit TOM7 homolog	1:Experimental evidence at protein level	25.45	0.9019	0.9942	0.00000000000000	1	1	1	1	1	1	699678.56	699678.56	699678.56			
tr|Q4V9A1|Q4V9A1_DANRE	Q4V9A1	Q4V9A1_DANRE	zgc:92024	380	false	false	Danio rerio	Cytoplasmic protein	2:Experimental evidence at transcript level	2.89	0.8994	0.9509	0.00885851683118	1	0	1	1	0	1	0	0	0			tr|Q803A2|Q803A2_DANRE
tr|A0A8M6Z2N0|A0A8M6Z2N0_DANRE	A0A8M6Z2N0	A0A8M6Z2N0_DANRE	LOC100536182	551	false	false	Danio rerio	E3 ubiquitin/ISG15 ligase TRIM25-like	4:Protein predicted	3.45	0.8886	0.9746	0.00291159343568	2	0	0	2	0	0	1430896.5	0	0			
sp|Q68EK7|RAB4B_DANRE	Q68EK7	RAB4B_DANRE	rab4b	213	false	false	Danio rerio	Ras-related protein Rab-4B	2:Experimental evidence at transcript level	5.16	0.8391	0.9898	0.00027901785714	1	0	0	1	0	0	6308992.5	0	0			sp|Q6PHI9|RAB4A_DANRE
tr|A0A8M1NS15|A0A8M1NS15_DANRE	A0A8M1NS15	A0A8M1NS15_DANRE	si:dkey-37o8.1	458	false	false	Danio rerio	Elongation factor 1-alpha	1:Experimental evidence at protein level	1.97	0.8319	0.9577	0.00793447658050	1	0	0	1	0	0	1.0543715E7	0	0			
tr|A4FVJ5|A4FVJ5_DANRE	A4FVJ5	A4FVJ5_DANRE	fj64c01	377	false	false	Danio rerio	Guanine nucleotide binding protein (G protein), alpha 13b	1:Experimental evidence at protein level	2.92	0.7796	0.9850	0.00082712985939	1	0	0	1	0	0	7.6755E7	0	0			
tr|A0A8M9Q887|A0A8M9Q887_DANRE	A0A8M9Q887	A0A8M9Q887_DANRE	clcn3	874	false	false	Danio rerio	Chloride channel protein	3:Protein inferred from homology	1.14	0.7552	0.9828	0.00109080992637	1	1	1	1	1	1	0	0	0			
sp|A3KGT9|GPT3L_DANRE	A3KGT9	GPT3L_DANRE	agpat9l	443	false	false	Danio rerio	Glycerol-3-phosphate acyltransferase 3-like	3:Protein inferred from homology	2.93	0.5819	0.9627	0.00721277691911	1	1	1	1	1	1	3121261.2	3121261.2	3121261.2			
tr|Q7T3G8|Q7T3G8_DANRE	Q7T3G8	Q7T3G8_DANRE	Six6	245	false	false	Danio rerio	SIX homeobox 6a	2:Experimental evidence at transcript level	4.90	0.5484	0.9575	0.00793447658050	1	1	1	1	1	1	1764641.6	1764641.6	1764641.6			
tr|A0A8M9QPJ3|A0A8M9QPJ3_DANRE	A0A8M9QPJ3	A0A8M9QPJ3_DANRE	gabrp	464	false	false	Danio rerio	Gamma-aminobutyric acid type A receptor subunit pi	3:Protein inferred from homology	2.16	0.5175	0.9522	0.00885851683118	1	1	1	1	1	1	7392829.5	7392829.5	7392829.5			
