Protein	Protein ID	Entry Name	Gene	Length	Is Decoy	Is Contaminant	Organism	Protein Description	Protein Existence	Coverage	Protein Probability	Top Peptide Probability	Protein Qvalue	Total Peptides	Unique Peptides	Razor Peptides	Total Spectral Count	Unique Spectral Count	Razor Spectral Count	Total Intensity	Unique Intensity	Razor Intensity	Razor Assigned Modifications	Razor Observed Modifications	Indistinguishable Proteins
sp|A0A0G2KTI4|S12A2_DANRE	A0A0G2KTI4	S12A2_DANRE	slc12a2	1136	false	false	Danio rerio	Solute carrier family 12 member 2	1:Experimental evidence at protein level	0.88	1.0000	0.9989	0.00000000000000	1	1	1	1	1	1	0	0	0			
sp|A0A0R4IEW8|ELAV4_DANRE	A0A0R4IEW8	ELAV4_DANRE	elavl4	411	false	false	Danio rerio	ELAV-like protein 4	1:Experimental evidence at protein level	1.70	1.0000	0.9990	0.00000000000000	1	0	0	1	0	0	236959.56	0	0			
sp|A0A8M2BID5|DESPA_DANRE	A0A8M2BID5	DESPA_DANRE	dspa	2059	false	false	Danio rerio	Desmoplakin-A	2:Experimental evidence at transcript level	0.34	1.0000	0.9963	0.00000000000000	1	1	1	1	1	1	9322248.0	9322248.0	9322248.0			
sp|A0MTA1|APEX1_DANRE	A0MTA1	APEX1_DANRE	apex1	310	false	false	Danio rerio	DNA-(apurinic or apyrimidinic site) endonuclease	1:Experimental evidence at protein level	2.26	1.0000	0.9990	0.00000000000000	1	1	1	1	1	1	1265033.2	1265033.2	1265033.2			
sp|A1L1F4|PDS5A_DANRE	A1L1F4	PDS5A_DANRE	pds5a	1320	false	false	Danio rerio	Sister chromatid cohesion protein PDS5 homolog A	2:Experimental evidence at transcript level	0.91	1.0000	0.9990	0.00000000000000	1	0	0	1	0	0	1061941.8	0	0			
sp|A3QK16|ERLN2_DANRE	A3QK16	ERLN2_DANRE	erlin2	331	false	false	Danio rerio	Erlin-2	2:Experimental evidence at transcript level	10.27	1.0000	0.9988	0.00000000000000	4	3	3	4	3	3	6090465.5	1521524.0	1521524.0			
sp|A5PLC8|PTMAB_DANRE	A5PLC8	PTMAB_DANRE	ptmab	106	false	false	Danio rerio	Prothymosin alpha-B	1:Experimental evidence at protein level	13.21	1.0000	0.9990	0.00000000000000	1	1	1	1	1	1	0	0	0	N-term(42.0106)		
sp|A9JRE2|MTNA_DANRE	A9JRE2	MTNA_DANRE	mri1	353	false	false	Danio rerio	Methylthioribose-1-phosphate isomerase	2:Experimental evidence at transcript level	3.97	1.0000	0.9988	0.00000000000000	1	1	1	1	1	1	0	0	0			
sp|B0S6J3|SRGP2_DANRE	B0S6J3	SRGP2_DANRE	srgap2	1100	false	false	Danio rerio	SLIT-ROBO Rho GTPase-activating protein 2	2:Experimental evidence at transcript level	1.09	1.0000	0.9990	0.00000000000000	1	0	1	1	0	1	0	0	0			
sp|B8A5I7|SSBP_DANRE	B8A5I7	SSBP_DANRE	ssbp1	146	false	false	Danio rerio	Single-stranded DNA-binding protein, mitochondrial	1:Experimental evidence at protein level	10.27	1.0000	0.9990	0.00000000000000	2	2	2	1	1	1	1007453.9	1007453.9	1007453.9			
sp|F1QGH7|CTNB1_DANRE	F1QGH7	CTNB1_DANRE	ctnnb1	780	false	false	Danio rerio	Catenin beta-1	1:Experimental evidence at protein level	3.46	1.0000	0.9990	0.00000000000000	2	0	2	2	0	2	0	0	0	1M(15.9949),8C(57.0215),5C(57.0215)		
sp|F1QGW6|IF2G_DANRE	F1QGW6	IF2G_DANRE	eif2s3	472	false	false	Danio rerio	Eukaryotic translation initiation factor 2 subunit 3	3:Protein inferred from homology	2.33	1.0000	0.9990	0.00000000000000	1	1	1	1	1	1	3634662.5	3634662.5	3634662.5			
sp|F1QNV4|NU133_DANRE	F1QNV4	NU133_DANRE	nup133	1136	false	false	Danio rerio	Nuclear pore complex protein Nup133	2:Experimental evidence at transcript level	1.06	1.0000	0.9990	0.00000000000000	1	1	1	1	1	1	2547248.0	2547248.0	2547248.0			
sp|F1RAX4|STRA6_DANRE	F1RAX4	STRA6_DANRE	stra6	670	false	false	Danio rerio	Receptor for retinol uptake stra6	1:Experimental evidence at protein level	2.84	1.0000	0.9990	0.00000000000000	1	1	1	1	1	1	1.1131369E7	1.1131369E7	1.1131369E7			
sp|F1RCR6|TRIPC_DANRE	F1RCR6	TRIPC_DANRE	trip12	2026	false	false	Danio rerio	E3 ubiquitin-protein ligase TRIP12	3:Protein inferred from homology	0.54	1.0000	0.9990	0.00000000000000	1	1	1	1	1	1	608898.75	608898.75	608898.75	6C(57.0215),8C(57.0215)		
sp|O13166|TLE3A_DANRE	O13166	TLE3A_DANRE	tle3a	761	false	false	Danio rerio	Transducin-like enhancer protein 3-A	1:Experimental evidence at protein level	1.31	1.0000	0.9990	0.00000000000000	1	0	1	1	0	1	808704.44	0	808704.44			
sp|O42248|GBLP_DANRE	O42248	GBLP_DANRE	gnb2l1	317	false	false	Danio rerio	Guanine nucleotide-binding protein subunit beta-2-like 1	1:Experimental evidence at protein level	20.82	1.0000	0.9990	0.00000000000000	6	6	6	6	6	6	6051725.0	6051725.0	6051725.0	14C(57.0215),4C(57.0215),8C(57.0215)		
sp|O57521|HS90B_DANRE	O57521	HS90B_DANRE	hsp90ab1	725	false	false	Danio rerio	Heat shock protein HSP 90-beta	1:Experimental evidence at protein level	4.00	1.0000	0.9990	0.00000000000000	4	4	4	2	2	2	4747513.0	4747513.0	4747513.0			
sp|O77727|K1C15_SHEEP	O77727	K1C15_SHEEP	KRT15	453	false	false	Ovis aries	Keratin, type I cytoskeletal 15	2:Experimental evidence at transcript level	23.62	1.0000	0.9990	0.00000000000000	12	5	7	16	5	8	1.15171046E9	6.0711168E7	7.5991704E7	15M(15.9949),15M(15.9949),3M(15.9949),5M(15.9949)		
sp|O82803|SRPP_HEVBR	O82803	SRPP_HEVBR	SRPP	204	false	false	Hevea brasiliensis	Small rubber particle protein	1:Experimental evidence at protein level	4.90	1.0000	0.9985	0.00000000000000	2	2	2	2	2	2	4373708.0	4373708.0	4373708.0	N-term(42.0106),N-term(42.0106)		
sp|O93409|MLRSA_DANRE	O93409	MLRSA_DANRE	mylpfa	169	false	false	Danio rerio	Myosin regulatory light chain 2, skeletal muscle isoform A	1:Experimental evidence at protein level	7.69	1.0000	0.9990	0.00000000000000	1	0	1	1	0	1	505200.6	0	505200.6			
sp|P00760|TRY1_BOVIN	P00760	TRY1_BOVIN	PRSS1	246	false	false	Bos taurus	Serine protease 1	1:Experimental evidence at protein level	9.76	1.0000	0.9990	0.00000000000000	1	1	1	2	2	2	1.1279428E8	1.1279428E8	1.1279428E8	12C(57.0215),23C(57.0215),12C(57.0215),23C(57.0215)		
sp|P00761|TRYP_PIG	P00761	TRYP_PIG		231	false	false	Sus scrofa	Trypsin	1:Experimental evidence at protein level	71.86	1.0000	0.9990	0.00000000000000	16	16	16	31	31	31	1.89291643E10	1.89291643E10	1.89291643E10	11M(15.9949),13C(57.0215),11M(15.9949),13C(57.0215),12C(57.0215),12C(57.0215),12C(57.0215),23C(57.0215),13C(57.0215),13C(57.0215),13C(57.0215),27C(57.0215),3C(57.0215),17M(15.9949),17M(15.9949),17M(15.9949),17M(15.9949),21M(15.9949),23C(57.0215),9C(57.0215),2C(57.0215),2C(57.0215),2C(57.0215),30C(57.0215),41C(57.0215),9C(57.0215),2C(57.0215),30C(57.0215),9C(57.0215),2C(57.0215),9C(57.0215),2C(57.0215),9C(57.0215),37M(15.9949),9C(57.0215)		
sp|P00883|ALDOA_RABIT	P00883	ALDOA_RABIT	ALDOA	364	false	false	Oryctolagus cuniculus	Fructose-bisphosphate aldolase A	1:Experimental evidence at protein level	7.14	1.0000	0.9977	0.00000000000000	1	0	0	1	0	0	0	0	0			
sp|P01112|RASH_HUMAN	P01112	RASH_HUMAN	HRAS	189	false	false	Homo sapiens	GTPase HRas	1:Experimental evidence at protein level	5.82	1.0000	0.9990	0.00000000000000	1	0	1	1	0	1	3471203.5	0	3471203.5			tr|Q503B6|Q503B6_DANRE, tr|Q568K0|Q568K0_DANRE
sp|P02662|CASA1_BOVIN	P02662	CASA1_BOVIN	CSN1S1	214	false	false	Bos taurus	Alpha-S1-casein	1:Experimental evidence at protein level	22.90	1.0000	0.9990	0.00000000000000	4	4	4	3	3	3	2.5860868E7	2.5860868E7	2.5860868E7	11M(15.9949),11M(15.9949)		
sp|P02663|CASA2_BOVIN	P02663	CASA2_BOVIN	CSN1S2	222	false	false	Bos taurus	Alpha-S2-casein	1:Experimental evidence at protein level	4.95	1.0000	0.9990	0.00000000000000	3	3	3	1	1	1	3023033.0	3023033.0	3023033.0	12C(57.0215),16C(57.0215),2M(15.9949)		
sp|P02666|CASB_BOVIN	P02666	CASB_BOVIN	CSN2	224	false	false	Bos taurus	Beta-casein	1:Experimental evidence at protein level	15.62	1.0000	0.9990	0.00000000000000	3	3	3	3	3	3	5316449.5	5316449.5	5316449.5	2M(15.9949),2M(15.9949)		
sp|P02668|CASK_BOVIN	P02668	CASK_BOVIN	CSN3	190	false	false	Bos taurus	Kappa-casein	1:Experimental evidence at protein level	9.47	1.0000	0.9990	0.00000000000000	1	1	1	1	1	1	194896.56	194896.56	194896.56			
sp|P02768|ALBU_HUMAN	P02768	ALBU_HUMAN	ALB	609	false	false	Homo sapiens	Albumin	1:Experimental evidence at protein level	16.26	1.0000	0.9989	0.00000000000000	10	8	8	7	6	6	1.3786032E7	8228841.0	8228841.0	17C(57.0215),2M(15.9949),4C(57.0215),3C(57.0215),6M(15.9949)		
sp|P02769|ALBU_BOVIN	P02769	ALBU_BOVIN	ALB	607	false	false	Bos taurus	Albumin	1:Experimental evidence at protein level	6.26	1.0000	0.9990	0.00000000000000	5	3	5	3	2	3	1.1138941E7	1968789.5	1.1138941E7			
sp|P02788|TRFL_HUMAN	P02788	TRFL_HUMAN	LTF	710	false	false	Homo sapiens	Lactotransferrin	1:Experimental evidence at protein level	14.93	1.0000	0.9990	0.00000000000000	10	10	10	8	8	8	5745345.0	5745345.0	5745345.0	11C(57.0215),21C(57.0215),4C(57.0215),4C(57.0215),7C(57.0215)		
sp|P04040|CATA_HUMAN	P04040	CATA_HUMAN	CAT	527	false	false	Homo sapiens	Catalase	1:Experimental evidence at protein level	22.58	1.0000	0.9990	0.00000000000000	10	9	10	9	7	9	9881049.0	7847379.0	9881049.0	11C(57.0215),12C(57.0215),14M(15.9949),N-term(42.0106)		
sp|P04264|K2C1_HUMAN	P04264	K2C1_HUMAN	KRT1	644	false	false	Homo sapiens	Keratin, type II cytoskeletal 1	1:Experimental evidence at protein level	71.89	1.0000	0.9990	0.00000000000000	59	54	59	104	97	104	3.68466253E9	3.64024576E9	3.68466253E9	10M(15.9949),14C(57.0215),11C(57.0215),11M(15.9949),11M(15.9949),13M(15.9949),13M(15.9949),14C(57.0215),19M(15.9949),1M(15.9949),5C(57.0215),1M(15.9949),5C(57.0215),2M(15.9949),35M(15.9949),4C(57.0215),4C(57.0215),5C(57.0215),5C(57.0215),5M(15.9949),6M(15.9949),7M(15.9949),7M(15.9949),8M(15.9949),9M(15.9949),9M(15.9949)		
sp|P06732|KCRM_HUMAN	P06732	KCRM_HUMAN	CKM	381	false	false	Homo sapiens	Creatine kinase M-type	1:Experimental evidence at protein level	6.04	1.0000	0.9989	0.00000000000000	2	1	1	2	1	1	7342923.5	134308.55	134308.55			
sp|P07339|CATD_HUMAN	P07339	CATD_HUMAN	CTSD	412	false	false	Homo sapiens	Cathepsin D	1:Experimental evidence at protein level	14.32	1.0000	0.9990	0.00000000000000	5	4	5	6	4	6	7209717.5	4385716.5	7209717.5	11M(15.9949),3C(57.0215),7M(15.9949)		
sp|P10599|THIO_HUMAN	P10599	THIO_HUMAN	TXN	105	false	false	Homo sapiens	Thioredoxin	1:Experimental evidence at protein level	37.14	1.0000	0.9990	0.00000000000000	4	4	4	4	4	4	1.3166212E7	1.3166212E7	1.3166212E7	24C(57.0215),27C(57.0215),24C(57.0215),27C(57.0215)		
sp|P13104|TPM1_DANRE	P13104	TPM1_DANRE	tpma	284	false	false	Danio rerio	Tropomyosin alpha-1 chain	2:Experimental evidence at transcript level	45.77	1.0000	0.9990	0.00000000000000	20	6	20	26	7	26	7.4472728E7	1.1735587E7	7.4472728E7			
sp|P13645|K1C10_HUMAN	P13645	K1C10_HUMAN	KRT10	584	false	false	Homo sapiens	Keratin, type I cytoskeletal 10	1:Experimental evidence at protein level	66.44	1.0000	0.9990	0.00000000000000	53	46	53	84	74	84	2.02375859E9	1.92228941E9	2.02375859E9	10C(57.0215),10C(57.0215),11M(15.9949),11M(15.9949),14M(15.9949),14M(15.9949),14M(15.9949),15C(57.0215),16C(57.0215),16C(57.0215),26C(57.0215),26M(15.9949),26M(15.9949),3M(15.9949),3M(15.9949),3M(15.9949),5C(57.0215),5C(57.0215),5C(57.0215),5C(57.0215),5M(15.9949),5M(15.9949),5M(15.9949),5M(15.9949),6M(15.9949),7C(57.0215),N-term(42.0106)		
sp|P15252|REF_HEVBR	P15252	REF_HEVBR		138	false	false	Hevea brasiliensis	Rubber elongation factor protein	1:Experimental evidence at protein level	15.94	1.0000	0.9989	0.00000000000000	2	2	2	2	2	2	3936676.5	3936676.5	3936676.5			
sp|P17561|EPD_DANRE	P17561	EPD_DANRE	epd	217	false	false	Danio rerio	Ependymin	2:Experimental evidence at transcript level	8.76	1.0000	0.9990	0.00000000000000	1	1	1	1	1	1	1206153.1	1206153.1	1206153.1			
sp|P35359|OPSD_DANRE	P35359	OPSD_DANRE	rho	354	false	false	Danio rerio	Rhodopsin	1:Experimental evidence at protein level	9.04	1.0000	0.9990	0.00000000000000	2	2	2	3	3	3	2406406.0	2406406.0	2406406.0	10C(57.0215),8C(57.0215),10C(57.0215),8C(57.0215),12C(57.0215),13M(15.9949),8C(57.0215)		
sp|P35527|K1C9_HUMAN	P35527	K1C9_HUMAN	KRT9	623	false	false	Homo sapiens	Keratin, type I cytoskeletal 9	1:Experimental evidence at protein level	70.47	1.0000	0.9990	0.00000000000000	52	51	51	90	89	89	1.5262569E9	1.5262569E9	1.5262569E9	10M(15.9949),15M(15.9949),15M(15.9949),19M(15.9949),1M(15.9949),1M(15.9949),25M(15.9949),2C(57.0215),3M(15.9949),3M(15.9949),3M(15.9949),5C(57.0215),5C(57.0215),5M(15.9949),5M(15.9949),5M(15.9949),5M(15.9949),5M(15.9949),6M(15.9949),6M(15.9949),6M(15.9949),8M(15.9949),8M(15.9949)		
sp|P35908|K22E_HUMAN	P35908	K22E_HUMAN	KRT2	639	false	false	Homo sapiens	Keratin, type II cytoskeletal 2 epidermal	1:Experimental evidence at protein level	90.30	1.0000	0.9990	0.00000000000000	65	56	61	96	86	91	1.71347366E9	8.7691968E8	8.7691968E8	10M(15.9949),10M(15.9949),10M(15.9949),10M(15.9949),1M(15.9949),23M(15.9949),23M(15.9949),23M(15.9949),6M(15.9949),7C(57.0215),7C(57.0215),7M(15.9949),7M(15.9949),7M(15.9949),7M(15.9949),8C(57.0215),8C(57.0215),8C(57.0215),8M(15.9949),9M(15.9949),9M(15.9949)		
sp|P61626|LYSC_HUMAN	P61626	LYSC_HUMAN	LYZ	148	false	false	Homo sapiens	Lysozyme C	1:Experimental evidence at protein level	44.59	1.0000	0.9990	0.00000000000000	5	5	5	6	6	6	4.7784548E7	4.7784548E7	4.7784548E7	12C(57.0215),26C(57.0215),8C(57.0215),15C(57.0215),19C(57.0215),33C(57.0215),3C(57.0215),9C(57.0215)		
sp|P62084|RS7_DANRE	P62084	RS7_DANRE	rps7	194	false	false	Danio rerio	40S ribosomal protein S7	1:Experimental evidence at protein level	6.70	1.0000	0.9990	0.00000000000000	2	2	2	2	2	2	5366208.0	5366208.0	5366208.0			
sp|P62247|RS8_DANRE	P62247	RS8_DANRE	rps8	208	false	false	Danio rerio	40S ribosomal protein S8	1:Experimental evidence at protein level	42.79	1.0000	0.9990	0.00000000000000	7	5	7	8	5	8	4.1864328E7	1.7180276E7	4.1864328E7	12C(57.0215),13C(57.0215),12C(57.0215),4C(57.0215),2C(57.0215)		
sp|P68871|HBB_HUMAN	P68871	HBB_HUMAN	HBB	147	false	false	Homo sapiens	Hemoglobin subunit beta	1:Experimental evidence at protein level	8.84	1.0000	0.9986	0.00000000000000	1	1	1	1	1	1	1193878.8	1193878.8	1193878.8			
sp|P69905|HBA_HUMAN	P69905	HBA_HUMAN	HBA2	142	false	false	Homo sapiens	Hemoglobin subunit alpha	1:Experimental evidence at protein level	10.56	1.0000	0.9982	0.00000000000000	1	1	1	1	1	1	308605.7	308605.7	308605.7			
sp|P79735|RAN_DANRE	P79735	RAN_DANRE	ran	215	false	false	Danio rerio	GTP-binding nuclear protein Ran	2:Experimental evidence at transcript level	40.93	1.0000	0.9990	0.00000000000000	8	8	8	8	8	8	3.285249E7	3.285249E7	3.285249E7	10C(57.0215),2C(57.0215),N-term(42.0106)		
sp|Q06830|PRDX1_HUMAN	Q06830	PRDX1_HUMAN	PRDX1	199	false	false	Homo sapiens	Peroxiredoxin-1	1:Experimental evidence at protein level	19.60	1.0000	0.9984	0.00000000000000	5	2	2	4	2	2	2.34382544E8	1.1026438E7	1.1026438E7			
sp|Q1MTE5|ARL3_DANRE	Q1MTE5	ARL3_DANRE	arl3	182	false	false	Danio rerio	ADP-ribosylation factor-like protein 3	2:Experimental evidence at transcript level	5.49	1.0000	0.9990	0.00000000000000	1	0	1	1	0	1	0	0	0			
sp|Q1MTI4|TPISA_DANRE	Q1MTI4	TPISA_DANRE	tpi1a	248	false	false	Danio rerio	Triosephosphate isomerase A	2:Experimental evidence at transcript level	6.05	1.0000	0.9990	0.00000000000000	1	0	0	1	0	0	1245763.2	0	0			
sp|Q49HM9|GRK7A_DANRE	Q49HM9	GRK7A_DANRE	grk7a	549	false	false	Danio rerio	Rhodopsin kinase grk7a	1:Experimental evidence at protein level	10.20	1.0000	0.9990	0.00000000000000	4	4	4	4	4	4	2533993.5	2533993.5	2533993.5	7C(57.0215),N-term(42.0106),1C(57.0215)		
sp|Q52PJ5|DPYL3_DANRE	Q52PJ5	DPYL3_DANRE	dpysl3	567	false	false	Danio rerio	Dihydropyrimidinase-related protein 3	2:Experimental evidence at transcript level	14.11	1.0000	0.9990	0.00000000000000	7	6	7	6	6	6	8464897.0	5991734.0	8464897.0	10C(57.0215),8C(57.0215)		
sp|Q58EE9|GFAP_DANRE	Q58EE9	GFAP_DANRE	gfap	444	false	false	Danio rerio	Glial fibrillary acidic protein	1:Experimental evidence at protein level	2.48	1.0000	0.9990	0.00000000000000	1	0	0	1	0	0	4706915.5	0	0			
sp|Q58EG2|ERLN1_DANRE	Q58EG2	ERLN1_DANRE	erlin1	342	false	false	Danio rerio	Erlin-1	2:Experimental evidence at transcript level	6.43	1.0000	0.9989	0.00000000000000	3	2	3	2	1	2	5085703.5	516762.0	5085703.5	9M(15.9949)		
sp|Q5D018|RBM8A_DANRE	Q5D018	RBM8A_DANRE	rbm8a	174	false	false	Danio rerio	RNA-binding protein 8A	2:Experimental evidence at transcript level	17.24	1.0000	0.9990	0.00000000000000	2	2	2	2	2	2	911488.06	911488.06	911488.06			
sp|Q5MJ86|G3P2_DANRE	Q5MJ86	G3P2_DANRE	gapdh-2	335	false	false	Danio rerio	Glyceraldehyde-3-phosphate dehydrogenase 2	2:Experimental evidence at transcript level	28.96	1.0000	0.9990	0.00000000000000	8	6	8	10	8	10	1.4884176E7	6772274.0	1.4884176E7	13C(57.0215),13M(15.9949),4M(15.9949),N-term(42.0106),4C(57.0215)		
sp|Q5PRD0|143BA_DANRE	Q5PRD0	143BA_DANRE	ywhaba	244	false	false	Danio rerio	14-3-3 protein beta/alpha-A	2:Experimental evidence at transcript level	22.13	1.0000	0.9990	0.00000000000000	5	1	5	5	1	5	1.4764508E7	919111.7	1.4764508E7	N-term(42.0106)		
sp|Q5TZ66|SN25A_DANRE	Q5TZ66	SN25A_DANRE	snap25a	204	false	false	Danio rerio	Synaptosomal-associated protein 25-A	2:Experimental evidence at transcript level	33.82	1.0000	0.9990	0.00000000000000	6	2	2	11	3	3	4.2176112E7	5376949.5	5376949.5	4M(15.9949)		
sp|Q5XJ10|G3P_DANRE	Q5XJ10	G3P_DANRE	gapdh	333	false	false	Danio rerio	Glyceraldehyde-3-phosphate dehydrogenase	2:Experimental evidence at transcript level	17.72	1.0000	0.9990	0.00000000000000	6	4	4	5	3	3	1.9289448E7	1.7271922E7	1.7271922E7	19C(57.0215)		
sp|Q642H9|RS4X_DANRE	Q642H9	RS4X_DANRE	rps4x	263	false	false	Danio rerio	40S ribosomal protein S4, X isoform	1:Experimental evidence at protein level	14.45	1.0000	0.9990	0.00000000000000	5	5	5	3	3	3	6660106.5	6660106.5	6660106.5	4C(57.0215),7C(57.0215)		
sp|Q66I73|MLRSB_DANRE	Q66I73	MLRSB_DANRE	mylpfb	170	false	false	Danio rerio	Myosin regulatory light chain 2, skeletal muscle isoform B	2:Experimental evidence at transcript level	7.65	1.0000	0.9990	0.00000000000000	1	0	0	1	0	0	505200.6	0	0			
sp|Q6DEH3|KC2D1_DANRE	Q6DEH3	KC2D1_DANRE	camk2d1	491	false	false	Danio rerio	Calcium/calmodulin-dependent protein kinase type II delta 1 chain	2:Experimental evidence at transcript level	5.09	1.0000	0.9990	0.00000000000000	2	0	0	2	0	0	2190039.8	0	0			
sp|Q6DEM5|TIM8A_DANRE	Q6DEM5	TIM8A_DANRE	timm8a	90	false	false	Danio rerio	Mitochondrial import inner membrane translocase subunit Tim8 A	3:Protein inferred from homology	12.22	1.0000	0.9990	0.00000000000000	1	1	1	1	1	1	1054029.1	1054029.1	1054029.1	4C(57.0215),8C(57.0215)		
sp|Q6DGJ3|TIM13_DANRE	Q6DGJ3	TIM13_DANRE	timm13	95	false	false	Danio rerio	Mitochondrial import inner membrane translocase subunit Tim13	3:Protein inferred from homology	10.53	1.0000	0.9990	0.00000000000000	1	1	1	2	2	2	2355890.5	2355890.5	2355890.5	2M(15.9949)		
sp|Q6DGS3|KC2D2_DANRE	Q6DGS3	KC2D2_DANRE	camk2d2	554	false	false	Danio rerio	Calcium/calmodulin-dependent protein kinase type II delta 2 chain	2:Experimental evidence at transcript level	2.17	1.0000	0.9990	0.00000000000000	2	1	2	1	0	1	2490082.5	1066351.9	2490082.5	N-term(42.0106),5C(57.0215)		
sp|Q6DGV1|CELF4_DANRE	Q6DGV1	CELF4_DANRE	celf4	520	false	false	Danio rerio	CUGBP Elav-like family member 4	2:Experimental evidence at transcript level	1.92	1.0000	0.9988	0.00000000000000	1	0	0	1	0	0	1494426.0	0	0			
sp|Q6DGY7|CRGNB_DANRE	Q6DGY7	CRGNB_DANRE	crygnb	183	false	false	Danio rerio	Gamma-crystallin N-B	2:Experimental evidence at transcript level	60.11	1.0000	0.9990	0.00000000000000	9	9	9	9	9	9	2.2226328E7	2.2226328E7	2.2226328E7	13C(57.0215),14M(15.9949),17C(57.0215),20C(57.0215),7C(57.0215),1C(57.0215),8C(57.0215),2C(57.0215),4C(57.0215),6C(57.0215),8C(57.0215),8C(57.0215),9M(15.9949),9M(15.9949)		
sp|Q6DI05|SUMO3_DANRE	Q6DI05	SUMO3_DANRE	sumo3	94	false	false	Danio rerio	Small ubiquitin-related modifier 3	3:Protein inferred from homology	12.77	1.0000	0.9990	0.00000000000000	1	0	1	1	0	1	1782066.9	0	1782066.9			sp|Q6NV25|SMO3L_DANRE
sp|Q6DI06|TIM10_DANRE	Q6DI06	TIM10_DANRE	timm10	88	false	false	Danio rerio	Mitochondrial import inner membrane translocase subunit Tim10	3:Protein inferred from homology	15.91	1.0000	0.9990	0.00000000000000	1	1	1	1	1	1	2685351.5	2685351.5	2685351.5	11C(57.0215)		
sp|Q6DRH5|NOP10_DANRE	Q6DRH5	NOP10_DANRE	nop10	64	false	false	Danio rerio	H/ACA ribonucleoprotein complex subunit 3	3:Protein inferred from homology	20.31	1.0000	0.9989	0.00000000000000	1	1	1	1	1	1	674683.75	674683.75	674683.75			
sp|Q6DRI1|EI3EA_DANRE	Q6DRI1	EI3EA_DANRE	eif3ea	446	false	false	Danio rerio	Eukaryotic translation initiation factor 3 subunit E-A	2:Experimental evidence at transcript level	2.02	1.0000	0.9990	0.00000000000000	1	0	1	1	0	1	0	0	0	8C(57.0215)		
sp|Q6IQM2|CYC_DANRE	Q6IQM2	CYC_DANRE	cyc	104	false	false	Danio rerio	Cytochrome c	3:Protein inferred from homology	10.58	1.0000	0.9989	0.00000000000000	1	1	1	1	1	1	1367049.4	1367049.4	1367049.4			
sp|Q6NSN2|AOF_DANRE	Q6NSN2	AOF_DANRE	mao	522	false	false	Danio rerio	Amine oxidase [flavin-containing]	1:Experimental evidence at protein level	6.90	1.0000	0.9990	0.00000000000000	2	2	2	2	2	2	1808967.9	1808967.9	1808967.9	N-term(42.0106)		
sp|Q6NUW5|AN32E_DANRE	Q6NUW5	AN32E_DANRE	anp32e	250	false	false	Danio rerio	Acidic leucine-rich nuclear phosphoprotein 32 family member E	1:Experimental evidence at protein level	7.60	1.0000	0.9990	0.00000000000000	2	2	2	1	1	1	1479249.0	1479249.0	1479249.0	1C(57.0215)		
sp|Q6NWF6|K2C8_DANRE	Q6NWF6	K2C8_DANRE	krt8	520	false	false	Danio rerio	Keratin, type II cytoskeletal 8	1:Experimental evidence at protein level	5.77	1.0000	0.9990	0.00000000000000	4	0	1	5	0	1	1.07453464E8	0	4.5605548E7			
sp|Q6NXA4|ILF3_DANRE	Q6NXA4	ILF3_DANRE	ilf3	833	false	false	Danio rerio	Interleukin enhancer-binding factor 3 homolog	1:Experimental evidence at protein level	1.44	1.0000	0.9990	0.00000000000000	1	0	1	1	0	1	4485103.0	0	4485103.0	11C(57.0215)		tr|A0A8M2BB13|A0A8M2BB13_DANRE
sp|Q6NYA0|SRS1B_DANRE	Q6NYA0	SRS1B_DANRE	srsf1b	245	false	false	Danio rerio	Serine/arginine-rich splicing factor 1B	2:Experimental evidence at transcript level	16.73	1.0000	0.9986	0.00000000000000	4	0	0	4	0	0	8321732.5	0	0			
sp|Q6NYE2|RCC2_DANRE	Q6NYE2	RCC2_DANRE	rcc2	495	false	false	Danio rerio	Protein RCC2 homolog	2:Experimental evidence at transcript level	12.12	1.0000	0.9990	0.00000000000000	5	5	5	6	6	6	8847770.0	8847770.0	8847770.0	15C(57.0215),15C(57.0215),8C(57.0215)		
sp|Q6NYS8|OST48_DANRE	Q6NYS8	OST48_DANRE	ddost	441	false	false	Danio rerio	Dolichyl-diphosphooligosaccharide--protein glycosyltransferase 48 kDa subunit	2:Experimental evidence at transcript level	4.99	1.0000	0.9990	0.00000000000000	2	2	2	2	2	2	4854162.5	4854162.5	4854162.5			
sp|Q6P026|BAF_DANRE	Q6P026	BAF_DANRE	banf1	90	false	false	Danio rerio	Barrier-to-autointegration factor	1:Experimental evidence at protein level	52.22	1.0000	0.9990	0.00000000000000	6	6	6	8	8	8	1.3336701E7	1.3336701E7	1.3336701E7	3M(15.9949),3M(15.9949),3M(15.9949),5C(57.0215),8C(57.0215),7M(15.9949)		
sp|Q6P0G6|MYL1_DANRE	Q6P0G6	MYL1_DANRE	myl1	190	false	false	Danio rerio	Myosin, light chain 1, alkali; skeletal, fast	2:Experimental evidence at transcript level	4.74	1.0000	0.9990	0.00000000000000	1	0	1	1	0	1	888660.5	0	888660.5			
sp|Q6P0V6|RL8_DANRE	Q6P0V6	RL8_DANRE	rpl8	257	false	false	Danio rerio	60S ribosomal protein L8	1:Experimental evidence at protein level	4.28	1.0000	0.9990	0.00000000000000	1	1	1	1	1	1	914513.1	914513.1	914513.1			
sp|Q6P3H7|RBBP4_DANRE	Q6P3H7	RBBP4_DANRE	rbbp4	424	false	false	Danio rerio	Histone-binding protein RBBP4	2:Experimental evidence at transcript level	3.30	1.0000	0.9990	0.00000000000000	1	1	1	1	1	1	609917.25	609917.25	609917.25	N-term(42.0106)		
sp|Q6P5L8|HSDL2_DANRE	Q6P5L8	HSDL2_DANRE	hsdl2	415	false	false	Danio rerio	Hydroxysteroid dehydrogenase-like protein 2	2:Experimental evidence at transcript level	3.13	1.0000	0.9990	0.00000000000000	1	1	1	1	1	1	630006.6	630006.6	630006.6	4C(57.0215)		
sp|Q6P5M2|SKI8_DANRE	Q6P5M2	SKI8_DANRE	skic8	305	false	false	Danio rerio	SKI8 subunit of superkiller complex protein	2:Experimental evidence at transcript level	2.62	1.0000	0.9990	0.00000000000000	1	1	1	1	1	1	4742250.5	4742250.5	4742250.5			
sp|Q6PBI5|RS25_DANRE	Q6PBI5	RS25_DANRE	rps25	124	false	false	Danio rerio	40S ribosomal protein S25	1:Experimental evidence at protein level	8.06	1.0000	0.9989	0.00000000000000	2	2	2	1	1	1	5145959.5	5145959.5	5145959.5			
sp|Q6PBK3|RS28_DANRE	Q6PBK3	RS28_DANRE	rps28	69	false	false	Danio rerio	40S ribosomal protein S28	1:Experimental evidence at protein level	30.43	1.0000	0.9990	0.00000000000000	2	2	2	2	2	2	920289.5	920289.5	920289.5			
sp|Q6PBM7|FA76B_DANRE	Q6PBM7	FA76B_DANRE	fam76b	328	false	false	Danio rerio	Protein FAM76B	1:Experimental evidence at protein level	3.35	1.0000	0.9986	0.00000000000000	1	1	1	1	1	1	489535.16	489535.16	489535.16	3C(57.0215),6C(57.0215)		
sp|Q6PBW5|RP65A_DANRE	Q6PBW5	RP65A_DANRE	rpe65a	531	false	false	Danio rerio	Retinoid isomerohydrolase	2:Experimental evidence at transcript level	16.20	1.0000	0.9990	0.00000000000000	7	7	7	10	10	10	9918747.0	9918747.0	9918747.0	10C(57.0215),14M(15.9949),3M(15.9949),4M(15.9949)		
sp|Q6PBY0|GNB5B_DANRE	Q6PBY0	GNB5B_DANRE	gnb5b	395	false	false	Danio rerio	Guanine nucleotide-binding protein subunit beta-5b	2:Experimental evidence at transcript level	3.80	1.0000	0.9990	0.00000000000000	1	1	1	1	1	1	477221.22	477221.22	477221.22	N-term(42.0106),13C(57.0215),1C(57.0215)		
sp|Q6PBY1|RS3A_DANRE	Q6PBY1	RS3A_DANRE	rps3a	267	false	false	Danio rerio	40S ribosomal protein S3a	1:Experimental evidence at protein level	17.60	1.0000	0.9990	0.00000000000000	6	6	6	6	6	6	1.2020424E7	1.2020424E7	1.2020424E7	2C(57.0215),3C(57.0215)		
sp|Q6PC14|RL23_DANRE	Q6PC14	RL23_DANRE	rpl23	140	false	false	Danio rerio	60S ribosomal protein L23	1:Experimental evidence at protein level	20.00	1.0000	0.9990	0.00000000000000	3	3	3	3	3	3	1.408934E7	1.408934E7	1.408934E7	13C(57.0215),13C(57.0215),2C(57.0215)		
sp|Q6PC54|SN25B_DANRE	Q6PC54	SN25B_DANRE	snap25b	203	false	false	Danio rerio	Synaptosomal-associated protein 25-B	2:Experimental evidence at transcript level	33.50	1.0000	0.9990	0.00000000000000	7	3	7	13	5	13	4.2176112E7	5743101.0	4.2176112E7	1M(15.9949),2M(15.9949),4M(15.9949),4M(15.9949),4M(15.9949),4M(15.9949),6M(15.9949)		
sp|Q6PFQ2|EIF3C_DANRE	Q6PFQ2	EIF3C_DANRE	eif3c	926	false	false	Danio rerio	Eukaryotic translation initiation factor 3 subunit C	1:Experimental evidence at protein level	0.97	1.0000	0.9990	0.00000000000000	1	1	1	1	1	1	0	0	0	2C(57.0215)		
sp|Q6PG31|RNPS1_DANRE	Q6PG31	RNPS1_DANRE	rnps1	283	false	false	Danio rerio	RNA-binding protein with serine-rich domain 1	2:Experimental evidence at transcript level	18.37	1.0000	0.9990	0.00000000000000	4	4	4	4	4	4	7317150.5	7317150.5	7317150.5	2M(15.9949)		
sp|Q6PGV1|VA0D1_DANRE	Q6PGV1	VA0D1_DANRE	atp6v0d1	350	false	false	Danio rerio	V-type proton ATPase subunit d 1	1:Experimental evidence at protein level	11.43	1.0000	0.9990	0.00000000000000	4	4	4	3	3	3	8303446.5	8303446.5	8303446.5			
sp|Q6PH57|GBB1_DANRE	Q6PH57	GBB1_DANRE	gnb1	340	false	false	Danio rerio	Guanine nucleotide-binding protein G(I)/G(S)/G(T) subunit beta-1	2:Experimental evidence at transcript level	37.94	1.0000	0.9990	0.00000000000000	10	1	10	10	1	10	2.9429944E7	3705341.8	2.9429944E7	11C(57.0215),11C(57.0215),12C(57.0215),15C(57.0215),15C(57.0215),6M(15.9949),3C(57.0215),3C(57.0215),4M(15.9949),7C(57.0215),N-term(42.0106),N-term(42.0106)		
sp|Q6PI20|H33_DANRE	Q6PI20	H33_DANRE	h3f3d	136	false	false	Danio rerio	Histone H3.3	2:Experimental evidence at transcript level	46.32	1.0000	0.9990	0.00000000000000	10	1	1	8	1	1	6.0798797E8	0	0	27C(57.0215)		
sp|Q6PI52|CALM_DANRE	Q6PI52	CALM_DANRE	calm3b	149	false	false	Danio rerio	Calmodulin	2:Experimental evidence at transcript level	39.60	1.0000	0.9990	0.00000000000000	5	5	5	6	6	6	3.0583032E7	3.0583032E7	3.0583032E7	N-term(42.0106),N-term(42.0106)		
sp|Q6Q415|RL36_DANRE	Q6Q415	RL36_DANRE	rpl36	105	false	false	Danio rerio	60S ribosomal protein L36	1:Experimental evidence at protein level	9.52	1.0000	0.9989	0.00000000000000	1	1	1	1	1	1	1821694.4	1821694.4	1821694.4	3C(57.0215)		
sp|Q6Q420|RS15A_DANRE	Q6Q420	RS15A_DANRE	rps15a	130	false	false	Danio rerio	40S ribosomal protein S15a	1:Experimental evidence at protein level	33.08	1.0000	0.9990	0.00000000000000	3	3	3	3	3	3	8696705.0	8696705.0	8696705.0			
sp|Q6TGY8|EMC2_DANRE	Q6TGY8	EMC2_DANRE	emc2	297	false	false	Danio rerio	ER membrane protein complex subunit 2	2:Experimental evidence at transcript level	3.70	1.0000	0.9990	0.00000000000000	1	1	1	1	1	1	0	0	0			
sp|Q6VN46|MYG_DANRE	Q6VN46	MYG_DANRE	mb	147	false	false	Danio rerio	Myoglobin	2:Experimental evidence at transcript level	23.13	1.0000	0.9990	0.00000000000000	3	3	3	3	3	3	1101847.5	1101847.5	1101847.5	2M(15.9949),N-term(42.0106)		
sp|Q71PD7|H2AV_DANRE	Q71PD7	H2AV_DANRE	h2az2a	128	false	false	Danio rerio	Histone H2A.V	2:Experimental evidence at transcript level	53.91	1.0000	0.9990	0.00000000000000	6	0	5	7	0	6	1.86492915E9	0	1.20061288E8			tr|Q0Z946|Q0Z946_DANRE
sp|Q7SXP4|SRS1A_DANRE	Q7SXP4	SRS1A_DANRE	srsf1a	257	false	false	Danio rerio	Serine/arginine-rich splicing factor 1A	2:Experimental evidence at transcript level	15.95	1.0000	0.9990	0.00000000000000	5	1	5	4	0	4	8321732.5	842063.75	8321732.5	6C(57.0215)		
sp|Q7SXW4|EMC3_DANRE	Q7SXW4	EMC3_DANRE	emc3	261	false	false	Danio rerio	ER membrane protein complex subunit 3	2:Experimental evidence at transcript level	3.83	1.0000	0.9990	0.00000000000000	1	1	1	1	1	1	1016799.44	1016799.44	1016799.44	7M(15.9949)		
sp|Q7T356|143BB_DANRE	Q7T356	143BB_DANRE	ywhabb	242	false	false	Danio rerio	14-3-3 protein beta/alpha-B	2:Experimental evidence at transcript level	17.36	1.0000	0.9990	0.00000000000000	4	0	0	4	0	0	1.4764508E7	0	0			
sp|Q7ZT42|SND1_DANRE	Q7ZT42	SND1_DANRE	snd1	897	false	false	Danio rerio	Staphylococcal nuclease domain-containing protein 1	2:Experimental evidence at transcript level	1.56	1.0000	0.9990	0.00000000000000	1	1	1	1	1	1	0	0	0			
sp|Q7ZTS4|K1C18_DANRE	Q7ZTS4	K1C18_DANRE	krt18	431	false	false	Danio rerio	Keratin, type I cytoskeletal 18	1:Experimental evidence at protein level	5.34	1.0000	0.9990	0.00000000000000	3	1	1	3	1	1	1.24125928E8	0	0	1M(15.9949)		
sp|Q7ZTY4|RBBP7_DANRE	Q7ZTY4	RBBP7_DANRE	rbbp7	426	false	false	Danio rerio	Histone-binding protein RBBP7	2:Experimental evidence at transcript level	3.05	1.0000	0.9990	0.00000000000000	1	1	1	1	1	1	0	0	0	N-term(42.0106)		
sp|Q7ZU42|OLA1_DANRE	Q7ZU42	OLA1_DANRE	ola1	396	false	false	Danio rerio	Obg-like ATPase 1	2:Experimental evidence at transcript level	2.78	1.0000	0.9990	0.00000000000000	1	0	1	1	0	1	0	0	0			
sp|Q7ZUG5|RS21_DANRE	Q7ZUG5	RS21_DANRE	rps21	81	false	false	Danio rerio	40S ribosomal protein S21	1:Experimental evidence at protein level	46.91	1.0000	0.9990	0.00000000000000	3	3	3	3	3	3	3104952.2	3104952.2	3104952.2	5C(57.0215),N-term(42.0106)		
sp|Q7ZUS1|VRK1_DANRE	Q7ZUS1	VRK1_DANRE	vrk1	425	false	false	Danio rerio	Serine/threonine-protein kinase VRK1	2:Experimental evidence at transcript level	7.76	1.0000	0.9987	0.00000000000000	1	0	1	1	0	1	0	0	0			tr|A0A8M9PXN8|A0A8M9PXN8_DANRE
sp|Q7ZUY3|H2AX_DANRE	Q7ZUY3	H2AX_DANRE	h2ax	142	false	false	Danio rerio	Histone H2AX	2:Experimental evidence at transcript level	34.51	1.0000	0.9990	0.00000000000000	7	0	7	9	0	9	1.92918515E9	0	1.92918515E9			tr|A0A8M2BA83|A0A8M2BA83_DANRE, tr|A0A8M3ATV1|A0A8M3ATV1_DANRE, tr|A0A8N7TAW0|A0A8N7TAW0_DANRE, tr|A4FVM2|A4FVM2_DANRE, tr|E7EXD7|E7EXD7_DANRE, tr|E7F5W3|E7F5W3_DANRE, tr|F1QTL1|F1QTL1_DANRE, tr|Q4FZZ7|Q4FZZ7_DANRE, tr|Q561S9|Q561S9_DANRE, tr|Q5XJK2|Q5XJK2_DANRE
sp|Q7ZV96|RL10_DANRE	Q7ZV96	RL10_DANRE	rpl10	215	false	false	Danio rerio	60S ribosomal protein L10	1:Experimental evidence at protein level	25.12	1.0000	0.9990	0.00000000000000	5	5	5	6	6	6	1.1105558E7	1.1105558E7	1.1105558E7	10M(15.9949),7C(57.0215),4C(57.0215),4C(57.0215),9M(15.9949),6C(57.0215),7C(57.0215),8M(15.9949),9C(57.0215)		
sp|Q7ZVF3|SDHA_DANRE	Q7ZVF3	SDHA_DANRE	sdha	661	false	false	Danio rerio	Succinate dehydrogenase [ubiquinone] flavoprotein subunit, mitochondrial	2:Experimental evidence at transcript level	2.27	1.0000	0.9990	0.00000000000000	1	1	1	1	1	1	0	0	0	2C(57.0215)		
sp|Q7ZVF9|ACTB2_DANRE	Q7ZVF9	ACTB2_DANRE	actbb	375	false	false	Danio rerio	Actin, cytoplasmic 2	1:Experimental evidence at protein level	55.73	1.0000	0.9990	0.00000000000000	18	1	18	23	2	23	6.3856448E7	947293.75	6.3856448E7	10M(15.9949),14M(15.9949),14M(15.9949),15M(15.9949),18C(57.0215),3C(57.0215),2C(57.0215),6M(15.9949),7M(15.9949),N-term(42.0106),15M(15.9949),16C(57.0215),N-term(42.0106),16C(57.0215)		
sp|Q7ZVI7|ACTB1_DANRE	Q7ZVI7	ACTB1_DANRE	actba	375	false	false	Danio rerio	Actin, cytoplasmic 1	1:Experimental evidence at protein level	55.73	1.0000	0.9990	0.00000000000000	18	1	1	23	2	2	6.3856448E7	0	0	N-term(42.0106),15M(15.9949),16C(57.0215),N-term(42.0106),16C(57.0215)		
sp|Q7ZVY5|CISY_DANRE	Q7ZVY5	CISY_DANRE	cs	468	false	false	Danio rerio	Citrate synthase, mitochondrial	2:Experimental evidence at transcript level	2.56	1.0000	0.9990	0.00000000000000	1	1	1	1	1	1	812196.94	812196.94	812196.94			
sp|Q7ZWE9|KCY_DANRE	Q7ZWE9	KCY_DANRE	cmpk	196	false	false	Danio rerio	UMP-CMP kinase	2:Experimental evidence at transcript level	6.12	1.0000	0.9990	0.00000000000000	1	1	1	1	1	1	1385439.2	1385439.2	1385439.2			
sp|Q7ZWJ4|RL18A_DANRE	Q7ZWJ4	RL18A_DANRE	rpl18a	176	false	false	Danio rerio	60S ribosomal protein L18a	1:Experimental evidence at protein level	7.39	1.0000	0.9990	0.00000000000000	1	1	1	1	1	1	961031.94	961031.94	961031.94	11C(57.0215)		
sp|Q803F6|RSSA_DANRE	Q803F6	RSSA_DANRE	rpsa	308	false	false	Danio rerio	40S ribosomal protein SA	1:Experimental evidence at protein level	12.34	1.0000	0.9990	0.00000000000000	3	3	3	3	3	3	3695823.2	3695823.2	3695823.2	8C(57.0215)		
sp|Q8AYN0|OPSR2_DANRE	Q8AYN0	OPSR2_DANRE	opn1lw2	356	false	false	Danio rerio	Red-sensitive opsin-2	1:Experimental evidence at protein level	7.02	1.0000	0.9989	0.00000000000000	3	1	3	5	3	5	2.0130392E7	1.2426352E7	2.0130392E7	13M(15.9949),13M(15.9949),2C(57.0215),2C(57.0215),2C(57.0215),4M(15.9949)		
sp|Q8JFV8|VAT1_DANRE	Q8JFV8	VAT1_DANRE	vat1	484	false	false	Danio rerio	Synaptic vesicle membrane protein VAT-1 homolog	2:Experimental evidence at transcript level	3.10	1.0000	0.9990	0.00000000000000	1	1	1	1	1	1	0	0	0			
sp|Q8JGR4|RL24_DANRE	Q8JGR4	RL24_DANRE	rpl24	157	false	false	Danio rerio	60S ribosomal protein L24	2:Experimental evidence at transcript level	13.38	1.0000	0.9990	0.00000000000000	4	4	4	5	5	5	2.2970084E7	2.2970084E7	2.2970084E7	1M(15.9949),6C(57.0215),1M(15.9949),6C(57.0215),4C(57.0215),6C(57.0215),6C(57.0215)		
sp|Q8JGS9|RS18_DANRE	Q8JGS9	RS18_DANRE	rps18	152	false	false	Danio rerio	40S ribosomal protein S18	1:Experimental evidence at protein level	32.89	1.0000	0.9989	0.00000000000000	7	7	7	5	5	5	2.1142194E7	2.1142194E7	2.1142194E7	N-term(42.0106)		
sp|Q8JH70|ALDCB_DANRE	Q8JH70	ALDCB_DANRE	aldocb	363	false	false	Danio rerio	Fructose-bisphosphate aldolase C-B	2:Experimental evidence at transcript level	11.02	1.0000	0.9990	0.00000000000000	2	1	2	2	1	2	598015.1	598015.1	598015.1			
sp|Q8JIU7|NACA_DANRE	Q8JIU7	NACA_DANRE	naca	215	false	false	Danio rerio	Nascent polypeptide-associated complex subunit alpha	1:Experimental evidence at protein level	6.51	1.0000	0.9990	0.00000000000000	1	1	1	1	1	1	2130798.2	2130798.2	2130798.2			
sp|Q90473|HSP7C_DANRE	Q90473	HSP7C_DANRE	hspa8	649	false	false	Danio rerio	Heat shock cognate 71 kDa protein	2:Experimental evidence at transcript level	19.26	1.0000	0.9990	0.00000000000000	11	1	10	10	1	9	2.9977282E7	1017356.75	2.9977282E7	14C(57.0215),2C(57.0215)		
sp|Q90XG0|TPISB_DANRE	Q90XG0	TPISB_DANRE	tpi1b	248	false	false	Danio rerio	Triosephosphate isomerase B	2:Experimental evidence at transcript level	6.05	1.0000	0.9990	0.00000000000000	1	0	1	1	0	1	1245763.2	0	1245763.2			
sp|Q90Z10|RL13_DANRE	Q90Z10	RL13_DANRE	rpl13	211	false	false	Danio rerio	60S ribosomal protein L13	1:Experimental evidence at protein level	5.21	1.0000	0.9988	0.00000000000000	1	1	1	1	1	1	875183.3	875183.3	875183.3			
sp|Q92005|EF1A_DANRE	Q92005	EF1A_DANRE	eef1a	462	false	false	Danio rerio	Elongation factor 1-alpha	2:Experimental evidence at transcript level	16.67	1.0000	0.9990	0.00000000000000	9	1	9	11	2	11	4.6764824E7	6303337.0	4.6764824E7	1M(15.9949),9M(15.9949)		
sp|Q98TZ8|FLOT2_DANRE	Q98TZ8	FLOT2_DANRE	flot2a	428	false	false	Danio rerio	Flotillin-2a	2:Experimental evidence at transcript level	2.57	1.0000	0.9990	0.00000000000000	1	0	1	1	0	1	0	0	0			
sp|Q9IBD1|CELF3_DANRE	Q9IBD1	CELF3_DANRE	celf3	452	false	false	Danio rerio	CUGBP Elav-like family member 3	2:Experimental evidence at transcript level	2.21	1.0000	0.9989	0.00000000000000	1	0	1	1	0	1	1494426.0	0	1494426.0	2C(57.0215),8C(57.0215)		tr|A0A8M9PGK3|A0A8M9PGK3_DANRE
sp|Q9MIY7|COX2_DANRE	Q9MIY7	COX2_DANRE	mt-co2	230	false	false	Danio rerio	Cytochrome c oxidase subunit 2	3:Protein inferred from homology	8.70	1.0000	0.9990	0.00000000000000	1	1	1	2	2	2	1.0266014E7	1.0266014E7	1.0266014E7			
sp|Q9NSB2|KRT84_HUMAN	Q9NSB2	KRT84_HUMAN	KRT84	600	false	false	Homo sapiens	Keratin, type II cuticular Hb4	2:Experimental evidence at transcript level	2.33	1.0000	0.9982	0.00000000000000	4	0	0	4	0	0	9.658044E7	0	0			
sp|Q9PT92|CATA_DANRE	Q9PT92	CATA_DANRE	cat	526	false	false	Danio rerio	Catalase	2:Experimental evidence at transcript level	3.61	1.0000	0.9990	0.00000000000000	1	0	0	2	0	0	3091361.0	0	0			
sp|Q9PU58|NIPS2_DANRE	Q9PU58	NIPS2_DANRE	nipsnap2	286	false	false	Danio rerio	Protein NipSnap homolog 2	2:Experimental evidence at transcript level	9.09	1.0000	0.9988	0.00000000000000	2	1	2	2	1	2	1597572.5	782573.7	1597572.5			
sp|Q9W6A5|OPSG1_DANRE	Q9W6A5	OPSG1_DANRE	opn1mw1	349	false	false	Danio rerio	Green-sensitive opsin-1	1:Experimental evidence at protein level	7.45	1.0000	0.9990	0.00000000000000	2	1	2	3	1	3	1.05465496E8	0	1.05465496E8	2C(57.0215),3M(15.9949),9C(57.0215),2C(57.0215),9C(57.0215)		
sp|Q9W6A8|OP1S2_DANRE	Q9W6A8	OP1S2_DANRE	opn1sw2	354	false	false	Danio rerio	Opsin-1, short-wave-sensitive 2	1:Experimental evidence at protein level	7.06	1.0000	0.9986	0.00000000000000	2	2	2	3	3	3	5669676.5	5669676.5	5669676.5	7C(57.0215),9C(57.0215)		
sp|Q9W6A9|OP1S1_DANRE	Q9W6A9	OP1S1_DANRE	opn1sw1	336	false	false	Danio rerio	Opsin-1, short-wave-sensitive 1	1:Experimental evidence at protein level	16.67	1.0000	0.9990	0.00000000000000	5	5	5	10	10	10	1.059742E8	1.059742E8	1.059742E8	10C(57.0215),13M(15.9949),3C(57.0215),13M(15.9949),3C(57.0215),3C(57.0215),3C(57.0215),5C(57.0215),5C(57.0215),5C(57.0215),7M(15.9949),5C(57.0215),7M(15.9949)		
sp|Q9W762|TIM9_DANRE	Q9W762	TIM9_DANRE	timm9	84	false	false	Danio rerio	Mitochondrial import inner membrane translocase subunit Tim9	3:Protein inferred from homology	45.24	1.0000	0.9990	0.00000000000000	3	3	3	3	3	3	2537051.5	2537051.5	2537051.5	13C(57.0215),9C(57.0215),5C(57.0215),9C(57.0215),N-term(42.0106)		
tr|A0A0R4IBX9|A0A0R4IBX9_DANRE	A0A0R4IBX9	A0A0R4IBX9_DANRE	si:ch73-1a9.3	87	false	false	Danio rerio	Si:ch73-1a9.3	3:Protein inferred from homology	17.24	1.0000	0.9990	0.00000000000000	2	2	2	3	3	3	2.9234464E7	2.9234464E7	2.9234464E7			
tr|A0A0R4IC20|A0A0R4IC20_DANRE	A0A0R4IC20	A0A0R4IC20_DANRE	si:ch211-276i12.9	167	false	false	Danio rerio	Si:ch211-276i12.9	4:Protein predicted	16.77	1.0000	0.9990	0.00000000000000	3	1	3	2	0	2	3894132.2	1655404.2	3894132.2			
tr|A0A0R4IFJ4|A0A0R4IFJ4_DANRE	A0A0R4IFJ4	A0A0R4IFJ4_DANRE	PYCa	1181	false	false	Danio rerio	Pyruvate carboxylase	1:Experimental evidence at protein level	1.10	1.0000	0.9990	0.00000000000000	1	1	1	1	1	1	168856.14	168856.14	168856.14	7C(57.0215)		
tr|A0A0R4IFJ7|A0A0R4IFJ7_DANRE	A0A0R4IFJ7	A0A0R4IFJ7_DANRE	fi14g08	417	false	false	Danio rerio	creatine kinase	1:Experimental evidence at protein level	58.51	1.0000	0.9990	0.00000000000000	19	15	19	25	21	25	3.4923556E7	3.2571624E7	3.4923556E7	11C(57.0215),13C(57.0215),19C(57.0215),21M(15.9949),21M(15.9949),22C(57.0215),4C(57.0215),4C(57.0215),5M(15.9949),4M(15.9949),5M(15.9949),5M(15.9949),7C(57.0215),7M(15.9949),8C(57.0215)		
tr|A0A0R4IKF0|A0A0R4IKF0_DANRE	A0A0R4IKF0	A0A0R4IKF0_DANRE	wu:fb66d03	257	false	false	Danio rerio	Apolipoprotein A-Ib	1:Experimental evidence at protein level	3.50	1.0000	0.9990	0.00000000000000	2	2	2	1	1	1	3591681.0	3591681.0	3591681.0			
tr|A0A0R4IM99|A0A0R4IM99_DANRE	A0A0R4IM99	A0A0R4IM99_DANRE	tpm2	284	false	false	Danio rerio	Tropomyosin 2 (beta)	3:Protein inferred from homology	34.86	1.0000	0.9990	0.00000000000000	15	4	7	17	2	6	7.592816E7	9216444.0	1.9518344E7			
tr|A0A0R4INI3|A0A0R4INI3_DANRE	A0A0R4INI3	A0A0R4INI3_DANRE	smyhc1	1938	false	false	Danio rerio	Slow myosin heavy chain 1	1:Experimental evidence at protein level	23.07	1.0000	0.9990	0.00000000000000	45	5	23	50	4	22	1.11972432E8	4253564.0	1.538421E7	1C(57.0215),7M(15.9949)		
tr|A0A0R4IP12|A0A0R4IP12_DANRE	A0A0R4IP12	A0A0R4IP12_DANRE	pds5b	1408	false	false	Danio rerio	PDS5 cohesin-associated factor B	4:Protein predicted	0.85	1.0000	0.9990	0.00000000000000	2	1	2	1	0	1	1299151.6	237209.83	1299151.6	5C(57.0215),6C(57.0215)		
tr|A0A0R4IQM9|A0A0R4IQM9_DANRE	A0A0R4IQM9	A0A0R4IQM9_DANRE	stxbp1a	603	false	false	Danio rerio	Syntaxin-binding protein 1a	3:Protein inferred from homology	8.96	1.0000	0.9990	0.00000000000000	7	5	7	5	3	5	3044236.8	2460839.8	3044236.8	10C(57.0215)		
tr|A0A1L6UW63|A0A1L6UW63_DANRE	A0A1L6UW63	A0A1L6UW63_DANRE	zgc:171719	284	false	false	Danio rerio	Tropomyosin 1-1	1:Experimental evidence at protein level	36.27	1.0000	0.9990	0.00000000000000	14	1	1	18	1	1	7.4472728E7	2159991.0	2159991.0			
tr|A0A1L6UW65|A0A1L6UW65_DANRE	A0A1L6UW65	A0A1L6UW65_DANRE	tmp4	284	false	false	Danio rerio	Tropomyosin 4-2alpha	2:Experimental evidence at transcript level	23.94	1.0000	0.9990	0.00000000000000	10	0	0	15	0	0	7.592816E7	0	0			
tr|A0A2R8Q650|A0A2R8Q650_DANRE	A0A2R8Q650	A0A2R8Q650_DANRE	tpm3	284	false	false	Danio rerio	Tropomyosin 3	3:Protein inferred from homology	36.97	1.0000	0.9990	0.00000000000000	16	2	2	20	2	2	7.4472728E7	4564252.5	4564252.5			
tr|A0A2R8QB83|A0A2R8QB83_DANRE	A0A2R8QB83	A0A2R8QB83_DANRE	btbd17b	515	false	false	Danio rerio	BTB (POZ) domain-containing 17b	1:Experimental evidence at protein level	3.69	1.0000	0.9990	0.00000000000000	1	1	1	2	2	2	2032462.2	2032462.2	2032462.2			
tr|A0A2R8QLH1|A0A2R8QLH1_DANRE	A0A2R8QLH1	A0A2R8QLH1_DANRE	rab41	211	false	false	Danio rerio	RAB41, member RAS oncogene family	4:Protein predicted	10.43	1.0000	0.9980	0.00000000000000	2	0	1	2	0	1	9023118.0	0	720009.5			
tr|A0A2R8QUQ1|A0A2R8QUQ1_DANRE	A0A2R8QUQ1	A0A2R8QUQ1_DANRE	rgs9a	480	false	false	Danio rerio	Regulator of G protein-signaling 9a	4:Protein predicted	2.29	1.0000	0.9979	0.00000000000000	1	1	1	1	1	1	210813.2	210813.2	210813.2	8C(57.0215)		
tr|A0A2R8RKX9|A0A2R8RKX9_DANRE	A0A2R8RKX9	A0A2R8RKX9_DANRE	gnb4b	340	false	false	Danio rerio	Guanine nucleotide-binding protein (G protein), beta polypeptide 4b	3:Protein inferred from homology	12.94	1.0000	0.9990	0.00000000000000	4	1	2	4	1	2	9421846.0	4244199.0	4244199.0	11C(57.0215),11C(57.0215)		
tr|A0A2R9YJM4|A0A2R9YJM4_DANRE	A0A2R9YJM4	A0A2R9YJM4_DANRE	zgc:109968	438	false	false	Danio rerio	protein kinase C and Casein kinase substrate in neurons 1A	1:Experimental evidence at protein level	6.16	1.0000	0.9990	0.00000000000000	3	3	3	2	2	2	1787012.2	1787012.2	1787012.2	2C(57.0215),8C(57.0215)		
tr|A0A8M1N0M6|A0A8M1N0M6_DANRE	A0A8M1N0M6	A0A8M1N0M6_DANRE	otub1b	266	false	false	Danio rerio	Ubiquitin thioesterase	1:Experimental evidence at protein level	3.38	1.0000	0.9985	0.00000000000000	1	1	1	1	1	1	527919.9	527919.9	527919.9			
tr|A0A8M1N2G4|A0A8M1N2G4_DANRE	A0A8M1N2G4	A0A8M1N2G4_DANRE	snrpg	76	false	false	Danio rerio	Small nuclear ribonucleoprotein G	1:Experimental evidence at protein level	17.11	1.0000	0.9990	0.00000000000000	1	1	1	1	1	1	1624490.6	1624490.6	1624490.6			
tr|A0A8M1N4J0|A0A8M1N4J0_DANRE	A0A8M1N4J0	A0A8M1N4J0_DANRE	acp1	158	false	false	Danio rerio	Low molecular weight phosphotyrosine protein phosphatase	1:Experimental evidence at protein level	7.59	1.0000	0.9990	0.00000000000000	1	1	1	1	1	1	1076425.5	1076425.5	1076425.5	11C(57.0215),6C(57.0215)		
tr|A0A8M1N5M5|A0A8M1N5M5_DANRE	A0A8M1N5M5	A0A8M1N5M5_DANRE	tubb6	447	false	false	Danio rerio	Tubulin beta chain	1:Experimental evidence at protein level	19.02	1.0000	0.9990	0.00000000000000	10	2	2	15	3	3	6.9515688E7	1.928556E7	1.928556E7	1M(15.9949)		
tr|A0A8M1N612|A0A8M1N612_DANRE	A0A8M1N612	A0A8M1N612_DANRE	ndufs2	464	false	false	Danio rerio	NADH dehydrogenase [ubiquinone] iron-sulfur protein 2, mitochondrial	1:Experimental evidence at protein level	3.66	1.0000	0.9990	0.00000000000000	2	2	2	1	1	1	5951685.5	5951685.5	5951685.5			
tr|A0A8M1N6S0|A0A8M1N6S0_DANRE	A0A8M1N6S0	A0A8M1N6S0_DANRE	polr2b	1174	false	false	Danio rerio	DNA-directed RNA polymerase subunit beta	1:Experimental evidence at protein level	2.30	1.0000	0.9990	0.00000000000000	2	2	2	2	2	2	1787602.0	1787602.0	1787602.0			
tr|A0A8M1N7Z8|A0A8M1N7Z8_DANRE	A0A8M1N7Z8	A0A8M1N7Z8_DANRE	tubb2b	472	false	false	Danio rerio	Tubulin beta chain	1:Experimental evidence at protein level	68.43	1.0000	0.9990	0.00000000000000	30	3	30	46	5	46	1.75467136E8	2.9741376E7	1.75467136E8	10C(57.0215),10C(57.0215),10M(15.9949),10M(15.9949),11M(15.9949),11M(15.9949),12C(57.0215),12C(57.0215),12C(57.0215),1M(15.9949),12C(57.0215),1M(15.9949),17M(15.9949),23C(57.0215),1M(15.9949),23C(57.0215),23C(57.0215),25M(15.9949),5C(57.0215),7C(57.0215),25M(15.9949),5C(57.0215),7C(57.0215),2M(15.9949),4C(57.0215),5C(57.0215),7C(57.0215),5C(57.0215),7C(57.0215),5M(15.9949),6C(57.0215),6C(57.0215),8C(57.0215),6M(15.9949),6M(15.9949),8M(15.9949),9M(15.9949)		
tr|A0A8M1N8U3|A0A8M1N8U3_DANRE	A0A8M1N8U3	A0A8M1N8U3_DANRE	cirbpb	206	false	false	Danio rerio	cold-inducible RNA-binding protein isoform 1	1:Experimental evidence at protein level	10.19	1.0000	0.9990	0.00000000000000	1	1	1	1	1	1	1497976.8	1497976.8	1497976.8			
tr|A0A8M1N8X4|A0A8M1N8X4_DANRE	A0A8M1N8X4	A0A8M1N8X4_DANRE	aars1	991	false	false	Danio rerio	Alanine--tRNA ligase	3:Protein inferred from homology	1.41	1.0000	0.9990	0.00000000000000	1	0	1	1	0	1	0	0	0	3C(57.0215),5C(57.0215)		tr|A0A8M2B5M3|A0A8M2B5M3_DANRE
tr|A0A8M1N9G0|A0A8M1N9G0_DANRE	A0A8M1N9G0	A0A8M1N9G0_DANRE	vtg1	1362	false	false	Danio rerio	vitellogenin 1 precursor	1:Experimental evidence at protein level	1.76	1.0000	0.9989	0.00000000000000	3	0	3	2	0	2	3900327.8	0	3900327.8			
tr|A0A8M1NB67|A0A8M1NB67_DANRE	A0A8M1NB67	A0A8M1NB67_DANRE	ncl	705	false	false	Danio rerio	Nucleolin	1:Experimental evidence at protein level	1.28	1.0000	0.9990	0.00000000000000	1	1	1	1	1	1	922377.7	922377.7	922377.7			
tr|A0A8M1NBP6|A0A8M1NBP6_DANRE	A0A8M1NBP6	A0A8M1NBP6_DANRE	myh7l	1936	false	false	Danio rerio	myosin heavy chain 7-like	1:Experimental evidence at protein level	14.15	1.0000	0.9977	0.00000000000000	28	1	1	33	1	1	8.5543824E7	793384.0	793384.0			
tr|A0A8M1NEM1|A0A8M1NEM1_DANRE	A0A8M1NEM1	A0A8M1NEM1_DANRE	myh9a	1961	false	false	Danio rerio	myosin-9	1:Experimental evidence at protein level	1.38	1.0000	0.9990	0.00000000000000	3	0	1	3	0	1	2720721.5	0	758136.0			
tr|A0A8M1NFX8|A0A8M1NFX8_DANRE	A0A8M1NFX8	A0A8M1NFX8_DANRE	krtt1c19e	473	false	false	Danio rerio	keratin type 1 c19e	1:Experimental evidence at protein level	1.90	1.0000	0.9990	0.00000000000000	2	0	0	2	0	0	8.6305776E7	0	0			
tr|A0A8M1NR42|A0A8M1NR42_DANRE	A0A8M1NR42	A0A8M1NR42_DANRE	si:ch211-251b21.1	458	false	false	Danio rerio	Glutamate receptor	1:Experimental evidence at protein level	6.55	1.0000	0.9990	0.00000000000000	3	3	3	2	2	2	2397753.2	2397753.2	2397753.2			
tr|A0A8M1NYJ7|A0A8M1NYJ7_DANRE	A0A8M1NYJ7	A0A8M1NYJ7_DANRE	sh3gl2b	350	false	false	Danio rerio	SH3-domain GRB2-like 2-like	3:Protein inferred from homology	3.43	1.0000	0.9990	0.00000000000000	1	0	1	1	0	1	472154.06	0	472154.06			
tr|A0A8M1NYL7|A0A8M1NYL7_DANRE	A0A8M1NYL7	A0A8M1NYL7_DANRE	gngt2b	69	false	false	Danio rerio	Guanine nucleotide-binding protein subunit gamma	3:Protein inferred from homology	46.38	1.0000	0.9990	0.00000000000000	2	2	2	2	2	2	1687889.5	1687889.5	1687889.5			
tr|A0A8M1NZG6|A0A8M1NZG6_DANRE	A0A8M1NZG6	A0A8M1NZG6_DANRE	snap29	266	false	false	Danio rerio	synaptosomal-associated protein 29	1:Experimental evidence at protein level	8.27	1.0000	0.9989	0.00000000000000	2	2	2	2	2	2	1639524.1	1639524.1	1639524.1			
tr|A0A8M1P0N7|A0A8M1P0N7_DANRE	A0A8M1P0N7	A0A8M1P0N7_DANRE	tfa	673	false	false	Danio rerio	Serotransferrin	1:Experimental evidence at protein level	2.53	1.0000	0.9990	0.00000000000000	1	1	1	1	1	1	0	0	0	15C(57.0215),6C(57.0215)		
tr|A0A8M1P122|A0A8M1P122_DANRE	A0A8M1P122	A0A8M1P122_DANRE	lsm8	96	false	false	Danio rerio	U6 snRNA-associated Sm-like protein LSm8	1:Experimental evidence at protein level	16.67	1.0000	0.9990	0.00000000000000	2	2	2	1	1	1	3050261.5	3050261.5	3050261.5			
tr|A0A8M1P2M7|A0A8M1P2M7_DANRE	A0A8M1P2M7	A0A8M1P2M7_DANRE	cox6c	76	false	false	Danio rerio	Cytochrome c oxidase subunit 6C	1:Experimental evidence at protein level	34.21	1.0000	0.9989	0.00000000000000	2	2	2	2	2	2	9006975.0	9006975.0	9006975.0			
tr|A0A8M1P4J0|A0A8M1P4J0_DANRE	A0A8M1P4J0	A0A8M1P4J0_DANRE	nolc1	1001	false	false	Danio rerio	nucleolar and coiled-body phosphoprotein 1	1:Experimental evidence at protein level	1.10	1.0000	0.9990	0.00000000000000	1	1	1	1	1	1	0	0	0			
tr|A0A8M1P5N6|A0A8M1P5N6_DANRE	A0A8M1P5N6	A0A8M1P5N6_DANRE	krt4	497	false	false	Danio rerio	keratin 4	1:Experimental evidence at protein level	11.47	1.0000	0.9990	0.00000000000000	7	2	3	8	1	3	1.07453464E8	8721046.0	1.6770084E7			
tr|A0A8M1P7E4|A0A8M1P7E4_DANRE	A0A8M1P7E4	A0A8M1P7E4_DANRE	cox5ab	138	false	false	Danio rerio	Cytochrome c oxidase subunit 5A, mitochondrial	1:Experimental evidence at protein level	36.96	1.0000	0.9990	0.00000000000000	5	2	2	6	2	2	3.5019736E7	3915833.0	3915833.0			
tr|A0A8M1P8J0|A0A8M1P8J0_DANRE	A0A8M1P8J0	A0A8M1P8J0_DANRE	drada	1381	false	false	Danio rerio	Adenosine deaminase RNA-specific	1:Experimental evidence at protein level	0.80	1.0000	0.9990	0.00000000000000	2	2	2	1	1	1	5465562.0	5465562.0	5465562.0			
tr|A0A8M1P8U9|A0A8M1P8U9_DANRE	A0A8M1P8U9	A0A8M1P8U9_DANRE	si:ch211-114n24.6	451	false	false	Danio rerio	Tubulin alpha chain	3:Protein inferred from homology	52.33	1.0000	0.9990	0.00000000000000	21	0	8	32	0	14	2.85311488E8	0	2.16796928E8	15C(57.0215),15C(57.0215),22M(15.9949),8C(57.0215),8C(57.0215),9C(57.0215),9C(57.0215)		
tr|A0A8M1P8Z3|A0A8M1P8Z3_DANRE	A0A8M1P8Z3	A0A8M1P8Z3_DANRE	ddx39aa	427	false	false	Danio rerio	RNA helicase	1:Experimental evidence at protein level	7.49	1.0000	0.9990	0.00000000000000	3	1	1	3	1	1	4694109.0	1415500.6	1415500.6			
tr|A0A8M1P9F3|A0A8M1P9F3_DANRE	A0A8M1P9F3	A0A8M1P9F3_DANRE	gucy2d	1137	false	false	Danio rerio	Guanylate cyclase	3:Protein inferred from homology	2.11	1.0000	0.9969	0.00000000000000	2	0	2	2	0	2	2352378.0	0	2352378.0			tr|A0A8M2BCH5|A0A8M2BCH5_DANRE
tr|A0A8M1PDN1|A0A8M1PDN1_DANRE	A0A8M1PDN1	A0A8M1PDN1_DANRE	bsg	392	false	false	Danio rerio	basigin isoform 1 precursor	1:Experimental evidence at protein level	7.65	1.0000	0.9990	0.00000000000000	3	3	3	4	4	4	1.1626267E7	1.1626267E7	1.1626267E7			
tr|A0A8M1PFC4|A0A8M1PFC4_DANRE	A0A8M1PFC4	A0A8M1PFC4_DANRE	npm1a	279	false	false	Danio rerio	Nucleophosmin	1:Experimental evidence at protein level	7.53	1.0000	0.9990	0.00000000000000	3	3	3	2	2	2	8731750.0	8731750.0	8731750.0	3C(57.0215)		
tr|A0A8M1PFH7|A0A8M1PFH7_DANRE	A0A8M1PFH7	A0A8M1PFH7_DANRE	phgdh	528	false	false	Danio rerio	D-3-phosphoglycerate dehydrogenase	1:Experimental evidence at protein level	1.70	1.0000	0.9990	0.00000000000000	1	1	1	1	1	1	1161306.0	1161306.0	1161306.0			
tr|A0A8M1PFY0|A0A8M1PFY0_DANRE	A0A8M1PFY0	A0A8M1PFY0_DANRE	nedd8	89	false	false	Danio rerio	NEDD8	3:Protein inferred from homology	15.73	1.0000	0.9990	0.00000000000000	1	0	1	1	0	1	709663.75	0	709663.75			tr|Q6DGU4|Q6DGU4_DANRE
tr|A0A8M1PHY6|A0A8M1PHY6_DANRE	A0A8M1PHY6	A0A8M1PHY6_DANRE	ssrp1a	705	false	false	Danio rerio	FACT complex subunit SSRP1	1:Experimental evidence at protein level	1.99	1.0000	0.9990	0.00000000000000	1	1	1	1	1	1	1552675.2	1552675.2	1552675.2	N-term(42.0106)		
tr|A0A8M1PII2|A0A8M1PII2_DANRE	A0A8M1PII2	A0A8M1PII2_DANRE	acadm	426	false	false	Danio rerio	Medium-chain specific acyl-CoA dehydrogenase, mitochondrial	1:Experimental evidence at protein level	5.87	1.0000	0.9990	0.00000000000000	2	2	2	2	2	2	1942152.2	1942152.2	1942152.2			
tr|A0A8M1PUI6|A0A8M1PUI6_DANRE	A0A8M1PUI6	A0A8M1PUI6_DANRE	si:dkey-23a13.9	201	false	false	Danio rerio	histone H1-like	3:Protein inferred from homology	38.81	1.0000	0.9990	0.00000000000000	13	0	2	17	0	4	3.19263424E8	0	5447879.0	N-term(42.0106),N-term(42.0106)		tr|A0A8N7TF89|A0A8N7TF89_DANRE, tr|A0A8N7URG1|A0A8N7URG1_DANRE
tr|A0A8M1PZK0|A0A8M1PZK0_DANRE	A0A8M1PZK0	A0A8M1PZK0_DANRE	cox5b1	134	false	false	Danio rerio	cytochrome c oxidase subunit 5B, mitochondrial-like	1:Experimental evidence at protein level	18.66	1.0000	0.9990	0.00000000000000	2	1	1	1	1	1	1874697.0	0	0	4C(57.0215),6C(57.0215)		
tr|A0A8M1QUS6|A0A8M1QUS6_DANRE	A0A8M1QUS6	A0A8M1QUS6_DANRE	myh9b	1698	false	false	Danio rerio	myosin-9 isoform X1	1:Experimental evidence at protein level	0.94	1.0000	0.9990	0.00000000000000	2	0	0	2	0	0	1962585.5	0	0			
tr|A0A8M1RJJ4|A0A8M1RJJ4_DANRE	A0A8M1RJJ4	A0A8M1RJJ4_DANRE	lsm3	102	false	false	Danio rerio	U6 snRNA-associated Sm-like protein LSm3	1:Experimental evidence at protein level	11.76	1.0000	0.9990	0.00000000000000	1	1	1	1	1	1	1023552.1	1023552.1	1023552.1			
tr|A0A8M1RLA4|A0A8M1RLA4_DANRE	A0A8M1RLA4	A0A8M1RLA4_DANRE	si:ch73-36p18.1	204	false	false	Danio rerio	histone H1-like	3:Protein inferred from homology	37.25	1.0000	0.9990	0.00000000000000	12	0	5	15	0	6	3.93233472E8	0	1.7310136E8	N-term(42.0106),N-term(42.0106)		tr|A0A8M1RS22|A0A8M1RS22_DANRE
tr|A0A8M1RM42|A0A8M1RM42_DANRE	A0A8M1RM42	A0A8M1RM42_DANRE	dpysl2a	573	false	false	Danio rerio	dihydropyrimidinase-related protein 2	1:Experimental evidence at protein level	13.61	1.0000	0.9990	0.00000000000000	8	4	4	6	3	3	1.0428074E7	2833757.5	2833757.5	1M(15.9949),8C(57.0215)		
tr|A0A8M1RSM5|A0A8M1RSM5_DANRE	A0A8M1RSM5	A0A8M1RSM5_DANRE	si:ch73-368j24.12	201	false	false	Danio rerio	histone H1-like	3:Protein inferred from homology	38.81	1.0000	0.9990	0.00000000000000	13	0	12	17	0	16	3.19263424E8	0	3.19263424E8	N-term(42.0106),N-term(42.0106)		tr|A0A8M2BG38|A0A8M2BG38_DANRE
tr|A0A8M2B1N6|A0A8M2B1N6_DANRE	A0A8M2B1N6	A0A8M2B1N6_DANRE	synj1	1612	false	false	Danio rerio	phosphoinositide 5-phosphatase	1:Experimental evidence at protein level	1.43	1.0000	0.9984	0.00000000000000	1	1	1	1	1	1	626938.7	626938.7	626938.7			
tr|A0A8M2B1U6|A0A8M2B1U6_DANRE	A0A8M2B1U6	A0A8M2B1U6_DANRE	dpysl2b	643	false	false	Danio rerio	dihydropyrimidinase-related protein 2 isoform X1	1:Experimental evidence at protein level	15.55	1.0000	0.9990	0.00000000000000	9	4	8	9	4	9	1.5035318E7	9918158.0	1.429289E7	14M(15.9949),1M(15.9949),8C(57.0215)		
tr|A0A8M2B284|A0A8M2B284_DANRE	A0A8M2B284	A0A8M2B284_DANRE	magi1b	1625	false	false	Danio rerio	membrane-associated guanylate kinase, WW and PDZ domain-containing protein 1 isoform X1	1:Experimental evidence at protein level	0.92	1.0000	0.9978	0.00000000000000	2	2	2	1	1	1	2.1539606E7	2.1539606E7	2.1539606E7			
tr|A0A8M2B296|A0A8M2B296_DANRE	A0A8M2B296	A0A8M2B296_DANRE	cct8	558	false	false	Danio rerio	T-complex protein 1 subunit theta	1:Experimental evidence at protein level	1.97	1.0000	0.9990	0.00000000000000	1	1	1	1	1	1	1807537.5	1807537.5	1807537.5			
tr|A0A8M2B2E6|A0A8M2B2E6_DANRE	A0A8M2B2E6	A0A8M2B2E6_DANRE	camk2g1	627	false	false	Danio rerio	calcium/calmodulin-dependent protein kinase	1:Experimental evidence at protein level	5.26	1.0000	0.9990	0.00000000000000	3	1	2	3	1	2	2190039.8	0	766309.1			
tr|A0A8M2B2Q3|A0A8M2B2Q3_DANRE	A0A8M2B2Q3	A0A8M2B2Q3_DANRE	atp2a1l	993	false	false	Danio rerio	Calcium-transporting ATPase	1:Experimental evidence at protein level	8.36	1.0000	0.9982	0.00000000000000	8	0	0	7	0	0	2.9107634E7	0	0			
tr|A0A8M2B343|A0A8M2B343_DANRE	A0A8M2B343	A0A8M2B343_DANRE	rps24	133	false	false	Danio rerio	40S ribosomal protein S24	1:Experimental evidence at protein level	20.30	1.0000	0.9990	0.00000000000000	2	2	2	3	3	3	1.6649543E7	1.6649543E7	1.6649543E7	6M(15.9949)		
tr|A0A8M2B3J4|A0A8M2B3J4_DANRE	A0A8M2B3J4	A0A8M2B3J4_DANRE	cltcb	1685	false	false	Danio rerio	Clathrin heavy chain	1:Experimental evidence at protein level	8.07	1.0000	0.9990	0.00000000000000	14	1	1	11	1	1	7527171.0	1485697.8	1485697.8			
tr|A0A8M2B3U1|A0A8M2B3U1_DANRE	A0A8M2B3U1	A0A8M2B3U1_DANRE	actn1	924	false	false	Danio rerio	alpha-actinin-1 isoform X5	1:Experimental evidence at protein level	1.30	1.0000	0.9990	0.00000000000000	1	0	0	1	0	0	0	0	0			
tr|A0A8M2B460|A0A8M2B460_DANRE	A0A8M2B460	A0A8M2B460_DANRE	sri	190	false	false	Danio rerio	sorcin isoform X1	1:Experimental evidence at protein level	6.32	1.0000	0.9990	0.00000000000000	1	1	1	1	1	1	0	0	0	10C(57.0215),9C(57.0215)		
tr|A0A8M2B505|A0A8M2B505_DANRE	A0A8M2B505	A0A8M2B505_DANRE	si:ch211-113g11.6	632	false	false	Danio rerio	si:ch211-113g11.6 isoform X1	1:Experimental evidence at protein level	3.32	1.0000	0.9990	0.00000000000000	2	2	2	2	2	2	366205.38	366205.38	366205.38	8C(57.0215)		
tr|A0A8M2B701|A0A8M2B701_DANRE	A0A8M2B701	A0A8M2B701_DANRE	crmp1	674	false	false	Danio rerio	dihydropyrimidinase-related protein 1 isoform X1	1:Experimental evidence at protein level	3.41	1.0000	0.9990	0.00000000000000	3	1	1	3	0	0	6200319.5	427757.7	427757.7			
tr|A0A8M2B733|A0A8M2B733_DANRE	A0A8M2B733	A0A8M2B733_DANRE	wu:fc21g02	462	false	false	Danio rerio	uncharacterized protein wu:fc21g02 isoform X1	1:Experimental evidence at protein level	3.25	1.0000	0.9990	0.00000000000000	1	1	1	1	1	1	1.7000494E7	1.7000494E7	1.7000494E7			
tr|A0A8M2B7H0|A0A8M2B7H0_DANRE	A0A8M2B7H0	A0A8M2B7H0_DANRE	apobb.1	3739	false	false	Danio rerio	apolipoprotein Bb, tandem duplicate 1 isoform X1	1:Experimental evidence at protein level	3.16	1.0000	0.9990	0.00000000000000	10	10	10	10	10	10	7321415.0	7321415.0	7321415.0			
tr|A0A8M2B848|A0A8M2B848_DANRE	A0A8M2B848	A0A8M2B848_DANRE	atp2a2b	1041	false	false	Danio rerio	Calcium-transporting ATPase	1:Experimental evidence at protein level	9.41	1.0000	0.9990	0.00000000000000	9	2	2	8	2	2	1.2416073E7	0	0	21C(57.0215),8M(15.9949)		
tr|A0A8M2B912|A0A8M2B912_DANRE	A0A8M2B912	A0A8M2B912_DANRE	emc1	967	false	false	Danio rerio	ER membrane protein complex subunit 1	1:Experimental evidence at protein level	1.45	1.0000	0.9989	0.00000000000000	1	1	1	1	1	1	685506.5	685506.5	685506.5			
tr|A0A8M2BB12|A0A8M2BB12_DANRE	A0A8M2BB12	A0A8M2BB12_DANRE	phb	309	false	false	Danio rerio	Prohibitin	1:Experimental evidence at protein level	32.36	1.0000	0.9990	0.00000000000000	9	9	9	10	10	10	3.4784288E7	3.4784288E7	3.4784288E7			
tr|A0A8M2BB25|A0A8M2BB25_DANRE	A0A8M2BB25	A0A8M2BB25_DANRE	atp6v0a1a	840	false	false	Danio rerio	V-type proton ATPase subunit a	1:Experimental evidence at protein level	7.38	1.0000	0.9990	0.00000000000000	7	3	3	5	2	2	1.3506472E7	1.1508634E7	1.1508634E7			
tr|A0A8M2BCL1|A0A8M2BCL1_DANRE	A0A8M2BCL1	A0A8M2BCL1_DANRE	gnb2	344	false	false	Danio rerio	guanine nucleotide-binding protein G(I)/G(S)/G(T) subunit beta-2 isoform X1	1:Experimental evidence at protein level	6.10	1.0000	0.9990	0.00000000000000	2	0	0	2	0	0	3024719.2	0	0			
tr|A0A8M2BCV1|A0A8M2BCV1_DANRE	A0A8M2BCV1	A0A8M2BCV1_DANRE	dnm1b	859	false	false	Danio rerio	dynamin GTPase	1:Experimental evidence at protein level	2.44	1.0000	0.9990	0.00000000000000	1	0	0	1	0	0	2175472.8	0	0			
tr|A0A8M2BEA2|A0A8M2BEA2_DANRE	A0A8M2BEA2	A0A8M2BEA2_DANRE	vdac3	319	false	false	Danio rerio	voltage-dependent anion-selective channel protein 3 isoform X1	1:Experimental evidence at protein level	51.72	1.0000	0.9990	0.00000000000000	16	16	16	23	23	23	9.121652E7	9.121652E7	9.121652E7	6M(15.9949),6M(15.9949),8M(15.9949)		
tr|A0A8M2BG93|A0A8M2BG93_DANRE	A0A8M2BG93	A0A8M2BG93_DANRE	psmc3	427	false	false	Danio rerio	26S protease regulatory subunit 6A isoform X1	1:Experimental evidence at protein level	3.51	1.0000	0.9990	0.00000000000000	1	1	1	1	1	1	1287242.8	1287242.8	1287242.8			
tr|A0A8M2BGP7|A0A8M2BGP7_DANRE	A0A8M2BGP7	A0A8M2BGP7_DANRE	hp1bp3	595	false	false	Danio rerio	heterochromatin protein 1-binding protein 3 isoform X1	1:Experimental evidence at protein level	8.07	1.0000	0.9990	0.00000000000000	4	4	4	4	4	4	6607246.5	6607246.5	6607246.5	12C(57.0215)		
tr|A0A8M2BI26|A0A8M2BI26_DANRE	A0A8M2BI26	A0A8M2BI26_DANRE	si:dkey-108k21.21	271	false	false	Danio rerio	histone H1-like	1:Experimental evidence at protein level	22.88	1.0000	0.9990	0.00000000000000	10	1	1	12	1	1	3.93233472E8	2790816.8	2790816.8			
tr|A0A8M2BJ13|A0A8M2BJ13_DANRE	A0A8M2BJ13	A0A8M2BJ13_DANRE	nap1l1	396	false	false	Danio rerio	nucleosome assembly protein 1-like 1 isoform X1	1:Experimental evidence at protein level	2.78	1.0000	0.9990	0.00000000000000	2	1	2	1	1	1	1815034.9	0	1815034.9			
tr|A0A8M2BJ50|A0A8M2BJ50_DANRE	A0A8M2BJ50	A0A8M2BJ50_DANRE	btf3	196	false	false	Danio rerio	Transcription factor BTF3	1:Experimental evidence at protein level	9.69	1.0000	0.9990	0.00000000000000	1	1	1	1	1	1	4355666.0	4355666.0	4355666.0			
tr|A0A8M2BKD3|A0A8M2BKD3_DANRE	A0A8M2BKD3	A0A8M2BKD3_DANRE	npm1b	316	false	false	Danio rerio	Nucleophosmin	1:Experimental evidence at protein level	8.86	1.0000	0.9990	0.00000000000000	1	1	1	1	1	1	496608.5	496608.5	496608.5			
tr|A0A8M2BKF1|A0A8M2BKF1_DANRE	A0A8M2BKF1	A0A8M2BKF1_DANRE	ctbp1	498	false	false	Danio rerio	C-terminal binding protein 1 isoform X1	1:Experimental evidence at protein level	8.43	1.0000	0.9990	0.00000000000000	3	1	3	3	1	3	3083989.8	0	3083989.8			
tr|A0A8M3AIS0|A0A8M3AIS0_DANRE	A0A8M3AIS0	A0A8M3AIS0_DANRE	slc8a2b	967	false	false	Danio rerio	sodium/calcium exchanger 2 isoform X1	1:Experimental evidence at protein level	1.86	1.0000	0.9988	0.00000000000000	2	2	2	1	1	1	4148800.8	4148800.8	4148800.8			
tr|A0A8M3AK57|A0A8M3AK57_DANRE	A0A8M3AK57	A0A8M3AK57_DANRE	meis2a	409	false	false	Danio rerio	homeobox protein Meis2 isoform X1	1:Experimental evidence at protein level	5.13	1.0000	0.9989	0.00000000000000	1	0	0	1	0	0	0	0	0			
tr|A0A8M3AL15|A0A8M3AL15_DANRE	A0A8M3AL15	A0A8M3AL15_DANRE	cad	2256	false	false	Danio rerio	CAD protein	1:Experimental evidence at protein level	0.49	1.0000	0.9990	0.00000000000000	1	1	1	1	1	1	0	0	0			
tr|A0A8M3ALJ0|A0A8M3ALJ0_DANRE	A0A8M3ALJ0	A0A8M3ALJ0_DANRE	xpo1a	1071	false	false	Danio rerio	exportin-1	1:Experimental evidence at protein level	2.24	1.0000	0.9990	0.00000000000000	2	0	0	2	0	0	1178230.5	0	0			
tr|A0A8M3APD8|A0A8M3APD8_DANRE	A0A8M3APD8	A0A8M3APD8_DANRE	wu:fb14d09	516	false	false	Danio rerio	aldehyde dehydrogenase, mitochondrial	3:Protein inferred from homology	5.43	1.0000	0.9990	0.00000000000000	3	0	3	3	0	3	4433146.0	0	4433146.0	2M(15.9949)		tr|Q6TH48|Q6TH48_DANRE
tr|A0A8M3AQD6|A0A8M3AQD6_DANRE	A0A8M3AQD6	A0A8M3AQD6_DANRE	si:dkeyp-77h1.4	731	false	false	Danio rerio	Si:dkeyp-77h1.4	1:Experimental evidence at protein level	2.05	1.0000	0.9990	0.00000000000000	1	1	1	1	1	1	0	0	0			
tr|A0A8M3AQG4|A0A8M3AQG4_DANRE	A0A8M3AQG4	A0A8M3AQG4_DANRE	myh14	2065	false	false	Danio rerio	myosin-10 isoform X1	1:Experimental evidence at protein level	0.44	1.0000	0.9990	0.00000000000000	1	0	0	1	0	0	901008.9	0	0			
tr|A0A8M3AR55|A0A8M3AR55_DANRE	A0A8M3AR55	A0A8M3AR55_DANRE	syne1b	8816	false	false	Danio rerio	nesprin-1 isoform X1	1:Experimental evidence at protein level	0.23	1.0000	0.9976	0.00000000000000	1	1	1	1	1	1	0	0	0			
tr|A0A8M3ASI2|A0A8M3ASI2_DANRE	A0A8M3ASI2	A0A8M3ASI2_DANRE	arvcfb	1048	false	false	Danio rerio	armadillo repeat protein deleted in velo-cardio-facial syndrome isoform X1	1:Experimental evidence at protein level	0.86	1.0000	0.9973	0.00000000000000	1	1	1	1	1	1	4479859.5	4479859.5	4479859.5			
tr|A0A8M3ATS9|A0A8M3ATS9_DANRE	A0A8M3ATS9	A0A8M3ATS9_DANRE	ncam1a	1010	false	false	Danio rerio	neural cell adhesion molecule 1 isoform X1	1:Experimental evidence at protein level	12.28	1.0000	0.9990	0.00000000000000	7	7	7	7	7	7	1.5933527E7	1.5933527E7	1.5933527E7	12C(57.0215),4C(57.0215)		
tr|A0A8M3AVV6|A0A8M3AVV6_DANRE	A0A8M3AVV6	A0A8M3AVV6_DANRE	wdr37	522	false	false	Danio rerio	WD repeat-containing protein 37 isoform X1	1:Experimental evidence at protein level	2.30	1.0000	0.9990	0.00000000000000	1	1	1	1	1	1	359801.28	359801.28	359801.28			
tr|A0A8M3AW90|A0A8M3AW90_DANRE	A0A8M3AW90	A0A8M3AW90_DANRE	map2	1741	false	false	Danio rerio	Microtubule-associated protein	1:Experimental evidence at protein level	1.61	1.0000	0.9990	0.00000000000000	1	1	1	1	1	1	0	0	0			
tr|A0A8M3AWP8|A0A8M3AWP8_DANRE	A0A8M3AWP8	A0A8M3AWP8_DANRE	zgc:109965	608	false	false	Danio rerio	uncharacterized protein LOC619266 isoform X1	3:Protein inferred from homology	3.29	1.0000	0.9973	0.00000000000000	2	2	2	2	2	2	1901595.6	1901595.6	1901595.6			
tr|A0A8M3AWS2|A0A8M3AWS2_DANRE	A0A8M3AWS2	A0A8M3AWS2_DANRE	cltca	1685	false	false	Danio rerio	Clathrin heavy chain	1:Experimental evidence at protein level	9.79	1.0000	0.9990	0.00000000000000	16	3	16	13	3	13	7527171.0	2000507.2	7527171.0	14C(57.0215),6C(57.0215)		
tr|A0A8M3AWW3|A0A8M3AWW3_DANRE	A0A8M3AWW3	A0A8M3AWW3_DANRE	kpnb3	1093	false	false	Danio rerio	importin-5 isoform X1	1:Experimental evidence at protein level	0.91	1.0000	0.9990	0.00000000000000	1	1	1	1	1	1	450604.1	450604.1	450604.1	2C(57.0215)		
tr|A0A8M3AXB0|A0A8M3AXB0_DANRE	A0A8M3AXB0	A0A8M3AXB0_DANRE	camk2b	537	false	false	Danio rerio	calcium/calmodulin-dependent protein kinase	1:Experimental evidence at protein level	4.66	1.0000	0.9990	0.00000000000000	2	0	0	2	0	0	2190039.8	0	0			
tr|A0A8M3AXL2|A0A8M3AXL2_DANRE	A0A8M3AXL2	A0A8M3AXL2_DANRE	hcfc1a	1802	false	false	Danio rerio	host cell factor C1a isoform X1	1:Experimental evidence at protein level	1.78	1.0000	0.9990	0.00000000000000	2	0	2	1	0	1	6266783.5	0	6266783.5	3C(57.0215),9C(57.0215)		
tr|A0A8M3AYA7|A0A8M3AYA7_DANRE	A0A8M3AYA7	A0A8M3AYA7_DANRE	elavl3	366	false	false	Danio rerio	ELAV-like protein	1:Experimental evidence at protein level	1.91	1.0000	0.9990	0.00000000000000	1	0	0	1	0	0	236959.56	0	0			
tr|A0A8M3AYX3|A0A8M3AYX3_DANRE	A0A8M3AYX3	A0A8M3AYX3_DANRE	atp6v0a1b	868	false	false	Danio rerio	V-type proton ATPase subunit a	1:Experimental evidence at protein level	8.41	1.0000	0.9990	0.00000000000000	8	4	8	10	7	10	4.3386292E7	4.3386292E7	4.3386292E7	6C(57.0215),6M(15.9949),6M(15.9949),7M(15.9949)		
tr|A0A8M3B016|A0A8M3B016_DANRE	A0A8M3B016	A0A8M3B016_DANRE	krt1-c5	441	false	false	Danio rerio	uncharacterized protein LOC767716 isoform X1	3:Protein inferred from homology	1.59	1.0000	0.9990	0.00000000000000	1	0	0	1	0	0	1278044.2	0	0			
tr|A0A8M3B020|A0A8M3B020_DANRE	A0A8M3B020	A0A8M3B020_DANRE	eif4g1a	1640	false	false	Danio rerio	eukaryotic translation initiation factor 4 gamma 1 isoform X1	1:Experimental evidence at protein level	0.61	1.0000	0.9988	0.00000000000000	1	0	1	1	0	1	0	0	0			
tr|A0A8M3B0S8|A0A8M3B0S8_DANRE	A0A8M3B0S8	A0A8M3B0S8_DANRE	cacna2d2a	1109	false	false	Danio rerio	voltage-dependent calcium channel subunit alpha-2/delta-2 isoform X1	1:Experimental evidence at protein level	1.08	1.0000	0.9989	0.00000000000000	1	1	1	1	1	1	562661.7	562661.7	562661.7			
tr|A0A8M3B2G2|A0A8M3B2G2_DANRE	A0A8M3B2G2	A0A8M3B2G2_DANRE	LOC563561	582	false	false	Danio rerio	myc box-dependent-interacting protein 1-like isoform X1	1:Experimental evidence at protein level	2.92	1.0000	0.9990	0.00000000000000	1	1	1	1	1	1	0	0	0			
tr|A0A8M3B3F1|A0A8M3B3F1_DANRE	A0A8M3B3F1	A0A8M3B3F1_DANRE	epb41a	670	false	false	Danio rerio	Protein 4.1	1:Experimental evidence at protein level	1.94	1.0000	0.9990	0.00000000000000	1	1	1	1	1	1	1309168.4	1309168.4	1309168.4	9C(57.0215)		
tr|A0A8M3B3U9|A0A8M3B3U9_DANRE	A0A8M3B3U9	A0A8M3B3U9_DANRE	si:ch1073-153i20.4	201	false	false	Danio rerio	histone H1-like	3:Protein inferred from homology	38.81	1.0000	0.9990	0.00000000000000	13	1	1	17	2	2	3.19263424E8	1557678.8	1557678.8	N-term(42.0106),N-term(42.0106)		
tr|A0A8M3BA62|A0A8M3BA62_DANRE	A0A8M3BA62	A0A8M3BA62_DANRE	myh10	2014	false	false	Danio rerio	myosin-10 isoform X1	1:Experimental evidence at protein level	4.62	1.0000	0.9990	0.00000000000000	7	5	6	7	5	6	3548908.0	1586322.5	2647899.0			
tr|A0A8M3BBK0|A0A8M3BBK0_DANRE	A0A8M3BBK0	A0A8M3BBK0_DANRE	gcn1	2669	false	false	Danio rerio	eIF-2-alpha kinase activator GCN1	1:Experimental evidence at protein level	0.41	1.0000	0.9990	0.00000000000000	1	1	1	1	1	1	0	0	0			
tr|A0A8M6YVI4|A0A8M6YVI4_DANRE	A0A8M6YVI4	A0A8M6YVI4_DANRE	srsf10a	227	false	false	Danio rerio	serine/arginine-rich splicing factor 10-like isoform X1	4:Protein predicted	7.05	1.0000	0.9990	0.00000000000000	1	1	1	1	1	1	0	0	0			
tr|A0A8M6YYI1|A0A8M6YYI1_DANRE	A0A8M6YYI1	A0A8M6YYI1_DANRE	si:dkey-261m9.12	199	false	false	Danio rerio	histone H1-like	1:Experimental evidence at protein level	33.17	1.0000	0.9990	0.00000000000000	13	3	6	16	1	7	4.28997504E8	4.4146468E7	2.30711264E8	N-term(42.0106),N-term(42.0106),N-term(42.0106)		
tr|A0A8M6Z1M4|A0A8M6Z1M4_DANRE	A0A8M6Z1M4	A0A8M6Z1M4_DANRE	LOC570405	242	false	false	Danio rerio	histone H3-like	3:Protein inferred from homology	39.26	1.0000	0.9990	0.00000000000000	25	0	25	35	0	35	1.48895782E9	0	1.48895782E9	5M(15.9949),5M(15.9949),5M(15.9949),5M(15.9949),6M(15.9949),6M(15.9949),6M(15.9949)		
tr|A0A8M6Z292|A0A8M6Z292_DANRE	A0A8M6Z292	A0A8M6Z292_DANRE	nme2b.1	164	false	false	Danio rerio	Nucleoside diphosphate kinase	1:Experimental evidence at protein level	52.44	1.0000	0.9990	0.00000000000000	6	4	6	9	6	9	2.598614E7	2.2016602E7	2.598614E7	2C(57.0215),2M(15.9949),4C(57.0215)		
tr|A0A8M6Z2B4|A0A8M6Z2B4_DANRE	A0A8M6Z2B4	A0A8M6Z2B4_DANRE	ckba	385	false	false	Danio rerio	creatine kinase	1:Experimental evidence at protein level	21.82	1.0000	0.9927	0.00027901785714	6	1	1	6	1	1	1.2787018E7	0	0			
tr|A0A8M6Z3P2|A0A8M6Z3P2_DANRE	A0A8M6Z3P2	A0A8M6Z3P2_DANRE	zgc:153867	209	false	false	Danio rerio	myosin light chain alkali, smooth-muscle isoform isoform X4	1:Experimental evidence at protein level	6.22	1.0000	0.9990	0.00000000000000	1	0	1	1	0	1	2336008.2	0	2336008.2			
tr|A0A8M6Z3Q4|A0A8M6Z3Q4_DANRE	A0A8M6Z3Q4	A0A8M6Z3Q4_DANRE	stom	305	false	false	Danio rerio	erythrocyte band 7 integral membrane protein isoform X1	1:Experimental evidence at protein level	3.93	1.0000	0.9990	0.00000000000000	1	0	1	1	0	1	985357.5	0	985357.5			
tr|A0A8M6Z447|A0A8M6Z447_DANRE	A0A8M6Z447	A0A8M6Z447_DANRE	LOC100333227	786	false	false	Danio rerio	carnitine O-palmitoyltransferase	1:Experimental evidence at protein level	1.02	1.0000	0.9989	0.00000000000000	1	1	1	1	1	1	1378801.9	1378801.9	1378801.9			
tr|A0A8M6Z7Z5|A0A8M6Z7Z5_DANRE	A0A8M6Z7Z5	A0A8M6Z7Z5_DANRE	LOC569982	200	false	false	Danio rerio	histone H1-like	3:Protein inferred from homology	33.00	1.0000	0.9990	0.00000000000000	10	0	10	14	0	14	7.0274152E7	0	7.0274152E7	N-term(42.0106),N-term(42.0106),N-term(42.0106)		tr|A4QN90|A4QN90_DANRE
tr|A0A8M9NZA4|A0A8M9NZA4_DANRE	A0A8M9NZA4	A0A8M9NZA4_DANRE	gnb4a	340	false	false	Danio rerio	guanine nucleotide-binding protein subunit beta-4	1:Experimental evidence at protein level	9.41	1.0000	0.9990	0.00000000000000	3	0	0	3	0	0	1.2507951E7	0	0			
tr|A0A8M9PEX3|A0A8M9PEX3_DANRE	A0A8M9PEX3	A0A8M9PEX3_DANRE	nsfa	747	false	false	Danio rerio	Vesicle-fusing ATPase	1:Experimental evidence at protein level	7.36	1.0000	0.9990	0.00000000000000	4	2	4	4	2	4	6296232.5	2321868.5	6296232.5	10C(57.0215),19C(57.0215),5C(57.0215)		
tr|A0A8M9PJL9|A0A8M9PJL9_DANRE	A0A8M9PJL9	A0A8M9PJL9_DANRE	dnm1a	854	false	false	Danio rerio	dynamin GTPase	1:Experimental evidence at protein level	2.46	1.0000	0.9990	0.00000000000000	1	0	1	1	0	1	2175472.8	0	2175472.8	10C(57.0215),20C(57.0215)		
tr|A0A8M9PJW6|A0A8M9PJW6_DANRE	A0A8M9PJW6	A0A8M9PJW6_DANRE	wu:fd14a01	1936	false	false	Danio rerio	myosin heavy chain, fast skeletal muscle	1:Experimental evidence at protein level	33.99	1.0000	0.9990	0.00000000000000	76	5	23	94	6	27	1.65737184E8	9411549.0	1.10292528E8	11M(15.9949),14M(15.9949),22M(15.9949),5M(15.9949),6M(15.9949),7M(15.9949),7M(15.9949)		
tr|A0A8M9PKU7|A0A8M9PKU7_DANRE	A0A8M9PKU7	A0A8M9PKU7_DANRE	atp1b2a	293	false	false	Danio rerio	Sodium/potassium-transporting ATPase subunit beta	1:Experimental evidence at protein level	8.19	1.0000	0.9990	0.00000000000000	2	2	2	2	2	2	3192894.2	3192894.2	3192894.2	6C(57.0215)		
tr|A0A8M9PP44|A0A8M9PP44_DANRE	A0A8M9PP44	A0A8M9PP44_DANRE	LOC100538266	178	false	false	Danio rerio	Nucleoside diphosphate kinase	3:Protein inferred from homology	19.66	1.0000	0.9990	0.00000000000000	3	0	3	3	0	3	4026607.5	0	4026607.5	2M(15.9949)		tr|Q6PC37|Q6PC37_DANRE
tr|A0A8M9PPG9|A0A8M9PPG9_DANRE	A0A8M9PPG9	A0A8M9PPG9_DANRE	xpo1b	1071	false	false	Danio rerio	exportin-1	1:Experimental evidence at protein level	2.24	1.0000	0.9990	0.00000000000000	2	0	2	2	0	2	1178230.5	0	1178230.5			
tr|A0A8M9PQY4|A0A8M9PQY4_DANRE	A0A8M9PQY4	A0A8M9PQY4_DANRE	hcfc1b	1993	false	false	Danio rerio	host cell factor 1	1:Experimental evidence at protein level	2.36	1.0000	0.9990	0.00000000000000	3	1	1	2	1	1	1.2179272E7	5912489.0	5912489.0			
tr|A0A8M9PR47|A0A8M9PR47_DANRE	A0A8M9PR47	A0A8M9PR47_DANRE	LOC100329813	1938	false	false	Danio rerio	Myosin-7	1:Experimental evidence at protein level	16.98	1.0000	0.9976	0.00000000000000	34	0	0	41	0	0	1.11972432E8	0	0			
tr|A0A8M9PSZ1|A0A8M9PSZ1_DANRE	A0A8M9PSZ1	A0A8M9PSZ1_DANRE	tardbpl	396	false	false	Danio rerio	TAR DNA-binding protein 43	1:Experimental evidence at protein level	5.30	1.0000	0.9990	0.00000000000000	2	1	1	2	1	1	1747933.0	540986.1	540986.1			
tr|A0A8M9PTL3|A0A8M9PTL3_DANRE	A0A8M9PTL3	A0A8M9PTL3_DANRE	si:ch211-243g18.2	458	false	false	Danio rerio	uncharacterized protein LOC559906 isoform X1	1:Experimental evidence at protein level	1.53	1.0000	0.9990	0.00000000000000	1	0	0	1	0	0	1.2284788E8	0	0			
tr|A0A8M9PVC1|A0A8M9PVC1_DANRE	A0A8M9PVC1	A0A8M9PVC1_DANRE	celf5a	552	false	false	Danio rerio	CUGBP Elav-like family member 5 isoform X1	3:Protein inferred from homology	1.81	1.0000	0.9980	0.00000000000000	1	0	0	1	0	0	1494426.0	0	0			
tr|A0A8M9PVN0|A0A8M9PVN0_DANRE	A0A8M9PVN0	A0A8M9PVN0_DANRE	LOC100537594	1085	false	false	Danio rerio	myosin heavy chain, fast skeletal muscle-like	1:Experimental evidence at protein level	18.80	1.0000	0.9802	0.00161987041037	21	0	0	25	0	0	1.10874536E8	0	0			
tr|A0A8M9PZU3|A0A8M9PZU3_DANRE	A0A8M9PZU3	A0A8M9PZU3_DANRE	prkacaa	389	false	false	Danio rerio	cAMP-dependent protein kinase	1:Experimental evidence at protein level	3.08	1.0000	0.9990	0.00000000000000	1	0	1	1	0	1	1448987.0	0	1448987.0			tr|Q6DBV8|Q6DBV8_DANRE
tr|A0A8M9Q103|A0A8M9Q103_DANRE	A0A8M9Q103	A0A8M9Q103_DANRE	si:ch211-59d13.2	1135	false	false	Danio rerio	solute carrier family 12 member 5 isoform X1	1:Experimental evidence at protein level	0.97	1.0000	0.9990	0.00000000000000	1	0	1	2	0	2	2.2424538E7	0	2.2424538E7	6M(15.9949)		
tr|A0A8M9Q3H8|A0A8M9Q3H8_DANRE	A0A8M9Q3H8	A0A8M9Q3H8_DANRE	camk2b1	693	false	false	Danio rerio	calcium/calmodulin-dependent protein kinase	1:Experimental evidence at protein level	3.61	1.0000	0.9990	0.00000000000000	2	0	0	2	0	0	2190039.8	0	0			
tr|A0A8M9Q5E9|A0A8M9Q5E9_DANRE	A0A8M9Q5E9	A0A8M9Q5E9_DANRE	smarcc2	1036	false	false	Danio rerio	SWI/SNF complex subunit SMARCC2	1:Experimental evidence at protein level	1.16	1.0000	0.9990	0.00000000000000	1	0	0	1	0	0	0	0	0			
tr|A0A8M9Q636|A0A8M9Q636_DANRE	A0A8M9Q636	A0A8M9Q636_DANRE	tuba7l	468	false	false	Danio rerio	Tubulin alpha chain	1:Experimental evidence at protein level	28.21	1.0000	0.9990	0.00000000000000	12	0	0	22	0	0	2.25004192E8	0	0			
tr|A0A8M9Q700|A0A8M9Q700_DANRE	A0A8M9Q700	A0A8M9Q700_DANRE	pycr1b	362	false	false	Danio rerio	Pyrroline-5-carboxylate reductase	1:Experimental evidence at protein level	3.31	1.0000	0.9990	0.00000000000000	1	1	1	1	1	1	247345.0	247345.0	247345.0			
tr|A0A8M9Q8F2|A0A8M9Q8F2_DANRE	A0A8M9Q8F2	A0A8M9Q8F2_DANRE	dpysl4	675	false	false	Danio rerio	dihydropyrimidinase-related protein 4 isoform X1	1:Experimental evidence at protein level	3.41	1.0000	0.9990	0.00000000000000	2	1	1	2	1	1	5772562.0	0	0	1M(15.9949)		
tr|A0A8M9QCY6|A0A8M9QCY6_DANRE	A0A8M9QCY6	A0A8M9QCY6_DANRE	hnrnpa1a	445	false	false	Danio rerio	heterogeneous nuclear ribonucleoprotein A1 isoform X1	1:Experimental evidence at protein level	3.60	1.0000	0.9990	0.00000000000000	1	1	1	1	1	1	0	0	0			
tr|A0A8M9QDP5|A0A8M9QDP5_DANRE	A0A8M9QDP5	A0A8M9QDP5_DANRE	dynll1	137	false	false	Danio rerio	Dynein light chain	1:Experimental evidence at protein level	8.03	1.0000	0.9990	0.00000000000000	1	0	1	1	0	1	454807.34	0	454807.34	7C(57.0215)		
tr|A0A8M9QEC8|A0A8M9QEC8_DANRE	A0A8M9QEC8	A0A8M9QEC8_DANRE	myhc3	1937	false	false	Danio rerio	Myosin, heavy polypeptide 1.2, skeletal muscle	3:Protein inferred from homology	41.61	1.0000	0.9990	0.00000000000000	97	0	0	116	0	0	1.65737184E8	0	0			
tr|A0A8M9QF30|A0A8M9QF30_DANRE	A0A8M9QF30	A0A8M9QF30_DANRE	cltcl1	1606	false	false	Danio rerio	Clathrin heavy chain	1:Experimental evidence at protein level	2.24	1.0000	0.9988	0.00000000000000	3	0	0	3	0	0	1879952.8	0	0			
tr|A0A8M9QFE6|A0A8M9QFE6_DANRE	A0A8M9QFE6	A0A8M9QFE6_DANRE	myh11a	1983	false	false	Danio rerio	myosin-11 isoform X1	1:Experimental evidence at protein level	1.36	1.0000	0.9990	0.00000000000000	3	0	0	3	0	0	2720721.5	0	0			
tr|A0A8M9QH30|A0A8M9QH30_DANRE	A0A8M9QH30	A0A8M9QH30_DANRE	wu:fb53f05	923	false	false	Danio rerio	Actinin, alpha 4	1:Experimental evidence at protein level	1.30	1.0000	0.9990	0.00000000000000	1	0	1	1	0	1	0	0	0			
tr|A0A8M9QHC3|A0A8M9QHC3_DANRE	A0A8M9QHC3	A0A8M9QHC3_DANRE	slc4a5	1088	false	false	Danio rerio	Anion exchange protein	3:Protein inferred from homology	1.01	1.0000	0.9988	0.00000000000000	1	1	1	1	1	1	1626874.5	1626874.5	1626874.5			
tr|A0A8M9QK76|A0A8M9QK76_DANRE	A0A8M9QK76	A0A8M9QK76_DANRE	camk2g2	637	false	false	Danio rerio	calcium/calmodulin-dependent protein kinase	1:Experimental evidence at protein level	5.18	1.0000	0.9990	0.00000000000000	3	1	1	3	1	1	3103901.0	913861.4	913861.4	N-term(42.0106),6C(57.0215)		
tr|A0A8N7T7N7|A0A8N7T7N7_DANRE	A0A8N7T7N7	A0A8N7T7N7_DANRE	apoba	4418	false	false	Danio rerio	apolipoprotein B-100	1:Experimental evidence at protein level	0.68	1.0000	0.9989	0.00000000000000	2	2	2	2	2	2	3140609.0	3140609.0	3140609.0			
tr|A0A8N7T837|A0A8N7T837_DANRE	A0A8N7T837	A0A8N7T837_DANRE	larsb	1176	false	false	Danio rerio	leucine--tRNA ligase	1:Experimental evidence at protein level	0.77	1.0000	0.9990	0.00000000000000	1	1	1	1	1	1	0	0	0			
tr|A0A8N7TB50|A0A8N7TB50_DANRE	A0A8N7TB50	A0A8N7TB50_DANRE	btbd17a	486	false	false	Danio rerio	BTB/POZ domain-containing protein 17-like	4:Protein predicted	3.91	1.0000	0.9989	0.00000000000000	1	1	1	1	1	1	0	0	0			
tr|A0A8N7TBR8|A0A8N7TBR8_DANRE	A0A8N7TBR8	A0A8N7TBR8_DANRE	si:dkey-222f2.1	438	false	false	Danio rerio	keratin, type II cytoskeletal 8 isoform X1	1:Experimental evidence at protein level	2.51	1.0000	0.9989	0.00000000000000	1	0	0	1	0	0	4706915.5	0	0			
tr|A0A8N7TDX3|A0A8N7TDX3_DANRE	A0A8N7TDX3	A0A8N7TDX3_DANRE	nars	603	false	false	Danio rerio	asparagine--tRNA ligase	1:Experimental evidence at protein level	1.33	1.0000	0.9990	0.00000000000000	1	1	1	1	1	1	589006.8	589006.8	589006.8			
tr|A0A8N7TEC8|A0A8N7TEC8_DANRE	A0A8N7TEC8	A0A8N7TEC8_DANRE	tkta	628	false	false	Danio rerio	transketolase-like	1:Experimental evidence at protein level	5.10	1.0000	0.9990	0.00000000000000	4	4	4	3	3	3	3803206.5	3803206.5	3803206.5			
tr|A0A8N7UVM4|A0A8N7UVM4_DANRE	A0A8N7UVM4	A0A8N7UVM4_DANRE	eef2l2	861	false	false	Danio rerio	elongation factor 2	1:Experimental evidence at protein level	4.65	1.0000	0.9989	0.00000000000000	6	0	0	4	0	0	2.1836724E7	0	0			
tr|A0A8N7UZD7|A0A8N7UZD7_DANRE	A0A8N7UZD7	A0A8N7UZD7_DANRE	elavl1b	360	false	false	Danio rerio	ELAV-like protein	1:Experimental evidence at protein level	1.94	1.0000	0.9990	0.00000000000000	1	0	1	1	0	1	236959.56	0	236959.56			
tr|A1A5X7|A1A5X7_DANRE	A1A5X7	A1A5X7_DANRE	fa11g05	434	false	false	Danio rerio	TAF15 RNA polymerase II, TATA box-binding protein (TBP)-associated factor	1:Experimental evidence at protein level	3.69	1.0000	0.9990	0.00000000000000	1	0	1	1	0	1	402598.75	0	402598.75			
tr|A1L1Y0|A1L1Y0_DANRE	A1L1Y0	A1L1Y0_DANRE	trp2	513	false	false	Danio rerio	Dct protein	2:Experimental evidence at transcript level	4.68	1.0000	0.9990	0.00000000000000	2	2	2	2	2	2	2808889.8	2808889.8	2808889.8	2C(57.0215),3C(57.0215),5C(57.0215)		
tr|A1L257|A1L257_DANRE	A1L257	A1L257_DANRE	zgc:158660	322	false	false	Danio rerio	Sidoreflexin	1:Experimental evidence at protein level	4.04	1.0000	0.9990	0.00000000000000	1	1	1	1	1	1	0	0	0			
tr|A2AWE1|A2AWE1_DANRE	A2AWE1	A2AWE1_DANRE	hm:zehl0637	199	false	false	Danio rerio	Peroxiredoxin-1	1:Experimental evidence at protein level	38.19	1.0000	0.9990	0.00000000000000	8	3	6	9	4	6	2.89749792E8	9322344.0	2.32227696E8	3M(15.9949),N-term(42.0106)		
tr|A2BGE0|A2BGE0_DANRE	A2BGE0	A2BGE0_DANRE	si:rp71-10d23.3	605	false	false	Danio rerio	Si:rp71-10d23.3	1:Experimental evidence at protein level	2.81	1.0000	0.9990	0.00000000000000	2	0	0	2	0	0	894461.25	0	0			
tr|A2BGX6|A2BGX6_DANRE	A2BGX6	A2BGX6_DANRE	myhc4	1935	false	false	Danio rerio	Myosin heavy chain 4	1:Experimental evidence at protein level	38.24	1.0000	0.9973	0.00000000000000	89	0	0	106	0	0	1.65737184E8	0	0			
tr|A2BHA3|A2BHA3_DANRE	A2BHA3	A2BHA3_DANRE	CK-M	381	false	false	Danio rerio	creatine kinase	1:Experimental evidence at protein level	7.09	1.0000	0.9990	0.00000000000000	2	0	0	2	0	0	9693744.0	0	0			
tr|A2RV23|A2RV23_DANRE	A2RV23	A2RV23_DANRE	zgc:158677	689	false	false	Danio rerio	Zgc:158677 protein	2:Experimental evidence at transcript level	1.02	1.0000	0.9990	0.00000000000000	1	1	1	1	1	1	3035263.8	3035263.8	3035263.8			
tr|A3KMS4|A3KMS4_DANRE	A3KMS4	A3KMS4_DANRE	si:dkey-4c23.1	1358	false	false	Danio rerio	Vtg7 protein	1:Experimental evidence at protein level	0.81	1.0000	0.9990	0.00000000000000	2	0	0	1	0	0	3900327.8	0	0			
tr|A3KP44|A3KP44_DANRE	A3KP44	A3KP44_DANRE	fb59c09	260	false	false	Danio rerio	Zgc:162938 protein	1:Experimental evidence at protein level	9.23	1.0000	0.9990	0.00000000000000	3	3	3	2	2	2	3.7410944E7	3.7410944E7	3.7410944E7			
tr|A3KPI6|A3KPI6_DANRE	A3KPI6	A3KPI6_DANRE	si:ch211-288g17.3	378	false	false	Danio rerio	Si:ch211-288g17.3	4:Protein predicted	6.61	1.0000	0.9990	0.00000000000000	2	2	2	3	3	3	4447344.0	4447344.0	4447344.0			
tr|A4IG19|A4IG19_DANRE	A4IG19	A4IG19_DANRE	pygb	843	false	false	Danio rerio	Alpha-1,4 glucan phosphorylase	1:Experimental evidence at protein level	4.27	1.0000	0.9967	0.00000000000000	3	0	0	3	0	0	6005093.0	0	0			
tr|A4JYK9|A4JYK9_DANRE	A4JYK9	A4JYK9_DANRE	iglon5	332	false	false	Danio rerio	Zgc:110372	1:Experimental evidence at protein level	13.86	1.0000	0.9990	0.00000000000000	3	3	3	4	4	4	2189391.0	2189391.0	2189391.0	11C(57.0215),11C(57.0215),2M(15.9949)		
tr|A4UQV6|A4UQV6_DANRE	A4UQV6	A4UQV6_DANRE	slc8a4a	939	false	false	Danio rerio	Ncx4a	2:Experimental evidence at transcript level	4.58	1.0000	0.9990	0.00000000000000	2	2	2	2	2	2	1580118.2	1580118.2	1580118.2			
tr|A5A5E1|A5A5E1_DANRE	A5A5E1	A5A5E1_DANRE	zgc:194528	1253	false	false	Danio rerio	Cytoplasmic FMR1-interacting protein	1:Experimental evidence at protein level	0.88	1.0000	0.9989	0.00000000000000	1	1	1	1	1	1	722717.1	722717.1	722717.1			
tr|A5WWJ4|A5WWJ4_DANRE	A5WWJ4	A5WWJ4_DANRE	matn1	489	false	false	Danio rerio	Matrilin 1	4:Protein predicted	4.50	1.0000	0.9990	0.00000000000000	2	1	2	2	1	2	1148858.2	458340.0	1148858.2			
tr|A7E2K4|A7E2K4_DANRE	A7E2K4	A7E2K4_DANRE	rplp2l	114	false	false	Danio rerio	60S acidic ribosomal protein P2	1:Experimental evidence at protein level	22.81	1.0000	0.9990	0.00000000000000	2	2	2	2	2	2	5889262.0	5889262.0	5889262.0			
tr|A7E2K5|A7E2K5_DANRE	A7E2K5	A7E2K5_DANRE	crybb1l2	221	false	false	Danio rerio	Zgc:171773 protein	1:Experimental evidence at protein level	23.98	1.0000	0.9990	0.00000000000000	6	4	6	7	4	7	3.158488E7	1.2165842E7	3.158488E7	1M(15.9949),1M(15.9949),2C(57.0215),2C(57.0215),2M(15.9949)		
tr|A7E2K8|A7E2K8_DANRE	A7E2K8	A7E2K8_DANRE	crygm2d14	175	false	false	Danio rerio	Crystallin, gamma M2d14	1:Experimental evidence at protein level	5.14	1.0000	0.9990	0.00000000000000	1	0	0	1	0	0	783998.6	0	0			
tr|A7MBY2|A7MBY2_DANRE	A7MBY2	A7MBY2_DANRE	tho4	280	false	false	Danio rerio	THO complex subunit 4	1:Experimental evidence at protein level	3.93	1.0000	0.9990	0.00000000000000	1	1	1	1	1	1	1276466.6	1276466.6	1276466.6			
tr|A7MCL7|A7MCL7_DANRE	A7MCL7	A7MCL7_DANRE	MGC174082	100	false	false	Danio rerio	Cystatin 14a, tandem duplicate 2	1:Experimental evidence at protein level	12.00	1.0000	0.9990	0.00000000000000	1	1	1	1	1	1	864659.25	864659.25	864659.25			
tr|A7MCR1|A7MCR1_DANRE	A7MCR1	A7MCR1_DANRE	fb78f10	273	false	false	Danio rerio	Cytochrome b-c1 complex subunit Rieske, mitochondrial	1:Experimental evidence at protein level	17.95	1.0000	0.9990	0.00000000000000	3	3	3	3	3	3	6070333.0	6070333.0	6070333.0			
tr|A7YY99|A7YY99_DANRE	A7YY99	A7YY99_DANRE	atp5ia	71	false	false	Danio rerio	ATP synthase subunit e, mitochondrial	1:Experimental evidence at protein level	32.39	1.0000	0.9990	0.00000000000000	2	2	2	3	3	3	1.0374779E7	1.0374779E7	1.0374779E7	N-term(42.0106)		
tr|A8E4S8|A8E4S8_DANRE	A8E4S8	A8E4S8_DANRE	si:ch211-212n6.17	173	false	false	Danio rerio	Crystallin, gamma M2d10	1:Experimental evidence at protein level	10.98	1.0000	0.9990	0.00000000000000	2	0	0	2	0	0	2061178.0	0	0			
tr|A8E5J9|A8E5J9_DANRE	A8E5J9	A8E5J9_DANRE	ckmt2	413	false	false	Danio rerio	creatine kinase	1:Experimental evidence at protein level	10.65	1.0000	0.9990	0.00000000000000	4	0	0	4	0	0	1.2203253E7	0	0			
tr|A8E5L0|A8E5L0_DANRE	A8E5L0	A8E5L0_DANRE	zgc:64204	380	false	false	Danio rerio	creatine kinase	1:Experimental evidence at protein level	7.11	1.0000	0.9990	0.00000000000000	2	0	0	2	0	0	9693744.0	0	0			
tr|A8KB78|A8KB78_DANRE	A8KB78	A8KB78_DANRE	rps23	143	false	false	Danio rerio	40S ribosomal protein S23	1:Experimental evidence at protein level	35.66	1.0000	0.9990	0.00000000000000	4	4	4	4	4	4	754038.56	754038.56	754038.56	10C(57.0215),11C(57.0215)		
tr|A8KBJ5|A8KBJ5_DANRE	A8KBJ5	A8KBJ5_DANRE	si:ch211-113a14.27	136	false	false	Danio rerio	Histone H3	1:Experimental evidence at protein level	46.32	1.0000	0.9990	0.00000000000000	10	1	1	9	2	2	6.0798797E8	132913.44	132913.44	27C(57.0215),27C(57.0215),7M(15.9949)		
tr|A8KC22|A8KC22_DANRE	A8KC22	A8KC22_DANRE	hnrnpl	522	false	false	Danio rerio	Heterogeneous nuclear ribonucleoprotein L2	1:Experimental evidence at protein level	5.56	1.0000	0.9990	0.00000000000000	3	0	0	2	0	0	5455118.0	0	0			
tr|A8WGA6|A8WGA6_DANRE	A8WGA6	A8WGA6_DANRE	tnnt3b	284	false	false	Danio rerio	Tnnt3b protein	1:Experimental evidence at protein level	5.63	1.0000	0.9990	0.00000000000000	1	1	1	1	1	1	6577326.0	6577326.0	6577326.0			
tr|A8WGC6|A8WGC6_DANRE	A8WGC6	A8WGC6_DANRE	atp5b	517	false	false	Danio rerio	ATP synthase subunit beta	1:Experimental evidence at protein level	37.14	1.0000	0.9990	0.00000000000000	12	12	12	16	16	16	3.6158464E7	3.6158464E7	3.6158464E7	2M(15.9949),2M(15.9949),4M(15.9949)		
tr|B0JYH6|B0JYH6_DANRE	B0JYH6	B0JYH6_DANRE	pvrl1b	541	false	false	Danio rerio	Nectin 1b	1:Experimental evidence at protein level	9.43	1.0000	0.9990	0.00000000000000	4	4	4	5	5	5	5819940.0	5819940.0	5819940.0	1M(15.9949)		
tr|B0R0V8|B0R0V8_DANRE	B0R0V8	B0R0V8_DANRE	chunp6890	481	false	false	Danio rerio	V-type proton ATPase subunit H	1:Experimental evidence at protein level	4.78	1.0000	0.9990	0.00000000000000	1	1	1	1	1	1	2258169.0	2258169.0	2258169.0			
tr|B0R1D0|B0R1D0_DANRE	B0R1D0	B0R1D0_DANRE	CH211-265P12.8	418	false	false	Danio rerio	26S protease regulatory subunit 6B	1:Experimental evidence at protein level	4.78	1.0000	0.9990	0.00000000000000	1	1	1	1	1	1	2726719.2	2726719.2	2726719.2			
tr|B0S5B9|B0S5B9_DANRE	B0S5B9	B0S5B9_DANRE	syp	294	false	false	Danio rerio	Synaptophysin a	1:Experimental evidence at protein level	4.76	1.0000	0.9990	0.00000000000000	1	1	1	1	1	1	1151914.0	1151914.0	1151914.0	8C(57.0215)		
tr|B0S6P0|B0S6P0_DANRE	B0S6P0	B0S6P0_DANRE	crygm2d9	173	false	false	Danio rerio	Crystallin, gamma M2d9	3:Protein inferred from homology	10.98	1.0000	0.9990	0.00000000000000	2	0	1	2	0	1	2061178.0	0	1277179.4			
tr|B0S730|B0S730_DANRE	B0S730	B0S730_DANRE	wu:fj78b08	298	false	false	Danio rerio	ADP/ATP translocase	1:Experimental evidence at protein level	30.20	1.0000	0.9990	0.00000000000000	6	1	1	8	2	2	1.1405531E7	0	0	2M(15.9949)		
tr|B2CQD3|B2CQD3_DANRE	B2CQD3	B2CQD3_DANRE	npm2	182	false	false	Danio rerio	Nucleophosmin/nucleoplasmin, 2b	1:Experimental evidence at protein level	10.44	1.0000	0.9990	0.00000000000000	1	1	1	2	2	2	1677963.1	1677963.1	1677963.1	2M(15.9949)		
tr|B3DFN3|B3DFN3_DANRE	B3DFN3	B3DFN3_DANRE	fc15d06	583	false	false	Danio rerio	Lamin-B2	1:Experimental evidence at protein level	20.07	1.0000	0.9990	0.00000000000000	16	14	16	11	11	11	2.2617164E7	2.2617164E7	2.2617164E7	5M(15.9949),8M(15.9949)		
tr|B3DGI9|B3DGI9_DANRE	B3DGI9	B3DGI9_DANRE	timm8b	95	false	false	Danio rerio	Mitochondrial import inner membrane translocase subunit	1:Experimental evidence at protein level	23.16	1.0000	0.9990	0.00000000000000	2	2	2	2	2	2	5460752.0	5460752.0	5460752.0	4C(57.0215),8C(57.0215)		
tr|B3DKC5|B3DKC5_DANRE	B3DKC5	B3DKC5_DANRE	cb948	659	false	false	Danio rerio	Lamin A	1:Experimental evidence at protein level	2.58	1.0000	0.9990	0.00000000000000	1	1	1	1	1	1	0	0	0	5M(15.9949)		
tr|B5M4A7|B5M4A7_DANRE	B5M4A7	B5M4A7_DANRE	cryba1c	206	false	false	Danio rerio	BetaA1c-crystallin	1:Experimental evidence at protein level	5.83	1.0000	0.9990	0.00000000000000	1	0	0	2	0	0	4995062.0	0	0			
tr|B6IDE1|B6IDE1_DANRE	B6IDE1	B6IDE1_DANRE	smyhc2	1939	false	false	Danio rerio	slow Myosin heavy chain 2	1:Experimental evidence at protein level	20.42	1.0000	0.9990	0.00000000000000	40	0	3	47	0	3	1.11972432E8	0	3251580.2			
tr|B8A516|B8A516_DANRE	B8A516	B8A516_DANRE	fb22g06	449	false	false	Danio rerio	Tubulin alpha chain	1:Experimental evidence at protein level	49.44	1.0000	0.9990	0.00000000000000	21	0	1	31	0	1	2.50373536E8	0	3.6251752E7			
tr|B8A552|B8A552_DANRE	B8A552	B8A552_DANRE	smarca5	1035	false	false	Danio rerio	SWI/SNF-related matrix-associated actin-dependent regulator of chromatin subfamily A member 5	3:Protein inferred from homology	4.35	1.0000	0.9990	0.00000000000000	4	2	4	4	2	4	9421145.0	8465993.0	9421145.0	9C(57.0215)		
tr|B8A568|B8A568_DANRE	B8A568	B8A568_DANRE	myhz1.1	1937	false	false	Danio rerio	Myosin, heavy polypeptide 1.1, skeletal muscle	1:Experimental evidence at protein level	41.61	1.0000	0.9990	0.00000000000000	97	0	11	116	0	14	1.65737184E8	0	2.391594E7	5M(15.9949),N-term(42.0106),N-term(42.0106),6M(15.9949)		
tr|B8A569|B8A569_DANRE	B8A569	B8A569_DANRE	ns:zf-e68	1937	false	false	Danio rerio	Myosin, heavy polypeptide 1.3, skeletal muscle	1:Experimental evidence at protein level	39.96	1.0000	0.9990	0.00000000000000	92	0	14	109	0	18	1.65737184E8	0	4.4427432E7	10M(15.9949),1M(15.9949),9M(15.9949),9M(15.9949),9M(15.9949)		
tr|B8JMZ3|B8JMZ3_DANRE	B8JMZ3	B8JMZ3_DANRE	dpy30	106	false	false	Danio rerio	Dpy-30 histone methyltransferase complex regulatory subunit	3:Protein inferred from homology	18.87	1.0000	0.9990	0.00000000000000	1	1	1	1	1	1	0	0	0			
tr|E7EXT3|E7EXT3_DANRE	E7EXT3	E7EXT3_DANRE	zgc:63642	842	false	false	Danio rerio	Alpha-1,4 glucan phosphorylase	1:Experimental evidence at protein level	7.96	1.0000	0.9990	0.00000000000000	5	1	5	5	1	5	7061760.0	2083588.0	7061760.0			
tr|E7F354|E7F354_DANRE	E7F354	E7F354_DANRE	ywhag2	247	false	false	Danio rerio	14-3-3 protein gamma-1	1:Experimental evidence at protein level	3.24	1.0000	0.9990	0.00000000000000	2	0	1	1	0	0	1.1401012E7	0	457146.8	N-term(42.0106)		
tr|E7F8M1|E7F8M1_DANRE	E7F8M1	E7F8M1_DANRE	crybb1l1	219	false	false	Danio rerio	Crystallin, beta B1,-like 1	1:Experimental evidence at protein level	33.33	1.0000	0.9990	0.00000000000000	10	8	8	9	6	6	3.5699672E7	1.5163089E7	1.5163089E7	1C(57.0215),1C(57.0215),2C(57.0215),2C(57.0215),2M(15.9949),7C(57.0215),8C(57.0215)		
tr|E7FCD8|E7FCD8_DANRE	E7FCD8	E7FCD8_DANRE	atp6v1ab	617	false	false	Danio rerio	H(+)-transporting two-sector ATPase	1:Experimental evidence at protein level	4.38	1.0000	0.9990	0.00000000000000	2	0	0	2	0	0	2560290.0	0	0			
tr|E9QBD0|E9QBD0_DANRE	E9QBD0	E9QBD0_DANRE	dcamkl1	770	false	false	Danio rerio	Doublecortin-like kinase 1a	1:Experimental evidence at protein level	3.12	1.0000	0.9990	0.00000000000000	2	2	2	2	2	2	1239590.6	1239590.6	1239590.6	12C(57.0215)		
tr|E9QF07|E9QF07_DANRE	E9QF07	E9QF07_DANRE	myh7bb	1935	false	false	Danio rerio	Myosin, heavy chain 7B, cardiac muscle, beta b	3:Protein inferred from homology	3.82	1.0000	0.9946	0.00000000000000	10	0	0	13	0	0	7.9518936E7	0	0			
tr|F1Q6Z5|F1Q6Z5_DANRE	F1Q6Z5	F1Q6Z5_DANRE	fe36b09	163	false	false	Danio rerio	CCHC-type zinc finger, nucleic acid-binding protein a	1:Experimental evidence at protein level	8.59	1.0000	0.9990	0.00000000000000	1	1	1	1	1	1	0	0	0	12C(57.0215),2C(57.0215),9C(57.0215)		
tr|F1Q7N8|F1Q7N8_DANRE	F1Q7N8	F1Q7N8_DANRE	si:dkey-28b4.8	1056	false	false	Danio rerio	Calcium-transporting ATPase	1:Experimental evidence at protein level	9.00	1.0000	0.9990	0.00000000000000	8	2	5	8	2	5	2.8593606E7	2874523.8	6844818.0	1M(15.9949),2M(15.9949)		
tr|F1Q9K1|F1Q9K1_DANRE	F1Q9K1	F1Q9K1_DANRE	smarcc1a	1089	false	false	Danio rerio	SWI/SNF complex subunit SMARCC1 isoform X1	4:Protein predicted	1.10	1.0000	0.9990	0.00000000000000	1	0	1	1	0	1	0	0	0			
tr|F1Q9P4|F1Q9P4_DANRE	F1Q9P4	F1Q9P4_DANRE	napbb	295	false	false	Danio rerio	N-ethylmaleimide-sensitive factor attachment protein, beta b	3:Protein inferred from homology	8.47	1.0000	0.9990	0.00000000000000	2	0	1	2	0	1	3361714.5	0	531049.0			
tr|F1QCC0|F1QCC0_DANRE	F1QCC0	F1QCC0_DANRE	tnni2b.1	176	false	false	Danio rerio	Troponin I type 2b (skeletal, fast), tandem duplicate 1	1:Experimental evidence at protein level	13.64	1.0000	0.9990	0.00000000000000	1	1	1	2	2	2	0	0	0			
tr|F1QCC9|F1QCC9_DANRE	F1QCC9	F1QCC9_DANRE	syt5b	446	false	false	Danio rerio	Synaptotagmin Vb	4:Protein predicted	7.40	1.0000	0.9990	0.00000000000000	2	1	1	2	1	1	2130240.0	743989.75	743989.75			
tr|F1QCE9|F1QCE9_DANRE	F1QCE9	F1QCE9_DANRE	ndufab1	153	false	false	Danio rerio	Acyl carrier protein	1:Experimental evidence at protein level	16.99	1.0000	0.9990	0.00000000000000	2	2	2	2	2	2	4195458.0	4195458.0	4195458.0			
tr|F1QFJ8|F1QFJ8_DANRE	F1QFJ8	F1QFJ8_DANRE	fb19a06	407	false	false	Danio rerio	heterogeneous nuclear ribonucleoprotein H1, like	1:Experimental evidence at protein level	5.41	1.0000	0.9990	0.00000000000000	2	2	2	2	2	2	3197269.0	3197269.0	3197269.0	6C(57.0215),N-term(42.0106)		
tr|F1QFV6|F1QFV6_DANRE	F1QFV6	F1QFV6_DANRE	rpl28l	138	false	false	Danio rerio	60S ribosomal protein L28	1:Experimental evidence at protein level	32.61	1.0000	0.9990	0.00000000000000	7	7	7	6	6	6	2.2972106E7	2.2972106E7	2.2972106E7	N-term(42.0106),N-term(42.0106),8M(15.9949)		
tr|F1QGG3|F1QGG3_DANRE	F1QGG3	F1QGG3_DANRE	nsfb	747	false	false	Danio rerio	Vesicle-fusing ATPase	1:Experimental evidence at protein level	4.42	1.0000	0.9983	0.00000000000000	2	0	0	2	0	0	3974364.0	0	0			
tr|F1QGP8|F1QGP8_DANRE	F1QGP8	F1QGP8_DANRE	hmgb3a	213	false	false	Danio rerio	High mobility group box 3a	4:Protein predicted	27.23	1.0000	0.9990	0.00000000000000	7	7	7	9	9	9	3.3177914E7	3.3177914E7	3.3177914E7	10C(57.0215),11C(57.0215)		
tr|F1QHC4|F1QHC4_DANRE	F1QHC4	F1QHC4_DANRE	lmnb1	588	false	false	Danio rerio	Lamin B1	1:Experimental evidence at protein level	19.05	1.0000	0.9990	0.00000000000000	9	7	7	7	7	7	1.8535032E7	1.833781E7	1.833781E7			
tr|F1QJE0|F1QJE0_DANRE	F1QJE0	F1QJE0_DANRE	uqcrc2a	460	false	false	Danio rerio	Ubiquinol-cytochrome c reductase core protein 2a	4:Protein predicted	5.43	1.0000	0.9990	0.00000000000000	2	2	2	3	3	3	3815609.5	3815609.5	3815609.5			
tr|F1QKS4|F1QKS4_DANRE	F1QKS4	F1QKS4_DANRE	canx	600	false	false	Danio rerio	Calnexin	3:Protein inferred from homology	3.17	1.0000	0.9990	0.00000000000000	1	1	1	1	1	1	1164344.5	1164344.5	1164344.5			
tr|F1QM86|F1QM86_DANRE	F1QM86	F1QM86_DANRE	cbx1a	212	false	false	Danio rerio	Chromobox homolog 1a (HP1 beta homolog Drosophila)	1:Experimental evidence at protein level	8.02	1.0000	0.9990	0.00000000000000	1	1	1	1	1	1	1134061.4	1134061.4	1134061.4			
tr|F1QS28|F1QS28_DANRE	F1QS28	F1QS28_DANRE	hnrnpa0a	305	false	false	Danio rerio	Heterogeneous nuclear ribonucleoprotein A0a	4:Protein predicted	4.59	1.0000	0.9990	0.00000000000000	2	2	2	2	2	2	2424669.5	2424669.5	2424669.5	4C(57.0215),4C(57.0215)		
tr|F1QV31|F1QV31_DANRE	F1QV31	F1QV31_DANRE	ckii	566	false	false	Danio rerio	keratin 5	1:Experimental evidence at protein level	7.95	1.0000	0.9990	0.00000000000000	5	0	0	7	0	0	1.07453464E8	0	0			
tr|F1QVX3|F1QVX3_DANRE	F1QVX3	F1QVX3_DANRE	myhb	1937	false	false	Danio rerio	Myosin, heavy chain b	1:Experimental evidence at protein level	30.77	1.0000	0.9990	0.00000000000000	67	16	60	82	20	75	1.65737184E8	2.1841496E7	1.24088888E8	1M(15.9949),3M(15.9949),4M(15.9949),5C(57.0215),5C(57.0215),5M(15.9949),5M(15.9949),6C(57.0215),7M(15.9949),7M(15.9949),8M(15.9949)		
tr|F1QWB4|F1QWB4_DANRE	F1QWB4	F1QWB4_DANRE	hnrpk	429	false	false	Danio rerio	Heterogeneous nuclear ribonucleoprotein K	1:Experimental evidence at protein level	2.80	1.0000	0.9990	0.00000000000000	1	1	1	1	1	1	0	0	0	5C(57.0215),6C(57.0215)		
tr|F1QWU4|F1QWU4_DANRE	F1QWU4	F1QWU4_DANRE	myl6	164	false	false	Danio rerio	Myosin, light chain 6, alkali, smooth muscle and non-muscle	4:Protein predicted	7.93	1.0000	0.9990	0.00000000000000	1	0	0	1	0	0	2336008.2	0	0			
tr|F1QZ83|F1QZ83_DANRE	F1QZ83	F1QZ83_DANRE	ubtf	735	false	false	Danio rerio	Upstream-binding transcription factor	1:Experimental evidence at protein level	2.31	1.0000	0.9990	0.00000000000000	1	1	1	1	1	1	348569.22	348569.22	348569.22			
tr|F1QZW1|F1QZW1_DANRE	F1QZW1	F1QZW1_DANRE	myh7	1938	false	false	Danio rerio	Myosin heavy chain 7	1:Experimental evidence at protein level	14.09	1.0000	0.9988	0.00000000000000	29	1	1	37	1	1	9.9955584E7	937545.94	937545.94			
tr|F1R0M4|F1R0M4_DANRE	F1R0M4	F1R0M4_DANRE	fus	541	false	false	Danio rerio	FUS RNA-binding protein	3:Protein inferred from homology	2.96	1.0000	0.9990	0.00000000000000	1	0	0	1	0	0	402598.75	0	0			
tr|F1R412|F1R412_DANRE	F1R412	F1R412_DANRE	tpm4a	284	false	false	Danio rerio	Tropomyosin 4a	3:Protein inferred from homology	19.01	1.0000	0.9990	0.00000000000000	7	0	0	11	0	0	7.592816E7	0	0			
tr|F1R5C0|F1R5C0_DANRE	F1R5C0	F1R5C0_DANRE	syt2a	430	false	false	Danio rerio	Synaptotagmin	1:Experimental evidence at protein level	2.79	1.0000	0.9990	0.00000000000000	1	0	0	1	0	0	1386250.4	0	0			
tr|F1R6C7|F1R6C7_DANRE	F1R6C7	F1R6C7_DANRE	myha	1933	false	false	Danio rerio	Myosin, heavy chain a	3:Protein inferred from homology	37.45	1.0000	0.9982	0.00000000000000	83	0	0	101	0	0	1.65737184E8	0	0			
tr|F1R9C6|F1R9C6_DANRE	F1R9C6	F1R9C6_DANRE	zgc:86841	303	false	false	Danio rerio	Prohibitin	1:Experimental evidence at protein level	3.30	1.0000	0.9989	0.00000000000000	1	0	0	1	0	0	0	0	0			
tr|F1R9V3|F1R9V3_DANRE	F1R9V3	F1R9V3_DANRE	hspa8b	647	false	false	Danio rerio	Heat shock protein family A (Hsp70) member 8b	3:Protein inferred from homology	13.45	1.0000	0.9990	0.00000000000000	9	1	1	7	0	0	3.1266782E7	6544730.5	6544730.5			
tr|F1RCB6|F1RCB6_DANRE	F1RCB6	F1RCB6_DANRE	actc1a	377	false	false	Danio rerio	Actin alpha cardiac muscle 1a	1:Experimental evidence at protein level	25.20	1.0000	0.9990	0.00000000000000	10	0	3	12	0	3	6.3856448E7	0	1.6550965E7	10M(15.9949)		
tr|F6NI63|F6NI63_DANRE	F6NI63	F6NI63_DANRE	VSNL1	191	false	false	Danio rerio	Si:dkey-30j22.11	1:Experimental evidence at protein level	12.04	1.0000	0.9990	0.00000000000000	2	0	2	2	0	2	326383.0	0	326383.0			
tr|F6NZ76|F6NZ76_DANRE	F6NZ76	F6NZ76_DANRE	tomm5	51	false	false	Danio rerio	Translocase of outer mitochondrial membrane 5 homolog (yeast)	3:Protein inferred from homology	19.61	1.0000	0.9988	0.00000000000000	1	1	1	2	2	2	1751212.6	1751212.6	1751212.6	1M(15.9949)		
tr|F6P6X1|F6P6X1_DANRE	F6P6X1	F6P6X1_DANRE	ylpm1	1850	false	false	Danio rerio	YLP motif-containing 1	4:Protein predicted	0.70	1.0000	0.9990	0.00000000000000	1	1	1	1	1	1	150099.97	150099.97	150099.97			
tr|F8W2P1|F8W2P1_DANRE	F8W2P1	F8W2P1_DANRE	arl8a	186	false	false	Danio rerio	ADP-ribosylation factor-like 8A	4:Protein predicted	5.38	1.0000	0.9989	0.00000000000000	1	0	1	1	0	1	1366329.8	0	1366329.8	3C(57.0215),4C(57.0215),9C(57.0215)		
tr|F8W442|F8W442_DANRE	F8W442	F8W442_DANRE	gnao1a	354	false	false	Danio rerio	Guanine nucleotide-binding protein (G protein), alpha-activating activity polypeptide O, a	4:Protein predicted	28.81	1.0000	0.9990	0.00000000000000	8	4	7	8	4	7	9.887136E7	8795894.0	1.5926784E7	10C(57.0215),6C(57.0215)		
tr|M1EVR1|M1EVR1_DANRE	M1EVR1	M1EVR1_DANRE	SLC12A5	1117	false	false	Danio rerio	Potassium/chloride cotransporter kcc2	2:Experimental evidence at transcript level	3.49	1.0000	0.9990	0.00000000000000	3	0	2	4	0	2	2.2920042E7	0	495504.66	9M(15.9949)		
tr|O57332|O57332_DANRE	O57332	O57332_DANRE	Y	223	false	false	Danio rerio	Proteasome subunit beta	1:Experimental evidence at protein level	4.93	1.0000	0.9990	0.00000000000000	1	1	1	1	1	1	1627266.5	1627266.5	1627266.5			
tr|O93548|O93548_DANRE	O93548	O93548_DANRE	hbbe1.3	147	false	false	Danio rerio	Embryonic 1 beta-globin	1:Experimental evidence at protein level	8.84	1.0000	0.9990	0.00000000000000	1	1	1	1	1	1	666762.5	666762.5	666762.5			
tr|Q05AL9|Q05AL9_DANRE	Q05AL9	Q05AL9_DANRE	wu:fa91c11	431	false	false	Danio rerio	Zgc:153629	1:Experimental evidence at protein level	12.06	1.0000	0.9990	0.00000000000000	7	0	3	9	0	4	2.09153664E8	0	2.6494252E7	3M(15.9949)		
tr|Q05AP2|Q05AP2_DANRE	Q05AP2	Q05AP2_DANRE	zgc:152801	316	false	false	Danio rerio	ATPase plasma membrane Ca2+ transporting 4	1:Experimental evidence at protein level	4.11	1.0000	0.9990	0.00000000000000	1	1	1	1	1	1	312654.38	312654.38	312654.38	12C(57.0215),4C(57.0215)		
tr|Q08BA1|Q08BA1_DANRE	Q08BA1	Q08BA1_DANRE	atp5a1	551	false	false	Danio rerio	ATP synthase subunit alpha	1:Experimental evidence at protein level	28.49	1.0000	0.9990	0.00000000000000	15	15	15	11	11	11	2.2411454E7	2.2411454E7	2.2411454E7	3C(57.0215)		
tr|Q08BR1|Q08BR1_DANRE	Q08BR1	Q08BR1_DANRE	zgc:152914	176	false	false	Danio rerio	Protein Dr1	1:Experimental evidence at protein level	7.95	1.0000	0.9990	0.00000000000000	1	1	1	1	1	1	836377.2	836377.2	836377.2	N-term(42.0106)		
tr|Q08BX0|Q08BX0_DANRE	Q08BX0	Q08BX0_DANRE	rab21	216	false	false	Danio rerio	Ras-related protein Rab-21	1:Experimental evidence at protein level	5.56	1.0000	0.9981	0.00000000000000	1	1	1	1	1	1	622132.75	622132.75	622132.75	10C(57.0215)		
tr|Q08C42|Q08C42_DANRE	Q08C42	Q08C42_DANRE	zgc:153661	71	false	false	Danio rerio	ATP synthase subunit e, mitochondrial	1:Experimental evidence at protein level	36.62	1.0000	0.9990	0.00000000000000	5	5	5	4	4	4	8337451.5	8337451.5	8337451.5			
tr|Q1ECY0|Q1ECY0_DANRE	Q1ECY0	Q1ECY0_DANRE	wu:fj24g11	825	false	false	Danio rerio	Silver homolog (Mouse) a	2:Experimental evidence at transcript level	0.97	1.0000	0.9988	0.00000000000000	1	1	1	1	1	1	2.0100716E7	2.0100716E7	2.0100716E7			
tr|Q1JQ71|Q1JQ71_DANRE	Q1JQ71	Q1JQ71_DANRE	silverb	616	false	false	Danio rerio	Silver homolog (Mouse) b	2:Experimental evidence at transcript level	5.36	1.0000	0.9990	0.00000000000000	3	3	3	2	2	2	2.7173882E7	2.7173882E7	2.7173882E7			
tr|Q1LUD3|Q1LUD3_DANRE	Q1LUD3	Q1LUD3_DANRE	rcv2b	191	false	false	Danio rerio	Recoverin 3	1:Experimental evidence at protein level	15.71	1.0000	0.9990	0.00000000000000	3	3	3	3	3	3	1.1446023E7	1.1446023E7	1.1446023E7			
tr|Q1LW94|Q1LW94_DANRE	Q1LW94	Q1LW94_DANRE	pals2b	539	false	false	Danio rerio	MAGUK p55 subfamily member 6	1:Experimental evidence at protein level	1.86	1.0000	0.9990	0.00000000000000	1	0	1	1	0	1	0	0	0			
tr|Q1LWH1|Q1LWH1_DANRE	Q1LWH1	Q1LWH1_DANRE	im:6906552	146	false	false	Danio rerio	40S ribosomal protein S16	1:Experimental evidence at protein level	30.14	1.0000	0.9990	0.00000000000000	5	5	5	5	5	5	1.3438463E7	1.3438463E7	1.3438463E7			
tr|Q1LXE1|Q1LXE1_DANRE	Q1LXE1	Q1LXE1_DANRE	hapln1a	336	false	false	Danio rerio	Hyaluronan and proteoglycan link protein 1a	4:Protein predicted	6.85	1.0000	0.9990	0.00000000000000	2	1	2	2	1	2	1269100.1	1269100.1	1269100.1	1C(57.0215)		
tr|Q1LXJ1|Q1LXJ1_DANRE	Q1LXJ1	Q1LXJ1_DANRE	si:dkeyp-113d7.7	423	false	false	Danio rerio	Si:dkeyp-113d7.7	1:Experimental evidence at protein level	6.86	1.0000	0.9990	0.00000000000000	3	0	0	3	0	0	2564102.0	0	0			
tr|Q1LXJ7|Q1LXJ7_DANRE	Q1LXJ7	Q1LXJ7_DANRE	cyt1l	429	false	false	Danio rerio	type I cytokeratin, enveloping layer, like	1:Experimental evidence at protein level	8.39	1.0000	0.9990	0.00000000000000	5	0	0	4	0	0	1.25520496E8	0	0			
tr|Q2EGT7|Q2EGT7_DANRE	Q2EGT7	Q2EGT7_DANRE	LAMP	333	false	false	Danio rerio	Limbic system-associated membrane protein	1:Experimental evidence at protein level	12.31	1.0000	0.9990	0.00000000000000	2	2	2	2	2	2	1916412.1	1916412.1	1916412.1	14C(57.0215)		
tr|Q2LEK1|Q2LEK1_DANRE	Q2LEK1	Q2LEK1_DANRE	fk70a07	4643	false	false	Danio rerio	Dynein cytoplasmic 1 heavy chain 1	1:Experimental evidence at protein level	0.78	1.0000	0.9990	0.00000000000000	5	5	5	3	3	3	3969209.0	3969209.0	3969209.0	1M(15.9949)		
tr|Q32PS6|Q32PS6_DANRE	Q32PS6	Q32PS6_DANRE	zgc:152722	557	false	false	Danio rerio	Myelin expression factor 2	1:Experimental evidence at protein level	1.80	1.0000	0.9990	0.00000000000000	1	1	1	1	1	1	2296760.2	2296760.2	2296760.2			
tr|Q32PT3|Q32PT3_DANRE	Q32PT3	Q32PT3_DANRE	zgc:123215	213	false	false	Danio rerio	Zgc:123215	1:Experimental evidence at protein level	28.17	1.0000	0.9990	0.00000000000000	9	9	9	11	11	11	4.88293E7	4.88293E7	4.88293E7	10C(57.0215),10C(57.0215),11C(57.0215),11C(57.0215),13C(57.0215)		
tr|Q32PV2|Q32PV2_DANRE	Q32PV2	Q32PV2_DANRE	zgc:112538	478	false	false	Danio rerio	calcium/calmodulin-dependent protein kinase	1:Experimental evidence at protein level	2.51	1.0000	0.9990	0.00000000000000	1	0	0	1	0	0	1423730.6	0	0			
tr|Q32Q51|Q32Q51_DANRE	Q32Q51	Q32Q51_DANRE	zgc:123327	127	false	false	Danio rerio	60S ribosomal protein L22	1:Experimental evidence at protein level	10.24	1.0000	0.9990	0.00000000000000	1	1	1	1	1	1	0	0	0			
tr|Q3B732|Q3B732_DANRE	Q3B732	Q3B732_DANRE	zgc:123210	76	false	false	Danio rerio	High mobility group nucleosomal-binding domain 2	1:Experimental evidence at protein level	19.74	1.0000	0.9990	0.00000000000000	2	2	2	3	3	3	5.376958E7	5.376958E7	5.376958E7			
tr|Q3B750|Q3B750_DANRE	Q3B750	Q3B750_DANRE	zgc:123330	90	false	false	Danio rerio	Cytochrome b-c1 complex subunit 6	1:Experimental evidence at protein level	20.00	1.0000	0.9990	0.00000000000000	1	1	1	2	2	2	1612809.9	1612809.9	1612809.9	7C(57.0215),7C(57.0215)		
tr|Q3B7R0|Q3B7R0_DANRE	Q3B7R0	Q3B7R0_DANRE	sr:nyz104	307	false	false	Danio rerio	Cytochrome C-1	1:Experimental evidence at protein level	13.03	1.0000	0.9990	0.00000000000000	2	2	2	2	2	2	2982876.8	2982876.8	2982876.8	15C(57.0215)		
tr|Q45FX9|Q45FX9_DANRE	Q45FX9	Q45FX9_DANRE	cryba22	197	false	false	Danio rerio	BetaA2-2-crystallin	1:Experimental evidence at protein level	67.51	1.0000	0.9990	0.00000000000000	12	8	12	13	9	13	3.732178E7	1.7073892E7	3.732178E7	10M(15.9949),6C(57.0215),16C(57.0215),22C(57.0215),17M(15.9949),1C(57.0215),1C(57.0215),1M(15.9949),2C(57.0215),8C(57.0215),2C(57.0215),8C(57.0215),4M(15.9949),5C(57.0215),5C(57.0215),6C(57.0215),N-term(42.0106)		
tr|Q49HN0|Q49HN0_DANRE	Q49HN0	Q49HN0_DANRE	GRK1B	559	false	false	Danio rerio	G protein-coupled receptor kinase	1:Experimental evidence at protein level	2.33	1.0000	0.9989	0.00000000000000	1	1	1	1	1	1	180959.7	180959.7	180959.7			
tr|Q4KMI7|Q4KMI7_DANRE	Q4KMI7	Q4KMI7_DANRE	actc	377	false	false	Danio rerio	Actin, alpha 1b, skeletal muscle	1:Experimental evidence at protein level	27.85	1.0000	0.9990	0.00000000000000	13	0	1	15	0	1	5.5152128E7	0	1.3023926E7			
tr|Q4KMK4|Q4KMK4_DANRE	Q4KMK4	Q4KMK4_DANRE	wu:fj35g11	1023	false	false	Danio rerio	Sodium/potassium-transporting ATPase subunit alpha	1:Experimental evidence at protein level	17.79	1.0000	0.9990	0.00000000000000	16	2	2	19	2	2	7.4931592E7	1070233.0	1070233.0			
tr|Q4V8S2|Q4V8S2_DANRE	Q4V8S2	Q4V8S2_DANRE	rcv1a	203	false	false	Danio rerio	Recoverin a	1:Experimental evidence at protein level	67.98	1.0000	0.9990	0.00000000000000	9	7	8	9	7	8	1.1727755E7	1.0144308E7	1.0144308E7	7C(57.0215)		
tr|Q4V914|Q4V914_DANRE	Q4V914	Q4V914_DANRE	zgc:114051	367	false	false	Danio rerio	Core histone macro-H2A	1:Experimental evidence at protein level	7.08	1.0000	0.9990	0.00000000000000	3	2	3	2	2	2	3717490.5	3390393.5	3717490.5			
tr|Q4V918|Q4V918_DANRE	Q4V918	Q4V918_DANRE	zgc:114044	255	false	false	Danio rerio	Proteasome subunit alpha type	1:Experimental evidence at protein level	7.45	1.0000	0.9990	0.00000000000000	1	1	1	1	1	1	372873.8	372873.8	372873.8	N-term(42.0106)		
tr|Q4VBI5|Q4VBI5_DANRE	Q4VBI5	Q4VBI5_DANRE	zgc:112340	101	false	false	Danio rerio	NADH dehydrogenase [ubiquinone] 1 alpha subcomplex subunit 2	1:Experimental evidence at protein level	35.64	1.0000	0.9990	0.00000000000000	4	4	4	3	3	3	1.333551E7	1.333551E7	1.333551E7	2C(57.0215),4C(57.0215)		
tr|Q4VBI6|Q4VBI6_DANRE	Q4VBI6	Q4VBI6_DANRE	tubb2a	449	false	false	Danio rerio	Tubulin beta chain	1:Experimental evidence at protein level	42.32	1.0000	0.9990	0.00000000000000	19	0	0	31	0	0	1.75467136E8	0	0			
tr|Q4VBU7|Q4VBU7_DANRE	Q4VBU7	Q4VBU7_DANRE	zgc:114165	141	false	false	Danio rerio	Cytochrome c oxidase subunit 5A, mitochondrial	1:Experimental evidence at protein level	61.70	1.0000	0.9990	0.00000000000000	7	4	7	8	4	8	3.906454E7	1.3986934E7	3.906454E7	2M(15.9949),2M(15.9949)		
tr|Q4VBV1|Q4VBV1_DANRE	Q4VBV1	Q4VBV1_DANRE	im:6900881	111	false	false	Danio rerio	Cytochrome b-c1 complex subunit 7	1:Experimental evidence at protein level	32.43	1.0000	0.9990	0.00000000000000	5	5	5	3	3	3	9211468.0	9211468.0	9211468.0	6C(57.0215)		
tr|Q4VBV2|Q4VBV2_DANRE	Q4VBV2	Q4VBV2_DANRE	wu:fa18f12	84	false	false	Danio rerio	40S ribosomal protein S27	1:Experimental evidence at protein level	9.52	1.0000	0.9990	0.00000000000000	1	0	1	1	0	1	875538.1	0	875538.1	5C(57.0215)		
tr|Q502C8|Q502C8_DANRE	Q502C8	Q502C8_DANRE	zgc:112318	162	false	false	Danio rerio	Peroxiredoxin-5	1:Experimental evidence at protein level	11.73	1.0000	0.9990	0.00000000000000	1	1	1	1	1	1	4481454.0	4481454.0	4481454.0			
tr|Q502E4|Q502E4_DANRE	Q502E4	Q502E4_DANRE	DKEYP-88A5.2	168	false	false	Danio rerio	NADH dehydrogenase [ubiquinone] iron-sulfur protein 4, mitochondrial	1:Experimental evidence at protein level	11.31	1.0000	0.9990	0.00000000000000	2	2	2	2	2	2	7453947.0	7453947.0	7453947.0			
tr|Q502J1|Q502J1_DANRE	Q502J1	Q502J1_DANRE	zgc:112161	295	false	false	Danio rerio	Zgc:112161	1:Experimental evidence at protein level	9.15	1.0000	0.9990	0.00000000000000	2	1	2	2	1	2	3288266.5	457601.03	3288266.5	10C(57.0215)		
tr|Q502Q7|Q502Q7_DANRE	Q502Q7	Q502Q7_DANRE	plasticin	442	false	false	Danio rerio	Peripherin	2:Experimental evidence at transcript level	2.49	1.0000	0.9980	0.00000000000000	1	0	0	2	0	0	408284.44	0	0			
tr|Q503J3|Q503J3_DANRE	Q503J3	Q503J3_DANRE	zgc:110551	360	false	false	Danio rerio	Zgc:110551	1:Experimental evidence at protein level	7.50	1.0000	0.9990	0.00000000000000	2	2	2	2	2	2	740621.5	740621.5	740621.5	N-term(42.0106)		
tr|Q503M9|Q503M9_DANRE	Q503M9	Q503M9_DANRE	zgc:110425	195	false	false	Danio rerio	Zgc:110425	1:Experimental evidence at protein level	13.85	1.0000	0.9989	0.00000000000000	7	1	1	8	1	1	2.78968192E8	1.5516151E7	1.5516151E7			
tr|Q504B1|Q504B1_DANRE	Q504B1	Q504B1_DANRE	zgc:109973	123	false	false	Danio rerio	Activated RNA polymerase II transcriptional coactivator p15	1:Experimental evidence at protein level	20.33	1.0000	0.9990	0.00000000000000	6	6	6	3	3	3	8072221.0	8072221.0	8072221.0			
tr|Q504B4|Q504B4_DANRE	Q504B4	Q504B4_DANRE	cox7a2	83	false	false	Danio rerio	Cytochrome c oxidase, subunit VIIa 2	1:Experimental evidence at protein level	12.05	1.0000	0.9989	0.00000000000000	1	1	1	1	1	1	4732044.5	4732044.5	4732044.5			
tr|Q52JI7|Q52JI7_DANRE	Q52JI7	Q52JI7_DANRE	zgc:109979	196	false	false	Danio rerio	Beta A4-crystallin	1:Experimental evidence at protein level	60.71	1.0000	0.9990	0.00000000000000	9	9	9	10	10	10	3.6676888E7	3.6676888E7	3.6676888E7	14M(15.9949),17C(57.0215),17C(57.0215),6C(57.0215),6M(15.9949),8C(57.0215),8C(57.0215),8C(57.0215),8C(57.0215),8C(57.0215),8C(57.0215),9C(57.0215)		
tr|Q52PJ7|Q52PJ7_DANRE	Q52PJ7	Q52PJ7_DANRE	CRMP-5a	564	false	false	Danio rerio	Collapsin response mediator protein 5.1	1:Experimental evidence at protein level	7.98	1.0000	0.9990	0.00000000000000	3	2	3	3	2	3	1585667.0	734288.0	1585667.0	10C(57.0215)		
tr|Q52PJ8|Q52PJ8_DANRE	Q52PJ8	Q52PJ8_DANRE	crmp5.2	568	false	false	Danio rerio	Collapsin response mediator protein 5.2	1:Experimental evidence at protein level	5.63	1.0000	0.9990	0.00000000000000	3	2	2	3	2	2	1088183.9	236804.81	236804.81	11C(57.0215)		
tr|Q52WY2|Q52WY2_DANRE	Q52WY2	Q52WY2_DANRE	wu:fj62g06	191	false	false	Danio rerio	Cell division control protein 42 homolog	1:Experimental evidence at protein level	5.24	1.0000	0.9990	0.00000000000000	1	0	1	1	0	1	851264.7	0	851264.7	4C(57.0215)		
tr|Q566S4|Q566S4_DANRE	Q566S4	Q566S4_DANRE	zgc:112520	255	false	false	Danio rerio	NADH dehydrogenase [ubiquinone] iron-sulfur protein 3, mitochondrial	1:Experimental evidence at protein level	24.71	1.0000	0.9990	0.00000000000000	5	5	5	4	4	4	3356732.8	3356732.8	3356732.8			
tr|Q566W6|Q566W6_DANRE	Q566W6	Q566W6_DANRE	wu:fj10g10	185	false	false	Danio rerio	Zgc:112425	1:Experimental evidence at protein level	29.73	1.0000	0.9990	0.00000000000000	3	3	3	4	4	4	3881761.2	3881761.2	3881761.2	20M(15.9949)		
tr|Q567D7|Q567D7_DANRE	Q567D7	Q567D7_DANRE	zgc:112138	643	false	false	Danio rerio	Zgc:112138	1:Experimental evidence at protein level	2.64	1.0000	0.9975	0.00000000000000	1	1	1	1	1	1	0	0	0			
tr|Q567D9|Q567D9_DANRE	Q567D9	Q567D9_DANRE	cryba1l	199	false	false	Danio rerio	Crystallin, beta A1, like	1:Experimental evidence at protein level	37.19	1.0000	0.9990	0.00000000000000	7	6	7	6	4	6	2.0290316E7	1.862623E7	2.0290316E7	13C(57.0215),14C(57.0215),1C(57.0215),8C(57.0215),9C(57.0215),2M(15.9949),9C(57.0215),6C(57.0215),9C(57.0215),9C(57.0215)		
tr|Q567E8|Q567E8_DANRE	Q567E8	Q567E8_DANRE	zgc:112098	377	false	false	Danio rerio	Acta1a protein	2:Experimental evidence at transcript level	24.93	1.0000	0.9990	0.00000000000000	12	0	0	13	0	0	5.5152128E7	0	0			
tr|Q567G0|Q567G0_DANRE	Q567G0	Q567G0_DANRE	fa19b06	198	false	false	Danio rerio	High-mobility group box 3b	1:Experimental evidence at protein level	7.07	1.0000	0.9990	0.00000000000000	2	2	2	1	1	1	1416437.6	1416437.6	1416437.6			
tr|Q567N5|Q567N5_DANRE	Q567N5	Q567N5_DANRE	wu:fa93h05	265	false	false	Danio rerio	60S ribosomal protein L6	1:Experimental evidence at protein level	4.91	1.0000	0.9990	0.00000000000000	3	3	3	1	1	1	1.4390585E7	1.4390585E7	1.4390585E7			
tr|Q567V5|Q567V5_DANRE	Q567V5	Q567V5_DANRE	si:dkey-113g17.2	118	false	false	Danio rerio	Small nuclear ribonucleoprotein Sm D2	1:Experimental evidence at protein level	8.47	1.0000	0.9990	0.00000000000000	1	1	1	1	1	1	366235.25	366235.25	366235.25	9C(57.0215)		
tr|Q567Y2|Q567Y2_DANRE	Q567Y2	Q567Y2_DANRE	rgr1	295	false	false	Danio rerio	RPE-retinal G protein-coupled receptor	1:Experimental evidence at protein level	9.83	1.0000	0.9989	0.00000000000000	2	2	2	3	3	3	7968808.0	7968808.0	7968808.0			
tr|Q567Y4|Q567Y4_DANRE	Q567Y4	Q567Y4_DANRE	wu:fb10b03	175	false	false	Danio rerio	NADH dehydrogenase [ubiquinone] 1 beta subcomplex subunit 9	1:Experimental evidence at protein level	25.71	1.0000	0.9989	0.00000000000000	3	3	3	3	3	3	7608464.0	7608464.0	7608464.0	16C(57.0215),4C(57.0215),N-term(42.0106)		
tr|Q568D0|Q568D0_DANRE	Q568D0	Q568D0_DANRE	histh1l	201	false	false	Danio rerio	Zgc:110380	1:Experimental evidence at protein level	22.89	1.0000	0.9990	0.00000000000000	7	7	7	9	9	9	2.5015124E7	2.5015124E7	2.5015124E7	N-term(42.0106),N-term(42.0106),N-term(42.0106)		
tr|Q568U3|Q568U3_DANRE	Q568U3	Q568U3_DANRE	si:dkeyp-113d7.5	430	false	false	Danio rerio	Zgc:109868	1:Experimental evidence at protein level	8.37	1.0000	0.9990	0.00000000000000	4	0	0	4	0	0	1.25411984E8	0	0			
tr|Q5BJ17|Q5BJ17_DANRE	Q5BJ17	Q5BJ17_DANRE	zgc:110766	448	false	false	Danio rerio	Elongation factor Tu	1:Experimental evidence at protein level	6.03	1.0000	0.9990	0.00000000000000	2	2	2	2	2	2	1.0497882E7	1.0497882E7	1.0497882E7			
tr|Q5BJA2|Q5BJA2_DANRE	Q5BJA2	Q5BJA2_DANRE	zgc:114172	116	false	false	Danio rerio	NADH dehydrogenase [ubiquinone] 1 alpha subcomplex subunit 5	1:Experimental evidence at protein level	61.21	1.0000	0.9990	0.00000000000000	7	7	7	7	7	7	8510993.0	8510993.0	8510993.0	4C(57.0215)		
tr|Q5BJB9|Q5BJB9_DANRE	Q5BJB9	Q5BJB9_DANRE	cb718	250	false	false	Danio rerio	Prdx3 protein	1:Experimental evidence at protein level	5.60	1.0000	0.9990	0.00000000000000	1	1	1	1	1	1	1352647.4	1352647.4	1352647.4			
tr|Q5BU17|Q5BU17_DANRE	Q5BU17	Q5BU17_DANRE	ctbp2l	860	false	false	Danio rerio	C-terminal-binding protein 2	2:Experimental evidence at transcript level	4.88	1.0000	0.9990	0.00000000000000	3	0	0	3	0	0	3083989.8	0	0			
tr|Q5BU19|Q5BU19_DANRE	Q5BU19	Q5BU19_DANRE	wu:fb96g03	1147	false	false	Danio rerio	C-terminal-binding protein 2 isoform 1	1:Experimental evidence at protein level	3.66	1.0000	0.9990	0.00000000000000	3	1	2	3	1	2	3811610.0	2681564.2	2681564.2	8C(57.0215)		
tr|Q5CZQ1|Q5CZQ1_DANRE	Q5CZQ1	Q5CZQ1_DANRE	im:7138781	255	false	false	Danio rerio	Tyrosine 3-monooxygenase/tryptophan 5-monooxygenase activation protein, epsilon polypeptide 2	1:Experimental evidence at protein level	3.14	1.0000	0.9990	0.00000000000000	1	0	0	1	0	0	1.0943865E7	0	0			
tr|Q5FVD1|Q5FVD1_DANRE	Q5FVD1	Q5FVD1_DANRE	zgc:92612	201	false	false	Danio rerio	Zgc:92612	1:Experimental evidence at protein level	24.88	1.0000	0.9990	0.00000000000000	4	4	4	4	4	4	7823153.0	7823153.0	7823153.0			
tr|Q5NJJ5|Q5NJJ5_DANRE	Q5NJJ5	Q5NJJ5_DANRE	matn4	944	false	false	Danio rerio	Matrilin-4	1:Experimental evidence at protein level	0.95	1.0000	0.9990	0.00000000000000	1	0	0	1	0	0	690518.2	0	0			
tr|Q5RGB5|Q5RGB5_DANRE	Q5RGB5	Q5RGB5_DANRE	rab3a	220	false	false	Danio rerio	Ras-related protein Rab-3	1:Experimental evidence at protein level	31.36	1.0000	0.9990	0.00000000000000	6	2	6	6	2	6	3.0922176E7	1.3793649E7	3.0922176E7	10M(15.9949),6C(57.0215)		
tr|Q5RHQ7|Q5RHQ7_DANRE	Q5RHQ7	Q5RHQ7_DANRE	hnrnpub	796	false	false	Danio rerio	Heterogeneous nuclear ribonucleoprotein Ub	4:Protein predicted	3.27	1.0000	0.9990	0.00000000000000	2	2	2	2	2	2	0	0	0			
tr|Q5RKM2|Q5RKM2_DANRE	Q5RKM2	Q5RKM2_DANRE	wu:fb33h05	731	false	false	Danio rerio	NADH-ubiquinone oxidoreductase 75 kDa subunit, mitochondrial	1:Experimental evidence at protein level	4.92	1.0000	0.9990	0.00000000000000	3	3	3	3	3	3	510344.88	510344.88	510344.88			
tr|Q5RKM9|Q5RKM9_DANRE	Q5RKM9	Q5RKM9_DANRE	zgc:66314	967	false	false	Danio rerio	Alpha-1,4 glucan phosphorylase	1:Experimental evidence at protein level	0.83	1.0000	0.9990	0.00000000000000	1	0	0	1	0	0	3213621.2	0	0			
tr|Q5RKP9|Q5RKP9_DANRE	Q5RKP9	Q5RKP9_DANRE	zgc:101761	359	false	false	Danio rerio	Guanine nucleotide-binding protein (G protein), alpha 11b (Gq class)	1:Experimental evidence at protein level	3.06	1.0000	0.9990	0.00000000000000	1	0	1	1	0	1	1890507.4	0	1890507.4			
tr|Q5TZ27|Q5TZ27_DANRE	Q5TZ27	Q5TZ27_DANRE	syt1	419	false	false	Danio rerio	Synaptotagmin	1:Experimental evidence at protein level	5.97	1.0000	0.9990	0.00000000000000	2	1	2	2	1	2	3388466.0	2002215.8	3388466.0			
tr|Q5TZ35|Q5TZ35_DANRE	Q5TZ35	Q5TZ35_DANRE	im:7159195	191	false	false	Danio rerio	Visinin-like 1B	1:Experimental evidence at protein level	12.04	1.0000	0.9990	0.00000000000000	2	0	0	2	0	0	326383.0	0	0			
tr|Q5U3E1|Q5U3E1_DANRE	Q5U3E1	Q5U3E1_DANRE	zgc:103679	215	false	false	Danio rerio	Novel protein similar to vertebrate Ras family	1:Experimental evidence at protein level	20.93	1.0000	0.9990	0.00000000000000	6	0	6	4	0	4	9863128.0	0	9863128.0			
tr|Q5XJ12|Q5XJ12_DANRE	Q5XJ12	Q5XJ12_DANRE	crs	682	false	false	Danio rerio	Stress-70 protein, mitochondrial	1:Experimental evidence at protein level	1.76	1.0000	0.9990	0.00000000000000	1	1	1	1	1	1	5516512.0	5516512.0	5516512.0			
tr|Q641M4|Q641M4_DANRE	Q641M4	Q641M4_DANRE	zgc:100918	205	false	false	Danio rerio	Zgc:100918	1:Experimental evidence at protein level	10.24	1.0000	0.9990	0.00000000000000	2	0	2	2	0	2	6562270.0	0	6562270.0			
tr|Q642Z0|Q642Z0_DANRE	Q642Z0	Q642Z0_DANRE	cb279	994	false	false	Danio rerio	Calcium-transporting ATPase	1:Experimental evidence at protein level	16.30	1.0000	0.9990	0.00000000000000	17	9	17	17	10	17	3.7154868E7	2.3471028E7	3.7154868E7	10C(57.0215),11C(57.0215),16C(57.0215),16C(57.0215),3M(15.9949),1M(15.9949),2M(15.9949),3M(15.9949),6C(57.0215),9C(57.0215)		
tr|Q66IB6|Q66IB6_DANRE	Q66IB6	Q66IB6_DANRE	hmgb2	214	false	false	Danio rerio	High mobility group box 2B	1:Experimental evidence at protein level	31.78	1.0000	0.9990	0.00000000000000	11	11	11	12	12	12	5.4101192E7	5.4101192E7	5.4101192E7	10C(57.0215),11C(57.0215),11C(57.0215),13C(57.0215)		
tr|Q6AZA1|Q6AZA1_DANRE	Q6AZA1	Q6AZA1_DANRE	wu:fb02e10	139	false	false	Danio rerio	Profilin	1:Experimental evidence at protein level	5.76	1.0000	0.9990	0.00000000000000	1	1	1	1	1	1	693024.25	693024.25	693024.25			
tr|Q6AZB2|Q6AZB2_DANRE	Q6AZB2	Q6AZB2_DANRE	fj36f06	525	false	false	Danio rerio	Succinyl-CoA:3-ketoacid-coenzyme A transferase	1:Experimental evidence at protein level	2.67	1.0000	0.9990	0.00000000000000	1	1	1	2	2	2	1371044.6	1371044.6	1371044.6	1M(15.9949)		
tr|Q6AZC1|Q6AZC1_DANRE	Q6AZC1	Q6AZC1_DANRE	wu:fa14g03	406	false	false	Danio rerio	26S protease regulatory subunit 8 (Fragment)	1:Experimental evidence at protein level	7.88	1.0000	0.9990	0.00000000000000	2	2	2	2	2	2	3632239.5	3632239.5	3632239.5			
tr|Q6DC49|Q6DC49_DANRE	Q6DC49	Q6DC49_DANRE	tuba8l3a	450	false	false	Danio rerio	Tubulin alpha chain	2:Experimental evidence at transcript level	43.56	1.0000	0.9990	0.00000000000000	18	0	3	26	0	6	2.85311488E8	0	1.26009056E8	2M(15.9949),4C(57.0215),5C(57.0215),2M(15.9949),4C(57.0215),5C(57.0215),3C(57.0215),3C(57.0215),3C(57.0215),4M(15.9949),3C(57.0215),4M(15.9949),4C(57.0215),5C(57.0215)		
tr|Q6DGE4|Q6DGE4_DANRE	Q6DGE4	Q6DGE4_DANRE	hm:zeh0659	526	false	false	Danio rerio	5,6-dihydroxyindole-2-carboxylic acid oxidase precursor	1:Experimental evidence at protein level	7.79	1.0000	0.9990	0.00000000000000	3	3	3	3	3	3	2251575.0	2251575.0	2251575.0	16C(57.0215),4C(57.0215),5C(57.0215),2C(57.0215),2C(57.0215),3M(15.9949),3C(57.0215)		
tr|Q6DGJ6|Q6DGJ6_DANRE	Q6DGJ6	Q6DGJ6_DANRE	prdx1	197	false	false	Danio rerio	Peroxiredoxin-1	1:Experimental evidence at protein level	56.35	1.0000	0.9990	0.00000000000000	13	11	13	15	12	15	8.7789736E7	3.7536984E7	8.7789736E7	7M(15.9949),8M(15.9949)		
tr|Q6DGL0|Q6DGL0_DANRE	Q6DGL0	Q6DGL0_DANRE	zgc:92872	182	false	false	Danio rerio	60S ribosomal protein L18	1:Experimental evidence at protein level	12.64	1.0000	0.9990	0.00000000000000	2	2	2	2	2	2	1710432.5	1710432.5	1710432.5			
tr|Q6DGL9|Q6DGL9_DANRE	Q6DGL9	Q6DGL9_DANRE	si:dkey-1f1.2	70	false	false	Danio rerio	60S ribosomal protein L38	1:Experimental evidence at protein level	17.14	1.0000	0.9989	0.00000000000000	1	1	1	1	1	1	1.0789625E7	1.0789625E7	1.0789625E7			
tr|Q6DGM9|Q6DGM9_DANRE	Q6DGM9	Q6DGM9_DANRE	zgc:92850	104	false	false	Danio rerio	NADH dehydrogenase [ubiquinone] 1 alpha subcomplex subunit 7	1:Experimental evidence at protein level	10.58	1.0000	0.9988	0.00000000000000	1	1	1	1	1	1	302898.7	302898.7	302898.7			
tr|Q6DGV5|Q6DGV5_DANRE	Q6DGV5	Q6DGV5_DANRE	zgc:92757	201	false	false	Danio rerio	RAB10, member RAS oncogene family	1:Experimental evidence at protein level	23.88	1.0000	0.9989	0.00000000000000	4	2	2	4	2	2	1.8079548E7	1083142.6	1083142.6			
tr|Q6DGX6|Q6DGX6_DANRE	Q6DGX6	Q6DGX6_DANRE	crygEM2-8	175	false	false	Danio rerio	Crystallin gamma EM2-8	1:Experimental evidence at protein level	5.14	1.0000	0.9990	0.00000000000000	1	0	1	1	0	1	783998.6	0	783998.6	8M(15.9949)		
tr|Q6DGX8|Q6DGX8_DANRE	Q6DGX8	Q6DGX8_DANRE	zgc:92726	262	false	false	Danio rerio	Proteasome subunit alpha type	1:Experimental evidence at protein level	5.73	1.0000	0.9990	0.00000000000000	1	1	1	1	1	1	0	0	0			
tr|Q6DGY0|Q6DGY0_DANRE	Q6DGY0	Q6DGY0_DANRE	zgc:92724	174	false	false	Danio rerio	Zgc:92724	1:Experimental evidence at protein level	9.77	1.0000	0.9990	0.00000000000000	1	0	1	2	0	2	0	0	0	4C(57.0215),5M(15.9949),8C(57.0215),4C(57.0215),8C(57.0215)		
tr|Q6DGY4|Q6DGY4_DANRE	Q6DGY4	Q6DGY4_DANRE	cryba1b	198	false	false	Danio rerio	Crystallin, beta A1b	1:Experimental evidence at protein level	46.97	1.0000	0.9990	0.00000000000000	7	7	7	8	8	8	2.2023762E7	2.2023762E7	2.2023762E7	10C(57.0215),6M(15.9949),8C(57.0215),10C(57.0215),8C(57.0215),11C(57.0215),11C(57.0215),4C(57.0215),5C(57.0215)		
tr|Q6DGY8|Q6DGY8_DANRE	Q6DGY8	Q6DGY8_DANRE	zgc:92716	246	false	false	Danio rerio	Proteasome subunit alpha type	1:Experimental evidence at protein level	8.94	1.0000	0.9990	0.00000000000000	2	0	0	2	0	0	1319635.4	0	0			
tr|Q6DGZ8|Q6DGZ8_DANRE	Q6DGZ8	Q6DGZ8_DANRE	zgc:92706	232	false	false	Danio rerio	Crystallin, beta B1	1:Experimental evidence at protein level	54.31	1.0000	0.9990	0.00000000000000	11	11	11	11	11	11	5.62414E7	5.62414E7	5.62414E7	12C(57.0215),8C(57.0215),17C(57.0215),17C(57.0215),1M(15.9949),3M(15.9949),6C(57.0215),6C(57.0215),6C(57.0215),6C(57.0215),8C(57.0215)		
tr|Q6DH07|Q6DH07_DANRE	Q6DH07	Q6DH07_DANRE	arr3l	357	false	false	Danio rerio	Arrestin 3, retinal (X-arrestin), like	1:Experimental evidence at protein level	28.29	1.0000	0.9990	0.00000000000000	11	9	11	12	11	12	3.1110784E7	3.1110784E7	3.1110784E7	18C(57.0215),2C(57.0215),7C(57.0215)		
tr|Q6DH55|Q6DH55_DANRE	Q6DH55	Q6DH55_DANRE	zgc:92641	340	false	false	Danio rerio	Guanine nucleotide binding protein (G protein), beta polypeptide 3, like	2:Experimental evidence at transcript level	12.35	1.0000	0.9990	0.00000000000000	3	2	3	3	2	3	1.4654441E7	5171209.0	1.4654441E7	11C(57.0215),11C(57.0215),12C(57.0215)		
tr|Q6DHB6|Q6DHB6_DANRE	Q6DHB6	Q6DHB6_DANRE	wu:fa97a07	466	false	false	Danio rerio	Zgc:92533	1:Experimental evidence at protein level	11.16	1.0000	0.9990	0.00000000000000	5	0	0	6	0	0	1.40717776E8	0	0			
tr|Q6DHE6|Q6DHE6_DANRE	Q6DHE6	Q6DHE6_DANRE	kars	602	false	false	Danio rerio	Lysine--tRNA ligase	1:Experimental evidence at protein level	1.83	1.0000	0.9990	0.00000000000000	1	1	1	1	1	1	0	0	0			
tr|Q6DHJ0|Q6DHJ0_DANRE	Q6DHJ0	Q6DHJ0_DANRE	sfrs5b	285	false	false	Danio rerio	Serine and arginine-rich-splicing factor 5b	1:Experimental evidence at protein level	3.16	1.0000	0.9990	0.00000000000000	1	0	0	1	0	0	3330378.5	0	0			
tr|Q6DHJ2|Q6DHJ2_DANRE	Q6DHJ2	Q6DHJ2_DANRE	rab3a	220	false	false	Danio rerio	Ras-related protein Rab-3	1:Experimental evidence at protein level	25.91	1.0000	0.9986	0.00000000000000	5	2	2	5	2	2	1.6284935E7	5490533.0	5490533.0	6C(57.0215)		
tr|Q6DHL6|Q6DHL6_DANRE	Q6DHL6	Q6DHL6_DANRE	wu:fa92e06	249	false	false	Danio rerio	40S ribosomal protein S6	1:Experimental evidence at protein level	14.06	1.0000	0.9990	0.00000000000000	4	4	4	3	3	3	7311346.5	7311346.5	7311346.5	10C(57.0215),12C(57.0215),1M(15.9949),1M(15.9949)		
tr|Q6DHS3|Q6DHS3_DANRE	Q6DHS3	Q6DHS3_DANRE	wu:fa92b05	204	false	false	Danio rerio	Ribosomal protein L15	1:Experimental evidence at protein level	17.16	1.0000	0.9990	0.00000000000000	3	3	3	4	4	4	2.4603006E7	2.4603006E7	2.4603006E7			
tr|Q6DHU3|Q6DHU3_DANRE	Q6DHU3	Q6DHU3_DANRE	cb112	438	false	false	Danio rerio	Zgc:92061	1:Experimental evidence at protein level	3.65	1.0000	0.9990	0.00000000000000	2	0	1	2	0	1	1278044.2	0	0			
tr|Q6DI34|Q6DI34_DANRE	Q6DI34	Q6DI34_DANRE	wu:fb75h08	619	false	false	Danio rerio	Delta(14)-sterol reductase LBR	1:Experimental evidence at protein level	3.39	1.0000	0.9990	0.00000000000000	1	1	1	1	1	1	843512.4	843512.4	843512.4			
tr|Q6DRD1|Q6DRD1_DANRE	Q6DRD1	Q6DRD1_DANRE	atp5o	209	false	false	Danio rerio	ATP synthase subunit O, mitochondrial	1:Experimental evidence at protein level	11.48	1.0000	0.9990	0.00000000000000	2	2	2	2	2	2	1523054.6	1523054.6	1523054.6			
tr|Q6DRD2|Q6DRD2_DANRE	Q6DRD2	Q6DRD2_DANRE	wu:fc85c10	389	false	false	Danio rerio	26S protease regulatory subunit 10B	1:Experimental evidence at protein level	3.60	1.0000	0.9990	0.00000000000000	1	1	1	1	1	1	707662.2	707662.2	707662.2			
tr|Q6DRF3|Q6DRF3_DANRE	Q6DRF3	Q6DRF3_DANRE	wu:fc51f06	237	false	false	Danio rerio	Proteasome subunit beta	1:Experimental evidence at protein level	9.70	1.0000	0.9990	0.00000000000000	2	2	2	2	2	2	1946289.1	1946289.1	1946289.1			
tr|Q6DRM3|Q6DRM3_DANRE	Q6DRM3	Q6DRM3_DANRE	rpl9	193	false	false	Danio rerio	60S ribosomal protein L9	1:Experimental evidence at protein level	18.65	1.0000	0.9990	0.00000000000000	2	2	2	2	2	2	8489200.0	8489200.0	8489200.0			
tr|Q6DRN7|Q6DRN7_DANRE	Q6DRN7	Q6DRN7_DANRE	zgc:111817	139	false	false	Danio rerio	60S ribosomal protein L14	1:Experimental evidence at protein level	25.18	1.0000	0.9990	0.00000000000000	3	3	3	4	4	4	1.9206692E7	1.9206692E7	1.9206692E7	7C(57.0215)		
tr|Q6IMW6|Q6IMW6_DANRE	Q6IMW6	Q6IMW6_DANRE	fb14f11	151	false	false	Danio rerio	40S ribosomal protein S13	1:Experimental evidence at protein level	18.54	1.0000	0.9989	0.00000000000000	3	3	3	3	3	3	7344354.5	7344354.5	7344354.5			
tr|Q6IQ57|Q6IQ57_DANRE	Q6IQ57	Q6IQ57_DANRE	zgc:86940	168	false	false	Danio rerio	Translocon-associated protein subunit delta	1:Experimental evidence at protein level	6.55	1.0000	0.9989	0.00000000000000	1	1	1	1	1	1	9785607.0	9785607.0	9785607.0			
tr|Q6IQ59|Q6IQ59_DANRE	Q6IQ59	Q6IQ59_DANRE	uqcrc2	454	false	false	Danio rerio	Ubiquinol-cytochrome c reductase core protein 2b	1:Experimental evidence at protein level	8.37	1.0000	0.9990	0.00000000000000	3	3	3	4	4	4	818390.5	818390.5	818390.5			
tr|Q6IQ89|Q6IQ89_DANRE	Q6IQ89	Q6IQ89_DANRE	zgc:86898	308	false	false	Danio rerio	Zgc:86898	1:Experimental evidence at protein level	8.44	1.0000	0.9990	0.00000000000000	2	2	2	2	2	2	5266772.5	5266772.5	5266772.5			
tr|Q6IQB1|Q6IQB1_DANRE	Q6IQB1	Q6IQB1_DANRE	wu:fj02g05	296	false	false	Danio rerio	Ribosomal protein L5b	1:Experimental evidence at protein level	3.38	1.0000	0.9988	0.00000000000000	1	0	1	1	0	1	737596.9	0	737596.9	4C(57.0215)		
tr|Q6IQI4|Q6IQI4_DANRE	Q6IQI4	Q6IQI4_DANRE	crygEM2-6	174	false	false	Danio rerio	Crystallin gamma EM2-6	1:Experimental evidence at protein level	10.92	1.0000	0.9983	0.00000000000000	2	0	0	2	0	0	2061178.0	0	0			
tr|Q6IQI6|Q6IQI6_DANRE	Q6IQI6	Q6IQI6_DANRE	zgc:86748	178	false	false	Danio rerio	60S ribosomal protein L11	1:Experimental evidence at protein level	15.73	1.0000	0.9990	0.00000000000000	4	4	4	3	3	3	9094772.0	9094772.0	9094772.0	2C(57.0215),6C(57.0215),3C(57.0215),7C(57.0215)		
tr|Q6IQI7|Q6IQI7_DANRE	Q6IQI7	Q6IQI7_DANRE	cpn10	100	false	false	Danio rerio	10 kDa heat shock protein, mitochondrial isoform 1	1:Experimental evidence at protein level	48.00	1.0000	0.9990	0.00000000000000	4	4	4	4	4	4	1.2003538E7	1.2003538E7	1.2003538E7	2M(15.9949)		
tr|Q6IQL9|Q6IQL9_DANRE	Q6IQL9	Q6IQL9_DANRE	actc2	377	false	false	Danio rerio	Novel actin protein	2:Experimental evidence at transcript level	27.85	1.0000	0.9990	0.00000000000000	13	0	0	15	0	0	5.5152128E7	0	0			
tr|Q6IQP4|Q6IQP4_DANRE	Q6IQP4	Q6IQP4_DANRE	rap1a	185	false	false	Danio rerio	small monomeric GTPase	1:Experimental evidence at protein level	5.41	1.0000	0.9990	0.00000000000000	2	0	2	1	0	1	1.0513731E7	0	1.0513731E7			
tr|Q6IQP5|Q6IQP5_DANRE	Q6IQP5	Q6IQP5_DANRE	wu:fi32b03	432	false	false	Danio rerio	phosphopyruvate hydratase	1:Experimental evidence at protein level	6.25	1.0000	0.9990	0.00000000000000	3	2	3	2	1	2	5545224.0	407379.8	5545224.0	14C(57.0215),14C(57.0215),14C(57.0215)		
tr|Q6IQQ0|Q6IQQ0_DANRE	Q6IQQ0	Q6IQQ0_DANRE	wu:fb13h07	160	false	false	Danio rerio	60S ribosomal protein L21	1:Experimental evidence at protein level	9.38	1.0000	0.9990	0.00000000000000	1	1	1	1	1	1	9406193.0	9406193.0	9406193.0			
tr|Q6IQU2|Q6IQU2_DANRE	Q6IQU2	Q6IQU2_DANRE	cryba2	197	false	false	Danio rerio	Beta A2-crystallin	1:Experimental evidence at protein level	50.76	1.0000	0.9990	0.00000000000000	11	7	7	9	5	5	3.5617096E7	1.3782278E7	1.3782278E7	16M(15.9949),3C(57.0215),6C(57.0215)		
tr|Q6IQU9|Q6IQU9_DANRE	Q6IQU9	Q6IQU9_DANRE	hm:zeh0438	126	false	false	Danio rerio	Zgc:86599	1:Experimental evidence at protein level	30.16	1.0000	0.9990	0.00000000000000	4	3	4	4	4	4	1.2121726E7	1.0247028E7	1.2121726E7	4C(57.0215),6C(57.0215),5C(57.0215),7C(57.0215)		
tr|Q6IQX1|Q6IQX1_DANRE	Q6IQX1	Q6IQX1_DANRE	sb:cb38	1935	false	false	Danio rerio	Myosin, heavy polypeptide 2, fast muscle-specific	1:Experimental evidence at protein level	41.24	1.0000	0.9990	0.00000000000000	95	4	33	115	6	36	1.65737184E8	1.2235448E7	3.8706228E7	1M(15.9949),1M(15.9949),4M(15.9949),4M(15.9949),5M(15.9949),5M(15.9949),N-term(42.0106),N-term(42.0106),6M(15.9949)		
tr|Q6JAA4|Q6JAA4_DANRE	Q6JAA4	Q6JAA4_DANRE	im:7152666	798	false	false	Danio rerio	CCCTC-binding factor	1:Experimental evidence at protein level	1.88	1.0000	0.9990	0.00000000000000	2	2	2	1	1	1	3446748.5	3446748.5	3446748.5	13C(57.0215),2C(57.0215)		
tr|Q6NUV2|Q6NUV2_DANRE	Q6NUV2	Q6NUV2_DANRE	zgc:66109	392	false	false	Danio rerio	S-antigen; retina and pineal gland (arrestin) a	1:Experimental evidence at protein level	11.99	1.0000	0.9990	0.00000000000000	3	3	3	3	3	3	1893300.0	1893300.0	1893300.0			
tr|Q6NV07|Q6NV07_DANRE	Q6NV07	Q6NV07_DANRE	wu:fb34a06	736	false	false	Danio rerio	DNA replication licensing factor MCM5	1:Experimental evidence at protein level	1.77	1.0000	0.9986	0.00000000000000	1	1	1	1	1	1	644823.0	644823.0	644823.0			
tr|Q6NV33|Q6NV33_DANRE	Q6NV33	Q6NV33_DANRE	zgc:56380	365	false	false	Danio rerio	Isocitrate dehydrogenase [NAD] subunit, mitochondrial	1:Experimental evidence at protein level	2.74	1.0000	0.9989	0.00000000000000	1	1	1	1	1	1	0	0	0			
tr|Q6NVI6|Q6NVI6_DANRE	Q6NVI6	Q6NVI6_DANRE	unm_tf212	541	false	false	Danio rerio	T-complex protein 1 subunit epsilon	1:Experimental evidence at protein level	1.85	1.0000	0.9990	0.00000000000000	1	1	1	1	1	1	1235514.5	1235514.5	1235514.5	7C(57.0215)		
tr|Q6NW90|Q6NW90_DANRE	Q6NW90	Q6NW90_DANRE	Tubb5	444	false	false	Danio rerio	Tubulin beta chain	1:Experimental evidence at protein level	64.19	1.0000	0.9990	0.00000000000000	27	2	7	44	4	13	1.98670416E8	8752024.0	1.09795344E8	11M(15.9949),11M(15.9949),17M(15.9949),23C(57.0215),1M(15.9949),1M(15.9949),23C(57.0215),23C(57.0215)		
tr|Q6NWC1|Q6NWC1_DANRE	Q6NWC1	Q6NWC1_DANRE	VDAC1	283	false	false	Danio rerio	Vdac1 protein	1:Experimental evidence at protein level	49.82	1.0000	0.9990	0.00000000000000	12	12	12	14	14	14	7.107708E7	7.107708E7	7.107708E7	N-term(42.0106)		
tr|Q6NWC3|Q6NWC3_DANRE	Q6NWC3	Q6NWC3_DANRE	fc94f01	280	false	false	Danio rerio	40S ribosomal protein S2	1:Experimental evidence at protein level	15.36	1.0000	0.9990	0.00000000000000	4	4	4	4	4	4	7233020.0	7233020.0	7233020.0	2C(57.0215)		
tr|Q6NWI0|Q6NWI0_DANRE	Q6NWI0	Q6NWI0_DANRE	tuba8l	449	false	false	Danio rerio	Tubulin alpha chain	1:Experimental evidence at protein level	21.83	1.0000	0.9990	0.00000000000000	8	0	0	11	0	0	1.75350112E8	0	0			
tr|Q6NWI8|Q6NWI8_DANRE	Q6NWI8	Q6NWI8_DANRE	zgc:85680	279	false	false	Danio rerio	Zgc:85680	1:Experimental evidence at protein level	10.04	1.0000	0.9989	0.00000000000000	1	1	1	1	1	1	409876.38	409876.38	409876.38	23C(57.0215)		
tr|Q6NX10|Q6NX10_DANRE	Q6NX10	Q6NX10_DANRE	fa22e07	298	false	false	Danio rerio	ADP/ATP translocase	1:Experimental evidence at protein level	25.84	1.0000	0.9989	0.00000000000000	6	0	0	6	0	0	2.2858318E7	0	0			
tr|Q6NX86|Q6NX86_DANRE	Q6NX86	Q6NX86_DANRE	HMGB1	205	false	false	Danio rerio	High mobility group box 1a	1:Experimental evidence at protein level	22.44	1.0000	0.9990	0.00000000000000	7	5	7	10	7	10	3.3733572E7	2.3889646E7	3.3733572E7	10C(57.0215),10C(57.0215),11C(57.0215),11C(57.0215),11C(57.0215),1M(15.9949),13C(57.0215),3M(15.9949)		
tr|Q6NX89|Q6NX89_DANRE	Q6NX89	Q6NX89_DANRE	wu:fb17e01	155	false	false	Danio rerio	Eukaryotic translation initiation factor 5A	1:Experimental evidence at protein level	7.74	1.0000	0.9990	0.00000000000000	2	1	2	1	1	1	366254.62	0	366254.62			
tr|Q6NYA1|Q6NYA1_DANRE	Q6NYA1	Q6NYA1_DANRE	fd36h02	309	false	false	Danio rerio	Heterogeneous nuclear ribonucleoprotein A/Bb	1:Experimental evidence at protein level	2.59	1.0000	0.9990	0.00000000000000	2	0	0	1	0	0	3676170.8	0	0			
tr|Q6NYF7|Q6NYF7_DANRE	Q6NYF7	Q6NYF7_DANRE	atp5j	112	false	false	Danio rerio	ATP synthase-coupling factor 6, mitochondrial	1:Experimental evidence at protein level	12.50	1.0000	0.9990	0.00000000000000	1	1	1	1	1	1	2089864.0	2089864.0	2089864.0			
tr|Q6NYJ1|Q6NYJ1_DANRE	Q6NYJ1	Q6NYJ1_DANRE	zgc:77542	234	false	false	Danio rerio	LIM and SH3 domain protein 1	1:Experimental evidence at protein level	3.85	1.0000	0.9990	0.00000000000000	1	1	1	1	1	1	0	0	0	2C(57.0215),5C(57.0215),8C(57.0215)		
tr|Q6NYQ7|Q6NYQ7_DANRE	Q6NYQ7	Q6NYQ7_DANRE	wu:fa20d10	1079	false	false	Danio rerio	proton-translocating NAD(P)(+) transhydrogenase	1:Experimental evidence at protein level	3.71	1.0000	0.9990	0.00000000000000	4	2	4	3	2	3	6853677.0	4814855.5	6853677.0			
tr|Q6NYU8|Q6NYU8_DANRE	Q6NYU8	Q6NYU8_DANRE	hnrpab	340	false	false	Danio rerio	Heterogeneous Nuclear ribonucleoprotein a/b	1:Experimental evidence at protein level	9.41	1.0000	0.9990	0.00000000000000	4	2	4	3	2	3	8081948.5	4833807.0	8081948.5	7C(57.0215)		
tr|Q6NYV3|Q6NYV3_DANRE	Q6NYV3	Q6NYV3_DANRE	zgc:65861	199	false	false	Danio rerio	H1.0 linker histone	1:Experimental evidence at protein level	6.03	1.0000	0.9990	0.00000000000000	4	3	4	1	1	1	5586544.0	3406717.0	5586544.0	N-term(42.0106)		
tr|Q6NZT9|Q6NZT9_DANRE	Q6NZT9	Q6NZT9_DANRE	zgc:55876	220	false	false	Danio rerio	Serine and arginine-rich-splicing factor 2b	1:Experimental evidence at protein level	3.64	1.0000	0.9990	0.00000000000000	1	0	0	1	0	0	3646078.2	0	0			
tr|Q6NZV3|Q6NZV3_DANRE	Q6NZV3	Q6NZV3_DANRE	zgc:77326	403	false	false	Danio rerio	Zgc:77326	1:Experimental evidence at protein level	2.98	1.0000	0.9989	0.00000000000000	1	1	1	1	1	1	832639.94	832639.94	832639.94	11C(57.0215)		
tr|Q6P025|Q6P025_DANRE	Q6P025	Q6P025_DANRE	gnb3	338	false	false	Danio rerio	Gnb3 protein	1:Experimental evidence at protein level	46.15	1.0000	0.9990	0.00000000000000	12	12	12	17	17	17	1.09995072E8	1.09995072E8	1.09995072E8	11C(57.0215),11C(57.0215),11C(57.0215),12C(57.0215),11C(57.0215),12C(57.0215),11M(15.9949),12C(57.0215),14C(57.0215),3C(57.0215),12C(57.0215),14C(57.0215),3C(57.0215),16C(57.0215),16C(57.0215),4M(15.9949),7C(57.0215),4M(15.9949),7C(57.0215),7C(57.0215),7C(57.0215),7C(57.0215),9C(57.0215)		
tr|Q6P0I2|Q6P0I2_DANRE	Q6P0I2	Q6P0I2_DANRE	zgc:77139	251	false	false	Danio rerio	Proteasome subunit alpha type	1:Experimental evidence at protein level	11.95	1.0000	0.9990	0.00000000000000	3	3	3	2	2	2	2468631.2	2468631.2	2468631.2			
tr|Q6P0T0|Q6P0T0_DANRE	Q6P0T0	Q6P0T0_DANRE	ndufs8	210	false	false	Danio rerio	NADH dehydrogenase [ubiquinone] iron-sulfur protein 8, mitochondrial	1:Experimental evidence at protein level	36.19	1.0000	0.9990	0.00000000000000	5	4	5	7	6	7	1.6988748E7	1.4854861E7	1.6988748E7	2C(57.0215),6C(57.0215),2C(57.0215),6C(57.0215)		
tr|Q6P102|Q6P102_DANRE	Q6P102	Q6P102_DANRE	hm:zehn0976	245	false	false	Danio rerio	Tyrosine 3-monooxygenase/tryptophan 5-monooxygenase activation protein, beta polypeptide-like	1:Experimental evidence at protein level	8.98	1.0000	0.9990	0.00000000000000	2	1	1	2	1	1	1.1906317E7	962451.7	962451.7			
tr|Q6P1J5|Q6P1J5_DANRE	Q6P1J5	Q6P1J5_DANRE	fk58f09	159	false	false	Danio rerio	ATP synthase F1 subunit delta	1:Experimental evidence at protein level	18.24	1.0000	0.9990	0.00000000000000	2	2	2	2	2	2	1.080962E7	1.080962E7	1.080962E7			
tr|Q6P271|Q6P271_DANRE	Q6P271	Q6P271_DANRE	atp1a3b	1023	false	false	Danio rerio	Sodium/potassium-transporting ATPase subunit alpha	1:Experimental evidence at protein level	22.09	1.0000	0.9990	0.00000000000000	22	8	22	22	5	22	7.4931592E7	2.40915E7	7.4931592E7	15C(57.0215),1C(57.0215),6C(57.0215),3M(15.9949),3M(15.9949),4M(15.9949),5C(57.0215),5C(57.0215),5C(57.0215),5C(57.0215),9M(15.9949),7C(57.0215),8M(15.9949),9C(57.0215)		
tr|Q6P2M0|Q6P2M0_DANRE	Q6P2M0	Q6P2M0_DANRE	wu:fa93g12	148	false	false	Danio rerio	60S ribosomal protein L27a	1:Experimental evidence at protein level	8.11	1.0000	0.9990	0.00000000000000	2	2	2	1	1	1	4490342.0	4490342.0	4490342.0	8C(57.0215)		
tr|Q6P2T5|Q6P2T5_DANRE	Q6P2T5	Q6P2T5_DANRE	arpc2	299	false	false	Danio rerio	Arp2/3 complex 34 kDa subunit	1:Experimental evidence at protein level	3.34	1.0000	0.9990	0.00000000000000	1	1	1	1	1	1	0	0	0	3C(57.0215)		
tr|Q6P3H9|Q6P3H9_DANRE	Q6P3H9	Q6P3H9_DANRE	zgc:55813	504	false	false	Danio rerio	Solute carrier family 3 member 2B	1:Experimental evidence at protein level	2.58	1.0000	0.9989	0.00000000000000	1	1	1	1	1	1	241546.62	241546.62	241546.62			
tr|Q6P3J5|Q6P3J5_DANRE	Q6P3J5	Q6P3J5_DANRE	EEF2	858	false	false	Danio rerio	Eukaryotic Translation Elongation factor 2B	1:Experimental evidence at protein level	12.70	1.0000	0.9990	0.00000000000000	13	7	13	9	5	9	2.3986492E7	9593713.0	2.3986492E7	2M(15.9949),5C(57.0215),5C(57.0215),6C(57.0215),7C(57.0215),7C(57.0215)		
tr|Q6P3L9|Q6P3L9_DANRE	Q6P3L9	Q6P3L9_DANRE	wu:fj43f02	542	false	false	Danio rerio	glutamate dehydrogenase [NAD(P)(+)]	1:Experimental evidence at protein level	1.85	1.0000	0.9990	0.00000000000000	1	0	1	1	0	1	525890.7	0	525890.7			
tr|Q6P4P8|Q6P4P8_DANRE	Q6P4P8	Q6P4P8_DANRE	zgc:73085	852	false	false	Danio rerio	Phosphodiesterase	1:Experimental evidence at protein level	5.99	1.0000	0.9990	0.00000000000000	5	4	5	4	3	4	1.0196702E7	8498874.0	1.0196702E7	10C(57.0215),1M(15.9949),3C(57.0215),11C(57.0215),2C(57.0215)		
tr|Q6P5L5|Q6P5L5_DANRE	Q6P5L5	Q6P5L5_DANRE	nduf8	188	false	false	Danio rerio	NADH dehydrogenase [ubiquinone] 1 beta subcomplex subunit 8, mitochondrial	1:Experimental evidence at protein level	15.43	1.0000	0.9962	0.00000000000000	3	3	3	2	2	2	8167716.0	8167716.0	8167716.0			
tr|Q6P5M5|Q6P5M5_DANRE	Q6P5M5	Q6P5M5_DANRE	DKEY-238C7.11	180	false	false	Danio rerio	ADP-ribosylation factor	2:Experimental evidence at transcript level	11.11	1.0000	0.9990	0.00000000000000	1	0	1	1	0	1	4117931.5	0	4117931.5			tr|Q7ZUW4|Q7ZUW4_DANRE
tr|Q6P5M9|Q6P5M9_DANRE	Q6P5M9	Q6P5M9_DANRE	tubb2c	445	false	false	Danio rerio	Tubulin beta chain	1:Experimental evidence at protein level	74.61	1.0000	0.9990	0.00000000000000	31	1	3	46	1	2	1.98670416E8	1157679.4	1.936451E7			
tr|Q6P6E0|Q6P6E0_DANRE	Q6P6E0	Q6P6E0_DANRE	zgc:77946	103	false	false	Danio rerio	ATP synthase subunit	1:Experimental evidence at protein level	35.92	1.0000	0.9982	0.00000000000000	3	3	3	3	3	3	2.6306036E7	2.6306036E7	2.6306036E7			
tr|Q6P6E2|Q6P6E2_DANRE	Q6P6E2	Q6P6E2_DANRE	wu:fa91f03	115	false	false	Danio rerio	40S ribosomal protein S26	1:Experimental evidence at protein level	18.26	1.0000	0.9990	0.00000000000000	2	0	2	2	0	2	2186285.8	0	2186285.8	4C(57.0215),7C(57.0215)		tr|Q6PBZ2|Q6PBZ2_DANRE
tr|Q6P6E5|Q6P6E5_DANRE	Q6P6E5	Q6P6E5_DANRE	zgc:77820	120	false	false	Danio rerio	NADH dehydrogenase [ubiquinone] 1 beta subcomplex subunit 7	1:Experimental evidence at protein level	34.17	1.0000	0.9976	0.00000000000000	2	2	2	2	2	2	3103621.8	3103621.8	3103621.8	6C(57.0215)		
tr|Q6P6E7|Q6P6E7_DANRE	Q6P6E7	Q6P6E7_DANRE	zgc:77758	119	false	false	Danio rerio	40S ribosomal protein S20	1:Experimental evidence at protein level	12.61	1.0000	0.9986	0.00000000000000	4	4	4	3	3	3	1.0486707E7	1.0486707E7	1.0486707E7	2C(57.0215)		
tr|Q6P937|Q6P937_DANRE	Q6P937	Q6P937_DANRE	wu:fb61d08	235	false	false	Danio rerio	Clathrin light chain	1:Experimental evidence at protein level	12.34	1.0000	0.9990	0.00000000000000	3	2	3	4	3	4	6090770.0	5546256.5	6090770.0	2C(57.0215)		
tr|Q6P967|Q6P967_DANRE	Q6P967	Q6P967_DANRE	zgc:73153	354	false	false	Danio rerio	Zgc:73153	1:Experimental evidence at protein level	9.60	1.0000	0.9990	0.00000000000000	4	2	2	3	1	1	1.5795062E7	4826430.5	4826430.5	10C(57.0215)		
tr|Q6P969|Q6P969_DANRE	Q6P969	Q6P969_DANRE	zgc:73138	462	false	false	Danio rerio	Elongation factor 1-alpha	1:Experimental evidence at protein level	10.82	1.0000	0.9990	0.00000000000000	6	0	0	6	0	0	4.446104E7	0	0			
tr|Q6P972|Q6P972_DANRE	Q6P972	Q6P972_DANRE	zgc:73108	451	false	false	Danio rerio	Tubulin alpha chain	1:Experimental evidence at protein level	35.70	1.0000	0.9990	0.00000000000000	17	2	14	21	1	15	1.67111008E8	1.2784374E7	7.2026696E7	11M(15.9949),15C(57.0215),22M(15.9949),2C(57.0215),8C(57.0215),8M(15.9949),8M(15.9949),8M(15.9949)		
tr|Q6PBH6|Q6PBH6_DANRE	Q6PBH6	Q6PBH6_DANRE	zgc:73404	474	false	false	Danio rerio	Ubiquinol-cytochrome c reductase core protein I	1:Experimental evidence at protein level	6.54	1.0000	0.9990	0.00000000000000	3	2	3	3	2	3	5976184.0	2600594.0	5976184.0	9C(57.0215),9C(57.0215)		
tr|Q6PBI0|Q6PBI0_DANRE	Q6PBI0	Q6PBI0_DANRE	SUCLA2	466	false	false	Danio rerio	Succinate--CoA ligase [ADP-forming] subunit beta, mitochondrial	1:Experimental evidence at protein level	3.65	1.0000	0.9990	0.00000000000000	2	2	2	2	2	2	1893356.2	1893356.2	1893356.2	2C(57.0215),8C(57.0215)		
tr|Q6PBJ8|Q6PBJ8_DANRE	Q6PBJ8	Q6PBJ8_DANRE	zgc:73373	108	false	false	Danio rerio	peptidylprolyl isomerase	1:Experimental evidence at protein level	55.56	1.0000	0.9990	0.00000000000000	5	4	5	4	3	4	7594225.0	7594225.0	7594225.0	3C(57.0215),5C(57.0215),5C(57.0215)		
tr|Q6PBM0|Q6PBM0_DANRE	Q6PBM0	Q6PBM0_DANRE	wu:fb39a11	355	false	false	Danio rerio	NADH dehydrogenase [ubiquinone] 1 alpha subcomplex subunit 10, mitochondrial	1:Experimental evidence at protein level	18.03	1.0000	0.9990	0.00000000000000	5	5	5	5	5	5	8157630.0	8157630.0	8157630.0	7C(57.0215)		
tr|Q6PBM9|Q6PBM9_DANRE	Q6PBM9	Q6PBM9_DANRE	arr3	362	false	false	Danio rerio	Arrestin 3, retinal (X-arrestin)	1:Experimental evidence at protein level	14.92	1.0000	0.9990	0.00000000000000	6	5	5	4	4	4	3981000.8	3981000.8	3981000.8	8C(57.0215)		
tr|Q6PBR5|Q6PBR5_DANRE	Q6PBR5	Q6PBR5_DANRE	wu:fa12a02	118	false	false	Danio rerio	V-type proton ATPase subunit G	1:Experimental evidence at protein level	51.69	1.0000	0.9990	0.00000000000000	6	6	6	7	7	7	3.3916392E7	3.3916392E7	3.3916392E7	N-term(42.0106),N-term(42.0106),N-term(42.0106),N-term(42.0106)		
tr|Q6PBW3|Q6PBW3_DANRE	Q6PBW3	Q6PBW3_DANRE	rps14	151	false	false	Danio rerio	40S ribosomal protein S14	1:Experimental evidence at protein level	8.61	1.0000	0.9990	0.00000000000000	1	1	1	1	1	1	0	0	0			
tr|Q6PBW4|Q6PBW4_DANRE	Q6PBW4	Q6PBW4_DANRE	wu:fa97f08	216	false	false	Danio rerio	Peptidyl-prolyl cis-trans isomerase	1:Experimental evidence at protein level	4.17	1.0000	0.9990	0.00000000000000	1	1	1	1	1	1	964785.5	964785.5	964785.5	5M(15.9949)		
tr|Q6PBW6|Q6PBW6_DANRE	Q6PBW6	Q6PBW6_DANRE	wu:fc58a11	535	false	false	Danio rerio	T-complex protein 1 subunit beta	1:Experimental evidence at protein level	5.05	1.0000	0.9990	0.00000000000000	2	2	2	2	2	2	816044.7	816044.7	816044.7			
tr|Q6PBW7|Q6PBW7_DANRE	Q6PBW7	Q6PBW7_DANRE	zgc:73211	146	false	false	Danio rerio	40S ribosomal protein S19	1:Experimental evidence at protein level	15.07	1.0000	0.9988	0.00000000000000	2	2	2	2	2	2	5544674.0	5544674.0	5544674.0	5C(57.0215)		
tr|Q6PBX1|Q6PBX1_DANRE	Q6PBX1	Q6PBX1_DANRE	zgc:73206	159	false	false	Danio rerio	Peptidyl-prolyl cis-trans isomerase	1:Experimental evidence at protein level	7.55	1.0000	0.9990	0.00000000000000	1	1	1	1	1	1	438006.53	438006.53	438006.53	N-term(42.0106)		
tr|Q6PBY6|Q6PBY6_DANRE	Q6PBY6	Q6PBY6_DANRE	TOM70	578	false	false	Danio rerio	Translocase of outer mitochondrial membrane 70 homolog A (Yeast)	1:Experimental evidence at protein level	1.56	1.0000	0.9990	0.00000000000000	1	1	1	1	1	1	1087948.2	1087948.2	1087948.2			
tr|Q6PBZ1|Q6PBZ1_DANRE	Q6PBZ1	Q6PBZ1_DANRE	zgc:86667	266	false	false	Danio rerio	60S ribosomal protein L7a	1:Experimental evidence at protein level	27.44	1.0000	0.9990	0.00000000000000	7	7	7	7	7	7	3.4204832E7	3.4204832E7	3.4204832E7	24C(57.0215)		
tr|Q6PC13|Q6PC13_DANRE	Q6PC13	Q6PC13_DANRE	phb2	302	false	false	Danio rerio	Prohibitin	1:Experimental evidence at protein level	11.26	1.0000	0.9990	0.00000000000000	2	1	2	2	1	2	2177639.0	2177639.0	2177639.0			
tr|Q6PC16|Q6PC16_DANRE	Q6PC16	Q6PC16_DANRE	zgc:86843	170	false	false	Danio rerio	NADH dehydrogenase [ubiquinone] 1 beta subcomplex subunit 10	1:Experimental evidence at protein level	37.65	1.0000	0.9989	0.00000000000000	4	4	4	5	5	5	6471572.5	6471572.5	6471572.5	15C(57.0215),21M(15.9949),8C(57.0215)		
tr|Q6PC22|Q6PC22_DANRE	Q6PC22	Q6PC22_DANRE	zgc:73139	172	false	false	Danio rerio	NADH dehydrogenase [ubiquinone] 1 alpha subcomplex subunit 8	1:Experimental evidence at protein level	5.81	1.0000	0.9990	0.00000000000000	1	1	1	1	1	1	948909.94	948909.94	948909.94			
tr|Q6PC38|Q6PC38_DANRE	Q6PC38	Q6PC38_DANRE	rcv2a	193	false	false	Danio rerio	Recoverin	1:Experimental evidence at protein level	20.21	1.0000	0.9990	0.00000000000000	7	6	7	3	2	3	1.0435098E7	8645241.0	1.0435098E7	5C(57.0215)		
tr|Q6PC43|Q6PC43_DANRE	Q6PC43	Q6PC43_DANRE	zgc:73116	187	false	false	Danio rerio	ADP ribosylation factor-like GTPase 3, like 2	2:Experimental evidence at transcript level	5.35	1.0000	0.9987	0.00000000000000	1	0	0	1	0	0	0	0	0			
tr|Q6PC53|Q6PC53_DANRE	Q6PC53	Q6PC53_DANRE	ppial	164	false	false	Danio rerio	Peptidyl-prolyl cis-trans isomerase	1:Experimental evidence at protein level	8.54	1.0000	0.9990	0.00000000000000	3	3	3	2	2	2	1.0097682E7	1.0097682E7	1.0097682E7			
tr|Q6PC77|Q6PC77_DANRE	Q6PC77	Q6PC77_DANRE	atp5h	161	false	false	Danio rerio	ATP synthase subunit d, mitochondrial	1:Experimental evidence at protein level	60.25	1.0000	0.9990	0.00000000000000	8	8	8	7	7	7	1.6639801E7	1.6639801E7	1.6639801E7	2M(15.9949)		
tr|Q6PC80|Q6PC80_DANRE	Q6PC80	Q6PC80_DANRE	chunp6933	204	false	false	Danio rerio	40S ribosomal protein S5 isoform X1	1:Experimental evidence at protein level	14.22	1.0000	0.9990	0.00000000000000	2	2	2	2	2	2	1.8016574E7	1.8016574E7	1.8016574E7	10C(57.0215),5C(57.0215),5C(57.0215)		
tr|Q6PC90|Q6PC90_DANRE	Q6PC90	Q6PC90_DANRE	fa95a02	132	false	false	Danio rerio	40S ribosomal protein S12	1:Experimental evidence at protein level	20.45	1.0000	0.9990	0.00000000000000	2	2	2	2	2	2	6809414.0	6809414.0	6809414.0	11C(57.0215),5C(57.0215),8C(57.0215)		
tr|Q6PC92|Q6PC92_DANRE	Q6PC92	Q6PC92_DANRE	zgc:73049	187	false	false	Danio rerio	ADP ribosylation factor-like GTPase 3, like 1	1:Experimental evidence at protein level	5.35	1.0000	0.9990	0.00000000000000	1	0	0	1	0	0	0	0	0			
tr|Q6PC95|Q6PC95_DANRE	Q6PC95	Q6PC95_DANRE	zgc:73046	449	false	false	Danio rerio	Tubulin alpha chain	1:Experimental evidence at protein level	29.84	1.0000	0.9989	0.00000000000000	13	0	0	18	0	0	2.00719472E8	0	0			
tr|Q6PE34|Q6PE34_DANRE	Q6PE34	Q6PE34_DANRE	fj33a08	444	false	false	Danio rerio	Tubulin beta chain	1:Experimental evidence at protein level	65.32	1.0000	0.9990	0.00000000000000	23	3	4	34	3	4	1.87341152E8	8071127.0	1.3980642E7			
tr|Q6PEI6|Q6PEI6_DANRE	Q6PEI6	Q6PEI6_DANRE	wu:fc20c11	782	false	false	Danio rerio	Aconitate hydratase, mitochondrial	1:Experimental evidence at protein level	7.93	1.0000	0.9990	0.00000000000000	4	4	4	4	4	4	3327209.5	3327209.5	3327209.5	7C(57.0215)		
tr|Q6PFM3|Q6PFM3_DANRE	Q6PFM3	Q6PFM3_DANRE	wu:fj94c07	682	false	false	Danio rerio	Solute carrier family 25 (Mitochondrial carrier, Aralar), member 12	1:Experimental evidence at protein level	9.09	1.0000	0.9990	0.00000000000000	4	3	4	4	3	4	2261178.0	1795952.0	2261178.0			
tr|Q6PFS4|Q6PFS4_DANRE	Q6PFS4	Q6PFS4_DANRE	wu:fd16e04	757	false	false	Danio rerio	MICOS complex subunit MIC60	1:Experimental evidence at protein level	5.02	1.0000	0.9990	0.00000000000000	3	3	3	4	4	4	1.0846128E7	1.0846128E7	1.0846128E7			
tr|Q6PFT0|Q6PFT0_DANRE	Q6PFT0	Q6PFT0_DANRE	zgc:64103	428	false	false	Danio rerio	Flotillin	1:Experimental evidence at protein level	2.57	1.0000	0.9990	0.00000000000000	1	0	0	1	0	0	0	0	0			
tr|Q6PGX4|Q6PGX4_DANRE	Q6PGX4	Q6PGX4_DANRE	zgc:63663	647	false	false	Danio rerio	Heat shock cognate 70	1:Experimental evidence at protein level	20.56	1.0000	0.9990	0.00000000000000	10	0	1	10	0	1	3.0185064E7	0	3062976.5			
tr|Q6PH06|Q6PH06_DANRE	Q6PH06	Q6PH06_DANRE	wu:fa55g05	305	false	false	Danio rerio	V-crk avian sarcoma virus CT10 oncogene homolog-like	1:Experimental evidence at protein level	7.54	1.0000	0.9989	0.00000000000000	1	1	1	1	1	1	0	0	0			
tr|Q6PH46|Q6PH46_DANRE	Q6PH46	Q6PH46_DANRE	zgc:77192	533	false	false	Danio rerio	T-complex protein 1 subunit delta	1:Experimental evidence at protein level	7.32	1.0000	0.9990	0.00000000000000	3	3	3	3	3	3	2808867.2	2808867.2	2808867.2	7C(57.0215)		
tr|Q6PHE4|Q6PHE4_DANRE	Q6PHE4	Q6PHE4_DANRE	krtt1c6	405	false	false	Danio rerio	Zgc:77517	1:Experimental evidence at protein level	3.95	1.0000	0.9990	0.00000000000000	2	2	2	2	2	2	2.4670252E7	2.4670252E7	2.4670252E7			
tr|Q6PHI8|Q6PHI8_DANRE	Q6PHI8	Q6PHI8_DANRE	TKT	625	false	false	Danio rerio	Tkt protein	1:Experimental evidence at protein level	13.44	1.0000	0.9990	0.00000000000000	5	5	5	5	5	5	1451782.1	1451782.1	1451782.1	5C(57.0215)		
tr|Q6PHJ8|Q6PHJ8_DANRE	Q6PHJ8	Q6PHJ8_DANRE	myl9l	172	false	false	Danio rerio	Myosin, light chain 12, genome duplicate 1	1:Experimental evidence at protein level	17.44	1.0000	0.9990	0.00000000000000	2	1	2	2	1	2	2289590.0	2289590.0	2289590.0			
tr|Q6Q417|Q6Q417_DANRE	Q6Q417	Q6Q417_DANRE	rpl7	246	false	false	Danio rerio	60S ribosomal protein L7	1:Experimental evidence at protein level	4.47	1.0000	0.9990	0.00000000000000	2	2	2	1	1	1	1525110.0	1525110.0	1525110.0			
tr|Q6Q418|Q6Q418_DANRE	Q6Q418	Q6Q418_DANRE	zgc:110350	403	false	false	Danio rerio	60S ribosomal protein L3	1:Experimental evidence at protein level	7.44	1.0000	0.9990	0.00000000000000	3	3	3	3	3	3	6773874.0	6773874.0	6773874.0	20M(15.9949)		
tr|Q6TGS5|Q6TGS5_DANRE	Q6TGS5	Q6TGS5_DANRE	zgc:76934	449	false	false	Danio rerio	Tubulin alpha chain	1:Experimental evidence at protein level	23.83	1.0000	0.9990	0.00000000000000	11	2	3	12	1	3	2.00719472E8	1414437.5	5.556638E7			
tr|Q6TGT9|Q6TGT9_DANRE	Q6TGT9	Q6TGT9_DANRE	SFRS5	259	false	false	Danio rerio	Splicing factor, arginine/serine-rich 5	1:Experimental evidence at protein level	12.74	1.0000	0.9990	0.00000000000000	5	3	5	3	1	3	7932322.0	5564221.5	7932322.0			
tr|Q6TGU0|Q6TGU0_DANRE	Q6TGU0	Q6TGU0_DANRE	SET	275	false	false	Danio rerio	Myeloid leukemia-associated SET translocation protein	1:Experimental evidence at protein level	26.55	1.0000	0.9990	0.00000000000000	7	3	7	6	3	6	3.1440276E7	6049120.5	3.1440276E7			
tr|Q6TGV6|Q6TGV6_DANRE	Q6TGV6	Q6TGV6_DANRE	PSMA5	241	false	false	Danio rerio	Proteasome subunit alpha type	1:Experimental evidence at protein level	12.03	1.0000	0.9990	0.00000000000000	2	2	2	2	2	2	1509166.1	1509166.1	1509166.1			
tr|Q6TH14|Q6TH14_DANRE	Q6TH14	Q6TH14_DANRE	ENO1	433	false	false	Danio rerio	phosphopyruvate hydratase	1:Experimental evidence at protein level	6.47	1.0000	0.9990	0.00000000000000	3	2	2	2	1	1	5520009.5	382165.66	382165.66			
tr|Q6TH32|Q6TH32_DANRE	Q6TH32	Q6TH32_DANRE	CFL2	165	false	false	Danio rerio	Cofilin-1	1:Experimental evidence at protein level	17.58	1.0000	0.9990	0.00000000000000	4	4	4	2	2	2	1.0860115E7	1.0860115E7	1.0860115E7	N-term(42.0106),17M(15.9949)		
tr|Q6TNR5|Q6TNR5_DANRE	Q6TNR5	Q6TNR5_DANRE	wu:fb13h02	164	false	false	Danio rerio	Peptidyl-prolyl cis-trans isomerase	1:Experimental evidence at protein level	40.24	1.0000	0.9990	0.00000000000000	5	5	5	5	5	5	1.6342564E7	1.6342564E7	1.6342564E7	3C(57.0215),6C(57.0215),7C(57.0215)		
tr|Q6TNT8|Q6TNT8_DANRE	Q6TNT8	Q6TNT8_DANRE	gnai2l	355	false	false	Danio rerio	Guanine nucleotide binding protein (G protein), alpha inhibiting activity polypeptide 2	1:Experimental evidence at protein level	10.14	1.0000	0.9985	0.00000000000000	4	1	1	5	1	1	9.1973016E7	255650.22	255650.22	5C(57.0215)		
tr|Q6TNV0|Q6TNV0_DANRE	Q6TNV0	Q6TNV0_DANRE	COX4I1	169	false	false	Danio rerio	Cytochrome c oxidase subunit 4	1:Experimental evidence at protein level	21.89	1.0000	0.9983	0.00000000000000	4	3	4	4	3	4	1.0033291E7	7583596.0	1.0033291E7			
tr|Q6XG62|Q6XG62_DANRE	Q6XG62	Q6XG62_DANRE	s100a4a	95	false	false	Danio rerio	Protein S100	1:Experimental evidence at protein level	13.68	1.0000	0.9990	0.00000000000000	1	1	1	1	1	1	1517454.1	1517454.1	1517454.1			
tr|Q6YJK1|Q6YJK1_DANRE	Q6YJK1	Q6YJK1_DANRE	amhc	1936	false	false	Danio rerio	Atrial myosin heavy chain	1:Experimental evidence at protein level	9.19	1.0000	0.9858	0.00082712985939	17	1	1	20	1	1	8.5543824E7	0	0			
tr|Q7SXA3|Q7SXA3_DANRE	Q7SXA3	Q7SXA3_DANRE	zgc:66168	156	false	false	Danio rerio	Ubiquitin-40S ribosomal protein S27a	1:Experimental evidence at protein level	58.97	1.0000	0.9990	0.00000000000000	11	1	11	9	1	9	2.0032552E8	4983215.0	2.0032552E8	13M(15.9949),2C(57.0215),7C(57.0215),1C(57.0215),2C(57.0215),6C(57.0215),2C(57.0215),7C(57.0215)		
tr|Q7SXL4|Q7SXL4_DANRE	Q7SXL4	Q7SXL4_DANRE	ndpkz2	153	false	false	Danio rerio	Nucleoside diphosphate kinase	1:Experimental evidence at protein level	13.73	1.0000	0.9985	0.00000000000000	2	0	0	3	0	0	1.1450438E7	0	0			
tr|Q7SXM1|Q7SXM1_DANRE	Q7SXM1	Q7SXM1_DANRE	zgc:66195	86	false	false	Danio rerio	Cytochrome c oxidase subunit	1:Experimental evidence at protein level	25.58	1.0000	0.9990	0.00000000000000	3	3	3	2	2	2	6508906.0	6508906.0	6508906.0	2C(57.0215),3C(57.0215),7C(57.0215)		
tr|Q7SXN2|Q7SXN2_DANRE	Q7SXN2	Q7SXN2_DANRE	hnrpdl	296	false	false	Danio rerio	Heterogeneous Nuclear ribonucleoprotein D-like	1:Experimental evidence at protein level	11.49	1.0000	0.9990	0.00000000000000	3	3	3	3	3	3	3632042.8	3632042.8	3632042.8	4C(57.0215),7C(57.0215)		
tr|Q7SXN6|Q7SXN6_DANRE	Q7SXN6	Q7SXN6_DANRE	psma6a	246	false	false	Danio rerio	Proteasome subunit alpha type	1:Experimental evidence at protein level	8.94	1.0000	0.9990	0.00000000000000	2	0	2	2	0	2	1319635.4	0	1319635.4			
tr|Q7SXU3|Q7SXU3_DANRE	Q7SXU3	Q7SXU3_DANRE	aldh2a	516	false	false	Danio rerio	Aldehyde dehydrogenase 2 family (Mitochondrial)a	1:Experimental evidence at protein level	2.71	1.0000	0.9990	0.00000000000000	2	0	0	2	0	0	3554684.0	0	0			
tr|Q7SY46|Q7SY46_DANRE	Q7SY46	Q7SY46_DANRE	zgc:63516	617	false	false	Danio rerio	H(+)-transporting two-sector ATPase	1:Experimental evidence at protein level	7.13	1.0000	0.9990	0.00000000000000	3	1	3	3	1	3	2560290.0	0	2560290.0	12C(57.0215)		
tr|Q7SY50|Q7SY50_DANRE	Q7SY50	Q7SY50_DANRE	zgc:63505	355	false	false	Danio rerio	Zgc:63505	1:Experimental evidence at protein level	5.92	1.0000	0.9990	0.00000000000000	1	1	1	1	1	1	593370.6	593370.6	593370.6			
tr|Q7SZD3|Q7SZD3_DANRE	Q7SZD3	Q7SZD3_DANRE	fi36d04	650	false	false	Danio rerio	78 kDa glucose-regulated protein	1:Experimental evidence at protein level	7.08	1.0000	0.9990	0.00000000000000	3	2	3	3	2	3	4629855.5	3312502.5	4629855.5			
tr|Q7SZP4|Q7SZP4_DANRE	Q7SZP4	Q7SZP4_DANRE	cb126	562	false	false	Danio rerio	Zgc:65851	1:Experimental evidence at protein level	1.60	1.0000	0.9990	0.00000000000000	2	0	0	2	0	0	4429240.0	0	0			
tr|Q7SZZ5|Q7SZZ5_DANRE	Q7SZZ5	Q7SZZ5_DANRE	wu:fj61c06	110	false	false	Danio rerio	Vesicle-associated membrane protein 2	1:Experimental evidence at protein level	21.82	1.0000	0.9990	0.00000000000000	1	0	1	1	0	1	0	0	0			
tr|Q7T1J9|Q7T1J9_DANRE	Q7T1J9	Q7T1J9_DANRE	zgc:65936	166	false	false	Danio rerio	40S ribosomal protein S10	1:Experimental evidence at protein level	14.46	1.0000	0.9990	0.00000000000000	2	2	2	2	2	2	2.4224098E7	2.4224098E7	2.4224098E7			
tr|Q7T1K0|Q7T1K0_DANRE	Q7T1K0	Q7T1K0_DANRE	zgc:65996	184	false	false	Danio rerio	60S ribosomal protein L17	1:Experimental evidence at protein level	8.70	1.0000	0.9990	0.00000000000000	1	1	1	1	1	1	4140467.5	4140467.5	4140467.5			
tr|Q7T2C6|Q7T2C6_DANRE	Q7T2C6	Q7T2C6_DANRE	rab7	207	false	false	Danio rerio	RAB7, member RAS oncogene family	1:Experimental evidence at protein level	10.14	1.0000	0.9975	0.00000000000000	2	0	0	2	0	0	6562270.0	0	0			
tr|Q7T2P7|Q7T2P7_DANRE	Q7T2P7	Q7T2P7_DANRE	cb195	371	false	false	Danio rerio	Glutamine synthetase	1:Experimental evidence at protein level	4.58	1.0000	0.9990	0.00000000000000	1	0	1	1	0	1	3572806.8	0	3572806.8	6C(57.0215)		
tr|Q7T334|Q7T334_DANRE	Q7T334	Q7T334_DANRE	zgc:64133	337	false	false	Danio rerio	Malate dehydrogenase	1:Experimental evidence at protein level	3.26	1.0000	0.9990	0.00000000000000	1	1	1	1	1	1	0	0	0			
tr|Q7T368|Q7T368_DANRE	Q7T368	Q7T368_DANRE	wu:fc76a05	359	false	false	Danio rerio	Pyruvate dehydrogenase E1 component subunit beta	1:Experimental evidence at protein level	3.06	1.0000	0.9990	0.00000000000000	1	1	1	1	1	1	850570.9	850570.9	850570.9			
tr|Q7T399|Q7T399_DANRE	Q7T399	Q7T399_DANRE	rhoae	193	false	false	Danio rerio	Ras homolog family member CA	1:Experimental evidence at protein level	10.36	1.0000	0.9987	0.00000000000000	2	0	0	2	0	0	1.2330025E7	0	0			
tr|Q7T3D3|Q7T3D3_DANRE	Q7T3D3	Q7T3D3_DANRE	zgc:63957	354	false	false	Danio rerio	Guanine nucleotide-binding protein (G protein), alpha-inhibiting activity polypeptide 1	1:Experimental evidence at protein level	12.43	1.0000	0.9990	0.00000000000000	4	1	1	5	1	1	9.1973016E7	0	0			
tr|Q7T3G2|Q7T3G2_DANRE	Q7T3G2	Q7T3G2_DANRE	zgc:63883	246	false	false	Danio rerio	14-3-3 protein eta	1:Experimental evidence at protein level	3.25	1.0000	0.9990	0.00000000000000	1	0	0	1	0	0	1.0943865E7	0	0			
tr|Q7T3T6|Q7T3T6_DANRE	Q7T3T6	Q7T3T6_DANRE	tnr	1350	false	false	Danio rerio	Tenascin-R	1:Experimental evidence at protein level	1.26	1.0000	0.9990	0.00000000000000	1	1	1	1	1	1	0	0	0	3C(57.0215),5C(57.0215)		
tr|Q7ZT21|Q7ZT21_DANRE	Q7ZT21	Q7ZT21_DANRE	hbae1.3	143	false	false	Danio rerio	Embryonic alpha globin e1	1:Experimental evidence at protein level	27.27	1.0000	0.9990	0.00000000000000	3	3	3	4	4	4	2185548.5	2185548.5	2185548.5	1M(15.9949)		
tr|Q7ZTH6|Q7ZTH6_DANRE	Q7ZTH6	Q7ZTH6_DANRE	fb14g10	471	false	false	Danio rerio	Hydroxyacyl-Coenzyme A dehydrogenase/3-ketoacyl-Coenzyme A thiolase/enoyl-Coenzyme A hydratase (Trifunctional protein), beta subunit	1:Experimental evidence at protein level	11.46	1.0000	0.9990	0.00000000000000	5	5	5	5	5	5	8132306.5	8132306.5	8132306.5			
tr|Q7ZU67|Q7ZU67_DANRE	Q7ZU67	Q7ZU67_DANRE	fb54c08	406	false	false	Danio rerio	ATP-dependent RNA helicase	1:Experimental evidence at protein level	3.45	1.0000	0.9989	0.00000000000000	1	0	0	1	0	0	0	0	0			
tr|Q7ZUD3|Q7ZUD3_DANRE	Q7ZUD3	Q7ZUD3_DANRE	fc25b01	142	false	false	Danio rerio	Glia maturation factor	1:Experimental evidence at protein level	11.27	1.0000	0.9990	0.00000000000000	1	1	1	1	1	1	0	0	0	N-term(42.0106),7C(57.0215)		
tr|Q7ZUG6|Q7ZUG6_DANRE	Q7ZUG6	Q7ZUG6_DANRE	fa93d05	117	false	false	Danio rerio	60S ribosomal protein L30	1:Experimental evidence at protein level	23.93	1.0000	0.9990	0.00000000000000	2	2	2	2	2	2	7817314.0	7817314.0	7817314.0	2C(57.0215),2C(57.0215),8C(57.0215)		
tr|Q7ZUI0|Q7ZUI0_DANRE	Q7ZUI0	Q7ZUI0_DANRE	zgc:77176	297	false	false	Danio rerio	60S ribosomal protein L5	1:Experimental evidence at protein level	3.37	1.0000	0.9968	0.00000000000000	1	0	0	1	0	0	737596.9	0	0			
tr|Q7ZUI4|Q7ZUI4_DANRE	Q7ZUI4	Q7ZUI4_DANRE	TXN	108	false	false	Danio rerio	Thioredoxin	1:Experimental evidence at protein level	26.85	1.0000	0.9990	0.00000000000000	2	2	2	3	3	3	3108168.8	3108168.8	3108168.8	13C(57.0215),1M(15.9949)		
tr|Q7ZUK2|Q7ZUK2_DANRE	Q7ZUK2	Q7ZUK2_DANRE	wu:fj36b10	369	false	false	Danio rerio	General transcription factor IIA, 1	2:Experimental evidence at transcript level	2.98	1.0000	0.9988	0.00000000000000	1	1	1	1	1	1	656026.0	656026.0	656026.0	3M(15.9949)		
tr|Q7ZUM0|Q7ZUM0_DANRE	Q7ZUM0	Q7ZUM0_DANRE	ywhaq	245	false	false	Danio rerio	14-3-3 protein theta	1:Experimental evidence at protein level	3.27	1.0000	0.9990	0.00000000000000	1	0	0	1	0	0	1.0943865E7	0	0			
tr|Q7ZUM3|Q7ZUM3_DANRE	Q7ZUM3	Q7ZUM3_DANRE	wu:fc21e02	918	false	false	Danio rerio	hexokinase	1:Experimental evidence at protein level	4.58	1.0000	0.9990	0.00000000000000	3	3	3	3	3	3	1748349.0	1748349.0	1748349.0	11C(57.0215),1M(15.9949)		
tr|Q7ZUN7|Q7ZUN7_DANRE	Q7ZUN7	Q7ZUN7_DANRE	fb37h03	417	false	false	Danio rerio	creatine kinase	1:Experimental evidence at protein level	11.27	1.0000	0.9990	0.00000000000000	2	2	2	2	2	2	3.7959852E7	3.7959852E7	3.7959852E7			
tr|Q7ZUP5|Q7ZUP5_DANRE	Q7ZUP5	Q7ZUP5_DANRE	dnaja2	412	false	false	Danio rerio	DnaJ (Hsp40) homolog, subfamily A, member 2	1:Experimental evidence at protein level	6.07	1.0000	0.9990	0.00000000000000	2	1	2	2	1	2	2908649.5	1143465.8	2908649.5	8C(57.0215)		
tr|Q7ZUP6|Q7ZUP6_DANRE	Q7ZUP6	Q7ZUP6_DANRE	zgc:55485	449	false	false	Danio rerio	Isocitrate dehydrogenase [NADP]	1:Experimental evidence at protein level	37.86	1.0000	0.9990	0.00000000000000	16	16	16	20	20	20	4.501266E7	4.501266E7	4.501266E7	11M(15.9949),2C(57.0215),12C(57.0215),5C(57.0215),12C(57.0215),5C(57.0215),1C(57.0215),1M(15.9949),2C(57.0215),5M(15.9949),9C(57.0215)		
tr|Q7ZUR9|Q7ZUR9_DANRE	Q7ZUR9	Q7ZUR9_DANRE	wu:fa95e06	205	false	false	Danio rerio	60S ribosomal protein L13a	1:Experimental evidence at protein level	5.85	1.0000	0.9948	0.00000000000000	1	1	1	1	1	1	0	0	0	1C(57.0215)		
tr|Q7ZUS3|Q7ZUS3_DANRE	Q7ZUS3	Q7ZUS3_DANRE	GAD67	587	false	false	Danio rerio	GAD67	1:Experimental evidence at protein level	2.04	1.0000	0.9990	0.00000000000000	1	0	1	1	0	1	0	0	0			
tr|Q7ZUV5|Q7ZUV5_DANRE	Q7ZUV5	Q7ZUV5_DANRE	zgc:56049	201	false	false	Danio rerio	ZRAB1B, member RAS oncogene family a	1:Experimental evidence at protein level	21.39	1.0000	0.9990	0.00000000000000	3	0	2	3	0	2	1.6996404E7	0	8693296.0			
tr|Q7ZUY0|Q7ZUY0_DANRE	Q7ZUY0	Q7ZUY0_DANRE	seta	269	false	false	Danio rerio	SET nuclear proto-oncogene a	1:Experimental evidence at protein level	21.93	1.0000	0.9990	0.00000000000000	5	1	1	5	2	2	3.3292964E7	5165822.0	5165822.0			
tr|Q7ZUZ7|Q7ZUZ7_DANRE	Q7ZUZ7	Q7ZUZ7_DANRE	arf1l	181	false	false	Danio rerio	ADP-ribosylation factor	1:Experimental evidence at protein level	11.05	1.0000	0.9990	0.00000000000000	1	0	0	1	0	0	4117931.5	0	0			
tr|Q7ZV05|Q7ZV05_DANRE	Q7ZV05	Q7ZV05_DANRE	wu:fa91c09	159	false	false	Danio rerio	40S ribosomal protein S11	1:Experimental evidence at protein level	17.61	1.0000	0.9990	0.00000000000000	3	2	3	2	1	2	1.2442941E7	1.2034764E7	1.2442941E7	13C(57.0215),1C(57.0215)		
tr|Q7ZV13|Q7ZV13_DANRE	Q7ZV13	Q7ZV13_DANRE	sfrs2	225	false	false	Danio rerio	Serine and arginine-rich-splicing factor 2a	1:Experimental evidence at protein level	13.78	1.0000	0.9990	0.00000000000000	2	1	2	3	2	3	6594574.0	2948495.8	6594574.0	N-term(42.0106),N-term(42.0106),12M(15.9949)		
tr|Q7ZV23|Q7ZV23_DANRE	Q7ZV23	Q7ZV23_DANRE	nhp2l1	128	false	false	Danio rerio	Ribonucloprotein	1:Experimental evidence at protein level	10.16	1.0000	0.9990	0.00000000000000	1	1	1	1	1	1	2064459.0	2064459.0	2064459.0			
tr|Q7ZV29|Q7ZV29_DANRE	Q7ZV29	Q7ZV29_DANRE	wu:fd59b07	417	false	false	Danio rerio	Phosphoglycerate kinase	1:Experimental evidence at protein level	3.60	1.0000	0.9990	0.00000000000000	1	1	1	1	1	1	713689.3	713689.3	713689.3			
tr|Q7ZV39|Q7ZV39_DANRE	Q7ZV39	Q7ZV39_DANRE	zgc:56235	281	false	false	Danio rerio	Zgc:56235	1:Experimental evidence at protein level	26.33	1.0000	0.9988	0.00000000000000	5	3	3	6	3	3	5.4406168E7	1176422.1	1176422.1			
tr|Q7ZV45|Q7ZV45_DANRE	Q7ZV45	Q7ZV45_DANRE	wu:fb59a06	356	false	false	Danio rerio	Phosphate carrier protein, mitochondrial	1:Experimental evidence at protein level	3.37	1.0000	0.9989	0.00000000000000	1	0	1	1	0	1	1929770.6	0	1929770.6			
tr|Q7ZV92|Q7ZV92_DANRE	Q7ZV92	Q7ZV92_DANRE	prp19	505	false	false	Danio rerio	Pre-mRNA-processing factor 19	1:Experimental evidence at protein level	4.95	1.0000	0.9990	0.00000000000000	2	2	2	2	2	2	1887114.5	1887114.5	1887114.5	9C(57.0215)		
tr|Q7ZVB5|Q7ZVB5_DANRE	Q7ZVB5	Q7ZVB5_DANRE	SNRPD3	128	false	false	Danio rerio	Small nuclear ribonucleoprotein Sm D3	1:Experimental evidence at protein level	14.84	1.0000	0.9990	0.00000000000000	2	1	2	2	1	2	3836029.0	1658826.1	3836029.0			
tr|Q7ZVD9|Q7ZVD9_DANRE	Q7ZVD9	Q7ZVD9_DANRE	wu:fb13d09	245	false	false	Danio rerio	DNA-(apurinic or apyrimidinic site) lyase	1:Experimental evidence at protein level	22.86	1.0000	0.9990	0.00000000000000	7	7	7	5	5	5	2.5320548E7	2.5320548E7	2.5320548E7	2M(15.9949),3C(57.0215),3C(57.0215)		
tr|Q7ZVF2|Q7ZVF2_DANRE	Q7ZVF2	Q7ZVF2_DANRE	fb11d08	372	false	false	Danio rerio	Glutamine synthetase	1:Experimental evidence at protein level	8.60	1.0000	0.9990	0.00000000000000	2	1	1	2	1	1	3572806.8	0	0	15M(15.9949),2C(57.0215)		
tr|Q7ZVG1|Q7ZVG1_DANRE	Q7ZVG1	Q7ZVG1_DANRE	zgc:56036	397	false	false	Danio rerio	3-ketoacyl-CoA thiolase, mitochondrial	1:Experimental evidence at protein level	2.02	1.0000	0.9990	0.00000000000000	1	1	1	1	1	1	1377696.5	1377696.5	1377696.5			
tr|Q7ZVI6|Q7ZVI6_DANRE	Q7ZVI6	Q7ZVI6_DANRE	fa93f03	450	false	false	Danio rerio	Tubulin alpha chain	1:Experimental evidence at protein level	44.67	1.0000	0.9990	0.00000000000000	15	1	1	21	1	1	2.85311488E8	759370.8	759370.8	15C(57.0215)		
tr|Q7ZVL3|Q7ZVL3_DANRE	Q7ZVL3	Q7ZVL3_DANRE	wu:fc39d01	458	false	false	Danio rerio	Dihydrolipoyllysine-residue succinyltransferase component of 2-oxoglutarate dehydrogenase complex, mitochondrial	1:Experimental evidence at protein level	3.06	1.0000	0.9990	0.00000000000000	1	1	1	1	1	1	351951.4	351951.4	351951.4			
tr|Q7ZVL6|Q7ZVL6_DANRE	Q7ZVL6	Q7ZVL6_DANRE	sr:nyz175	721	false	false	Danio rerio	DNA replication licensing factor MCM7	1:Experimental evidence at protein level	1.80	1.0000	0.9990	0.00000000000000	1	1	1	1	1	1	611265.5	611265.5	611265.5			
tr|Q7ZVM6|Q7ZVM6_DANRE	Q7ZVM6	Q7ZVM6_DANRE	TIA1	342	false	false	Danio rerio	Cytotoxic granule-associated RNA-binding protein 1,-like	1:Experimental evidence at protein level	5.26	1.0000	0.9990	0.00000000000000	1	1	1	1	1	1	0	0	0	17C(57.0215)		
tr|Q7ZVQ3|Q7ZVQ3_DANRE	Q7ZVQ3	Q7ZVQ3_DANRE	zgc:55793	606	false	false	Danio rerio	WD repeat domain 1	1:Experimental evidence at protein level	4.46	1.0000	0.9990	0.00000000000000	2	2	2	2	2	2	698277.56	698277.56	698277.56	2C(57.0215),4C(57.0215)		
tr|Q7ZVS0|Q7ZVS0_DANRE	Q7ZVS0	Q7ZVS0_DANRE	dnaja2l	413	false	false	Danio rerio	DnaJ (Hsp40) homolog, subfamily A, member 2, like	1:Experimental evidence at protein level	2.42	1.0000	0.9990	0.00000000000000	1	0	0	1	0	0	1765183.8	0	0			
tr|Q7ZVT2|Q7ZVT2_DANRE	Q7ZVT2	Q7ZVT2_DANRE	pkm2a	532	false	false	Danio rerio	Pyruvate kinase	1:Experimental evidence at protein level	2.44	1.0000	0.9990	0.00000000000000	1	1	1	1	1	1	1996962.5	1996962.5	1996962.5	6C(57.0215)		
tr|Q7ZVX4|Q7ZVX4_DANRE	Q7ZVX4	Q7ZVX4_DANRE	wu:fj47f07	215	false	false	Danio rerio	Ras-related protein Rab-14	1:Experimental evidence at protein level	11.16	1.0000	0.9967	0.00000000000000	2	0	1	2	0	1	8930163.0	0	627054.5	7M(15.9949)		
tr|Q7ZW01|Q7ZW01_DANRE	Q7ZW01	Q7ZW01_DANRE	fd02b12	445	false	false	Danio rerio	Tubulin beta chain	1:Experimental evidence at protein level	63.15	1.0000	0.9990	0.00000000000000	28	0	0	43	0	0	1.98670416E8	0	0			
tr|Q7ZW09|Q7ZW09_DANRE	Q7ZW09	Q7ZW09_DANRE	zgc:55429	536	false	false	Danio rerio	Heterogeneous Nuclear ribonucleoprotein L	2:Experimental evidence at transcript level	7.46	1.0000	0.9990	0.00000000000000	4	0	4	3	0	3	7289414.5	0	7289414.5	12C(57.0215),13C(57.0215),2C(57.0215),6C(57.0215),6C(57.0215)		
tr|Q7ZW20|Q7ZW20_DANRE	Q7ZW20	Q7ZW20_DANRE	fe38c12	255	false	false	Danio rerio	14-3-3 protein epsilon	1:Experimental evidence at protein level	7.45	1.0000	0.9990	0.00000000000000	2	1	1	2	1	1	1.2461011E7	1517146.1	1517146.1	N-term(42.0106)		
tr|Q7ZW95|Q7ZW95_DANRE	Q7ZW95	Q7ZW95_DANRE	zgc:56659	375	false	false	Danio rerio	60S ribosomal protein L4	1:Experimental evidence at protein level	20.53	1.0000	0.9990	0.00000000000000	6	6	6	7	7	7	1.0590382E7	1.0590382E7	1.0590382E7	10C(57.0215),2C(57.0215),4C(57.0215),N-term(42.0106),2C(57.0215)		
tr|Q801U3|Q801U3_DANRE	Q801U3	Q801U3_DANRE	sfrs3a	174	false	false	Danio rerio	Serine and arginine-rich-splicing factor 3a	1:Experimental evidence at protein level	17.24	1.0000	0.9990	0.00000000000000	3	2	3	2	1	2	9026446.0	3690640.0	9026446.0			
tr|Q802C7|Q802C7_DANRE	Q802C7	Q802C7_DANRE	tardbp	412	false	false	Danio rerio	TAR DNA-binding protein 43	1:Experimental evidence at protein level	5.10	1.0000	0.9990	0.00000000000000	2	1	2	2	1	2	2482960.0	1276013.1	2482960.0			
tr|Q802C9|Q802C9_DANRE	Q802C9	Q802C9_DANRE	wu:fd15g03	406	false	false	Danio rerio	ATP-dependent RNA helicase	1:Experimental evidence at protein level	3.45	1.0000	0.9990	0.00000000000000	1	0	1	1	0	1	0	0	0			
tr|Q802U8|Q802U8_DANRE	Q802U8	Q802U8_DANRE	wu:fb12d01	192	false	false	Danio rerio	H1 histone family, member X	1:Experimental evidence at protein level	9.90	1.0000	0.9990	0.00000000000000	2	2	2	2	2	2	3552427.0	3552427.0	3552427.0			
tr|Q802Y1|Q802Y1_DANRE	Q802Y1	Q802Y1_DANRE	zgc:55809	366	false	false	Danio rerio	Serine and arginine-rich-splicing factor 4	1:Experimental evidence at protein level	2.46	1.0000	0.9989	0.00000000000000	1	0	0	1	0	0	3330378.5	0	0			
tr|Q802Z3|Q802Z3_DANRE	Q802Z3	Q802Z3_DANRE	zgc:55645	270	false	false	Danio rerio	Zgc:55645	1:Experimental evidence at protein level	7.04	1.0000	0.9990	0.00000000000000	1	1	1	1	1	1	1993139.2	1993139.2	1993139.2	7M(15.9949)		
tr|Q803D1|Q803D1_DANRE	Q803D1	Q803D1_DANRE	arf1	180	false	false	Danio rerio	ADP-ribosylation factor	1:Experimental evidence at protein level	11.11	1.0000	0.9985	0.00000000000000	1	0	0	1	0	0	4117931.5	0	0			
tr|Q803M8|Q803M8_DANRE	Q803M8	Q803M8_DANRE	ywhaz	245	false	false	Danio rerio	14-3-3 protein theta	1:Experimental evidence at protein level	3.27	1.0000	0.9990	0.00000000000000	1	0	0	1	0	0	1.0943865E7	0	0			
tr|Q803N2|Q803N2_DANRE	Q803N2	Q803N2_DANRE	wu:fb22e01	1216	false	false	Danio rerio	Structural maintenance of chromosomes protein	1:Experimental evidence at protein level	2.88	1.0000	0.9990	0.00000000000000	3	3	3	3	3	3	1091556.9	1091556.9	1091556.9			
tr|Q803T5|Q803T5_DANRE	Q803T5	Q803T5_DANRE	AHCY	433	false	false	Danio rerio	Adenosylhomocysteinase	1:Experimental evidence at protein level	2.77	1.0000	0.9990	0.00000000000000	1	1	1	1	1	1	885811.0	885811.0	885811.0			
tr|Q803T6|Q803T6_DANRE	Q803T6	Q803T6_DANRE	sh3gl2	347	false	false	Danio rerio	SH3 domain-containing GRB2-like 2a, endophilin A1	1:Experimental evidence at protein level	3.46	1.0000	0.9990	0.00000000000000	2	2	2	1	1	1	1856233.4	1856233.4	1856233.4			
tr|Q803W0|Q803W0_DANRE	Q803W0	Q803W0_DANRE	ddx39b	427	false	false	Danio rerio	RNA helicase	1:Experimental evidence at protein level	9.13	1.0000	0.9990	0.00000000000000	4	2	4	3	1	3	7098090.5	3819481.8	7098090.5			
tr|Q803X6|Q803X6_DANRE	Q803X6	Q803X6_DANRE	wu:fb40a03	855	false	false	Danio rerio	Scaffold attachment factor B	1:Experimental evidence at protein level	1.87	1.0000	0.9990	0.00000000000000	1	1	1	1	1	1	0	0	0	N-term(42.0106)		
tr|Q8AWD0|Q8AWD0_DANRE	Q8AWD0	Q8AWD0_DANRE	wu:fa01a08	283	false	false	Danio rerio	Vdac2 protein	1:Experimental evidence at protein level	60.42	1.0000	0.9990	0.00000000000000	16	14	16	18	15	18	1.39505744E8	1.29015232E8	1.39505744E8	1M(15.9949),3M(15.9949),N-term(42.0106)		
tr|Q8AWD9|Q8AWD9_DANRE	Q8AWD9	Q8AWD9_DANRE	catD	398	false	false	Danio rerio	Cathepsin D	1:Experimental evidence at protein level	2.76	1.0000	0.9990	0.00000000000000	1	0	0	2	0	0	3075775.8	0	0			
tr|Q8AWW3|Q8AWW3_DANRE	Q8AWW3	Q8AWW3_DANRE	cb758	290	false	false	Danio rerio	Translocon-associated protein subunit alpha	1:Experimental evidence at protein level	11.03	1.0000	0.9990	0.00000000000000	3	3	3	3	3	3	1.0038563E7	1.0038563E7	1.0038563E7			
tr|Q8AX99|Q8AX99_DANRE	Q8AX99	Q8AX99_DANRE	wu:fc11d03	898	false	false	Danio rerio	Actinin alpha 3B	1:Experimental evidence at protein level	1.34	1.0000	0.9990	0.00000000000000	1	0	0	1	0	0	0	0	0			
tr|Q8AY63|Q8AY63_DANRE	Q8AY63	Q8AY63_DANRE	ckb	381	false	false	Danio rerio	creatine kinase	1:Experimental evidence at protein level	45.41	1.0000	0.9990	0.00000000000000	18	13	18	19	14	19	1.6145527E7	1.1580217E7	1.6145527E7	11M(15.9949),12M(15.9949),2C(57.0215),3C(57.0215),8C(57.0215),3C(57.0215),8C(57.0215)		
tr|Q8AYB9|Q8AYB9_DANRE	Q8AYB9	Q8AYB9_DANRE	wu:fa12h07	598	false	false	Danio rerio	Dolichyl-diphosphooligosaccharide--protein glycosyltransferase subunit 1	1:Experimental evidence at protein level	15.22	1.0000	0.9990	0.00000000000000	5	5	5	5	5	5	5047535.0	5047535.0	5047535.0			
tr|Q8JHH4|Q8JHH4_DANRE	Q8JHH4	Q8JHH4_DANRE	atp6e	226	false	false	Danio rerio	V-type proton ATPase subunit E 1	1:Experimental evidence at protein level	10.18	1.0000	0.9990	0.00000000000000	2	2	2	2	2	2	2968870.0	2968870.0	2968870.0	N-term(42.0106)		
tr|Q8JHI0|Q8JHI0_DANRE	Q8JHI0	Q8JHI0_DANRE	SLC25A5	298	false	false	Danio rerio	ADP/ATP translocase	1:Experimental evidence at protein level	59.40	1.0000	0.9990	0.00000000000000	19	11	19	27	18	27	1.25999432E8	1.25999432E8	1.25999432E8	12C(57.0215),12C(57.0215),12C(57.0215),5M(15.9949),12C(57.0215),5M(15.9949),13C(57.0215),13C(57.0215),6M(15.9949),18C(57.0215),2M(15.9949),2M(15.9949),2M(15.9949),2M(15.9949),8C(57.0215),N-term(42.0106)		
tr|Q8JHI7|Q8JHI7_DANRE	Q8JHI7	Q8JHI7_DANRE	wu:fj48b06	543	false	false	Danio rerio	T-complex protein 1 subunit gamma	1:Experimental evidence at protein level	2.03	1.0000	0.9990	0.00000000000000	1	1	1	1	1	1	870082.0	870082.0	870082.0			
tr|Q8QHA6|Q8QHA6_DANRE	Q8QHA6	Q8QHA6_DANRE	wu:fj51e01	509	false	false	Danio rerio	Vacuolar proton pump subunit B	1:Experimental evidence at protein level	4.72	1.0000	0.9990	0.00000000000000	3	1	3	2	1	2	2879771.2	0	2879771.2			
tr|Q8QHA7|Q8QHA7_DANRE	Q8QHA7	Q8QHA7_DANRE	vatB1	506	false	false	Danio rerio	Vacuolar proton pump subunit B	1:Experimental evidence at protein level	1.98	1.0000	0.9990	0.00000000000000	2	0	0	1	0	0	2879771.2	0	0			
tr|Q8UVG7|Q8UVG7_DANRE	Q8UVG7	Q8UVG7_DANRE	H-FABP	133	false	false	Danio rerio	Fatty acid-binding protein 3, muscle and heart	1:Experimental evidence at protein level	33.83	1.0000	0.9990	0.00000000000000	4	3	3	4	3	3	2103652.0	2103652.0	2103652.0	N-term(42.0106)		
tr|Q90WX5|Q90WX5_DANRE	Q90WX5	Q90WX5_DANRE	gnat2	354	false	false	Danio rerio	Cone transducin alpha subunit	1:Experimental evidence at protein level	47.18	1.0000	0.9990	0.00000000000000	14	11	14	18	14	18	1.11697712E8	3.151226E7	1.11697712E8	11C(57.0215),13M(15.9949),13M(15.9949),1M(15.9949),2C(57.0215),2M(15.9949),6C(57.0215),6C(57.0215),6M(15.9949),8C(57.0215),8C(57.0215),8C(57.0215)		
tr|Q90XH2|Q90XH2_DANRE	Q90XH2	Q90XH2_DANRE	meis1	388	false	false	Danio rerio	Myeloid ecotropic viral integration 1	1:Experimental evidence at protein level	5.41	1.0000	0.9990	0.00000000000000	1	0	1	1	0	1	0	0	0			
tr|Q9DEU1|Q9DEU1_DANRE	Q9DEU1	Q9DEU1_DANRE	zgc:92351	1025	false	false	Danio rerio	Sodium/potassium-transporting ATPase subunit alpha	1:Experimental evidence at protein level	15.32	1.0000	0.9990	0.00000000000000	13	1	1	15	1	1	7.4931592E7	515435.88	515435.88			
tr|Q9DGL6|Q9DGL6_DANRE	Q9DGL6	Q9DGL6_DANRE	atp1a1	1028	false	false	Danio rerio	Sodium/potassium-transporting ATPase subunit alpha	1:Experimental evidence at protein level	19.65	1.0000	0.9990	0.00000000000000	19	6	9	19	5	7	7.4931592E7	3672162.5	5131199.0	1C(57.0215),5C(57.0215),6C(57.0215)		
tr|Q9I8N9|Q9I8N9_DANRE	Q9I8N9	Q9I8N9_DANRE	B-FABP	132	false	false	Danio rerio	Brain-type fatty acid-binding protein	1:Experimental evidence at protein level	21.21	1.0000	0.9990	0.00000000000000	2	1	2	2	1	2	2245161.2	2245161.2	2245161.2			
tr|Q9I8U7|Q9I8U7_DANRE	Q9I8U7	Q9I8U7_DANRE	zgc:109832	151	false	false	Danio rerio	Fast skeletal muscle myosin light polypeptide 3	1:Experimental evidence at protein level	5.96	1.0000	0.9990	0.00000000000000	2	1	1	1	0	0	3926325.5	3037665.0	3037665.0			
tr|Q9I8U8|Q9I8U8_DANRE	Q9I8U8	Q9I8U8_DANRE	tnnc	160	false	false	Danio rerio	Fast skeletal muscle troponin C	1:Experimental evidence at protein level	18.12	1.0000	0.9990	0.00000000000000	2	1	2	2	1	2	1866019.0	1316821.0	1866019.0	5M(15.9949)		
tr|Q9I9E5|Q9I9E5_DANRE	Q9I9E5	Q9I9E5_DANRE	Snrpn	239	false	false	Danio rerio	Small nuclear ribonucleoprotein-associated protein	1:Experimental evidence at protein level	2.93	1.0000	0.9989	0.00000000000000	1	1	1	1	1	1	479457.1	479457.1	479457.1			
tr|Q9I9P6|Q9I9P6_DANRE	Q9I9P6	Q9I9P6_DANRE	zgc:92909	288	false	false	Danio rerio	Syntaxin-1B	1:Experimental evidence at protein level	8.33	1.0000	0.9990	0.00000000000000	4	4	4	2	2	2	5681875.0	5681875.0	5681875.0	6M(15.9949)		
tr|Q9PWD8|Q9PWD8_DANRE	Q9PWD8	Q9PWD8_DANRE	wu:fa03a08	429	false	false	Danio rerio	Type I cytokeratin	1:Experimental evidence at protein level	8.39	1.0000	0.9990	0.00000000000000	5	0	3	4	0	2	1.25520496E8	0	2672617.0	7M(15.9949)		
tr|Q9YHX5|Q9YHX5_DANRE	Q9YHX5	Q9YHX5_DANRE	cb28	455	false	false	Danio rerio	Vimentin	1:Experimental evidence at protein level	2.42	1.0000	0.9990	0.00000000000000	1	0	1	2	0	2	408284.44	0	408284.44	1M(15.9949)		
tr|R4GDZ5|R4GDZ5_DANRE	R4GDZ5	R4GDZ5_DANRE	myh7ba	1938	false	false	Danio rerio	Myosin, heavy chain 7B, cardiac muscle, beta A	3:Protein inferred from homology	3.20	1.0000	0.9936	0.00000000000000	9	1	1	12	1	1	3.39948E7	0	0			
tr|R4GE15|R4GE15_DANRE	R4GE15	R4GE15_DANRE	si:ch211-113a14.29	124	false	false	Danio rerio	Histone H2B	3:Protein inferred from homology	50.81	1.0000	0.9990	0.00000000000000	10	0	10	17	0	17	3.39337728E9	0	3.39337728E9	13M(15.9949),2M(15.9949),2M(15.9949),5M(15.9949),5M(15.9949)		
tr|U5U756|U5U756_DANRE	U5U756	U5U756_DANRE	si:ch211-165a16.2	3050	false	false	Danio rerio	Rabconnectin-3a	1:Experimental evidence at protein level	0.36	1.0000	0.9990	0.00000000000000	1	1	1	1	1	1	442477.53	442477.53	442477.53	4C(57.0215)		
tr|X1WFI9|X1WFI9_DANRE	X1WFI9	X1WFI9_DANRE	hmgb1b	197	false	false	Danio rerio	High mobility group box 1b	1:Experimental evidence at protein level	34.52	1.0000	0.9990	0.00000000000000	8	6	6	11	8	8	3.6213336E7	2.4149186E7	2.4149186E7	10C(57.0215),10C(57.0215)		
sp|Q6NUX8|RHOAA_DANRE	Q6NUX8	RHOAA_DANRE	rhoaa	193	false	false	Danio rerio	Rho-related GTP-binding protein RhoA-A	1:Experimental evidence at protein level	18.13	0.9999	0.9990	0.00000000000000	3	0	0	3	0	0	1.409936E7	0	0			sp|Q7T2E8|RHOAC_DANRE
tr|A0A8M2B7W6|A0A8M2B7W6_DANRE	A0A8M2B7W6	A0A8M2B7W6_DANRE	LOC103909414	200	false	false	Danio rerio	serine protease HTRA2, mitochondrial-like isoform X1	3:Protein inferred from homology	13.00	0.9999	0.9987	0.00000000000000	2	0	2	2	0	2	2308989.5	0	2308989.5			tr|A0A8M2B858|A0A8M2B858_DANRE, tr|A0A8M6YUP2|A0A8M6YUP2_DANRE, tr|A0A8M6Z3U6|A0A8M6Z3U6_DANRE, tr|A0A8M9PBC7|A0A8M9PBC7_DANRE, tr|A0A8M9PDK3|A0A8M9PDK3_DANRE, tr|A0A8M9PIN3|A0A8M9PIN3_DANRE, tr|A0A8M9PLT5|A0A8M9PLT5_DANRE, tr|A0A8M9PLU5|A0A8M9PLU5_DANRE, tr|A0A8M9PLU9|A0A8M9PLU9_DANRE, tr|A0A8M9PMV6|A0A8M9PMV6_DANRE, tr|A0A8M9PQU3|A0A8M9PQU3_DANRE, tr|A0A8M9PTZ3|A0A8M9PTZ3_DANRE, tr|A0A8M9PYY8|A0A8M9PYY8_DANRE, tr|A0A8M9Q065|A0A8M9Q065_DANRE, tr|A0A8M9Q128|A0A8M9Q128_DANRE, tr|A0A8M9Q3F7|A0A8M9Q3F7_DANRE, tr|A0A8M9QAR7|A0A8M9QAR7_DANRE, tr|A0A8M9QC71|A0A8M9QC71_DANRE, tr|A0A8M9QCM4|A0A8M9QCM4_DANRE, tr|A0A8M9QCV4|A0A8M9QCV4_DANRE, tr|A0A8M9QG75|A0A8M9QG75_DANRE, tr|A0A8M9QG79|A0A8M9QG79_DANRE, tr|A0A8M9QKF1|A0A8M9QKF1_DANRE, tr|A0A8M9QLE8|A0A8M9QLE8_DANRE, tr|A0A8M9QP02|A0A8M9QP02_DANRE, tr|A7MC74|A7MC74_DANRE, tr|A9JSY1|A9JSY1_DANRE
tr|A0A8M3ASQ6|A0A8M3ASQ6_DANRE	A0A8M3ASQ6	A0A8M3ASQ6_DANRE	slc4a4a	1146	false	false	Danio rerio	Anion exchange protein	1:Experimental evidence at protein level	0.79	0.9999	0.9985	0.00000000000000	1	0	1	1	0	1	549217.06	0	549217.06			
tr|A0A8M9PH95|A0A8M9PH95_DANRE	A0A8M9PH95	A0A8M9PH95_DANRE	myo6a	1288	false	false	Danio rerio	Unconventional myosin-VI	1:Experimental evidence at protein level	1.16	0.9999	0.9990	0.00000000000000	1	0	1	1	0	1	0	0	0			
tr|B0UXR9|B0UXR9_DANRE	B0UXR9	B0UXR9_DANRE	hsp70.1	643	false	false	Danio rerio	Heat shock cognate 70-kd protein, tandem duplicate 2	3:Protein inferred from homology	8.71	0.9999	0.9983	0.00000000000000	5	0	0	5	0	0	5838589.5	0	0			tr|B0UXS6|B0UXS6_DANRE, tr|Q6PH56|Q6PH56_DANRE
tr|F1QEJ5|F1QEJ5_DANRE	F1QEJ5	F1QEJ5_DANRE	zgc:92848	82	false	false	Danio rerio	Cytochrome b-c1 complex subunit 8	1:Experimental evidence at protein level	26.83	0.9999	0.9980	0.00000000000000	3	3	3	3	3	3	7647540.0	7647540.0	7647540.0			
tr|Q15I82|Q15I82_DANRE	Q15I82	Q15I82_DANRE	crygem2-7	173	false	false	Danio rerio	Crystallin gamma EM2-7	2:Experimental evidence at transcript level	20.81	0.9999	0.9989	0.00000000000000	3	0	0	4	0	0	2061178.0	0	0			
tr|Q24JV3|Q24JV3_DANRE	Q24JV3	Q24JV3_DANRE	zgc:136896	123	false	false	Danio rerio	60S ribosomal protein L31	1:Experimental evidence at protein level	7.32	0.9999	0.9987	0.00000000000000	1	1	1	1	1	1	2347852.8	2347852.8	2347852.8			
tr|Q6PBN3|Q6PBN3_DANRE	Q6PBN3	Q6PBN3_DANRE	rds4	342	false	false	Danio rerio	Peripherin 2B (retinal degeneration, slow)	2:Experimental evidence at transcript level	2.92	0.9999	0.9980	0.00000000000000	1	1	1	2	2	2	1140094.9	1140094.9	1140094.9	4M(15.9949)		
tr|Q8JIZ3|Q8JIZ3_DANRE	Q8JIZ3	Q8JIZ3_DANRE	crx	281	false	false	Danio rerio	Cone-rod homeobox	2:Experimental evidence at transcript level	4.27	0.9999	0.9990	0.00000000000000	1	1	1	1	1	1	0	0	0			
tr|Q90Z34|Q90Z34_DANRE	Q90Z34	Q90Z34_DANRE	cb712	292	false	false	Danio rerio	Sodium/potassium-transporting ATPase subunit beta	1:Experimental evidence at protein level	4.11	0.9999	0.9988	0.00000000000000	1	1	1	1	1	1	458241.4	458241.4	458241.4			
sp|Q7ZWJ7|RL34_DANRE	Q7ZWJ7	RL34_DANRE	rpl34	117	false	false	Danio rerio	60S ribosomal protein L34	1:Experimental evidence at protein level	6.84	0.9998	0.9933	0.00000000000000	2	2	2	1	1	1	7849185.5	7849185.5	7849185.5			
tr|A0A8M2B8T5|A0A8M2B8T5_DANRE	A0A8M2B8T5	A0A8M2B8T5_DANRE	srsf6a	400	false	false	Danio rerio	serine/arginine-rich splicing factor 6a isoform X1	1:Experimental evidence at protein level	7.50	0.9998	0.9989	0.00000000000000	3	1	1	3	1	1	4393534.5	319497.9	319497.9			
tr|A0A8M3AP68|A0A8M3AP68_DANRE	A0A8M3AP68	A0A8M3AP68_DANRE	rps6ka3b	739	false	false	Danio rerio	Ribosomal protein S6 kinase	1:Experimental evidence at protein level	1.22	0.9998	0.9984	0.00000000000000	1	0	1	1	0	1	1.2867631E7	0	1.2867631E7			
tr|Q08C80|Q08C80_DANRE	Q08C80	Q08C80_DANRE	fj41e11	444	false	false	Danio rerio	Tubulin beta chain	1:Experimental evidence at protein level	67.34	0.9998	0.9979	0.00000000000000	27	0	0	42	0	0	1.87341152E8	0	0			
tr|Q24JV1|Q24JV1_DANRE	Q24JV1	Q24JV1_DANRE	zgc:136952	135	false	false	Danio rerio	60S ribosomal protein L32	1:Experimental evidence at protein level	7.41	0.9998	0.9985	0.00000000000000	1	1	1	1	1	1	838210.8	838210.8	838210.8	7M(15.9949)		
tr|Q6NZ29|Q6NZ29_DANRE	Q6NZ29	Q6NZ29_DANRE	wu:fc66a10	544	false	false	Danio rerio	glutamate dehydrogenase [NAD(P)(+)]	1:Experimental evidence at protein level	1.84	0.9998	0.9984	0.00000000000000	1	0	0	1	0	0	525890.7	0	0			
tr|Q7SYD3|Q7SYD3_DANRE	Q7SYD3	Q7SYD3_DANRE	zgc:63559	896	false	false	Danio rerio	Actinin alpha 3A	1:Experimental evidence at protein level	1.34	0.9998	0.9982	0.00000000000000	1	0	0	1	0	0	0	0	0			
tr|Q7ZUG4|Q7ZUG4_DANRE	Q7ZUG4	Q7ZUG4_DANRE	rab5al	216	false	false	Danio rerio	RAB5A, member RAS oncogene family like	1:Experimental evidence at protein level	18.52	0.9998	0.9990	0.00000000000000	3	0	3	4	0	4	5628819.5	0	5628819.5			
tr|Q7ZWC6|Q7ZWC6_DANRE	Q7ZWC6	Q7ZWC6_DANRE	zgc:56547	309	false	false	Danio rerio	Zgc:56547	2:Experimental evidence at transcript level	6.15	0.9998	0.9981	0.00000000000000	2	2	2	2	2	2	1056474.1	1056474.1	1056474.1	2C(57.0215)		
sp|Q6DHM9|RHOAB_DANRE	Q6DHM9	RHOAB_DANRE	rhoab	193	false	false	Danio rerio	Rho-related GTP-binding protein RhoA-B	1:Experimental evidence at protein level	18.13	0.9997	0.9990	0.00000000000000	3	0	3	3	0	3	1.409936E7	0	1.409936E7	2C(57.0215),3C(57.0215),3C(57.0215),9C(57.0215)		
tr|A0A8M1P9E6|A0A8M1P9E6_DANRE	A0A8M1P9E6	A0A8M1P9E6_DANRE	ly6pge	122	false	false	Danio rerio	uncharacterized protein LOC569792 precursor	4:Protein predicted	20.49	0.9997	0.9988	0.00000000000000	2	2	2	2	2	2	1421124.1	1421124.1	1421124.1	2C(57.0215),9C(57.0215),3C(57.0215)		
tr|A0A8M1Q6T5|A0A8M1Q6T5_DANRE	A0A8M1Q6T5	A0A8M1Q6T5_DANRE	si:ch211-113a14.18	199	false	false	Danio rerio	histone H1-like	3:Protein inferred from homology	38.69	0.9997	0.9989	0.00000000000000	13	0	1	18	0	1	4.28997504E8	0	1.07791584E8			tr|A0A8N7TAZ2|A0A8N7TAZ2_DANRE, tr|A0A8N7UY69|A0A8N7UY69_DANRE
tr|A1L2A6|A1L2A6_DANRE	A1L2A6	A1L2A6_DANRE	zgc:158742	352	false	false	Danio rerio	Zgc:158742	2:Experimental evidence at transcript level	3.41	0.9997	0.9990	0.00000000000000	1	0	0	1	0	0	472154.06	0	0			
tr|A7MC89|A7MC89_DANRE	A7MC89	A7MC89_DANRE	si:ch211-55g3.6	175	false	false	Danio rerio	Crystallin, gamma M2d16	2:Experimental evidence at transcript level	9.71	0.9997	0.9990	0.00000000000000	1	0	0	2	0	0	0	0	0			
tr|B8A688|B8A688_DANRE	B8A688	B8A688_DANRE	fa08f12	524	false	false	Danio rerio	Si:ch211-198a12.6	1:Experimental evidence at protein level	1.72	0.9997	0.9972	0.00000000000000	1	1	1	1	1	1	1226814.6	1226814.6	1226814.6			
tr|F8W494|F8W494_DANRE	F8W494	F8W494_DANRE	si:dkey-201c1.2	314	false	false	Danio rerio	Solute carrier family 25 member 22a	3:Protein inferred from homology	2.55	0.9997	0.9986	0.00000000000000	1	0	1	1	0	1	1099781.0	0	1099781.0			
tr|Q6DGY6|Q6DGY6_DANRE	Q6DGY6	Q6DGY6_DANRE	SEC63-like	751	false	false	Danio rerio	SEC63-like (S. cerevisiae)	1:Experimental evidence at protein level	1.46	0.9997	0.9985	0.00000000000000	1	1	1	1	1	1	431180.28	431180.28	431180.28			
tr|Q7ZSZ9|Q7ZSZ9_DANRE	Q7ZSZ9	Q7ZSZ9_DANRE	rac1	192	false	false	Danio rerio	Rac family small GTPase 1a	1:Experimental evidence at protein level	12.50	0.9997	0.9990	0.00000000000000	2	0	2	2	0	2	1747357.0	0	1747357.0	3C(57.0215),4C(57.0215)		
tr|A0A8M2BG62|A0A8M2BG62_DANRE	A0A8M2BG62	A0A8M2BG62_DANRE	cltb	226	false	false	Danio rerio	Clathrin light chain	3:Protein inferred from homology	3.10	0.9996	0.9984	0.00000000000000	1	0	0	1	0	0	544513.6	0	0			
tr|Q566P4|Q566P4_DANRE	Q566P4	Q566P4_DANRE	serpinh2	414	false	false	Danio rerio	Zgc:113025	1:Experimental evidence at protein level	2.90	0.9996	0.9987	0.00000000000000	1	1	1	1	1	1	0	0	0	6M(15.9949)		
tr|Q7SXU7|Q7SXU7_DANRE	Q7SXU7	Q7SXU7_DANRE	bat1	435	false	false	Danio rerio	RNA helicase	1:Experimental evidence at protein level	2.53	0.9996	0.9978	0.00000000000000	1	0	0	1	0	0	1053298.6	0	0			
tr|Q7T383|Q7T383_DANRE	Q7T383	Q7T383_DANRE	rala	206	false	false	Danio rerio	small monomeric GTPase	1:Experimental evidence at protein level	5.34	0.9995	0.9980	0.00000000000000	1	0	1	2	0	2	1415870.0	0	1415870.0	3M(15.9949)		
tr|A0A8M1NE33|A0A8M1NE33_DANRE	A0A8M1NE33	A0A8M1NE33_DANRE	si:ch211-199o1.2	639	false	false	Danio rerio	Heat shock protein family A (Hsp70) member 1B	1:Experimental evidence at protein level	3.76	0.9994	0.9839	0.00109080992637	2	0	0	2	0	0	4172546.5	0	0			
tr|A0A8N7T6V1|A0A8N7T6V1_DANRE	A0A8N7T6V1	A0A8N7T6V1_DANRE	si:dkey-183i3.5	650	false	false	Danio rerio	thread biopolymer filament subunit alpha	1:Experimental evidence at protein level	1.08	0.9994	0.9953	0.00000000000000	1	0	0	1	0	0	4.5605548E7	0	0			
tr|Q6P6E4|Q6P6E4_DANRE	Q6P6E4	Q6P6E4_DANRE	zgc:73057	143	false	false	Danio rerio	U6 snRNA-associated Sm-like protein LSm4	1:Experimental evidence at protein level	4.90	0.9993	0.9987	0.00000000000000	1	1	1	1	1	1	1475416.2	1475416.2	1475416.2			
tr|Q7ZZ56|Q7ZZ56_DANRE	Q7ZZ56	Q7ZZ56_DANRE	si:bz1g13.4	399	false	false	Danio rerio	Phosphatidylinositol 3,4,5-trisphosphate 3-phosphatase and dual-specificity protein phosphatase PTEN	2:Experimental evidence at transcript level	2.01	0.9992	0.9949	0.00000000000000	1	0	1	1	0	1	0	0	0	5C(57.0215)		
sp|P12081|HARS1_HUMAN	P12081	HARS1_HUMAN	HARS1	509	false	false	Homo sapiens	Histidine--tRNA ligase, cytoplasmic	1:Experimental evidence at protein level	1.38	0.9991	0.9893	0.00027901785714	1	1	1	1	1	1	1.4246526E7	1.4246526E7	1.4246526E7			
tr|B3DKC6|B3DKC6_DANRE	B3DKC6	B3DKC6_DANRE	si:dkey-216e9.5	172	false	false	Danio rerio	Myosin, light chain 12, Genome duplicate 2	1:Experimental evidence at protein level	11.63	0.9990	0.9990	0.00000000000000	1	0	0	1	0	0	0	0	0			
tr|Q5BL99|Q5BL99_DANRE	Q5BL99	Q5BL99_DANRE	dynll2b	89	false	false	Danio rerio	Dynein light chain	1:Experimental evidence at protein level	12.36	0.9990	0.9990	0.00000000000000	1	0	0	1	0	0	454807.34	0	0			
sp|Q15323|K1H1_HUMAN	Q15323	K1H1_HUMAN	KRT31	416	false	false	Homo sapiens	Keratin, type I cuticular Ha1	1:Experimental evidence at protein level	3.37	0.9988	0.9987	0.00000000000000	2	0	0	2	0	0	1.24125928E8	0	0			
tr|A0A8M1NSV3|A0A8M1NSV3_DANRE	A0A8M1NSV3	A0A8M1NSV3_DANRE	lmf2b	713	false	false	Danio rerio	Lipase maturation factor	1:Experimental evidence at protein level	3.51	0.9988	0.9986	0.00000000000000	1	1	1	1	1	1	0	0	0			
tr|Q6IQ56|Q6IQ56_DANRE	Q6IQ56	Q6IQ56_DANRE	zgc:86943	127	false	false	Danio rerio	Small nuclear ribonucleoprotein Sm D3	1:Experimental evidence at protein level	7.09	0.9987	0.9987	0.00000000000000	2	1	1	1	0	0	3595773.0	1418570.2	1418570.2			
sp|Q14532|K1H2_HUMAN	Q14532	K1H2_HUMAN	KRT32	448	false	false	Homo sapiens	Keratin, type I cuticular Ha2	1:Experimental evidence at protein level	4.02	0.9986	0.9733	0.00342736620090	2	0	1	2	0	1	1.60374144E8	0	3.7526272E7			
tr|Q7ZWI5|Q7ZWI5_DANRE	Q7ZWI5	Q7ZWI5_DANRE	gnai2	347	false	false	Danio rerio	Guanine nucleotide binding protein (G protein), alpha inhibiting activity polypeptide 2	1:Experimental evidence at protein level	8.07	0.9983	0.9982	0.00000000000000	3	0	0	4	0	0	9.1973016E7	0	0			
sp|Q5PRA2|DHTK1_DANRE	Q5PRA2	DHTK1_DANRE	dhtkd1	920	false	false	Danio rerio	2-oxoadipate dehydrogenase complex component E1	2:Experimental evidence at transcript level	1.09	0.9981	0.9984	0.00000000000000	1	1	1	1	1	1	1178364.6	1178364.6	1178364.6	8C(57.0215)		
tr|Q803J5|Q803J5_DANRE	Q803J5	Q803J5_DANRE	prkrir	748	false	false	Danio rerio	Prkrir protein	1:Experimental evidence at protein level	1.47	0.9979	0.9940	0.00000000000000	1	1	1	1	1	1	0	0	0	4C(57.0215),9C(57.0215)		
tr|A2RV44|A2RV44_DANRE	A2RV44	A2RV44_DANRE	wu:fb58f07	486	false	false	Danio rerio	Zgc:158846 protein	2:Experimental evidence at transcript level	4.12	0.9978	0.9490	0.00907944514502	3	0	0	3	0	0	6.7181856E7	0	0			
tr|A8WFS0|A8WFS0_DANRE	A8WFS0	A8WFS0_DANRE	LOC560210	643	false	false	Danio rerio	LOC560210 protein	2:Experimental evidence at transcript level	8.71	0.9975	0.9901	0.00027901785714	5	0	0	5	0	0	5838589.5	0	0			
tr|Q5M9N3|Q5M9N3_DANRE	Q5M9N3	Q5M9N3_DANRE	sfrs6b	355	false	false	Danio rerio	Splicing factor, arginine/serine-rich 6b	1:Experimental evidence at protein level	5.92	0.9974	0.9972	0.00000000000000	2	0	0	2	0	0	4074036.8	0	0			
tr|Q1L986|Q1L986_DANRE	Q1L986	Q1L986_DANRE	rab3b	217	false	false	Danio rerio	RAB3B, member RAS oncogene family (Fragment)	1:Experimental evidence at protein level	17.51	0.9968	0.9950	0.00000000000000	4	1	1	4	1	1	2.258502E7	1479651.4	1479651.4	6C(57.0215)		
tr|A0A8M1PHN1|A0A8M1PHN1_DANRE	A0A8M1PHN1	A0A8M1PHN1_DANRE	ptena	454	false	false	Danio rerio	Phosphatidylinositol 3,4,5-trisphosphate 3-phosphatase and dual-specificity protein phosphatase PTEN	3:Protein inferred from homology	1.76	0.9967	0.9965	0.00000000000000	1	0	0	1	0	0	0	0	0			
tr|E7FBI4|E7FBI4_DANRE	E7FBI4	E7FBI4_DANRE	zgc:56630	185	false	false	Danio rerio	small monomeric GTPase	1:Experimental evidence at protein level	5.41	0.9967	0.9965	0.00000000000000	2	0	0	1	0	0	1.0513731E7	0	0			
tr|Q7ZUL8|Q7ZUL8_DANRE	Q7ZUL8	Q7ZUL8_DANRE	zgc:55558	187	false	false	Danio rerio	small monomeric GTPase	1:Experimental evidence at protein level	5.88	0.9967	0.9966	0.00000000000000	1	0	0	1	0	0	3471203.5	0	0			
tr|Q6NYS3|Q6NYS3_DANRE	Q6NYS3	Q6NYS3_DANRE	Cul1	777	false	false	Danio rerio	Cullin 1a	1:Experimental evidence at protein level	4.89	0.9963	0.9970	0.00000000000000	1	1	1	1	1	1	0	0	0			
tr|Q6DGU2|Q6DGU2_DANRE	Q6DGU2	Q6DGU2_DANRE	zgc:92772	218	false	false	Danio rerio	RAB11B, member RAS oncogene family, b	2:Experimental evidence at transcript level	20.64	0.9956	0.9990	0.00000000000000	6	0	0	4	0	0	9863128.0	0	0			tr|Q802D1|Q802D1_DANRE
sp|P00366|DHE3_BOVIN	P00366	DHE3_BOVIN	GLUD1	558	false	false	Bos taurus	Glutamate dehydrogenase 1, mitochondrial	1:Experimental evidence at protein level	1.79	0.9955	0.9953	0.00000000000000	1	0	0	1	0	0	525890.7	0	0			
tr|B2CZB7|B2CZB7_DANRE	B2CZB7	B2CZB7_DANRE	atp2b1b	1240	false	false	Danio rerio	Calcium-transporting ATPase	2:Experimental evidence at transcript level	1.13	0.9954	0.9990	0.00000000000000	1	1	1	1	1	1	0	0	0	12C(57.0215),4C(57.0215)		
tr|A0A8M1PZ01|A0A8M1PZ01_DANRE	A0A8M1PZ01	A0A8M1PZ01_DANRE	gnas	419	false	false	Danio rerio	guanine nucleotide-binding protein G(S) subunit alpha isoform X1	1:Experimental evidence at protein level	2.63	0.9953	0.9984	0.00000000000000	1	0	0	1	0	0	8.6039128E7	0	0			tr|A0A8M2BLF1|A0A8M2BLF1_DANRE
tr|A0A8M9QBF7|A0A8M9QBF7_DANRE	A0A8M9QBF7	A0A8M9QBF7_DANRE	LOC559637	436	false	false	Danio rerio	Synaptotagmin	1:Experimental evidence at protein level	2.75	0.9951	0.9989	0.00000000000000	1	0	0	1	0	0	1386250.4	0	0			
tr|Q90WX6|Q90WX6_DANRE	Q90WX6	Q90WX6_DANRE	wu:fk56e06	350	false	false	Danio rerio	Guanine nucleotide-binding protein (G protein), alpha transducing activity polypeptide 1	1:Experimental evidence at protein level	8.00	0.9950	0.9989	0.00000000000000	3	0	0	4	0	0	1.03440824E8	0	0			
tr|A0A8M2BEV5|A0A8M2BEV5_DANRE	A0A8M2BEV5	A0A8M2BEV5_DANRE	rab3c	224	false	false	Danio rerio	Ras-related protein Rab-3	1:Experimental evidence at protein level	13.39	0.9947	0.9988	0.00000000000000	3	0	0	3	0	0	2.258502E7	0	0			
tr|Q5EB15|Q5EB15_DANRE	Q5EB15	Q5EB15_DANRE	zgc:110738	470	false	false	Danio rerio	Peptidase (Mitochondrial processing) beta	1:Experimental evidence at protein level	1.91	0.9946	0.9981	0.00000000000000	1	0	0	1	0	0	3375589.8	0	0			
tr|Q7ZVP2|Q7ZVP2_DANRE	Q7ZVP2	Q7ZVP2_DANRE	wu:fi16g01	221	false	false	Danio rerio	RAB5C, member RAS oncogene family	1:Experimental evidence at protein level	9.50	0.9946	0.9988	0.00000000000000	2	0	0	2	0	0	4484433.5	0	0			
tr|Q642J1|Q642J1_DANRE	Q642J1	Q642J1_DANRE	zgc:103752	108	false	false	Danio rerio	peptidylprolyl isomerase	1:Experimental evidence at protein level	15.74	0.9932	0.9985	0.00000000000000	1	0	0	1	0	0	453411.22	0	0			
tr|E7F602|E7F602_DANRE	E7F602	E7F602_DANRE	lppr3b	847	false	false	Danio rerio	Mediator of RNA polymerase II transcription subunit 16	1:Experimental evidence at protein level	1.18	0.9931	0.9960	0.00000000000000	1	1	1	1	1	1	416710.97	416710.97	416710.97			
tr|Q90X33|Q90X33_DANRE	Q90X33	Q90X33_DANRE	atp[a]1A1	1024	false	false	Danio rerio	Sodium/potassium-transporting ATPase subunit alpha	1:Experimental evidence at protein level	11.91	0.9927	0.9715	0.00367261280168	10	0	0	11	0	0	6.5885364E7	0	0			
sp|Q6TEN1|RAP1B_DANRE	Q6TEN1	RAP1B_DANRE	rap1b	184	false	false	Danio rerio	Ras-related protein Rap-1b	2:Experimental evidence at transcript level	5.43	0.9922	0.9918	0.00027901785714	2	0	0	1	0	0	1.0513731E7	0	0			
tr|Q1RLQ4|Q1RLQ4_DANRE	Q1RLQ4	Q1RLQ4_DANRE	fa96d06	440	false	false	Danio rerio	C-terminal-binding protein 1	1:Experimental evidence at protein level	5.23	0.9919	0.9916	0.00027901785714	2	0	0	2	0	0	3083989.8	0	0			
tr|E7F293|E7F293_DANRE	E7F293	E7F293_DANRE	celf3b	442	false	false	Danio rerio	CUGBP Elav-like family member 3	3:Protein inferred from homology	2.26	0.9917	0.9982	0.00000000000000	1	0	0	1	0	0	1494426.0	0	0			
tr|A0A8M9QIA6|A0A8M9QIA6_DANRE	A0A8M9QIA6	A0A8M9QIA6_DANRE	LOC110439971	90	false	false	Danio rerio	histone H2B 1/2-like	3:Protein inferred from homology	48.89	0.9916	0.9575	0.00793447658050	5	1	1	7	1	1	2.27682586E9	2639915.5	2639915.5			
tr|Q6DGB7|Q6DGB7_DANRE	Q6DGB7	Q6DGB7_DANRE	rac3	192	false	false	Danio rerio	Rac family small GTPase 3a	1:Experimental evidence at protein level	12.50	0.9905	0.9979	0.00000000000000	2	0	0	2	0	0	1747357.0	0	0			
tr|Q6DC00|Q6DC00_DANRE	Q6DC00	Q6DC00_DANRE	zgc:100851	322	false	false	Danio rerio	Sidoreflexin	1:Experimental evidence at protein level	8.39	0.9904	0.9842	0.00109080992637	2	2	2	2	2	2	203500.69	203500.69	203500.69	N-term(42.0106)		
tr|Q6NWK7|Q6NWK7_DANRE	Q6NWK7	Q6NWK7_DANRE	tuba1	451	false	false	Danio rerio	Tubulin alpha chain	2:Experimental evidence at transcript level	54.55	0.9901	0.9990	0.00000000000000	22	0	0	33	0	0	2.85311488E8	0	0			
tr|A0A8M1N038|A0A8M1N038_DANRE	A0A8M1N038	A0A8M1N038_DANRE	elavl2	389	false	false	Danio rerio	ELAV-like protein	1:Experimental evidence at protein level	1.80	0.9900	0.9978	0.00000000000000	1	0	0	1	0	0	236959.56	0	0			
tr|A0A8M2B773|A0A8M2B773_DANRE	A0A8M2B773	A0A8M2B773_DANRE	arid1b	2170	false	false	Danio rerio	AT-rich interactive domain-containing protein 1B isoform X1	4:Protein predicted	1.01	0.9878	0.9957	0.00000000000000	1	1	1	1	1	1	0	0	0			
tr|A0A8M9PS81|A0A8M9PS81_DANRE	A0A8M9PS81	A0A8M9PS81_DANRE	jupb	722	false	false	Danio rerio	junction plakoglobin	3:Protein inferred from homology	3.60	0.9873	0.9972	0.00000000000000	2	1	1	2	1	1	3945510.2	3945510.2	3945510.2			
tr|A9JTC8|A9JTC8_DANRE	A9JTC8	A9JTC8_DANRE	gnai3	354	false	false	Danio rerio	Gnai3 protein	1:Experimental evidence at protein level	7.91	0.9873	0.9990	0.00000000000000	3	0	0	4	0	0	9.1973016E7	0	0			
tr|A4QN79|A4QN79_DANRE	A4QN79	A4QN79_DANRE	si:dkey-251i10.1	299	false	false	Danio rerio	ADP/ATP translocase	1:Experimental evidence at protein level	18.39	0.9872	0.9866	0.00082712985939	5	0	0	6	0	0	3.1777016E7	0	0			
tr|Q567W2|Q567W2_DANRE	Q567W2	Q567W2_DANRE	sb:cb640	453	false	false	Danio rerio	Zgc:110712	1:Experimental evidence at protein level	1.99	0.9859	0.9914	0.00027901785714	1	1	1	2	2	2	0	0	0	3M(15.9949)		
tr|A0A0R4IXA1|A0A0R4IXA1_DANRE	A0A0R4IXA1	A0A0R4IXA1_DANRE	fbxo11a	879	false	false	Danio rerio	F-box protein 11a	4:Protein predicted	1.71	0.9829	0.9926	0.00027901785714	1	1	1	1	1	1	631087.2	631087.2	631087.2	14M(15.9949)		
tr|Q6P977|Q6P977_DANRE	Q6P977	Q6P977_DANRE	zgc:73061	213	false	false	Danio rerio	RAB42, member RAS oncogene family a	2:Experimental evidence at transcript level	5.16	0.9819	0.9960	0.00000000000000	1	0	0	1	0	0	8303108.5	0	0			
tr|Q7ZUW5|Q7ZUW5_DANRE	Q7ZUW5	Q7ZUW5_DANRE	rab5a	216	false	false	Danio rerio	RAB5A, member RAS oncogene family	1:Experimental evidence at protein level	18.52	0.9819	0.9811	0.00135244793075	3	0	0	4	0	0	5628819.5	0	0			
tr|Q6NYT9|Q6NYT9_DANRE	Q6NYT9	Q6NYT9_DANRE	cb828	289	false	false	Danio rerio	Orthodenticle homolog 5	2:Experimental evidence at transcript level	4.15	0.9812	0.9990	0.00000000000000	1	1	1	1	1	1	0	0	0			
tr|Q6Q416|Q6Q416_DANRE	Q6Q416	Q6Q416_DANRE	zgc:110139	155	false	false	Danio rerio	60S ribosomal protein L23a	1:Experimental evidence at protein level	8.39	0.9811	0.9990	0.00000000000000	1	1	1	1	1	1	1121569.1	1121569.1	1121569.1			
tr|Q4V8Q5|Q4V8Q5_DANRE	Q4V8Q5	Q4V8Q5_DANRE	sfrs7	178	false	false	Danio rerio	Serine and arginine-rich-splicing factor 7b	1:Experimental evidence at protein level	5.06	0.9806	0.9957	0.00000000000000	1	0	0	1	0	0	5335806.0	0	0			
tr|Q6DGB3|Q6DGB3_DANRE	Q6DGB3	Q6DGB3_DANRE	zgc:100889	201	false	false	Danio rerio	RAB30, member RAS oncogene family	2:Experimental evidence at transcript level	10.95	0.9806	0.9989	0.00000000000000	2	1	1	2	1	1	8303108.5	0	0	7C(57.0215)		
tr|Q7ZTT0|Q7ZTT0_DANRE	Q7ZTT0	Q7ZTT0_DANRE	zgc:56685	140	false	false	Danio rerio	Histone H2A	1:Experimental evidence at protein level	11.43	0.9800	0.9905	0.00027901785714	2	0	0	2	0	0	1.83948851E9	0	0			
tr|A0A8M2BIC0|A0A8M2BIC0_DANRE	A0A8M2BIC0	A0A8M2BIC0_DANRE	LOC101884937	684	false	false	Danio rerio	adhesion G protein-coupled receptor L1-like	4:Protein predicted	1.61	0.9798	0.9929	0.00000000000000	1	1	1	1	1	1	342055.0	342055.0	342055.0			
tr|Q5XJS7|Q5XJS7_DANRE	Q5XJS7	Q5XJS7_DANRE	zgc:101610	318	false	false	Danio rerio	deoxyribose-phosphate aldolase	1:Experimental evidence at protein level	4.40	0.9792	0.9921	0.00027901785714	1	1	1	1	1	1	964492.44	964492.44	964492.44			
sp|Q7ZVB1|CHM1B_DANRE	Q7ZVB1	CHM1B_DANRE	chmp1b	199	false	false	Danio rerio	Charged multivesicular body protein 1b	2:Experimental evidence at transcript level	6.03	0.9786	0.9988	0.00000000000000	1	1	1	1	1	1	0	0	0			
tr|Q7ZTT8|Q7ZTT8_DANRE	Q7ZTT8	Q7ZTT8_DANRE	ndufa4l	82	false	false	Danio rerio	NADH dehydrogenase (Ubiquinone) 1 alpha subcomplex 4, like	1:Experimental evidence at protein level	12.20	0.9784	0.9988	0.00000000000000	1	1	1	1	1	1	1832574.0	1832574.0	1832574.0			
tr|X1WCQ3|X1WCQ3_DANRE	X1WCQ3	X1WCQ3_DANRE	sv2bb	687	false	false	Danio rerio	Synaptic vesicle glycoprotein 2Bb	1:Experimental evidence at protein level	2.62	0.9783	0.9988	0.00000000000000	1	1	1	1	1	1	0	0	0	12C(57.0215)		
tr|Q6NWJ2|Q6NWJ2_DANRE	Q6NWJ2	Q6NWJ2_DANRE	zgc:85675	180	false	false	Danio rerio	Signal peptidase complex subunit 3	1:Experimental evidence at protein level	6.67	0.9780	0.9776	0.00213106020245	1	1	1	1	1	1	700976.1	700976.1	700976.1			
tr|A0A8M3B392|A0A8M3B392_DANRE	A0A8M3B392	A0A8M3B392_DANRE	hsf1	523	false	false	Danio rerio	heat shock factor protein 1 isoform X1	1:Experimental evidence at protein level	1.91	0.9762	0.9987	0.00000000000000	1	1	1	1	1	1	0	0	0			
tr|Q7ZSZ0|Q7ZSZ0_DANRE	Q7ZSZ0	Q7ZSZ0_DANRE	rab1a	201	false	false	Danio rerio	RAB1A, member RAS oncogene family	2:Experimental evidence at transcript level	10.95	0.9720	0.9758	0.00265533722783	2	0	0	2	0	0	1.6996404E7	0	0			
tr|A0A8M6Z1H7|A0A8M6Z1H7_DANRE	A0A8M6Z1H7	A0A8M6Z1H7_DANRE	fmn2b	1479	false	false	Danio rerio	formin-2 isoform X1	3:Protein inferred from homology	1.35	0.9698	0.9887	0.00027901785714	1	1	1	1	1	1	2250059.8	2250059.8	2250059.8	5C(57.0215)		
sp|P01012|OVAL_CHICK	P01012	OVAL_CHICK	SERPINB14	386	false	false	Gallus gallus	Ovalbumin	1:Experimental evidence at protein level	4.15	0.9674	0.9982	0.00000000000000	1	1	1	1	1	1	2270714.0	2270714.0	2270714.0			
sp|P61485|RL36A_DANRE	P61485	RL36A_DANRE	rpl36a	106	false	false	Danio rerio	60S ribosomal protein L36a	1:Experimental evidence at protein level	8.49	0.9639	0.9980	0.00000000000000	1	1	1	1	1	1	867140.44	867140.44	867140.44	3C(57.0215),8C(57.0215)		
tr|A0A8M9PH90|A0A8M9PH90_DANRE	A0A8M9PH90	A0A8M9PH90_DANRE	ptprsb	1261	false	false	Danio rerio	protein-tyrosine-phosphatase	4:Protein predicted	0.87	0.9624	0.9989	0.00000000000000	1	1	1	1	1	1	627353.1	627353.1	627353.1			
sp|P00698|LYSC_CHICK	P00698	LYSC_CHICK	LYZ	147	false	false	Gallus gallus	Lysozyme C	1:Experimental evidence at protein level	10.88	0.9604	0.9978	0.00000000000000	1	1	1	1	1	1	1731232.2	1731232.2	1731232.2			
tr|Q32LQ2|Q32LQ2_DANRE	Q32LQ2	Q32LQ2_DANRE	im:6895766	243	false	false	Danio rerio	Matrix AAA peptidase-interacting protein 1	1:Experimental evidence at protein level	4.12	0.9583	0.9977	0.00000000000000	1	1	1	1	1	1	2004827.1	2004827.1	2004827.1			
tr|B1H1J6|B1H1J6_DANRE	B1H1J6	B1H1J6_DANRE	dpys	500	false	false	Danio rerio	Dihydropyrimidinase	1:Experimental evidence at protein level	1.40	0.9560	0.9975	0.00000000000000	1	0	0	1	0	0	5772562.0	0	0			
tr|A0A8M6YYL0|A0A8M6YYL0_DANRE	A0A8M6YYL0	A0A8M6YYL0_DANRE	LOC797949	227	false	false	Danio rerio	ras-related protein Rab-33B-like	4:Protein predicted	4.85	0.9397	0.9966	0.00000000000000	1	0	1	1	0	1	0	0	0			tr|Q498P3|Q498P3_DANRE
tr|A0A2R8Q7B6|A0A2R8Q7B6_DANRE	A0A2R8Q7B6	A0A2R8Q7B6_DANRE	tanc2a	1995	false	false	Danio rerio	Tetratricopeptide repeat, ankyrin repeat and coiled-coil-containing 2a	4:Protein predicted	0.40	0.9304	0.9690	0.00417645523362	1	0	1	1	0	1	0	0	0			
tr|A0A8M2BEB5|A0A8M2BEB5_DANRE	A0A8M2BEB5	A0A8M2BEB5_DANRE	kcnd3	650	false	false	Danio rerio	potassium voltage-gated channel subfamily D member 3 isoform X1	4:Protein predicted	1.85	0.9238	0.9956	0.00000000000000	1	0	1	1	0	1	0	0	0	N-term(42.0106)		tr|Q5VSI1|Q5VSI1_DANRE
tr|Q803H7|Q803H7_DANRE	Q803H7	Q803H7_DANRE	itm2b	261	false	false	Danio rerio	Integral membrane protein 2	2:Experimental evidence at transcript level	6.13	0.9068	0.9945	0.00000000000000	1	1	1	1	1	1	0	0	0	15C(57.0215)		
tr|A0A2R8QAD2|A0A2R8QAD2_DANRE	A0A2R8QAD2	A0A2R8QAD2_DANRE	pkp4	1136	false	false	Danio rerio	Plakophilin 4	3:Protein inferred from homology	3.35	0.8986	0.9596	0.00744926791677	1	1	1	1	1	1	0	0	0			
tr|A0A8M6Z2N0|A0A8M6Z2N0_DANRE	A0A8M6Z2N0	A0A8M6Z2N0_DANRE	LOC100536182	551	false	false	Danio rerio	E3 ubiquitin/ISG15 ligase TRIM25-like	4:Protein predicted	2.00	0.8886	0.9746	0.00291159343568	2	0	0	1	0	0	2051929.5	0	0			
sp|Q68EK7|RAB4B_DANRE	Q68EK7	RAB4B_DANRE	rab4b	213	false	false	Danio rerio	Ras-related protein Rab-4B	2:Experimental evidence at transcript level	5.16	0.8391	0.9898	0.00027901785714	1	0	0	1	0	0	8303108.5	0	0			sp|Q6PHI9|RAB4A_DANRE
tr|A0A8M1NS15|A0A8M1NS15_DANRE	A0A8M1NS15	A0A8M1NS15_DANRE	si:dkey-37o8.1	458	false	false	Danio rerio	Elongation factor 1-alpha	1:Experimental evidence at protein level	1.97	0.8319	0.9577	0.00793447658050	1	0	0	1	0	0	9816598.0	0	0			
tr|A0A8N7UV63|A0A8N7UV63_DANRE	A0A8N7UV63	A0A8N7UV63_DANRE	itga11b	1219	false	false	Danio rerio	integrin alpha-11	3:Protein inferred from homology	0.74	0.7896	0.9858	0.00082712985939	1	1	1	1	1	1	2716434.5	2716434.5	2716434.5			
tr|A0A8M3AUR0|A0A8M3AUR0_DANRE	A0A8M3AUR0	A0A8M3AUR0_DANRE	LOC563500	1368	false	false	Danio rerio	Anoctamin	3:Protein inferred from homology	0.73	0.7813	0.9851	0.00082712985939	1	1	1	1	1	1	0	0	0			
tr|A4FVJ5|A4FVJ5_DANRE	A4FVJ5	A4FVJ5_DANRE	fj64c01	377	false	false	Danio rerio	Guanine nucleotide binding protein (G protein), alpha 13b	1:Experimental evidence at protein level	2.92	0.7796	0.9850	0.00082712985939	1	0	0	1	0	0	8.6039128E7	0	0			
tr|A0A8M9Q887|A0A8M9Q887_DANRE	A0A8M9Q887	A0A8M9Q887_DANRE	clcn3	874	false	false	Danio rerio	Chloride channel protein	3:Protein inferred from homology	1.14	0.7552	0.9828	0.00109080992637	1	1	1	1	1	1	4062538.0	4062538.0	4062538.0			
tr|B3DGU9|B3DGU9_DANRE	B3DGU9	B3DGU9_DANRE	LOC560138	426	false	false	Danio rerio	Similar to Tripartite motif-containing protein 62	2:Experimental evidence at transcript level	2.82	0.7269	0.9802	0.00161987041037	1	1	1	1	1	1	98505.64	98505.64	98505.64			
tr|Q6PBT2|Q6PBT2_DANRE	Q6PBT2	Q6PBT2_DANRE	zgc:73260	219	false	false	Danio rerio	Trafficking protein particle complex subunit	1:Experimental evidence at protein level	7.76	0.6326	0.9697	0.00417645523362	1	1	1	1	1	1	0	0	0			
tr|A0A8M9QEL8|A0A8M9QEL8_DANRE	A0A8M9QEL8	A0A8M9QEL8_DANRE	si:ch211-48m9.1	1145	false	false	Danio rerio	Anion exchange protein	3:Protein inferred from homology	0.96	0.6079	0.9664	0.00598023920957	1	1	1	1	1	1	0	0	0			
tr|Q7T3G8|Q7T3G8_DANRE	Q7T3G8	Q7T3G8_DANRE	Six6	245	false	false	Danio rerio	SIX homeobox 6a	2:Experimental evidence at transcript level	4.90	0.5484	0.9575	0.00793447658050	1	1	1	1	1	1	4811982.0	4811982.0	4811982.0			
tr|Q6PH54|Q6PH54_DANRE	Q6PH54	Q6PH54_DANRE	zgc:85630	347	false	false	Danio rerio	Arginase	2:Experimental evidence at transcript level	2.31	0.5270	0.9539	0.00885851683118	1	1	1	1	1	1	2955376.2	2955376.2	2955376.2			
tr|A0A8M9Q5I3|A0A8M9Q5I3_DANRE	A0A8M9Q5I3	A0A8M9Q5I3_DANRE	cacna1ha	2198	false	false	Danio rerio	Voltage-dependent T-type calcium channel subunit alpha	3:Protein inferred from homology	0.55	0.4873	0.9463	0.00978670012547	1	1	1	1	1	1	5770721.0	5770721.0	5770721.0			
tr|A0A8M1Q6T7|A0A8M1Q6T7_DANRE	A0A8M1Q6T7	A0A8M1Q6T7_DANRE	tgm1l3	848	false	false	Danio rerio	protein-glutamine gamma-glutamyltransferase K-like	3:Protein inferred from homology	1.77	0.4785	0.9445	0.00978670012547	1	1	1	1	1	1	0	0	0	11C(57.0215)		
