Protein	Protein ID	Entry Name	Gene	Length	Is Decoy	Is Contaminant	Organism	Protein Description	Protein Existence	Coverage	Protein Probability	Top Peptide Probability	Protein Qvalue	Total Peptides	Unique Peptides	Razor Peptides	Total Spectral Count	Unique Spectral Count	Razor Spectral Count	Total Intensity	Unique Intensity	Razor Intensity	Razor Assigned Modifications	Razor Observed Modifications	Indistinguishable Proteins
sp|A0A0G2KTI4|S12A2_DANRE	A0A0G2KTI4	S12A2_DANRE	slc12a2	1136	false	false	Danio rerio	Solute carrier family 12 member 2	1:Experimental evidence at protein level	1.67	1.0000	0.9989	0.00000000000000	2	1	2	2	1	2	1852812.0	1152466.4	1852812.0			
sp|A0A0R4IEW8|ELAV4_DANRE	A0A0R4IEW8	ELAV4_DANRE	elavl4	411	false	false	Danio rerio	ELAV-like protein 4	1:Experimental evidence at protein level	1.70	1.0000	0.9990	0.00000000000000	1	0	0	1	0	0	359023.38	0	0			
sp|A0A8M2BID5|DESPA_DANRE	A0A8M2BID5	DESPA_DANRE	dspa	2059	false	false	Danio rerio	Desmoplakin-A	2:Experimental evidence at transcript level	0.34	1.0000	0.9963	0.00000000000000	1	1	1	1	1	1	2.0391574E7	2.0391574E7	2.0391574E7			
sp|A0MTA1|APEX1_DANRE	A0MTA1	APEX1_DANRE	apex1	310	false	false	Danio rerio	DNA-(apurinic or apyrimidinic site) endonuclease	1:Experimental evidence at protein level	10.32	1.0000	0.9990	0.00000000000000	3	3	3	3	3	3	8992944.0	8992944.0	8992944.0	4C(57.0215),8C(57.0215)		
sp|A1A5H6|CNOT1_DANRE	A1A5H6	CNOT1_DANRE	cnot1	2374	false	false	Danio rerio	CCR4-NOT transcription complex subunit 1	2:Experimental evidence at transcript level	0.38	1.0000	0.9983	0.00000000000000	1	1	1	1	1	1	1082714.0	1082714.0	1082714.0			
sp|A1L1F4|PDS5A_DANRE	A1L1F4	PDS5A_DANRE	pds5a	1320	false	false	Danio rerio	Sister chromatid cohesion protein PDS5 homolog A	2:Experimental evidence at transcript level	1.97	1.0000	0.9990	0.00000000000000	2	1	1	2	1	1	1017176.06	0	0			
sp|A2RV29|ZN346_DANRE	A2RV29	ZN346_DANRE	znf346	301	false	false	Danio rerio	Zinc finger protein 346	2:Experimental evidence at transcript level	3.99	1.0000	0.9990	0.00000000000000	1	1	1	1	1	1	0	0	0	2C(57.0215)		
sp|A3QK16|ERLN2_DANRE	A3QK16	ERLN2_DANRE	erlin2	331	false	false	Danio rerio	Erlin-2	2:Experimental evidence at transcript level	7.55	1.0000	0.9988	0.00000000000000	4	4	4	4	4	4	6405147.0	6405147.0	6405147.0			
sp|A4VCH0|SAC1A_DANRE	A4VCH0	SAC1A_DANRE	sacm1la	586	false	false	Danio rerio	Phosphatidylinositol-3-phosphatase SAC1-A	2:Experimental evidence at transcript level	1.71	1.0000	0.9986	0.00000000000000	1	1	1	1	1	1	1.0985875E7	1.0985875E7	1.0985875E7			
sp|A5PLC8|PTMAB_DANRE	A5PLC8	PTMAB_DANRE	ptmab	106	false	false	Danio rerio	Prothymosin alpha-B	1:Experimental evidence at protein level	13.21	1.0000	0.9990	0.00000000000000	1	1	1	1	1	1	0	0	0	N-term(42.0106)		
sp|A9JRE2|MTNA_DANRE	A9JRE2	MTNA_DANRE	mri1	353	false	false	Danio rerio	Methylthioribose-1-phosphate isomerase	2:Experimental evidence at transcript level	7.08	1.0000	0.9988	0.00000000000000	2	2	2	2	2	2	2393564.0	2393564.0	2393564.0			
sp|B8A5I7|SSBP_DANRE	B8A5I7	SSBP_DANRE	ssbp1	146	false	false	Danio rerio	Single-stranded DNA-binding protein, mitochondrial	1:Experimental evidence at protein level	31.51	1.0000	0.9990	0.00000000000000	4	4	4	4	4	4	6159348.5	6159348.5	6159348.5			
sp|E7FBU4|MMS19_DANRE	E7FBU4	MMS19_DANRE	mms19	1043	false	false	Danio rerio	MMS19 nucleotide excision repair protein homolog	3:Protein inferred from homology	1.53	1.0000	0.9956	0.00000000000000	1	1	1	1	1	1	0	0	0			
sp|F1QGH7|CTNB1_DANRE	F1QGH7	CTNB1_DANRE	ctnnb1	780	false	false	Danio rerio	Catenin beta-1	1:Experimental evidence at protein level	4.74	1.0000	0.9990	0.00000000000000	2	0	2	2	0	2	0	0	0	5C(57.0215)		
sp|F1QGW6|IF2G_DANRE	F1QGW6	IF2G_DANRE	eif2s3	472	false	false	Danio rerio	Eukaryotic translation initiation factor 2 subunit 3	3:Protein inferred from homology	3.81	1.0000	0.9990	0.00000000000000	1	1	1	1	1	1	0	0	0	2C(57.0215)		
sp|F1QWA8|SARM1_DANRE	F1QWA8	SARM1_DANRE	sarm1	713	false	false	Danio rerio	NAD(+) hydrolase SARM1	1:Experimental evidence at protein level	1.54	1.0000	0.9989	0.00000000000000	1	1	1	1	1	1	0	0	0			
sp|F1RAX4|STRA6_DANRE	F1RAX4	STRA6_DANRE	stra6	670	false	false	Danio rerio	Receptor for retinol uptake stra6	1:Experimental evidence at protein level	2.84	1.0000	0.9990	0.00000000000000	1	1	1	1	1	1	1.250572E7	1.250572E7	1.250572E7			
sp|F1RCR6|TRIPC_DANRE	F1RCR6	TRIPC_DANRE	trip12	2026	false	false	Danio rerio	E3 ubiquitin-protein ligase TRIP12	3:Protein inferred from homology	1.38	1.0000	0.9990	0.00000000000000	2	2	2	2	2	2	2165707.0	2165707.0	2165707.0	6C(57.0215),8C(57.0215)		
sp|F5HSE3|NIPLA_DANRE	F5HSE3	NIPLA_DANRE	nipbla	2381	false	false	Danio rerio	Nipped-B-like protein A	2:Experimental evidence at transcript level	0.50	1.0000	0.9990	0.00000000000000	1	1	1	1	1	1	0	0	0			
sp|F6P6X0|UBAP1_DANRE	F6P6X0	UBAP1_DANRE	ubap1	453	false	false	Danio rerio	Ubiquitin-associated protein 1	2:Experimental evidence at transcript level	2.65	1.0000	0.9982	0.00000000000000	1	1	1	1	1	1	4584948.5	4584948.5	4584948.5	6M(15.9949)		
sp|O13166|TLE3A_DANRE	O13166	TLE3A_DANRE	tle3a	761	false	false	Danio rerio	Transducin-like enhancer protein 3-A	1:Experimental evidence at protein level	2.89	1.0000	0.9990	0.00000000000000	1	0	1	1	0	1	0	0	0			
sp|O42248|GBLP_DANRE	O42248	GBLP_DANRE	gnb2l1	317	false	false	Danio rerio	Guanine nucleotide-binding protein subunit beta-2-like 1	1:Experimental evidence at protein level	40.38	1.0000	0.9990	0.00000000000000	9	9	9	9	9	9	1.4276633E7	1.4276633E7	1.4276633E7	13C(57.0215),14C(57.0215),4C(57.0215),6C(57.0215),8C(57.0215)		
sp|O57521|HS90B_DANRE	O57521	HS90B_DANRE	hsp90ab1	725	false	false	Danio rerio	Heat shock protein HSP 90-beta	1:Experimental evidence at protein level	6.07	1.0000	0.9990	0.00000000000000	3	3	3	3	3	3	1.5221516E7	1.5221516E7	1.5221516E7			
sp|O77727|K1C15_SHEEP	O77727	K1C15_SHEEP	KRT15	453	false	false	Ovis aries	Keratin, type I cytoskeletal 15	2:Experimental evidence at transcript level	26.27	1.0000	0.9990	0.00000000000000	14	8	9	22	11	15	1.37990733E9	1.60419568E8	1.90591056E8	15M(15.9949),15M(15.9949),3M(15.9949),5M(15.9949)		
sp|O82803|SRPP_HEVBR	O82803	SRPP_HEVBR	SRPP	204	false	false	Hevea brasiliensis	Small rubber particle protein	1:Experimental evidence at protein level	4.90	1.0000	0.9985	0.00000000000000	1	1	1	1	1	1	1450737.9	1450737.9	1450737.9	N-term(42.0106)		
sp|P00760|TRY1_BOVIN	P00760	TRY1_BOVIN	PRSS1	246	false	false	Bos taurus	Serine protease 1	1:Experimental evidence at protein level	9.76	1.0000	0.9990	0.00000000000000	1	1	1	2	2	2	1.15642E8	1.15642E8	1.15642E8	12C(57.0215),23C(57.0215),12C(57.0215),23C(57.0215)		
sp|P00761|TRYP_PIG	P00761	TRYP_PIG		231	false	false	Sus scrofa	Trypsin	1:Experimental evidence at protein level	71.86	1.0000	0.9990	0.00000000000000	14	14	14	28	28	28	1.19632835E10	1.19632835E10	1.19632835E10	11M(15.9949),13C(57.0215),11M(15.9949),13C(57.0215),12C(57.0215),12C(57.0215),12C(57.0215),23C(57.0215),13C(57.0215),13C(57.0215),13C(57.0215),27C(57.0215),3C(57.0215),17M(15.9949),17M(15.9949),17M(15.9949),17M(15.9949),2C(57.0215),2C(57.0215),2C(57.0215),30C(57.0215),41C(57.0215),9C(57.0215),2C(57.0215),9C(57.0215),2C(57.0215),9C(57.0215),37M(15.9949),9C(57.0215)		
sp|P00883|ALDOA_RABIT	P00883	ALDOA_RABIT	ALDOA	364	false	false	Oryctolagus cuniculus	Fructose-bisphosphate aldolase A	1:Experimental evidence at protein level	23.63	1.0000	0.9977	0.00000000000000	6	5	5	6	5	5	1418218.6	1418218.6	1418218.6	8C(57.0215)		
sp|P01112|RASH_HUMAN	P01112	RASH_HUMAN	HRAS	189	false	false	Homo sapiens	GTPase HRas	1:Experimental evidence at protein level	5.82	1.0000	0.9990	0.00000000000000	1	0	1	1	0	1	3239729.2	0	3239729.2			tr|Q503B6|Q503B6_DANRE, tr|Q568K0|Q568K0_DANRE
sp|P02662|CASA1_BOVIN	P02662	CASA1_BOVIN	CSN1S1	214	false	false	Bos taurus	Alpha-S1-casein	1:Experimental evidence at protein level	44.39	1.0000	0.9990	0.00000000000000	9	9	9	16	16	16	6.9465549E8	6.9465549E8	6.9465549E8	11M(15.9949),11M(15.9949),3M(15.9949)		
sp|P02663|CASA2_BOVIN	P02663	CASA2_BOVIN	CSN1S2	222	false	false	Bos taurus	Alpha-S2-casein	1:Experimental evidence at protein level	35.14	1.0000	0.9990	0.00000000000000	8	8	8	10	10	10	1.1759772E8	1.1759772E8	1.1759772E8	12C(57.0215),16C(57.0215),12C(57.0215),16C(57.0215),2M(15.9949),4C(57.0215),8C(57.0215)		
sp|P02666|CASB_BOVIN	P02666	CASB_BOVIN	CSN2	224	false	false	Bos taurus	Beta-casein	1:Experimental evidence at protein level	21.88	1.0000	0.9990	0.00000000000000	4	4	4	7	7	7	7.7644344E7	7.7644344E7	7.7644344E7	2M(15.9949),2M(15.9949),2M(15.9949),9M(15.9949)		
sp|P02668|CASK_BOVIN	P02668	CASK_BOVIN	CSN3	190	false	false	Bos taurus	Kappa-casein	1:Experimental evidence at protein level	32.63	1.0000	0.9990	0.00000000000000	3	3	3	4	4	4	3.6397364E7	3.6397364E7	3.6397364E7			
sp|P02768|ALBU_HUMAN	P02768	ALBU_HUMAN	ALB	609	false	false	Homo sapiens	Albumin	1:Experimental evidence at protein level	34.65	1.0000	0.9989	0.00000000000000	17	15	15	21	19	19	4.3287412E7	3.1297522E7	3.1297522E7	10C(57.0215),9C(57.0215),14C(57.0215),17C(57.0215),2M(15.9949),4C(57.0215),17C(57.0215),2M(15.9949),4C(57.0215),17C(57.0215),4C(57.0215),17C(57.0215),4C(57.0215),3C(57.0215),3C(57.0215),6M(15.9949),8C(57.0215)		
sp|P02769|ALBU_BOVIN	P02769	ALBU_BOVIN	ALB	607	false	false	Bos taurus	Albumin	1:Experimental evidence at protein level	4.61	1.0000	0.9990	0.00000000000000	3	1	3	3	1	3	2.6359462E7	0	2.6359462E7			
sp|P02787|TRFE_HUMAN	P02787	TRFE_HUMAN	TF	698	false	false	Homo sapiens	Serotransferrin	1:Experimental evidence at protein level	6.88	1.0000	0.9799	0.00187366167024	4	4	4	4	4	4	3718582.2	3718582.2	3718582.2	12C(57.0215),13C(57.0215),9C(57.0215),9C(57.0215)		
sp|P02788|TRFL_HUMAN	P02788	TRFL_HUMAN	LTF	710	false	false	Homo sapiens	Lactotransferrin	1:Experimental evidence at protein level	42.11	1.0000	0.9990	0.00000000000000	24	24	24	27	27	27	2.7938228E7	2.7938228E7	2.7938228E7	10C(57.0215),11C(57.0215),17C(57.0215),4C(57.0215),7C(57.0215),1C(57.0215),21C(57.0215),2C(57.0215),2C(57.0215),6M(15.9949),4C(57.0215),4C(57.0215),4C(57.0215),7C(57.0215),5C(57.0215),6C(57.0215),6C(57.0215),8C(57.0215),8C(57.0215)		
sp|P04040|CATA_HUMAN	P04040	CATA_HUMAN	CAT	527	false	false	Homo sapiens	Catalase	1:Experimental evidence at protein level	18.98	1.0000	0.9990	0.00000000000000	9	7	9	10	8	10	1.4984466E7	9924112.0	1.4984466E7	N-term(42.0106),N-term(42.0106),N-term(42.0106),11M(15.9949)		
sp|P04264|K2C1_HUMAN	P04264	K2C1_HUMAN	KRT1	644	false	false	Homo sapiens	Keratin, type II cytoskeletal 1	1:Experimental evidence at protein level	67.86	1.0000	0.9990	0.00000000000000	65	60	65	113	106	113	5.833024E9	5.833024E9	5.833024E9	10M(15.9949),14C(57.0215),11C(57.0215),11M(15.9949),11M(15.9949),13M(15.9949),13M(15.9949),19M(15.9949),1M(15.9949),5C(57.0215),1M(15.9949),5C(57.0215),2M(15.9949),4C(57.0215),4C(57.0215),4C(57.0215),5C(57.0215),5C(57.0215),5M(15.9949),6M(15.9949),7M(15.9949),7M(15.9949),8M(15.9949),9M(15.9949),9M(15.9949)		
sp|P06732|KCRM_HUMAN	P06732	KCRM_HUMAN	CKM	381	false	false	Homo sapiens	Creatine kinase M-type	1:Experimental evidence at protein level	3.67	1.0000	0.9989	0.00000000000000	1	0	0	1	0	0	9414818.0	0	0			
sp|P07339|CATD_HUMAN	P07339	CATD_HUMAN	CTSD	412	false	false	Homo sapiens	Cathepsin D	1:Experimental evidence at protein level	28.40	1.0000	0.9990	0.00000000000000	9	8	9	12	11	12	2.1084212E7	2.1084212E7	2.1084212E7	11M(15.9949),13M(15.9949),16C(57.0215),3C(57.0215)		
sp|P09211|GSTP1_HUMAN	P09211	GSTP1_HUMAN	GSTP1	210	false	false	Homo sapiens	Glutathione S-transferase P	1:Experimental evidence at protein level	47.14	1.0000	0.9989	0.00000000000000	5	5	5	5	5	5	8794609.0	8794609.0	8794609.0			
sp|P0DTE7|AMY1B_HUMAN	P0DTE7	AMY1B_HUMAN	AMY1B	511	false	false	Homo sapiens	Alpha-amylase 1B	1:Experimental evidence at protein level	36.20	1.0000	0.9990	0.00000000000000	12	0	12	14	0	14	4.4744312E7	0	4.4744312E7	10C(57.0215),16C(57.0215),11C(57.0215),23C(57.0215),8C(57.0215)		sp|P0DTE8|AMY1C_HUMAN, sp|P0DUB6|AMY1A_HUMAN
sp|P10599|THIO_HUMAN	P10599	THIO_HUMAN	TXN	105	false	false	Homo sapiens	Thioredoxin	1:Experimental evidence at protein level	68.57	1.0000	0.9990	0.00000000000000	5	5	5	6	6	6	4.1331848E7	4.1331848E7	4.1331848E7	14C(57.0215),21C(57.0215),24C(57.0215),27C(57.0215),24C(57.0215),27C(57.0215)		
sp|P13104|TPM1_DANRE	P13104	TPM1_DANRE	tpma	284	false	false	Danio rerio	Tropomyosin alpha-1 chain	2:Experimental evidence at transcript level	46.13	1.0000	0.9990	0.00000000000000	19	5	19	28	8	28	1.47045888E8	1.2530534E7	1.47045888E8			
sp|P13645|K1C10_HUMAN	P13645	K1C10_HUMAN	KRT10	584	false	false	Homo sapiens	Keratin, type I cytoskeletal 10	1:Experimental evidence at protein level	61.13	1.0000	0.9990	0.00000000000000	53	46	53	93	84	93	5.6237947E9	5.6237947E9	5.6237947E9	10C(57.0215),10C(57.0215),11M(15.9949),11M(15.9949),14M(15.9949),14M(15.9949),16C(57.0215),16C(57.0215),26C(57.0215),26M(15.9949),26M(15.9949),3M(15.9949),3M(15.9949),3M(15.9949),5C(57.0215),5C(57.0215),5C(57.0215),5C(57.0215),5M(15.9949),5M(15.9949),5M(15.9949),5M(15.9949),6M(15.9949),7C(57.0215)		
sp|P15252|REF_HEVBR	P15252	REF_HEVBR		138	false	false	Hevea brasiliensis	Rubber elongation factor protein	1:Experimental evidence at protein level	7.97	1.0000	0.9989	0.00000000000000	1	1	1	1	1	1	2327759.2	2327759.2	2327759.2			
sp|P17561|EPD_DANRE	P17561	EPD_DANRE	epd	217	false	false	Danio rerio	Ependymin	2:Experimental evidence at transcript level	8.76	1.0000	0.9990	0.00000000000000	1	1	1	1	1	1	1525323.9	1525323.9	1525323.9			
sp|P35359|OPSD_DANRE	P35359	OPSD_DANRE	rho	354	false	false	Danio rerio	Rhodopsin	1:Experimental evidence at protein level	9.04	1.0000	0.9990	0.00000000000000	2	2	2	3	3	3	2503100.0	2503100.0	2503100.0	10C(57.0215),8C(57.0215),10C(57.0215),8C(57.0215),12C(57.0215),13M(15.9949),8C(57.0215)		
sp|P35527|K1C9_HUMAN	P35527	K1C9_HUMAN	KRT9	623	false	false	Homo sapiens	Keratin, type I cytoskeletal 9	1:Experimental evidence at protein level	77.21	1.0000	0.9990	0.00000000000000	53	52	52	91	90	90	1.84231181E9	1.84231181E9	1.84231181E9	10M(15.9949),15M(15.9949),19M(15.9949),1M(15.9949),1M(15.9949),25M(15.9949),2C(57.0215),2C(57.0215),7M(15.9949),3M(15.9949),3M(15.9949),3M(15.9949),5C(57.0215),5C(57.0215),5M(15.9949),5M(15.9949),5M(15.9949),5M(15.9949),5M(15.9949),6M(15.9949),6M(15.9949),6M(15.9949),8M(15.9949),8M(15.9949)		
sp|P35908|K22E_HUMAN	P35908	K22E_HUMAN	KRT2	639	false	false	Homo sapiens	Keratin, type II cytoskeletal 2 epidermal	1:Experimental evidence at protein level	92.33	1.0000	0.9990	0.00000000000000	66	58	62	104	92	99	1.65615398E9	1.19839117E9	1.19839117E9	10M(15.9949),1M(15.9949),23M(15.9949),23M(15.9949),23M(15.9949),7C(57.0215),7C(57.0215),7M(15.9949),7M(15.9949),7M(15.9949),7M(15.9949),8C(57.0215),8C(57.0215),9M(15.9949),9M(15.9949),N-term(42.0106),2C(57.0215),6C(57.0215)		
sp|P61626|LYSC_HUMAN	P61626	LYSC_HUMAN	LYZ	148	false	false	Homo sapiens	Lysozyme C	1:Experimental evidence at protein level	63.51	1.0000	0.9990	0.00000000000000	12	12	12	18	18	18	1.869552E9	1.869552E9	1.869552E9	12C(57.0215),26C(57.0215),8C(57.0215),12C(57.0215),26C(57.0215),8C(57.0215),12C(57.0215),26C(57.0215),8C(57.0215),12C(57.0215),26C(57.0215),8C(57.0215),15C(57.0215),19C(57.0215),33C(57.0215),3C(57.0215),15C(57.0215),19C(57.0215),33C(57.0215),3C(57.0215),3M(15.9949),8M(15.9949),9C(57.0215),9C(57.0215)		
sp|P62084|RS7_DANRE	P62084	RS7_DANRE	rps7	194	false	false	Danio rerio	40S ribosomal protein S7	1:Experimental evidence at protein level	13.92	1.0000	0.9990	0.00000000000000	2	2	2	2	2	2	9208147.0	9208147.0	9208147.0			
sp|P62247|RS8_DANRE	P62247	RS8_DANRE	rps8	208	false	false	Danio rerio	40S ribosomal protein S8	1:Experimental evidence at protein level	47.60	1.0000	0.9990	0.00000000000000	9	5	9	10	5	10	8.742516E7	4.533744E7	8.742516E7	12C(57.0215),13C(57.0215),12C(57.0215),4C(57.0215),2C(57.0215)		
sp|P62937|PPIA_HUMAN	P62937	PPIA_HUMAN	PPIA	165	false	false	Homo sapiens	Peptidyl-prolyl cis-trans isomerase A	1:Experimental evidence at protein level	10.91	1.0000	0.9990	0.00000000000000	1	1	1	2	2	2	3226685.5	3226685.5	3226685.5			
sp|P68871|HBB_HUMAN	P68871	HBB_HUMAN	HBB	147	false	false	Homo sapiens	Hemoglobin subunit beta	1:Experimental evidence at protein level	28.57	1.0000	0.9986	0.00000000000000	3	3	3	3	3	3	6555589.0	6555589.0	6555589.0	15M(15.9949)		
sp|P69905|HBA_HUMAN	P69905	HBA_HUMAN	HBA2	142	false	false	Homo sapiens	Hemoglobin subunit alpha	1:Experimental evidence at protein level	10.56	1.0000	0.9982	0.00000000000000	1	1	1	2	2	2	3070866.5	3070866.5	3070866.5			
sp|P79735|RAN_DANRE	P79735	RAN_DANRE	ran	215	false	false	Danio rerio	GTP-binding nuclear protein Ran	2:Experimental evidence at transcript level	52.09	1.0000	0.9990	0.00000000000000	8	8	8	9	9	9	5.001536E7	5.001536E7	5.001536E7	10C(57.0215),2C(57.0215),9C(57.0215),N-term(42.0106)		
sp|P83571|RUVB2_DANRE	P83571	RUVB2_DANRE	ruvbl2	463	false	false	Danio rerio	RuvB-like 2	1:Experimental evidence at protein level	2.59	1.0000	0.9990	0.00000000000000	1	1	1	1	1	1	396115.9	396115.9	396115.9			
sp|Q06725|N2F1A_DANRE	Q06725	N2F1A_DANRE	nr2f1a	411	false	false	Danio rerio	Nuclear receptor subfamily 2 group F member 1-A	2:Experimental evidence at transcript level	3.41	1.0000	0.9990	0.00000000000000	1	0	1	1	0	1	0	0	0			tr|Q91430|Q91430_DANRE
sp|Q06830|PRDX1_HUMAN	Q06830	PRDX1_HUMAN	PRDX1	199	false	false	Homo sapiens	Peroxiredoxin-1	1:Experimental evidence at protein level	30.65	1.0000	0.9984	0.00000000000000	6	3	3	7	3	3	4.6901948E7	2.7623388E7	2.7623388E7			
sp|Q08CK7|IF2B1_DANRE	Q08CK7	IF2B1_DANRE	igf2bp1	598	false	false	Danio rerio	Insulin-like growth factor 2 mRNA-binding protein 1	1:Experimental evidence at protein level	6.35	1.0000	0.9990	0.00000000000000	3	3	3	3	3	3	5293829.0	5293829.0	5293829.0			
sp|Q1LUK1|MIC13_DANRE	Q1LUK1	MIC13_DANRE	micos13	111	false	false	Danio rerio	MICOS complex subunit MIC13	3:Protein inferred from homology	15.32	1.0000	0.9990	0.00000000000000	1	1	1	1	1	1	898519.06	898519.06	898519.06			
sp|Q1MTD3|MCES_DANRE	Q1MTD3	MCES_DANRE	rnmt	400	false	false	Danio rerio	mRNA cap guanine-N7 methyltransferase	3:Protein inferred from homology	3.00	1.0000	0.9990	0.00000000000000	1	1	1	1	1	1	509569.34	509569.34	509569.34			
sp|Q1MTE5|ARL3_DANRE	Q1MTE5	ARL3_DANRE	arl3	182	false	false	Danio rerio	ADP-ribosylation factor-like protein 3	2:Experimental evidence at transcript level	10.44	1.0000	0.9990	0.00000000000000	1	1	1	1	1	1	737610.6	737610.6	737610.6			
sp|Q1MTI4|TPISA_DANRE	Q1MTI4	TPISA_DANRE	tpi1a	248	false	false	Danio rerio	Triosephosphate isomerase A	2:Experimental evidence at transcript level	6.05	1.0000	0.9990	0.00000000000000	1	0	0	2	0	0	3687533.0	0	0			
sp|Q32LQ4|BHMT1_DANRE	Q32LQ4	BHMT1_DANRE	bhmt	400	false	false	Danio rerio	Betaine--homocysteine S-methyltransferase 1	2:Experimental evidence at transcript level	5.00	1.0000	0.9990	0.00000000000000	1	1	1	1	1	1	0	0	0			
sp|Q49HM9|GRK7A_DANRE	Q49HM9	GRK7A_DANRE	grk7a	549	false	false	Danio rerio	Rhodopsin kinase grk7a	1:Experimental evidence at protein level	10.20	1.0000	0.9990	0.00000000000000	4	4	4	4	4	4	5380502.0	5380502.0	5380502.0	7C(57.0215),N-term(42.0106),1C(57.0215)		
sp|Q4U0S5|PAF1_DANRE	Q4U0S5	PAF1_DANRE	paf1	503	false	false	Danio rerio	RNA polymerase II-associated factor 1 homolog	1:Experimental evidence at protein level	2.78	1.0000	0.9990	0.00000000000000	1	1	1	1	1	1	0	0	0			
sp|Q52PJ5|DPYL3_DANRE	Q52PJ5	DPYL3_DANRE	dpysl3	567	false	false	Danio rerio	Dihydropyrimidinase-related protein 3	2:Experimental evidence at transcript level	18.34	1.0000	0.9990	0.00000000000000	7	7	7	7	7	7	1.1711362E7	1.1711362E7	1.1711362E7	10C(57.0215),10C(57.0215),4C(57.0215),8C(57.0215)		
sp|Q58EE9|GFAP_DANRE	Q58EE9	GFAP_DANRE	gfap	444	false	false	Danio rerio	Glial fibrillary acidic protein	1:Experimental evidence at protein level	2.70	1.0000	0.9990	0.00000000000000	2	0	0	2	0	0	5.9318392E7	0	0			
sp|Q58EG2|ERLN1_DANRE	Q58EG2	ERLN1_DANRE	erlin1	342	false	false	Danio rerio	Erlin-1	2:Experimental evidence at transcript level	7.31	1.0000	0.9989	0.00000000000000	3	3	3	3	3	3	1.7344012E7	1.7344012E7	1.7344012E7			
sp|Q5D016|PFD1_DANRE	Q5D016	PFD1_DANRE	pfdn1	122	false	false	Danio rerio	Prefoldin subunit 1	2:Experimental evidence at transcript level	8.20	1.0000	0.9990	0.00000000000000	1	1	1	1	1	1	1019456.5	1019456.5	1019456.5	N-term(42.0106)		
sp|Q5D018|RBM8A_DANRE	Q5D018	RBM8A_DANRE	rbm8a	174	false	false	Danio rerio	RNA-binding protein 8A	2:Experimental evidence at transcript level	10.92	1.0000	0.9990	0.00000000000000	1	1	1	1	1	1	2686286.0	2686286.0	2686286.0			
sp|Q5MJ86|G3P2_DANRE	Q5MJ86	G3P2_DANRE	gapdh-2	335	false	false	Danio rerio	Glyceraldehyde-3-phosphate dehydrogenase 2	2:Experimental evidence at transcript level	23.58	1.0000	0.9990	0.00000000000000	5	5	5	10	10	10	2.3475518E7	2.3475518E7	2.3475518E7	13C(57.0215),13C(57.0215),13M(15.9949),13M(15.9949),N-term(42.0106),4C(57.0215)		
sp|Q5PR98|NDRG2_DANRE	Q5PR98	NDRG2_DANRE	ndrg2	368	false	false	Danio rerio	Protein NDRG2	2:Experimental evidence at transcript level	13.59	1.0000	0.9990	0.00000000000000	3	3	3	4	4	4	2109219.5	2109219.5	2109219.5			
sp|Q5PRD0|143BA_DANRE	Q5PRD0	143BA_DANRE	ywhaba	244	false	false	Danio rerio	14-3-3 protein beta/alpha-A	2:Experimental evidence at transcript level	17.62	1.0000	0.9990	0.00000000000000	5	1	5	6	2	6	2.4268276E7	1118910.6	2.4268276E7	N-term(42.0106)		
sp|Q5TZ66|SN25A_DANRE	Q5TZ66	SN25A_DANRE	snap25a	204	false	false	Danio rerio	Synaptosomal-associated protein 25-A	2:Experimental evidence at transcript level	33.82	1.0000	0.9990	0.00000000000000	7	3	3	15	4	4	9.6388088E7	1.502448E7	1.502448E7	4M(15.9949)		
sp|Q5U3A7|OPA1_DANRE	Q5U3A7	OPA1_DANRE	opa1	966	false	false	Danio rerio	Dynamin-like 120 kDa protein, mitochondrial	2:Experimental evidence at transcript level	1.55	1.0000	0.9990	0.00000000000000	1	1	1	1	1	1	0	0	0			
sp|Q5XJ10|G3P_DANRE	Q5XJ10	G3P_DANRE	gapdh	333	false	false	Danio rerio	Glyceraldehyde-3-phosphate dehydrogenase	2:Experimental evidence at transcript level	35.74	1.0000	0.9990	0.00000000000000	7	7	7	8	8	8	1.8754524E7	1.8754524E7	1.8754524E7	12M(15.9949),13M(15.9949),19C(57.0215)		
sp|Q5XJ36|PARK7_DANRE	Q5XJ36	PARK7_DANRE	park7	189	false	false	Danio rerio	Parkinson disease protein 7 homolog	2:Experimental evidence at transcript level	7.94	1.0000	0.9990	0.00000000000000	1	1	1	1	1	1	0	0	0			
sp|Q5XXA7|HDGR2_DANRE	Q5XXA7	HDGR2_DANRE	hdgfl2	662	false	false	Danio rerio	Hepatoma-derived growth factor-related protein 2	2:Experimental evidence at transcript level	6.50	1.0000	0.9977	0.00000000000000	2	0	2	2	0	2	9175579.0	0	9175579.0			tr|A0A8M3AN22|A0A8M3AN22_DANRE
sp|Q63ZW2|MC25A_DANRE	Q63ZW2	MC25A_DANRE	chchd6a	239	false	false	Danio rerio	MICOS complex subunit mic25a	2:Experimental evidence at transcript level	4.60	1.0000	0.9990	0.00000000000000	1	1	1	1	1	1	370681.3	370681.3	370681.3	6C(57.0215)		
sp|Q642H9|RS4X_DANRE	Q642H9	RS4X_DANRE	rps4x	263	false	false	Danio rerio	40S ribosomal protein S4, X isoform	1:Experimental evidence at protein level	22.05	1.0000	0.9990	0.00000000000000	6	6	6	6	6	6	1.0819441E7	1.0819441E7	1.0819441E7	2C(57.0215),4C(57.0215),6M(15.9949),7C(57.0215)		
sp|Q642J5|RFOX1_DANRE	Q642J5	RFOX1_DANRE	rbfox1	373	false	false	Danio rerio	RNA binding protein fox-1 homolog 1	2:Experimental evidence at transcript level	8.04	1.0000	0.9990	0.00000000000000	2	1	2	2	1	2	0	0	0			
sp|Q6BEA0|PLXA4_DANRE	Q6BEA0	PLXA4_DANRE	plxna4	1903	false	false	Danio rerio	Plexin-A4	2:Experimental evidence at transcript level	1.89	1.0000	0.9989	0.00000000000000	3	2	3	3	2	3	259126.53	0	259126.53			
sp|Q6DEH3|KC2D1_DANRE	Q6DEH3	KC2D1_DANRE	camk2d1	491	false	false	Danio rerio	Calcium/calmodulin-dependent protein kinase type II delta 1 chain	2:Experimental evidence at transcript level	5.09	1.0000	0.9990	0.00000000000000	2	0	0	2	0	0	6508891.0	0	0			
sp|Q6DEM5|TIM8A_DANRE	Q6DEM5	TIM8A_DANRE	timm8a	90	false	false	Danio rerio	Mitochondrial import inner membrane translocase subunit Tim8 A	3:Protein inferred from homology	24.44	1.0000	0.9990	0.00000000000000	2	2	2	2	2	2	4434452.5	4434452.5	4434452.5	4C(57.0215),8C(57.0215)		
sp|Q6DGJ3|TIM13_DANRE	Q6DGJ3	TIM13_DANRE	timm13	95	false	false	Danio rerio	Mitochondrial import inner membrane translocase subunit Tim13	3:Protein inferred from homology	25.26	1.0000	0.9990	0.00000000000000	2	2	2	3	3	3	5248860.5	5248860.5	5248860.5	2M(15.9949)		
sp|Q6DGS3|KC2D2_DANRE	Q6DGS3	KC2D2_DANRE	camk2d2	554	false	false	Danio rerio	Calcium/calmodulin-dependent protein kinase type II delta 2 chain	2:Experimental evidence at transcript level	6.68	1.0000	0.9990	0.00000000000000	3	2	3	3	2	3	7872405.0	3078148.2	7872405.0			
sp|Q6DGV1|CELF4_DANRE	Q6DGV1	CELF4_DANRE	celf4	520	false	false	Danio rerio	CUGBP Elav-like family member 4	2:Experimental evidence at transcript level	1.92	1.0000	0.9988	0.00000000000000	1	0	0	1	0	0	1951355.2	0	0			
sp|Q6DGY7|CRGNB_DANRE	Q6DGY7	CRGNB_DANRE	crygnb	183	false	false	Danio rerio	Gamma-crystallin N-B	2:Experimental evidence at transcript level	63.93	1.0000	0.9990	0.00000000000000	9	9	9	14	14	14	1.05242224E8	1.05242224E8	1.05242224E8	13C(57.0215),14M(15.9949),17C(57.0215),20C(57.0215),7C(57.0215),1C(57.0215),8C(57.0215),1C(57.0215),8C(57.0215),2C(57.0215),4C(57.0215),4C(57.0215),6C(57.0215),8C(57.0215),8C(57.0215),8C(57.0215),8C(57.0215),9M(15.9949),9M(15.9949)		
sp|Q6DI05|SUMO3_DANRE	Q6DI05	SUMO3_DANRE	sumo3	94	false	false	Danio rerio	Small ubiquitin-related modifier 3	3:Protein inferred from homology	12.77	1.0000	0.9990	0.00000000000000	1	0	1	1	0	1	2657879.2	0	2657879.2			sp|Q6NV25|SMO3L_DANRE
sp|Q6DI06|TIM10_DANRE	Q6DI06	TIM10_DANRE	timm10	88	false	false	Danio rerio	Mitochondrial import inner membrane translocase subunit Tim10	3:Protein inferred from homology	31.82	1.0000	0.9990	0.00000000000000	3	3	3	4	4	4	4725095.5	4725095.5	4725095.5	11C(57.0215),11C(57.0215),13M(15.9949)		
sp|Q6DRH5|NOP10_DANRE	Q6DRH5	NOP10_DANRE	nop10	64	false	false	Danio rerio	H/ACA ribonucleoprotein complex subunit 3	3:Protein inferred from homology	20.31	1.0000	0.9989	0.00000000000000	1	1	1	1	1	1	1420383.8	1420383.8	1420383.8			
sp|Q6IQM2|CYC_DANRE	Q6IQM2	CYC_DANRE	cyc	104	false	false	Danio rerio	Cytochrome c	3:Protein inferred from homology	18.27	1.0000	0.9989	0.00000000000000	2	1	2	2	1	2	2221111.8	2221111.8	2221111.8			
sp|Q6NSN2|AOF_DANRE	Q6NSN2	AOF_DANRE	mao	522	false	false	Danio rerio	Amine oxidase [flavin-containing]	1:Experimental evidence at protein level	8.24	1.0000	0.9990	0.00000000000000	3	3	3	3	3	3	4048772.5	4048772.5	4048772.5	2C(57.0215),N-term(42.0106)		
sp|Q6NUW5|AN32E_DANRE	Q6NUW5	AN32E_DANRE	anp32e	250	false	false	Danio rerio	Acidic leucine-rich nuclear phosphoprotein 32 family member E	1:Experimental evidence at protein level	19.20	1.0000	0.9990	0.00000000000000	3	3	3	4	4	4	4215186.0	4215186.0	4215186.0	1C(57.0215),7C(57.0215),7C(57.0215)		
sp|Q6NWC6|CPSF6_DANRE	Q6NWC6	CPSF6_DANRE	cpsf6	545	false	false	Danio rerio	Cleavage and polyadenylation specificity factor subunit 6	2:Experimental evidence at transcript level	2.57	1.0000	0.9990	0.00000000000000	1	1	1	1	1	1	660885.44	660885.44	660885.44	6C(57.0215)		
sp|Q6NWF6|K2C8_DANRE	Q6NWF6	K2C8_DANRE	krt8	520	false	false	Danio rerio	Keratin, type II cytoskeletal 8	1:Experimental evidence at protein level	6.92	1.0000	0.9990	0.00000000000000	6	0	1	7	0	1	1.51011504E8	0	3.9098472E7			
sp|Q6NXA4|ILF3_DANRE	Q6NXA4	ILF3_DANRE	ilf3	833	false	false	Danio rerio	Interleukin enhancer-binding factor 3 homolog	1:Experimental evidence at protein level	1.92	1.0000	0.9990	0.00000000000000	1	0	1	1	0	1	0	0	0			tr|A0A8M2BB13|A0A8M2BB13_DANRE
sp|Q6NYA0|SRS1B_DANRE	Q6NYA0	SRS1B_DANRE	srsf1b	245	false	false	Danio rerio	Serine/arginine-rich splicing factor 1B	2:Experimental evidence at transcript level	21.63	1.0000	0.9986	0.00000000000000	5	0	0	7	0	0	2.1993168E7	0	0			
sp|Q6NYE2|RCC2_DANRE	Q6NYE2	RCC2_DANRE	rcc2	495	false	false	Danio rerio	Protein RCC2 homolog	2:Experimental evidence at transcript level	30.30	1.0000	0.9990	0.00000000000000	10	10	10	11	11	11	2.200074E7	2.200074E7	2.200074E7	13C(57.0215),3C(57.0215),9M(15.9949),15C(57.0215),15C(57.0215),8C(57.0215)		
sp|Q6NYS8|OST48_DANRE	Q6NYS8	OST48_DANRE	ddost	441	false	false	Danio rerio	Dolichyl-diphosphooligosaccharide--protein glycosyltransferase 48 kDa subunit	2:Experimental evidence at transcript level	10.88	1.0000	0.9990	0.00000000000000	4	4	4	4	4	4	8063141.0	8063141.0	8063141.0			
sp|Q6NZ06|ILF2_DANRE	Q6NZ06	ILF2_DANRE	ilf2	387	false	false	Danio rerio	Interleukin enhancer-binding factor 2 homolog	2:Experimental evidence at transcript level	5.94	1.0000	0.9990	0.00000000000000	1	1	1	1	1	1	2334666.5	2334666.5	2334666.5			
sp|Q6P026|BAF_DANRE	Q6P026	BAF_DANRE	banf1	90	false	false	Danio rerio	Barrier-to-autointegration factor	1:Experimental evidence at protein level	58.89	1.0000	0.9990	0.00000000000000	8	8	8	10	10	10	5.0766676E7	5.0766676E7	5.0766676E7	3M(15.9949),3M(15.9949),3M(15.9949),5C(57.0215),8C(57.0215),7M(15.9949),9M(15.9949),9M(15.9949)		
sp|Q6P0G6|MYL1_DANRE	Q6P0G6	MYL1_DANRE	myl1	190	false	false	Danio rerio	Myosin, light chain 1, alkali; skeletal, fast	2:Experimental evidence at transcript level	13.16	1.0000	0.9990	0.00000000000000	2	0	2	2	0	2	5733502.0	0	5733502.0			
sp|Q6P0V6|RL8_DANRE	Q6P0V6	RL8_DANRE	rpl8	257	false	false	Danio rerio	60S ribosomal protein L8	1:Experimental evidence at protein level	15.95	1.0000	0.9990	0.00000000000000	2	2	2	2	2	2	1462885.6	1462885.6	1462885.6	21C(57.0215),22C(57.0215)		
sp|Q6P3H7|RBBP4_DANRE	Q6P3H7	RBBP4_DANRE	rbbp4	424	false	false	Danio rerio	Histone-binding protein RBBP4	2:Experimental evidence at transcript level	3.30	1.0000	0.9990	0.00000000000000	1	1	1	1	1	1	1897876.1	1897876.1	1897876.1	N-term(42.0106)		
sp|Q6P5M2|SKI8_DANRE	Q6P5M2	SKI8_DANRE	skic8	305	false	false	Danio rerio	SKI8 subunit of superkiller complex protein	2:Experimental evidence at transcript level	2.62	1.0000	0.9990	0.00000000000000	1	1	1	1	1	1	9413920.0	9413920.0	9413920.0			
sp|Q6PBI5|RS25_DANRE	Q6PBI5	RS25_DANRE	rps25	124	false	false	Danio rerio	40S ribosomal protein S25	1:Experimental evidence at protein level	15.32	1.0000	0.9989	0.00000000000000	2	2	2	2	2	2	1.4041698E7	1.4041698E7	1.4041698E7			
sp|Q6PBK3|RS28_DANRE	Q6PBK3	RS28_DANRE	rps28	69	false	false	Danio rerio	40S ribosomal protein S28	1:Experimental evidence at protein level	36.23	1.0000	0.9990	0.00000000000000	3	3	3	3	3	3	2351425.8	2351425.8	2351425.8			
sp|Q6PBM7|FA76B_DANRE	Q6PBM7	FA76B_DANRE	fam76b	328	false	false	Danio rerio	Protein FAM76B	1:Experimental evidence at protein level	3.05	1.0000	0.9986	0.00000000000000	1	1	1	1	1	1	312656.47	312656.47	312656.47	N-term(42.0106),8C(57.0215)		
sp|Q6PBW5|RP65A_DANRE	Q6PBW5	RP65A_DANRE	rpe65a	531	false	false	Danio rerio	Retinoid isomerohydrolase	2:Experimental evidence at transcript level	14.31	1.0000	0.9990	0.00000000000000	6	6	6	10	10	10	1.0694631E7	1.0694631E7	1.0694631E7	10C(57.0215),14M(15.9949),3M(15.9949),4M(15.9949)		
sp|Q6PBY0|GNB5B_DANRE	Q6PBY0	GNB5B_DANRE	gnb5b	395	false	false	Danio rerio	Guanine nucleotide-binding protein subunit beta-5b	2:Experimental evidence at transcript level	8.35	1.0000	0.9990	0.00000000000000	2	2	2	2	2	2	2245303.8	2245303.8	2245303.8	9C(57.0215),N-term(42.0106),13C(57.0215),1C(57.0215)		
sp|Q6PBY1|RS3A_DANRE	Q6PBY1	RS3A_DANRE	rps3a	267	false	false	Danio rerio	40S ribosomal protein S3a	1:Experimental evidence at protein level	18.35	1.0000	0.9990	0.00000000000000	6	6	6	7	7	7	2.768089E7	2.768089E7	2.768089E7	2C(57.0215),3C(57.0215)		
sp|Q6PC14|RL23_DANRE	Q6PC14	RL23_DANRE	rpl23	140	false	false	Danio rerio	60S ribosomal protein L23	1:Experimental evidence at protein level	21.43	1.0000	0.9990	0.00000000000000	3	3	3	4	4	4	4.2392632E7	4.2392632E7	4.2392632E7	13C(57.0215),13C(57.0215),15C(57.0215)		
sp|Q6PC54|SN25B_DANRE	Q6PC54	SN25B_DANRE	snap25b	203	false	false	Danio rerio	Synaptosomal-associated protein 25-B	2:Experimental evidence at transcript level	33.99	1.0000	0.9990	0.00000000000000	7	3	7	18	7	18	1.01409088E8	2.6944544E7	1.01409088E8	10M(15.9949),1M(15.9949),2M(15.9949),2M(15.9949),4M(15.9949),4M(15.9949),4M(15.9949),4M(15.9949),6M(15.9949)		
sp|Q6PC91|BT3L4_DANRE	Q6PC91	BT3L4_DANRE	btf3l4	158	false	false	Danio rerio	Transcription factor BTF3 homolog 4	2:Experimental evidence at transcript level	12.03	1.0000	0.9990	0.00000000000000	1	1	1	1	1	1	1783056.5	1783056.5	1783056.5			
sp|Q6PCR7|EIF3A_DANRE	Q6PCR7	EIF3A_DANRE	eif3a	1267	false	false	Danio rerio	Eukaryotic translation initiation factor 3 subunit A	2:Experimental evidence at transcript level	1.26	1.0000	0.9990	0.00000000000000	1	0	1	1	0	1	0	0	0			tr|A0A8M2B2X2|A0A8M2B2X2_DANRE
sp|Q6PE25|EF1G_DANRE	Q6PE25	EF1G_DANRE	eef1g	442	false	false	Danio rerio	Elongation factor 1-gamma	2:Experimental evidence at transcript level	5.43	1.0000	0.9990	0.00000000000000	2	2	2	2	2	2	435449.38	435449.38	435449.38	N-term(42.0106)		
sp|Q6PG31|RNPS1_DANRE	Q6PG31	RNPS1_DANRE	rnps1	283	false	false	Danio rerio	RNA-binding protein with serine-rich domain 1	2:Experimental evidence at transcript level	18.37	1.0000	0.9990	0.00000000000000	4	4	4	6	6	6	3.8720644E7	3.8720644E7	3.8720644E7	2M(15.9949)		
sp|Q6PGV1|VA0D1_DANRE	Q6PGV1	VA0D1_DANRE	atp6v0d1	350	false	false	Danio rerio	V-type proton ATPase subunit d 1	1:Experimental evidence at protein level	8.29	1.0000	0.9990	0.00000000000000	2	2	2	3	3	3	2280377.5	2280377.5	2280377.5			
sp|Q6PH57|GBB1_DANRE	Q6PH57	GBB1_DANRE	gnb1	340	false	false	Danio rerio	Guanine nucleotide-binding protein G(I)/G(S)/G(T) subunit beta-1	2:Experimental evidence at transcript level	41.47	1.0000	0.9990	0.00000000000000	10	2	10	11	2	11	5.0038804E7	5344827.0	5.0038804E7	11C(57.0215),11C(57.0215),11C(57.0215),12C(57.0215),15C(57.0215),15C(57.0215),6M(15.9949),3C(57.0215),3C(57.0215),7C(57.0215),N-term(42.0106),N-term(42.0106),N-term(42.0106)		
sp|Q6PHK6|PURB_DANRE	Q6PHK6	PURB_DANRE	purb	297	false	false	Danio rerio	Transcriptional activator protein Pur-beta	2:Experimental evidence at transcript level	5.05	1.0000	0.9990	0.00000000000000	1	0	0	1	0	0	0	0	0			
sp|Q6PI20|H33_DANRE	Q6PI20	H33_DANRE	h3f3d	136	false	false	Danio rerio	Histone H3.3	2:Experimental evidence at transcript level	53.68	1.0000	0.9990	0.00000000000000	8	1	1	10	1	1	8.4092538E8	0	0	27C(57.0215)		
sp|Q6PI52|CALM_DANRE	Q6PI52	CALM_DANRE	calm3b	149	false	false	Danio rerio	Calmodulin	2:Experimental evidence at transcript level	50.34	1.0000	0.9990	0.00000000000000	6	5	6	8	7	8	6.442404E7	6.442404E7	6.442404E7	N-term(42.0106),N-term(42.0106),N-term(42.0106)		
sp|Q6Q415|RL36_DANRE	Q6Q415	RL36_DANRE	rpl36	105	false	false	Danio rerio	60S ribosomal protein L36	1:Experimental evidence at protein level	9.52	1.0000	0.9989	0.00000000000000	1	1	1	1	1	1	5195760.0	5195760.0	5195760.0	3C(57.0215)		
sp|Q6Q420|RS15A_DANRE	Q6Q420	RS15A_DANRE	rps15a	130	false	false	Danio rerio	40S ribosomal protein S15a	1:Experimental evidence at protein level	22.31	1.0000	0.9990	0.00000000000000	2	2	2	2	2	2	1.2539585E7	1.2539585E7	1.2539585E7			
sp|Q6TGY8|EMC2_DANRE	Q6TGY8	EMC2_DANRE	emc2	297	false	false	Danio rerio	ER membrane protein complex subunit 2	2:Experimental evidence at transcript level	3.70	1.0000	0.9990	0.00000000000000	1	1	1	1	1	1	1051756.6	1051756.6	1051756.6			
sp|Q6VN46|MYG_DANRE	Q6VN46	MYG_DANRE	mb	147	false	false	Danio rerio	Myoglobin	2:Experimental evidence at transcript level	23.81	1.0000	0.9990	0.00000000000000	4	4	4	4	4	4	6985209.0	6985209.0	6985209.0	N-term(42.0106)		
sp|Q71PD7|H2AV_DANRE	Q71PD7	H2AV_DANRE	h2az2a	128	false	false	Danio rerio	Histone H2A.V	2:Experimental evidence at transcript level	53.91	1.0000	0.9990	0.00000000000000	6	0	5	7	0	6	3.60626432E9	0	1.53504176E8			tr|Q0Z946|Q0Z946_DANRE
sp|Q7SXP4|SRS1A_DANRE	Q7SXP4	SRS1A_DANRE	srsf1a	257	false	false	Danio rerio	Serine/arginine-rich splicing factor 1A	2:Experimental evidence at transcript level	35.80	1.0000	0.9990	0.00000000000000	8	3	8	10	3	10	2.3831882E7	9465936.0	2.3831882E7	6C(57.0215),N-term(42.0106),14C(57.0215)		
sp|Q7T356|143BB_DANRE	Q7T356	143BB_DANRE	ywhabb	242	false	false	Danio rerio	14-3-3 protein beta/alpha-B	2:Experimental evidence at transcript level	22.31	1.0000	0.9990	0.00000000000000	5	1	1	5	1	1	2.4268276E7	697177.0	697177.0			
sp|Q7T385|VTC1A_DANRE	Q7T385	VTC1A_DANRE	atp6v1c1a	383	false	false	Danio rerio	V-type proton ATPase subunit C 1-A	2:Experimental evidence at transcript level	3.13	1.0000	0.9990	0.00000000000000	1	1	1	1	1	1	0	0	0	N-term(42.0106)		
sp|Q7T394|LIS1A_DANRE	Q7T394	LIS1A_DANRE	pafah1b1a	410	false	false	Danio rerio	Lissencephaly-1 homolog A	2:Experimental evidence at transcript level	2.68	1.0000	0.9990	0.00000000000000	1	0	0	1	0	0	1319468.0	0	0			
sp|Q7ZT42|SND1_DANRE	Q7ZT42	SND1_DANRE	snd1	897	false	false	Danio rerio	Staphylococcal nuclease domain-containing protein 1	2:Experimental evidence at transcript level	1.56	1.0000	0.9990	0.00000000000000	1	1	1	1	1	1	869723.4	869723.4	869723.4			
sp|Q7ZTS4|K1C18_DANRE	Q7ZTS4	K1C18_DANRE	krt18	431	false	false	Danio rerio	Keratin, type I cytoskeletal 18	1:Experimental evidence at protein level	1.62	1.0000	0.9990	0.00000000000000	1	0	0	1	0	0	1.46746768E8	0	0			
sp|Q7ZTY4|RBBP7_DANRE	Q7ZTY4	RBBP7_DANRE	rbbp7	426	false	false	Danio rerio	Histone-binding protein RBBP7	2:Experimental evidence at transcript level	3.05	1.0000	0.9990	0.00000000000000	1	1	1	1	1	1	1572238.0	1572238.0	1572238.0	N-term(42.0106)		
sp|Q7ZU29|NUP93_DANRE	Q7ZU29	NUP93_DANRE	dye	820	false	false	Danio rerio	Nuclear pore complex protein Nup93	2:Experimental evidence at transcript level	1.34	1.0000	0.9989	0.00000000000000	1	1	1	1	1	1	289217.47	289217.47	289217.47			
sp|Q7ZU99|TERA_DANRE	Q7ZU99	TERA_DANRE	vcp	806	false	false	Danio rerio	Transitional endoplasmic reticulum ATPase	1:Experimental evidence at protein level	1.61	1.0000	0.9990	0.00000000000000	1	0	1	1	0	1	0	0	0			
sp|Q7ZUG5|RS21_DANRE	Q7ZUG5	RS21_DANRE	rps21	81	false	false	Danio rerio	40S ribosomal protein S21	1:Experimental evidence at protein level	59.26	1.0000	0.9990	0.00000000000000	4	4	4	5	5	5	8964743.0	8964743.0	8964743.0	1M(15.9949),5C(57.0215),N-term(42.0106)		
sp|Q7ZUP0|AN32A_DANRE	Q7ZUP0	AN32A_DANRE	anp32a	254	false	false	Danio rerio	Acidic leucine-rich nuclear phosphoprotein 32 family member A	2:Experimental evidence at transcript level	8.27	1.0000	0.9990	0.00000000000000	1	1	1	1	1	1	3697294.0	3697294.0	3697294.0	7C(57.0215)		
sp|Q7ZUY3|H2AX_DANRE	Q7ZUY3	H2AX_DANRE	h2ax	142	false	false	Danio rerio	Histone H2AX	2:Experimental evidence at transcript level	33.10	1.0000	0.9990	0.00000000000000	8	0	8	12	0	12	4.9879352E9	0	4.9879352E9			tr|A0A8M2BA83|A0A8M2BA83_DANRE, tr|A0A8M3ATV1|A0A8M3ATV1_DANRE, tr|A0A8N7TAW0|A0A8N7TAW0_DANRE, tr|A4FVM2|A4FVM2_DANRE, tr|E7EXD7|E7EXD7_DANRE, tr|E7F5W3|E7F5W3_DANRE, tr|F1QTL1|F1QTL1_DANRE, tr|Q4FZZ7|Q4FZZ7_DANRE, tr|Q561S9|Q561S9_DANRE, tr|Q5XJK2|Q5XJK2_DANRE
sp|Q7ZV96|RL10_DANRE	Q7ZV96	RL10_DANRE	rpl10	215	false	false	Danio rerio	60S ribosomal protein L10	1:Experimental evidence at protein level	29.30	1.0000	0.9990	0.00000000000000	6	6	6	8	8	8	3.4767568E7	3.4767568E7	3.4767568E7	10M(15.9949),7C(57.0215),12M(15.9949),9C(57.0215),4C(57.0215),4C(57.0215),7C(57.0215),7C(57.0215),8M(15.9949),8M(15.9949),9C(57.0215)		
sp|Q7ZVA0|SMU1_DANRE	Q7ZVA0	SMU1_DANRE	smu1	513	false	false	Danio rerio	WD40 repeat-containing protein SMU1	2:Experimental evidence at transcript level	2.53	1.0000	0.9990	0.00000000000000	1	1	1	1	1	1	1327897.1	1327897.1	1327897.1	7C(57.0215),8C(57.0215)		
sp|Q7ZVA6|IF4A3_DANRE	Q7ZVA6	IF4A3_DANRE	eif4a3	406	false	false	Danio rerio	Eukaryotic initiation factor 4A-III	2:Experimental evidence at transcript level	3.94	1.0000	0.9990	0.00000000000000	1	0	1	1	0	1	5328607.5	0	5328607.5			
sp|Q7ZVF3|SDHA_DANRE	Q7ZVF3	SDHA_DANRE	sdha	661	false	false	Danio rerio	Succinate dehydrogenase [ubiquinone] flavoprotein subunit, mitochondrial	2:Experimental evidence at transcript level	3.93	1.0000	0.9990	0.00000000000000	2	2	2	2	2	2	327032.1	327032.1	327032.1	2C(57.0215)		
sp|Q7ZVF9|ACTB2_DANRE	Q7ZVF9	ACTB2_DANRE	actbb	375	false	false	Danio rerio	Actin, cytoplasmic 2	1:Experimental evidence at protein level	61.60	1.0000	0.9990	0.00000000000000	19	1	19	33	2	33	1.61438576E8	5936345.0	1.61438576E8	10M(15.9949),14M(15.9949),14M(15.9949),15M(15.9949),18C(57.0215),3C(57.0215),16C(57.0215),1C(57.0215),18C(57.0215),29M(15.9949),3C(57.0215),18C(57.0215),3C(57.0215),5M(15.9949),6M(15.9949),6M(15.9949),7M(15.9949),N-term(42.0106),15M(15.9949),16C(57.0215),N-term(42.0106),16C(57.0215)		
sp|Q7ZVI7|ACTB1_DANRE	Q7ZVI7	ACTB1_DANRE	actba	375	false	false	Danio rerio	Actin, cytoplasmic 1	1:Experimental evidence at protein level	61.60	1.0000	0.9990	0.00000000000000	19	1	1	33	2	2	1.61438576E8	4357577.0	4357577.0	N-term(42.0106),15M(15.9949),16C(57.0215),N-term(42.0106),16C(57.0215)		
sp|Q7ZWJ4|RL18A_DANRE	Q7ZWJ4	RL18A_DANRE	rpl18a	176	false	false	Danio rerio	60S ribosomal protein L18a	1:Experimental evidence at protein level	7.39	1.0000	0.9990	0.00000000000000	1	1	1	1	1	1	1704449.8	1704449.8	1704449.8	11C(57.0215)		
sp|Q803D2|LIS1B_DANRE	Q803D2	LIS1B_DANRE	pafah1b1b	410	false	false	Danio rerio	Lissencephaly-1 homolog B	2:Experimental evidence at transcript level	2.68	1.0000	0.9990	0.00000000000000	1	0	1	1	0	1	1319468.0	0	1319468.0	9C(57.0215)		
sp|Q803F6|RSSA_DANRE	Q803F6	RSSA_DANRE	rpsa	308	false	false	Danio rerio	40S ribosomal protein SA	1:Experimental evidence at protein level	15.91	1.0000	0.9990	0.00000000000000	4	4	4	4	4	4	6545308.0	6545308.0	6545308.0	8C(57.0215)		
sp|Q8AYN0|OPSR2_DANRE	Q8AYN0	OPSR2_DANRE	opn1lw2	356	false	false	Danio rerio	Red-sensitive opsin-2	1:Experimental evidence at protein level	7.02	1.0000	0.9989	0.00000000000000	3	1	3	5	3	5	2.9652252E7	1.8698416E7	2.9652252E7	13M(15.9949),13M(15.9949),2C(57.0215),2C(57.0215),4M(15.9949)		
sp|Q8JGR4|RL24_DANRE	Q8JGR4	RL24_DANRE	rpl24	157	false	false	Danio rerio	60S ribosomal protein L24	2:Experimental evidence at transcript level	13.38	1.0000	0.9990	0.00000000000000	3	3	3	6	6	6	2.53584E7	2.53584E7	2.53584E7	1M(15.9949),6C(57.0215),1M(15.9949),6C(57.0215),4C(57.0215),6C(57.0215),6C(57.0215)		
sp|Q8JGS0|RU1C_DANRE	Q8JGS0	RU1C_DANRE	snrpc	159	false	false	Danio rerio	U1 small nuclear ribonucleoprotein C	2:Experimental evidence at transcript level	11.32	1.0000	0.9990	0.00000000000000	1	1	1	1	1	1	0	0	0	3C(57.0215),6C(57.0215)		
sp|Q8JGS9|RS18_DANRE	Q8JGS9	RS18_DANRE	rps18	152	false	false	Danio rerio	40S ribosomal protein S18	1:Experimental evidence at protein level	38.82	1.0000	0.9989	0.00000000000000	6	6	6	6	6	6	1.049131E7	1.049131E7	1.049131E7	N-term(42.0106)		
sp|Q8JH70|ALDCB_DANRE	Q8JH70	ALDCB_DANRE	aldocb	363	false	false	Danio rerio	Fructose-bisphosphate aldolase C-B	2:Experimental evidence at transcript level	26.72	1.0000	0.9990	0.00000000000000	5	4	5	6	5	6	5087080.0	5087080.0	5087080.0	12M(15.9949),5C(57.0215)		
sp|Q8JHJ1|RL35_DANRE	Q8JHJ1	RL35_DANRE	rpl35	123	false	false	Danio rerio	60S ribosomal protein L35	1:Experimental evidence at protein level	11.38	1.0000	0.9978	0.00000000000000	1	1	1	1	1	1	1233394.2	1233394.2	1233394.2			
sp|Q8JIU7|NACA_DANRE	Q8JIU7	NACA_DANRE	naca	215	false	false	Danio rerio	Nascent polypeptide-associated complex subunit alpha	1:Experimental evidence at protein level	6.51	1.0000	0.9990	0.00000000000000	1	1	1	1	1	1	6594118.5	6594118.5	6594118.5			
sp|Q8UVK2|SPT6H_DANRE	Q8UVK2	SPT6H_DANRE	supt6h	1726	false	false	Danio rerio	Transcription elongation factor SPT6	1:Experimental evidence at protein level	2.55	1.0000	0.9990	0.00000000000000	2	2	2	2	2	2	5344429.5	5344429.5	5344429.5			
sp|Q90473|HSP7C_DANRE	Q90473	HSP7C_DANRE	hspa8	649	false	false	Danio rerio	Heat shock cognate 71 kDa protein	2:Experimental evidence at transcript level	20.49	1.0000	0.9990	0.00000000000000	9	0	8	9	0	8	3.436158E7	0	3.436158E7	2C(57.0215),N-term(42.0106),16C(57.0215)		
sp|Q90XG0|TPISB_DANRE	Q90XG0	TPISB_DANRE	tpi1b	248	false	false	Danio rerio	Triosephosphate isomerase B	2:Experimental evidence at transcript level	11.29	1.0000	0.9990	0.00000000000000	2	1	2	3	1	3	3687533.0	0	3687533.0	12C(57.0215)		
sp|Q90Z10|RL13_DANRE	Q90Z10	RL13_DANRE	rpl13	211	false	false	Danio rerio	60S ribosomal protein L13	1:Experimental evidence at protein level	5.21	1.0000	0.9988	0.00000000000000	1	1	1	1	1	1	0	0	0			
sp|Q92005|EF1A_DANRE	Q92005	EF1A_DANRE	eef1a	462	false	false	Danio rerio	Elongation factor 1-alpha	2:Experimental evidence at transcript level	31.17	1.0000	0.9990	0.00000000000000	12	3	12	16	4	16	8.8012432E7	2.7315638E7	8.8012432E7	1M(15.9949),9M(15.9949)		
sp|Q98874|ERH_DANRE	Q98874	ERH_DANRE	erh	104	false	false	Danio rerio	Enhancer of rudimentary homolog	3:Protein inferred from homology	15.38	1.0000	0.9990	0.00000000000000	1	1	1	1	1	1	1417694.2	1417694.2	1417694.2	N-term(42.0106),N-term(42.0106)		
sp|Q98TZ8|FLOT2_DANRE	Q98TZ8	FLOT2_DANRE	flot2a	428	false	false	Danio rerio	Flotillin-2a	2:Experimental evidence at transcript level	7.94	1.0000	0.9990	0.00000000000000	3	2	3	3	2	3	1315158.6	966314.25	1315158.6			
sp|Q9DDT5|SPT5H_DANRE	Q9DDT5	SPT5H_DANRE	supt5h	1084	false	false	Danio rerio	Transcription elongation factor SPT5	1:Experimental evidence at protein level	0.92	1.0000	0.9990	0.00000000000000	1	1	1	1	1	1	0	0	0			
sp|Q9IBD1|CELF3_DANRE	Q9IBD1	CELF3_DANRE	celf3	452	false	false	Danio rerio	CUGBP Elav-like family member 3	2:Experimental evidence at transcript level	2.21	1.0000	0.9989	0.00000000000000	1	0	1	1	0	1	1951355.2	0	1951355.2	2C(57.0215),8C(57.0215)		tr|A0A8M9PGK3|A0A8M9PGK3_DANRE
sp|Q9MIY7|COX2_DANRE	Q9MIY7	COX2_DANRE	mt-co2	230	false	false	Danio rerio	Cytochrome c oxidase subunit 2	3:Protein inferred from homology	8.70	1.0000	0.9990	0.00000000000000	1	1	1	2	2	2	2.0406492E7	2.0406492E7	2.0406492E7			
sp|Q9NSB2|KRT84_HUMAN	Q9NSB2	KRT84_HUMAN	KRT84	600	false	false	Homo sapiens	Keratin, type II cuticular Hb4	2:Experimental evidence at transcript level	2.33	1.0000	0.9982	0.00000000000000	4	0	0	7	0	0	1.8431328E8	0	0			
sp|Q9PT92|CATA_DANRE	Q9PT92	CATA_DANRE	cat	526	false	false	Danio rerio	Catalase	2:Experimental evidence at transcript level	3.99	1.0000	0.9990	0.00000000000000	2	0	0	2	0	0	9992355.0	0	0			
sp|Q9PU58|NIPS2_DANRE	Q9PU58	NIPS2_DANRE	nipsnap2	286	false	false	Danio rerio	Protein NipSnap homolog 2	2:Experimental evidence at transcript level	17.13	1.0000	0.9988	0.00000000000000	3	2	3	3	2	3	5187897.5	3992873.5	5187897.5			
sp|Q9PUE4|COPG2_DANRE	Q9PUE4	COPG2_DANRE	copg2	873	false	false	Danio rerio	Coatomer subunit gamma-2	2:Experimental evidence at transcript level	3.32	1.0000	0.9990	0.00000000000000	2	2	2	2	2	2	0	0	0	13C(57.0215)		
sp|Q9PV90|RLA0_DANRE	Q9PV90	RLA0_DANRE	rplp0	319	false	false	Danio rerio	60S acidic ribosomal protein P0	2:Experimental evidence at transcript level	3.76	1.0000	0.9990	0.00000000000000	1	1	1	1	1	1	2180613.5	2180613.5	2180613.5			
sp|Q9PW80|IF2B3_DANRE	Q9PW80	IF2B3_DANRE	igf2bp3	582	false	false	Danio rerio	Insulin-like growth factor 2 mRNA-binding protein 3	1:Experimental evidence at protein level	2.06	1.0000	0.9990	0.00000000000000	1	1	1	1	1	1	0	0	0	8C(57.0215)		
sp|Q9W6A5|OPSG1_DANRE	Q9W6A5	OPSG1_DANRE	opn1mw1	349	false	false	Danio rerio	Green-sensitive opsin-1	1:Experimental evidence at protein level	7.45	1.0000	0.9990	0.00000000000000	2	1	2	4	2	4	9.130232E7	0	9.130232E7	2C(57.0215),3M(15.9949),9C(57.0215),2C(57.0215),9C(57.0215)		
sp|Q9W6A8|OP1S2_DANRE	Q9W6A8	OP1S2_DANRE	opn1sw2	354	false	false	Danio rerio	Opsin-1, short-wave-sensitive 2	1:Experimental evidence at protein level	4.24	1.0000	0.9986	0.00000000000000	1	1	1	2	2	2	5641180.0	5641180.0	5641180.0			
sp|Q9W6A9|OP1S1_DANRE	Q9W6A9	OP1S1_DANRE	opn1sw1	336	false	false	Danio rerio	Opsin-1, short-wave-sensitive 1	1:Experimental evidence at protein level	16.67	1.0000	0.9990	0.00000000000000	5	5	5	10	10	10	1.14238784E8	1.14238784E8	1.14238784E8	10C(57.0215),13M(15.9949),3C(57.0215),13M(15.9949),3C(57.0215),3C(57.0215),3C(57.0215),5C(57.0215),5C(57.0215),5C(57.0215),7M(15.9949),5C(57.0215),7M(15.9949)		
sp|Q9W762|TIM9_DANRE	Q9W762	TIM9_DANRE	timm9	84	false	false	Danio rerio	Mitochondrial import inner membrane translocase subunit Tim9	3:Protein inferred from homology	54.76	1.0000	0.9990	0.00000000000000	4	4	4	4	4	4	5742930.0	5742930.0	5742930.0	13C(57.0215),9C(57.0215),5C(57.0215),9C(57.0215),N-term(42.0106),N-term(42.0106)		
tr|A0A0R4IBX9|A0A0R4IBX9_DANRE	A0A0R4IBX9	A0A0R4IBX9_DANRE	si:ch73-1a9.3	87	false	false	Danio rerio	Si:ch73-1a9.3	3:Protein inferred from homology	31.03	1.0000	0.9990	0.00000000000000	4	4	4	6	6	6	1.10815144E8	1.10815144E8	1.10815144E8			
tr|A0A0R4IC20|A0A0R4IC20_DANRE	A0A0R4IC20	A0A0R4IC20_DANRE	si:ch211-276i12.9	167	false	false	Danio rerio	Si:ch211-276i12.9	4:Protein predicted	16.77	1.0000	0.9990	0.00000000000000	2	0	2	4	0	4	1.7736904E7	0	1.7736904E7			
tr|A0A0R4IFJ4|A0A0R4IFJ4_DANRE	A0A0R4IFJ4	A0A0R4IFJ4_DANRE	PYCa	1181	false	false	Danio rerio	Pyruvate carboxylase	1:Experimental evidence at protein level	2.12	1.0000	0.9990	0.00000000000000	2	2	2	2	2	2	1346691.1	1346691.1	1346691.1	7C(57.0215)		
tr|A0A0R4IFJ7|A0A0R4IFJ7_DANRE	A0A0R4IFJ7	A0A0R4IFJ7_DANRE	fi14g08	417	false	false	Danio rerio	creatine kinase	1:Experimental evidence at protein level	50.60	1.0000	0.9990	0.00000000000000	16	13	16	24	21	24	4.2379528E7	4.2379528E7	4.2379528E7	11C(57.0215),13C(57.0215),19C(57.0215),21M(15.9949),21M(15.9949),4C(57.0215),4C(57.0215),5M(15.9949),4M(15.9949),5M(15.9949),5M(15.9949),7M(15.9949)		
tr|A0A0R4IKF0|A0A0R4IKF0_DANRE	A0A0R4IKF0	A0A0R4IKF0_DANRE	wu:fb66d03	257	false	false	Danio rerio	Apolipoprotein A-Ib	1:Experimental evidence at protein level	4.28	1.0000	0.9990	0.00000000000000	1	1	1	1	1	1	2345279.8	2345279.8	2345279.8			
tr|A0A0R4IM99|A0A0R4IM99_DANRE	A0A0R4IM99	A0A0R4IM99_DANRE	tpm2	284	false	false	Danio rerio	Tropomyosin 2 (beta)	3:Protein inferred from homology	36.27	1.0000	0.9990	0.00000000000000	14	3	6	20	3	7	1.47045888E8	1.9342134E7	2.6782562E7			
tr|A0A0R4INI3|A0A0R4INI3_DANRE	A0A0R4INI3	A0A0R4INI3_DANRE	smyhc1	1938	false	false	Danio rerio	Slow myosin heavy chain 1	1:Experimental evidence at protein level	21.88	1.0000	0.9990	0.00000000000000	36	3	18	48	4	24	1.71155648E8	2110520.5	1.5605886E7	1C(57.0215),6M(15.9949),7M(15.9949)		
tr|A0A0R4IP12|A0A0R4IP12_DANRE	A0A0R4IP12	A0A0R4IP12_DANRE	pds5b	1408	false	false	Danio rerio	PDS5 cohesin-associated factor B	4:Protein predicted	2.49	1.0000	0.9990	0.00000000000000	3	2	3	3	2	3	2052070.2	1034894.2	2052070.2	5C(57.0215),5C(57.0215),6C(57.0215)		
tr|A0A0R4IQM9|A0A0R4IQM9_DANRE	A0A0R4IQM9	A0A0R4IQM9_DANRE	stxbp1a	603	false	false	Danio rerio	Syntaxin-binding protein 1a	3:Protein inferred from homology	13.93	1.0000	0.9990	0.00000000000000	6	5	6	6	5	6	1.1231302E7	1.1231302E7	1.1231302E7	10C(57.0215),9C(57.0215),9C(57.0215)		
tr|A0A0R4IS70|A0A0R4IS70_DANRE	A0A0R4IS70	A0A0R4IS70_DANRE	purba	317	false	false	Danio rerio	Purine-rich element-binding protein Ba	3:Protein inferred from homology	4.73	1.0000	0.9990	0.00000000000000	1	0	1	1	0	1	0	0	0			
tr|A0A1L6UW63|A0A1L6UW63_DANRE	A0A1L6UW63	A0A1L6UW63_DANRE	zgc:171719	284	false	false	Danio rerio	Tropomyosin 1-1	1:Experimental evidence at protein level	36.27	1.0000	0.9990	0.00000000000000	14	1	1	20	1	1	1.47045888E8	4256634.0	4256634.0			
tr|A0A1L6UW65|A0A1L6UW65_DANRE	A0A1L6UW65	A0A1L6UW65_DANRE	tmp4	284	false	false	Danio rerio	Tropomyosin 4-2alpha	2:Experimental evidence at transcript level	29.58	1.0000	0.9990	0.00000000000000	11	1	1	17	1	1	1.47045888E8	0	0			
tr|A0A2R8Q650|A0A2R8Q650_DANRE	A0A2R8Q650	A0A2R8Q650_DANRE	tpm3	284	false	false	Danio rerio	Tropomyosin 3	3:Protein inferred from homology	36.97	1.0000	0.9990	0.00000000000000	16	2	2	22	2	2	1.47045888E8	5649551.5	5649551.5			
tr|A0A2R8QB83|A0A2R8QB83_DANRE	A0A2R8QB83	A0A2R8QB83_DANRE	btbd17b	515	false	false	Danio rerio	BTB (POZ) domain-containing 17b	1:Experimental evidence at protein level	3.69	1.0000	0.9990	0.00000000000000	1	1	1	2	2	2	2662055.0	2662055.0	2662055.0			
tr|A0A2R8QLH1|A0A2R8QLH1_DANRE	A0A2R8QLH1	A0A2R8QLH1_DANRE	rab41	211	false	false	Danio rerio	RAB41, member RAS oncogene family	4:Protein predicted	5.21	1.0000	0.9980	0.00000000000000	1	0	0	1	0	0	1.2494166E7	0	0			
tr|A0A2R8QUQ1|A0A2R8QUQ1_DANRE	A0A2R8QUQ1	A0A2R8QUQ1_DANRE	rgs9a	480	false	false	Danio rerio	Regulator of G protein-signaling 9a	4:Protein predicted	4.58	1.0000	0.9979	0.00000000000000	2	2	2	2	2	2	1665329.5	1665329.5	1665329.5	8C(57.0215)		
tr|A0A2R8RKX9|A0A2R8RKX9_DANRE	A0A2R8RKX9	A0A2R8RKX9_DANRE	gnb4b	340	false	false	Danio rerio	Guanine nucleotide-binding protein (G protein), beta polypeptide 4b	3:Protein inferred from homology	12.94	1.0000	0.9990	0.00000000000000	4	1	2	4	1	2	1.278352E7	5965816.5	5965816.5	11C(57.0215),11C(57.0215)		
tr|A0A2R9YJM4|A0A2R9YJM4_DANRE	A0A2R9YJM4	A0A2R9YJM4_DANRE	zgc:109968	438	false	false	Danio rerio	protein kinase C and Casein kinase substrate in neurons 1A	1:Experimental evidence at protein level	8.68	1.0000	0.9990	0.00000000000000	3	3	3	4	4	4	2030034.2	2030034.2	2030034.2	2C(57.0215),6M(15.9949),8C(57.0215),2C(57.0215),8C(57.0215)		
tr|A0A8M1N062|A0A8M1N062_DANRE	A0A8M1N062	A0A8M1N062_DANRE	polr2d	145	false	false	Danio rerio	DNA-directed RNA polymerase II subunit RPB4	1:Experimental evidence at protein level	17.93	1.0000	0.9990	0.00000000000000	2	2	2	2	2	2	4890265.0	4890265.0	4890265.0			
tr|A0A8M1N2G4|A0A8M1N2G4_DANRE	A0A8M1N2G4	A0A8M1N2G4_DANRE	snrpg	76	false	false	Danio rerio	Small nuclear ribonucleoprotein G	1:Experimental evidence at protein level	17.11	1.0000	0.9990	0.00000000000000	1	1	1	1	1	1	4884683.0	4884683.0	4884683.0			
tr|A0A8M1N4J0|A0A8M1N4J0_DANRE	A0A8M1N4J0	A0A8M1N4J0_DANRE	acp1	158	false	false	Danio rerio	Low molecular weight phosphotyrosine protein phosphatase	1:Experimental evidence at protein level	13.29	1.0000	0.9990	0.00000000000000	2	2	2	2	2	2	4042918.0	4042918.0	4042918.0	11C(57.0215),6C(57.0215)		
tr|A0A8M1N5K7|A0A8M1N5K7_DANRE	A0A8M1N5K7	A0A8M1N5K7_DANRE	c1qbp	270	false	false	Danio rerio	Complement component 1 Q subcomponent-binding protein, mitochondrial	1:Experimental evidence at protein level	21.48	1.0000	0.9990	0.00000000000000	4	4	4	4	4	4	5203440.5	5203440.5	5203440.5	1M(15.9949)		
tr|A0A8M1N5M5|A0A8M1N5M5_DANRE	A0A8M1N5M5	A0A8M1N5M5_DANRE	tubb6	447	false	false	Danio rerio	Tubulin beta chain	1:Experimental evidence at protein level	19.02	1.0000	0.9990	0.00000000000000	10	2	2	15	2	2	1.23603136E8	1.5793468E7	1.5793468E7	1M(15.9949)		
tr|A0A8M1N612|A0A8M1N612_DANRE	A0A8M1N612	A0A8M1N612_DANRE	ndufs2	464	false	false	Danio rerio	NADH dehydrogenase [ubiquinone] iron-sulfur protein 2, mitochondrial	1:Experimental evidence at protein level	11.85	1.0000	0.9990	0.00000000000000	3	3	3	4	4	4	2902343.0	2902343.0	2902343.0	1M(15.9949),6M(15.9949)		
tr|A0A8M1N618|A0A8M1N618_DANRE	A0A8M1N618	A0A8M1N618_DANRE	gdi1	447	false	false	Danio rerio	Rab GDP dissociation inhibitor	1:Experimental evidence at protein level	4.25	1.0000	0.9990	0.00000000000000	1	0	1	1	0	1	0	0	0			
tr|A0A8M1N6S0|A0A8M1N6S0_DANRE	A0A8M1N6S0	A0A8M1N6S0_DANRE	polr2b	1174	false	false	Danio rerio	DNA-directed RNA polymerase subunit beta	1:Experimental evidence at protein level	2.30	1.0000	0.9990	0.00000000000000	2	2	2	2	2	2	3888900.2	3888900.2	3888900.2			
tr|A0A8M1N7Z8|A0A8M1N7Z8_DANRE	A0A8M1N7Z8	A0A8M1N7Z8_DANRE	tubb2b	472	false	false	Danio rerio	Tubulin beta chain	1:Experimental evidence at protein level	71.40	1.0000	0.9990	0.00000000000000	32	4	32	58	6	58	3.7024064E8	6.3491248E7	3.7024064E8	10C(57.0215),10M(15.9949),10M(15.9949),11M(15.9949),11M(15.9949),12C(57.0215),12C(57.0215),12C(57.0215),1M(15.9949),12C(57.0215),1M(15.9949),17M(15.9949),23C(57.0215),17M(15.9949),23C(57.0215),1M(15.9949),1M(15.9949),23C(57.0215),23C(57.0215),25M(15.9949),5C(57.0215),7C(57.0215),25M(15.9949),5C(57.0215),7C(57.0215),2M(15.9949),2M(15.9949),6C(57.0215),4C(57.0215),4M(15.9949),5C(57.0215),7C(57.0215),5C(57.0215),7C(57.0215),5M(15.9949),6C(57.0215),6C(57.0215),8C(57.0215),6M(15.9949),6M(15.9949),6M(15.9949),8M(15.9949),9M(15.9949)		
tr|A0A8M1N8U3|A0A8M1N8U3_DANRE	A0A8M1N8U3	A0A8M1N8U3_DANRE	cirbpb	206	false	false	Danio rerio	cold-inducible RNA-binding protein isoform 1	1:Experimental evidence at protein level	10.19	1.0000	0.9990	0.00000000000000	1	1	1	1	1	1	2172255.8	2172255.8	2172255.8			
tr|A0A8M1NB67|A0A8M1NB67_DANRE	A0A8M1NB67	A0A8M1NB67_DANRE	ncl	705	false	false	Danio rerio	Nucleolin	1:Experimental evidence at protein level	1.84	1.0000	0.9990	0.00000000000000	1	1	1	1	1	1	0	0	0			
tr|A0A8M1NBP6|A0A8M1NBP6_DANRE	A0A8M1NBP6	A0A8M1NBP6_DANRE	myh7l	1936	false	false	Danio rerio	myosin heavy chain 7-like	1:Experimental evidence at protein level	15.91	1.0000	0.9977	0.00000000000000	28	2	5	38	2	5	1.15004632E8	2718777.8	2718777.8			
tr|A0A8M1NEM1|A0A8M1NEM1_DANRE	A0A8M1NEM1	A0A8M1NEM1_DANRE	myh9a	1961	false	false	Danio rerio	myosin-9	1:Experimental evidence at protein level	1.02	1.0000	0.9990	0.00000000000000	2	0	1	2	0	1	2354062.2	0	1094195.8			
tr|A0A8M1NF56|A0A8M1NF56_DANRE	A0A8M1NF56	A0A8M1NF56_DANRE	LOC558044	2391	false	false	Danio rerio	Spectrin beta chain	1:Experimental evidence at protein level	0.42	1.0000	0.9990	0.00000000000000	1	1	1	1	1	1	0	0	0	7C(57.0215)		
tr|A0A8M1NFX8|A0A8M1NFX8_DANRE	A0A8M1NFX8	A0A8M1NFX8_DANRE	krtt1c19e	473	false	false	Danio rerio	keratin type 1 c19e	1:Experimental evidence at protein level	1.90	1.0000	0.9990	0.00000000000000	2	0	0	2	0	0	8.3985168E7	0	0			
tr|A0A8M1NFY5|A0A8M1NFY5_DANRE	A0A8M1NFY5	A0A8M1NFY5_DANRE	usf2	328	false	false	Danio rerio	upstream stimulatory factor 2	1:Experimental evidence at protein level	4.27	1.0000	0.9990	0.00000000000000	1	1	1	1	1	1	2310497.5	2310497.5	2310497.5			
tr|A0A8M1NR42|A0A8M1NR42_DANRE	A0A8M1NR42	A0A8M1NR42_DANRE	si:ch211-251b21.1	458	false	false	Danio rerio	Glutamate receptor	1:Experimental evidence at protein level	10.92	1.0000	0.9990	0.00000000000000	3	3	3	3	3	3	2752562.5	2752562.5	2752562.5			
tr|A0A8M1NUL0|A0A8M1NUL0_DANRE	A0A8M1NUL0	A0A8M1NUL0_DANRE	pnn	667	false	false	Danio rerio	Pinin	1:Experimental evidence at protein level	1.65	1.0000	0.9990	0.00000000000000	1	1	1	1	1	1	3496463.2	3496463.2	3496463.2			
tr|A0A8M1NXI0|A0A8M1NXI0_DANRE	A0A8M1NXI0	A0A8M1NXI0_DANRE	pdia3	494	false	false	Danio rerio	Protein disulfide-isomerase	1:Experimental evidence at protein level	2.23	1.0000	0.9990	0.00000000000000	1	1	1	1	1	1	982803.2	982803.2	982803.2			
tr|A0A8M1NYJ7|A0A8M1NYJ7_DANRE	A0A8M1NYJ7	A0A8M1NYJ7_DANRE	sh3gl2b	350	false	false	Danio rerio	SH3-domain GRB2-like 2-like	3:Protein inferred from homology	9.14	1.0000	0.9990	0.00000000000000	2	1	2	2	1	2	909257.2	0	909257.2			
tr|A0A8M1NYL7|A0A8M1NYL7_DANRE	A0A8M1NYL7	A0A8M1NYL7_DANRE	gngt2b	69	false	false	Danio rerio	Guanine nucleotide-binding protein subunit gamma	3:Protein inferred from homology	17.39	1.0000	0.9990	0.00000000000000	1	0	1	1	0	1	5247312.0	0	5247312.0			
tr|A0A8M1NYZ2|A0A8M1NYZ2_DANRE	A0A8M1NYZ2	A0A8M1NYZ2_DANRE	ssbp4	386	false	false	Danio rerio	single-stranded DNA-binding protein 4	4:Protein predicted	4.66	1.0000	0.9990	0.00000000000000	1	0	1	1	0	1	0	0	0			tr|A0A8M3APY7|A0A8M3APY7_DANRE
tr|A0A8M1NZG6|A0A8M1NZG6_DANRE	A0A8M1NZG6	A0A8M1NZG6_DANRE	snap29	266	false	false	Danio rerio	synaptosomal-associated protein 29	1:Experimental evidence at protein level	12.03	1.0000	0.9989	0.00000000000000	2	2	2	2	2	2	2483957.5	2483957.5	2483957.5			
tr|A0A8M1NZX1|A0A8M1NZX1_DANRE	A0A8M1NZX1	A0A8M1NZX1_DANRE	bphl	277	false	false	Danio rerio	valacyclovir hydrolase	1:Experimental evidence at protein level	4.33	1.0000	0.9990	0.00000000000000	1	1	1	1	1	1	0	0	0			
tr|A0A8M1P0N7|A0A8M1P0N7_DANRE	A0A8M1P0N7	A0A8M1P0N7_DANRE	tfa	673	false	false	Danio rerio	Serotransferrin	1:Experimental evidence at protein level	2.08	1.0000	0.9990	0.00000000000000	1	1	1	1	1	1	0	0	0	11C(57.0215),2C(57.0215)		
tr|A0A8M1P0X4|A0A8M1P0X4_DANRE	A0A8M1P0X4	A0A8M1P0X4_DANRE	sept2	369	false	false	Danio rerio	Septin	1:Experimental evidence at protein level	3.79	1.0000	0.9990	0.00000000000000	1	0	1	1	0	1	900426.1	0	900426.1			
tr|A0A8M1P122|A0A8M1P122_DANRE	A0A8M1P122	A0A8M1P122_DANRE	lsm8	96	false	false	Danio rerio	U6 snRNA-associated Sm-like protein LSm8	1:Experimental evidence at protein level	36.46	1.0000	0.9990	0.00000000000000	2	2	2	2	2	2	2339522.2	2339522.2	2339522.2			
tr|A0A8M1P2M7|A0A8M1P2M7_DANRE	A0A8M1P2M7	A0A8M1P2M7_DANRE	cox6c	76	false	false	Danio rerio	Cytochrome c oxidase subunit 6C	1:Experimental evidence at protein level	17.11	1.0000	0.9989	0.00000000000000	1	1	1	1	1	1	7807103.0	7807103.0	7807103.0			
tr|A0A8M1P318|A0A8M1P318_DANRE	A0A8M1P318	A0A8M1P318_DANRE	hmgn3	120	false	false	Danio rerio	high mobility group nucleosome-binding domain-containing protein 3 isoform 1	1:Experimental evidence at protein level	19.17	1.0000	0.9989	0.00000000000000	2	2	2	2	2	2	7844177.0	7844177.0	7844177.0			
tr|A0A8M1P3F9|A0A8M1P3F9_DANRE	A0A8M1P3F9	A0A8M1P3F9_DANRE	dhx9	1270	false	false	Danio rerio	RNA helicase	1:Experimental evidence at protein level	2.36	1.0000	0.9990	0.00000000000000	2	2	2	2	2	2	1318216.9	1318216.9	1318216.9	4C(57.0215)		
tr|A0A8M1P4G3|A0A8M1P4G3_DANRE	A0A8M1P4G3	A0A8M1P4G3_DANRE	stt3b	805	false	false	Danio rerio	dolichyl-diphosphooligosaccharide--protein glycotransferase	1:Experimental evidence at protein level	2.86	1.0000	0.9982	0.00000000000000	2	2	2	2	2	2	1583991.8	1583991.8	1583991.8	4M(15.9949)		
tr|A0A8M1P526|A0A8M1P526_DANRE	A0A8M1P526	A0A8M1P526_DANRE	atp5f1c	293	false	false	Danio rerio	ATP synthase subunit gamma	1:Experimental evidence at protein level	4.10	1.0000	0.9990	0.00000000000000	1	1	1	1	1	1	1100002.2	1100002.2	1100002.2	3M(15.9949)		
tr|A0A8M1P5N6|A0A8M1P5N6_DANRE	A0A8M1P5N6	A0A8M1P5N6_DANRE	krt4	497	false	false	Danio rerio	keratin 4	1:Experimental evidence at protein level	12.68	1.0000	0.9990	0.00000000000000	8	1	4	10	1	5	1.51011504E8	2344141.0	2.53133E7			
tr|A0A8M1P6K2|A0A8M1P6K2_DANRE	A0A8M1P6K2	A0A8M1P6K2_DANRE	zgc:165520	285	false	false	Danio rerio	uncharacterized protein LOC571872	1:Experimental evidence at protein level	3.16	1.0000	0.9990	0.00000000000000	1	1	1	1	1	1	597189.56	597189.56	597189.56			
tr|A0A8M1P7E4|A0A8M1P7E4_DANRE	A0A8M1P7E4	A0A8M1P7E4_DANRE	cox5ab	138	false	false	Danio rerio	Cytochrome c oxidase subunit 5A, mitochondrial	1:Experimental evidence at protein level	36.96	1.0000	0.9990	0.00000000000000	5	2	2	7	2	2	3.8722156E7	2841030.0	2841030.0			
tr|A0A8M1P8J0|A0A8M1P8J0_DANRE	A0A8M1P8J0	A0A8M1P8J0_DANRE	drada	1381	false	false	Danio rerio	Adenosine deaminase RNA-specific	1:Experimental evidence at protein level	2.10	1.0000	0.9990	0.00000000000000	2	2	2	2	2	2	7057555.5	7057555.5	7057555.5			
tr|A0A8M1P8U9|A0A8M1P8U9_DANRE	A0A8M1P8U9	A0A8M1P8U9_DANRE	si:ch211-114n24.6	451	false	false	Danio rerio	Tubulin alpha chain	3:Protein inferred from homology	67.41	1.0000	0.9990	0.00000000000000	23	0	10	40	0	18	5.34864032E8	0	4.31094912E8	15C(57.0215),15C(57.0215),22M(15.9949),31M(15.9949),6C(57.0215),6C(57.0215),8C(57.0215),8C(57.0215),9C(57.0215),9C(57.0215)		
tr|A0A8M1P8Z3|A0A8M1P8Z3_DANRE	A0A8M1P8Z3	A0A8M1P8Z3_DANRE	ddx39aa	427	false	false	Danio rerio	RNA helicase	1:Experimental evidence at protein level	10.30	1.0000	0.9990	0.00000000000000	3	1	1	3	1	1	8352014.0	4329425.0	4329425.0			
tr|A0A8M1P9F3|A0A8M1P9F3_DANRE	A0A8M1P9F3	A0A8M1P9F3_DANRE	gucy2d	1137	false	false	Danio rerio	Guanylate cyclase	3:Protein inferred from homology	2.20	1.0000	0.9969	0.00000000000000	2	0	2	2	0	2	368282.4	0	368282.4			tr|A0A8M2BCH5|A0A8M2BCH5_DANRE
tr|A0A8M1PDN1|A0A8M1PDN1_DANRE	A0A8M1PDN1	A0A8M1PDN1_DANRE	bsg	392	false	false	Danio rerio	basigin isoform 1 precursor	1:Experimental evidence at protein level	7.65	1.0000	0.9990	0.00000000000000	2	2	2	3	3	3	1.4352232E7	1.4352232E7	1.4352232E7			
tr|A0A8M1PDW2|A0A8M1PDW2_DANRE	A0A8M1PDW2	A0A8M1PDW2_DANRE	alpl	561	false	false	Danio rerio	Alkaline phosphatase	1:Experimental evidence at protein level	2.50	1.0000	0.9990	0.00000000000000	1	1	1	1	1	1	0	0	0			
tr|A0A8M1PFC4|A0A8M1PFC4_DANRE	A0A8M1PFC4	A0A8M1PFC4_DANRE	npm1a	279	false	false	Danio rerio	Nucleophosmin	1:Experimental evidence at protein level	27.60	1.0000	0.9990	0.00000000000000	4	4	4	5	5	5	2.332354E7	2.332354E7	2.332354E7	15C(57.0215),15C(57.0215),3C(57.0215)		
tr|A0A8M1PFH7|A0A8M1PFH7_DANRE	A0A8M1PFH7	A0A8M1PFH7_DANRE	phgdh	528	false	false	Danio rerio	D-3-phosphoglycerate dehydrogenase	1:Experimental evidence at protein level	4.17	1.0000	0.9990	0.00000000000000	2	2	2	2	2	2	2362441.0	2362441.0	2362441.0			
tr|A0A8M1PHY6|A0A8M1PHY6_DANRE	A0A8M1PHY6	A0A8M1PHY6_DANRE	ssrp1a	705	false	false	Danio rerio	FACT complex subunit SSRP1	1:Experimental evidence at protein level	4.11	1.0000	0.9990	0.00000000000000	2	1	2	2	1	2	7689781.0	4521214.5	7689781.0	N-term(42.0106)		
tr|A0A8M1PII2|A0A8M1PII2_DANRE	A0A8M1PII2	A0A8M1PII2_DANRE	acadm	426	false	false	Danio rerio	Medium-chain specific acyl-CoA dehydrogenase, mitochondrial	1:Experimental evidence at protein level	7.98	1.0000	0.9990	0.00000000000000	3	3	3	3	3	3	6022063.5	6022063.5	6022063.5			
tr|A0A8M1PKV3|A0A8M1PKV3_DANRE	A0A8M1PKV3	A0A8M1PKV3_DANRE	ddx5	617	false	false	Danio rerio	RNA helicase	1:Experimental evidence at protein level	1.94	1.0000	0.9989	0.00000000000000	1	0	1	1	0	1	753898.06	0	753898.06			
tr|A0A8M1PUI6|A0A8M1PUI6_DANRE	A0A8M1PUI6	A0A8M1PUI6_DANRE	si:dkey-23a13.9	201	false	false	Danio rerio	histone H1-like	3:Protein inferred from homology	38.81	1.0000	0.9990	0.00000000000000	12	0	2	20	0	5	6.7568442E8	0	1.765914E7	N-term(42.0106),N-term(42.0106)		tr|A0A8N7TF89|A0A8N7TF89_DANRE, tr|A0A8N7URG1|A0A8N7URG1_DANRE
tr|A0A8M1PZK0|A0A8M1PZK0_DANRE	A0A8M1PZK0	A0A8M1PZK0_DANRE	cox5b1	134	false	false	Danio rerio	cytochrome c oxidase subunit 5B, mitochondrial-like	1:Experimental evidence at protein level	5.97	1.0000	0.9990	0.00000000000000	1	0	0	1	0	0	2489378.8	0	0			
tr|A0A8M1QUS6|A0A8M1QUS6_DANRE	A0A8M1QUS6	A0A8M1QUS6_DANRE	myh9b	1698	false	false	Danio rerio	myosin-9 isoform X1	1:Experimental evidence at protein level	1.65	1.0000	0.9990	0.00000000000000	2	1	1	2	1	1	2656664.0	1396797.4	1396797.4			
tr|A0A8M1RF06|A0A8M1RF06_DANRE	A0A8M1RF06	A0A8M1RF06_DANRE	hnrnpul1l	877	false	false	Danio rerio	heterogeneous nuclear ribonucleoprotein U-like protein 1 isoform X1	1:Experimental evidence at protein level	3.31	1.0000	0.9990	0.00000000000000	2	1	2	2	1	2	6060220.5	1208147.1	6060220.5	5C(57.0215)		
tr|A0A8M1RHK3|A0A8M1RHK3_DANRE	A0A8M1RHK3	A0A8M1RHK3_DANRE	kif5bb	959	false	false	Danio rerio	Kinesin-like protein	1:Experimental evidence at protein level	1.25	1.0000	0.9990	0.00000000000000	1	0	1	1	0	1	0	0	0			
tr|A0A8M1RJJ4|A0A8M1RJJ4_DANRE	A0A8M1RJJ4	A0A8M1RJJ4_DANRE	lsm3	102	false	false	Danio rerio	U6 snRNA-associated Sm-like protein LSm3	1:Experimental evidence at protein level	13.73	1.0000	0.9990	0.00000000000000	2	2	2	2	2	2	1761175.2	1761175.2	1761175.2			
tr|A0A8M1RLA4|A0A8M1RLA4_DANRE	A0A8M1RLA4	A0A8M1RLA4_DANRE	si:ch73-36p18.1	204	false	false	Danio rerio	histone H1-like	3:Protein inferred from homology	40.20	1.0000	0.9990	0.00000000000000	12	0	6	19	0	8	8.6859597E8	0	3.87044864E8	N-term(42.0106),N-term(42.0106)		tr|A0A8M1RS22|A0A8M1RS22_DANRE
tr|A0A8M1RM42|A0A8M1RM42_DANRE	A0A8M1RM42	A0A8M1RM42_DANRE	dpysl2a	573	false	false	Danio rerio	dihydropyrimidinase-related protein 2	1:Experimental evidence at protein level	17.80	1.0000	0.9990	0.00000000000000	8	4	4	9	5	5	2.1191978E7	9771088.0	9771088.0	1M(15.9949),8C(57.0215)		
tr|A0A8M1RMT7|A0A8M1RMT7_DANRE	A0A8M1RMT7	A0A8M1RMT7_DANRE	ndufaf4	179	false	false	Danio rerio	NADH dehydrogenase [ubiquinone] 1 alpha subcomplex assembly factor 4	1:Experimental evidence at protein level	6.70	1.0000	0.9988	0.00000000000000	1	1	1	1	1	1	0	0	0			
tr|A0A8M1RNL2|A0A8M1RNL2_DANRE	A0A8M1RNL2	A0A8M1RNL2_DANRE	slc4a10b	1088	false	false	Danio rerio	Anion exchange protein	3:Protein inferred from homology	1.01	1.0000	0.9990	0.00000000000000	1	1	1	1	1	1	1331357.9	1331357.9	1331357.9			
tr|A0A8M1RRE9|A0A8M1RRE9_DANRE	A0A8M1RRE9	A0A8M1RRE9_DANRE	atp1b4	347	false	false	Danio rerio	Sodium/potassium-transporting ATPase subunit beta	1:Experimental evidence at protein level	4.61	1.0000	0.9990	0.00000000000000	1	1	1	1	1	1	0	0	0			
tr|A0A8M1RSM5|A0A8M1RSM5_DANRE	A0A8M1RSM5	A0A8M1RSM5_DANRE	si:ch73-368j24.12	201	false	false	Danio rerio	histone H1-like	3:Protein inferred from homology	38.81	1.0000	0.9990	0.00000000000000	12	0	11	21	0	19	6.7568442E8	0	6.7568442E8	N-term(42.0106),N-term(42.0106),N-term(42.0106)		tr|A0A8M2BG38|A0A8M2BG38_DANRE
tr|A0A8M2B1N6|A0A8M2B1N6_DANRE	A0A8M2B1N6	A0A8M2B1N6_DANRE	synj1	1612	false	false	Danio rerio	phosphoinositide 5-phosphatase	1:Experimental evidence at protein level	0.62	1.0000	0.9984	0.00000000000000	1	1	1	1	1	1	0	0	0			
tr|A0A8M2B1U6|A0A8M2B1U6_DANRE	A0A8M2B1U6	A0A8M2B1U6_DANRE	dpysl2b	643	false	false	Danio rerio	dihydropyrimidinase-related protein 2 isoform X1	1:Experimental evidence at protein level	24.42	1.0000	0.9990	0.00000000000000	11	6	11	13	7	13	3.0232538E7	2.0469648E7	3.0232538E7	14M(15.9949),1M(15.9949),8C(57.0215)		
tr|A0A8M2B296|A0A8M2B296_DANRE	A0A8M2B296	A0A8M2B296_DANRE	cct8	558	false	false	Danio rerio	T-complex protein 1 subunit theta	1:Experimental evidence at protein level	6.63	1.0000	0.9990	0.00000000000000	3	3	3	3	3	3	6185974.0	6185974.0	6185974.0	2C(57.0215)		
tr|A0A8M2B2D2|A0A8M2B2D2_DANRE	A0A8M2B2D2	A0A8M2B2D2_DANRE	pam	1010	false	false	Danio rerio	peptidyl-glycine alpha-amidating monooxygenase isoform X1	3:Protein inferred from homology	2.67	1.0000	0.9990	0.00000000000000	1	1	1	1	1	1	0	0	0			
tr|A0A8M2B2E6|A0A8M2B2E6_DANRE	A0A8M2B2E6	A0A8M2B2E6_DANRE	camk2g1	627	false	false	Danio rerio	calcium/calmodulin-dependent protein kinase	1:Experimental evidence at protein level	5.26	1.0000	0.9990	0.00000000000000	3	1	2	3	1	2	6615282.5	106391.74	1821025.9	N-term(42.0106)		
tr|A0A8M2B2Q3|A0A8M2B2Q3_DANRE	A0A8M2B2Q3	A0A8M2B2Q3_DANRE	atp2a1l	993	false	false	Danio rerio	Calcium-transporting ATPase	1:Experimental evidence at protein level	13.19	1.0000	0.9982	0.00000000000000	10	0	0	11	0	0	3.2969378E7	0	0			
tr|A0A8M2B343|A0A8M2B343_DANRE	A0A8M2B343	A0A8M2B343_DANRE	rps24	133	false	false	Danio rerio	40S ribosomal protein S24	1:Experimental evidence at protein level	20.30	1.0000	0.9990	0.00000000000000	2	2	2	3	3	3	4.0290132E7	4.0290132E7	4.0290132E7	6M(15.9949)		
tr|A0A8M2B3J4|A0A8M2B3J4_DANRE	A0A8M2B3J4	A0A8M2B3J4_DANRE	cltcb	1685	false	false	Danio rerio	Clathrin heavy chain	1:Experimental evidence at protein level	9.38	1.0000	0.9990	0.00000000000000	16	1	1	17	1	1	1.8287948E7	1964885.4	1964885.4			
tr|A0A8M2B3U1|A0A8M2B3U1_DANRE	A0A8M2B3U1	A0A8M2B3U1_DANRE	actn1	924	false	false	Danio rerio	alpha-actinin-1 isoform X5	1:Experimental evidence at protein level	2.60	1.0000	0.9990	0.00000000000000	2	0	0	2	0	0	2007400.2	0	0			
tr|A0A8M2B4I2|A0A8M2B4I2_DANRE	A0A8M2B4I2	A0A8M2B4I2_DANRE	prpf8	2342	false	false	Danio rerio	pre-mRNA-processing-splicing factor 8	1:Experimental evidence at protein level	1.15	1.0000	0.9990	0.00000000000000	2	2	2	2	2	2	1330744.9	1330744.9	1330744.9			
tr|A0A8M2B505|A0A8M2B505_DANRE	A0A8M2B505	A0A8M2B505_DANRE	si:ch211-113g11.6	632	false	false	Danio rerio	si:ch211-113g11.6 isoform X1	1:Experimental evidence at protein level	1.74	1.0000	0.9990	0.00000000000000	1	1	1	1	1	1	289098.06	289098.06	289098.06	8C(57.0215)		
tr|A0A8M2B701|A0A8M2B701_DANRE	A0A8M2B701	A0A8M2B701_DANRE	crmp1	674	false	false	Danio rerio	dihydropyrimidinase-related protein 1 isoform X1	1:Experimental evidence at protein level	4.90	1.0000	0.9990	0.00000000000000	3	1	1	4	1	1	1.6808174E7	0	0			
tr|A0A8M2B733|A0A8M2B733_DANRE	A0A8M2B733	A0A8M2B733_DANRE	wu:fc21g02	462	false	false	Danio rerio	uncharacterized protein wu:fc21g02 isoform X1	1:Experimental evidence at protein level	2.38	1.0000	0.9990	0.00000000000000	1	1	1	1	1	1	0	0	0			
tr|A0A8M2B7H0|A0A8M2B7H0_DANRE	A0A8M2B7H0	A0A8M2B7H0_DANRE	apobb.1	3739	false	false	Danio rerio	apolipoprotein Bb, tandem duplicate 1 isoform X1	1:Experimental evidence at protein level	2.65	1.0000	0.9990	0.00000000000000	8	8	8	8	8	8	1.0796109E7	1.0796109E7	1.0796109E7			
tr|A0A8M2B7W1|A0A8M2B7W1_DANRE	A0A8M2B7W1	A0A8M2B7W1_DANRE	eef1db	578	false	false	Danio rerio	elongation factor 1-delta isoform X1	1:Experimental evidence at protein level	2.25	1.0000	0.9990	0.00000000000000	1	0	1	1	0	1	884983.9	0	884983.9	4M(15.9949)		
tr|A0A8M2B848|A0A8M2B848_DANRE	A0A8M2B848	A0A8M2B848_DANRE	atp2a2b	1041	false	false	Danio rerio	Calcium-transporting ATPase	1:Experimental evidence at protein level	9.80	1.0000	0.9990	0.00000000000000	8	0	0	9	0	0	1.1096329E7	0	0			
tr|A0A8M2B8A6|A0A8M2B8A6_DANRE	A0A8M2B8A6	A0A8M2B8A6_DANRE	pvrl1a	496	false	false	Danio rerio	poliovirus receptor-related protein 1 isoform X1	4:Protein predicted	1.61	1.0000	0.9983	0.00000000000000	1	0	0	1	0	0	682641.25	0	0			
tr|A0A8M2B912|A0A8M2B912_DANRE	A0A8M2B912	A0A8M2B912_DANRE	emc1	967	false	false	Danio rerio	ER membrane protein complex subunit 1	1:Experimental evidence at protein level	3.10	1.0000	0.9989	0.00000000000000	2	2	2	2	2	2	1805639.9	1805639.9	1805639.9			
tr|A0A8M2B926|A0A8M2B926_DANRE	A0A8M2B926	A0A8M2B926_DANRE	mapre1b	274	false	false	Danio rerio	microtubule-associated protein RP/EB family member 1 isoform X1	1:Experimental evidence at protein level	6.93	1.0000	0.9990	0.00000000000000	1	1	1	1	1	1	0	0	0	6C(57.0215)		
tr|A0A8M2BA80|A0A8M2BA80_DANRE	A0A8M2BA80	A0A8M2BA80_DANRE	LOC100001114	1234	false	false	Danio rerio	Microtubule-associated protein	1:Experimental evidence at protein level	1.05	1.0000	0.9990	0.00000000000000	1	1	1	1	1	1	0	0	0			
tr|A0A8M2BB12|A0A8M2BB12_DANRE	A0A8M2BB12	A0A8M2BB12_DANRE	phb	309	false	false	Danio rerio	Prohibitin	1:Experimental evidence at protein level	31.72	1.0000	0.9990	0.00000000000000	8	8	8	10	10	10	4.6236288E7	4.6236288E7	4.6236288E7			
tr|A0A8M2BB25|A0A8M2BB25_DANRE	A0A8M2BB25	A0A8M2BB25_DANRE	atp6v0a1a	840	false	false	Danio rerio	V-type proton ATPase subunit a	1:Experimental evidence at protein level	9.05	1.0000	0.9990	0.00000000000000	7	3	3	7	3	3	1.5260918E7	1.2622662E7	1.2622662E7			
tr|A0A8M2BBB0|A0A8M2BBB0_DANRE	A0A8M2BBB0	A0A8M2BBB0_DANRE	dcaf7	343	false	false	Danio rerio	DDB1- and CUL4-associated factor 7 isoform X1	1:Experimental evidence at protein level	4.37	1.0000	0.9990	0.00000000000000	1	1	1	1	1	1	0	0	0			
tr|A0A8M2BC73|A0A8M2BC73_DANRE	A0A8M2BC73	A0A8M2BC73_DANRE	lin7a	225	false	false	Danio rerio	Protein lin-7 homolog	3:Protein inferred from homology	4.44	1.0000	0.9989	0.00000000000000	1	0	1	1	0	1	455169.2	0	455169.2			
tr|A0A8M2BCB9|A0A8M2BCB9_DANRE	A0A8M2BCB9	A0A8M2BCB9_DANRE	pdha1a	400	false	false	Danio rerio	Pyruvate dehydrogenase E1 component subunit alpha	1:Experimental evidence at protein level	7.75	1.0000	0.9990	0.00000000000000	1	1	1	1	1	1	1901140.4	1901140.4	1901140.4	12C(57.0215),3C(57.0215)		
tr|A0A8M2BCL1|A0A8M2BCL1_DANRE	A0A8M2BCL1	A0A8M2BCL1_DANRE	gnb2	344	false	false	Danio rerio	guanine nucleotide-binding protein G(I)/G(S)/G(T) subunit beta-2 isoform X1	1:Experimental evidence at protein level	9.88	1.0000	0.9990	0.00000000000000	2	1	1	2	1	1	1924147.9	0	0	15C(57.0215),6C(57.0215)		
tr|A0A8M2BCV1|A0A8M2BCV1_DANRE	A0A8M2BCV1	A0A8M2BCV1_DANRE	dnm1b	859	false	false	Danio rerio	dynamin GTPase	1:Experimental evidence at protein level	2.44	1.0000	0.9990	0.00000000000000	1	0	0	1	0	0	5166764.5	0	0			
tr|A0A8M2BDI8|A0A8M2BDI8_DANRE	A0A8M2BDI8	A0A8M2BDI8_DANRE	ncoa5	622	false	false	Danio rerio	nuclear receptor coactivator 5 isoform X1	1:Experimental evidence at protein level	2.89	1.0000	0.9990	0.00000000000000	1	1	1	1	1	1	0	0	0			
tr|A0A8M2BEA2|A0A8M2BEA2_DANRE	A0A8M2BEA2	A0A8M2BEA2_DANRE	vdac3	319	false	false	Danio rerio	voltage-dependent anion-selective channel protein 3 isoform X1	1:Experimental evidence at protein level	54.23	1.0000	0.9990	0.00000000000000	15	15	15	23	23	23	1.13137928E8	1.13137928E8	1.13137928E8	6M(15.9949),6M(15.9949),8M(15.9949)		
tr|A0A8M2BG93|A0A8M2BG93_DANRE	A0A8M2BG93	A0A8M2BG93_DANRE	psmc3	427	false	false	Danio rerio	26S protease regulatory subunit 6A isoform X1	1:Experimental evidence at protein level	7.26	1.0000	0.9990	0.00000000000000	2	2	2	2	2	2	4276763.0	4276763.0	4276763.0			
tr|A0A8M2BGP7|A0A8M2BGP7_DANRE	A0A8M2BGP7	A0A8M2BGP7_DANRE	hp1bp3	595	false	false	Danio rerio	heterochromatin protein 1-binding protein 3 isoform X1	1:Experimental evidence at protein level	9.75	1.0000	0.9990	0.00000000000000	5	5	5	5	5	5	1.4840498E7	1.4840498E7	1.4840498E7	12C(57.0215)		
tr|A0A8M2BH52|A0A8M2BH52_DANRE	A0A8M2BH52	A0A8M2BH52_DANRE	si:ch73-167i17.6	242	false	false	Danio rerio	regulator of G-protein signaling 9-binding protein-like	3:Protein inferred from homology	6.20	1.0000	0.9988	0.00000000000000	1	1	1	1	1	1	617272.06	617272.06	617272.06			
tr|A0A8M2BI26|A0A8M2BI26_DANRE	A0A8M2BI26	A0A8M2BI26_DANRE	si:dkey-108k21.21	271	false	false	Danio rerio	histone H1-like	1:Experimental evidence at protein level	25.09	1.0000	0.9990	0.00000000000000	10	1	1	15	1	1	8.6859597E8	4060849.2	4060849.2			
tr|A0A8M2BJ13|A0A8M2BJ13_DANRE	A0A8M2BJ13	A0A8M2BJ13_DANRE	nap1l1	396	false	false	Danio rerio	nucleosome assembly protein 1-like 1 isoform X1	1:Experimental evidence at protein level	9.85	1.0000	0.9990	0.00000000000000	3	2	3	3	2	3	1.408137E7	4475267.5	1.408137E7			
tr|A0A8M2BJ50|A0A8M2BJ50_DANRE	A0A8M2BJ50	A0A8M2BJ50_DANRE	btf3	196	false	false	Danio rerio	Transcription factor BTF3	1:Experimental evidence at protein level	23.98	1.0000	0.9990	0.00000000000000	2	2	2	2	2	2	1.0045965E7	1.0045965E7	1.0045965E7			
tr|A0A8M2BJ79|A0A8M2BJ79_DANRE	A0A8M2BJ79	A0A8M2BJ79_DANRE	kif5ba	969	false	false	Danio rerio	Kinesin-like protein	1:Experimental evidence at protein level	1.24	1.0000	0.9990	0.00000000000000	1	0	0	1	0	0	0	0	0			
tr|A0A8M2BJN0|A0A8M2BJN0_DANRE	A0A8M2BJN0	A0A8M2BJN0_DANRE	zgc:63587	350	false	false	Danio rerio	uncharacterized protein LOC393431 isoform X1	1:Experimental evidence at protein level	4.00	1.0000	0.9989	0.00000000000000	1	0	0	1	0	0	900426.1	0	0			
tr|A0A8M2BKD3|A0A8M2BKD3_DANRE	A0A8M2BKD3	A0A8M2BKD3_DANRE	npm1b	316	false	false	Danio rerio	Nucleophosmin	1:Experimental evidence at protein level	16.77	1.0000	0.9990	0.00000000000000	2	2	2	2	2	2	5524519.5	5524519.5	5524519.5	3C(57.0215)		
tr|A0A8M2BKF1|A0A8M2BKF1_DANRE	A0A8M2BKF1	A0A8M2BKF1_DANRE	ctbp1	498	false	false	Danio rerio	C-terminal binding protein 1 isoform X1	1:Experimental evidence at protein level	12.65	1.0000	0.9990	0.00000000000000	5	2	5	6	3	6	7775075.5	1579261.4	7775075.5	8C(57.0215)		
tr|A0A8M3AIS0|A0A8M3AIS0_DANRE	A0A8M3AIS0	A0A8M3AIS0_DANRE	slc8a2b	967	false	false	Danio rerio	sodium/calcium exchanger 2 isoform X1	1:Experimental evidence at protein level	5.48	1.0000	0.9988	0.00000000000000	3	3	3	3	3	3	7643185.0	7643185.0	7643185.0	4C(57.0215)		
tr|A0A8M3AK57|A0A8M3AK57_DANRE	A0A8M3AK57	A0A8M3AK57_DANRE	meis2a	409	false	false	Danio rerio	homeobox protein Meis2 isoform X1	1:Experimental evidence at protein level	5.13	1.0000	0.9989	0.00000000000000	1	0	0	1	0	0	0	0	0			
tr|A0A8M3ALJ0|A0A8M3ALJ0_DANRE	A0A8M3ALJ0	A0A8M3ALJ0_DANRE	xpo1a	1071	false	false	Danio rerio	exportin-1	1:Experimental evidence at protein level	3.73	1.0000	0.9990	0.00000000000000	3	0	0	3	0	0	4474949.0	0	0			
tr|A0A8M3APD8|A0A8M3APD8_DANRE	A0A8M3APD8	A0A8M3APD8_DANRE	wu:fb14d09	516	false	false	Danio rerio	aldehyde dehydrogenase, mitochondrial	3:Protein inferred from homology	5.43	1.0000	0.9990	0.00000000000000	2	0	2	4	0	4	4743229.0	0	4743229.0	2M(15.9949)		tr|Q6TH48|Q6TH48_DANRE
tr|A0A8M3AQ58|A0A8M3AQ58_DANRE	A0A8M3AQ58	A0A8M3AQ58_DANRE	poldip3	520	false	false	Danio rerio	polymerase delta-interacting protein 3 isoform X1	1:Experimental evidence at protein level	3.46	1.0000	0.9988	0.00000000000000	1	1	1	1	1	1	0	0	0	11C(57.0215),13C(57.0215)		
tr|A0A8M3AQG4|A0A8M3AQG4_DANRE	A0A8M3AQG4	A0A8M3AQG4_DANRE	myh14	2065	false	false	Danio rerio	myosin-10 isoform X1	1:Experimental evidence at protein level	1.07	1.0000	0.9990	0.00000000000000	2	1	1	2	1	1	1930578.8	670712.2	670712.2			
tr|A0A8M3ATS9|A0A8M3ATS9_DANRE	A0A8M3ATS9	A0A8M3ATS9_DANRE	ncam1a	1010	false	false	Danio rerio	neural cell adhesion molecule 1 isoform X1	1:Experimental evidence at protein level	9.31	1.0000	0.9990	0.00000000000000	6	6	6	6	6	6	1.8493424E7	1.8493424E7	1.8493424E7	12C(57.0215),4C(57.0215)		
tr|A0A8M3AVV6|A0A8M3AVV6_DANRE	A0A8M3AVV6	A0A8M3AVV6_DANRE	wdr37	522	false	false	Danio rerio	WD repeat-containing protein 37 isoform X1	1:Experimental evidence at protein level	2.30	1.0000	0.9990	0.00000000000000	1	1	1	1	1	1	944068.94	944068.94	944068.94			
tr|A0A8M3AWS2|A0A8M3AWS2_DANRE	A0A8M3AWS2	A0A8M3AWS2_DANRE	cltca	1685	false	false	Danio rerio	Clathrin heavy chain	1:Experimental evidence at protein level	10.56	1.0000	0.9990	0.00000000000000	17	2	17	18	2	18	1.8287948E7	1325253.8	1.8287948E7	6C(57.0215),7C(57.0215)		
tr|A0A8M3AXB0|A0A8M3AXB0_DANRE	A0A8M3AXB0	A0A8M3AXB0_DANRE	camk2b	537	false	false	Danio rerio	calcium/calmodulin-dependent protein kinase	1:Experimental evidence at protein level	4.66	1.0000	0.9990	0.00000000000000	2	0	0	2	0	0	6508891.0	0	0			
tr|A0A8M3AXL2|A0A8M3AXL2_DANRE	A0A8M3AXL2	A0A8M3AXL2_DANRE	hcfc1a	1802	false	false	Danio rerio	host cell factor C1a isoform X1	1:Experimental evidence at protein level	3.05	1.0000	0.9990	0.00000000000000	3	0	3	3	0	3	1.6748691E7	0	1.6748691E7	3C(57.0215),9C(57.0215)		
tr|A0A8M3AYA7|A0A8M3AYA7_DANRE	A0A8M3AYA7	A0A8M3AYA7_DANRE	elavl3	366	false	false	Danio rerio	ELAV-like protein	1:Experimental evidence at protein level	1.91	1.0000	0.9990	0.00000000000000	1	0	0	1	0	0	359023.38	0	0			
tr|A0A8M3AYX3|A0A8M3AYX3_DANRE	A0A8M3AYX3	A0A8M3AYX3_DANRE	atp6v0a1b	868	false	false	Danio rerio	V-type proton ATPase subunit a	1:Experimental evidence at protein level	9.91	1.0000	0.9990	0.00000000000000	8	4	8	10	6	10	4.736554E7	4.5855704E7	4.736554E7	6C(57.0215),6M(15.9949),7M(15.9949)		
tr|A0A8M3AZG4|A0A8M3AZG4_DANRE	A0A8M3AZG4	A0A8M3AZG4_DANRE	ap1b1	995	false	false	Danio rerio	AP complex subunit beta	1:Experimental evidence at protein level	2.51	1.0000	0.9990	0.00000000000000	1	1	1	1	1	1	2442541.5	2442541.5	2442541.5	7M(15.9949)		
tr|A0A8M3B020|A0A8M3B020_DANRE	A0A8M3B020	A0A8M3B020_DANRE	eif4g1a	1640	false	false	Danio rerio	eukaryotic translation initiation factor 4 gamma 1 isoform X1	1:Experimental evidence at protein level	0.61	1.0000	0.9988	0.00000000000000	1	0	1	1	0	1	853189.1	0	853189.1			
tr|A0A8M3B2G2|A0A8M3B2G2_DANRE	A0A8M3B2G2	A0A8M3B2G2_DANRE	LOC563561	582	false	false	Danio rerio	myc box-dependent-interacting protein 1-like isoform X1	1:Experimental evidence at protein level	6.36	1.0000	0.9990	0.00000000000000	2	2	2	2	2	2	1470931.2	1470931.2	1470931.2			
tr|A0A8M3B3F1|A0A8M3B3F1_DANRE	A0A8M3B3F1	A0A8M3B3F1_DANRE	epb41a	670	false	false	Danio rerio	Protein 4.1	1:Experimental evidence at protein level	1.94	1.0000	0.9990	0.00000000000000	1	1	1	1	1	1	1409597.6	1409597.6	1409597.6	9C(57.0215)		
tr|A0A8M3B3I9|A0A8M3B3I9_DANRE	A0A8M3B3I9	A0A8M3B3I9_DANRE	negr1	360	false	false	Danio rerio	neuronal growth regulator 1 isoform X1	4:Protein predicted	5.56	1.0000	0.9990	0.00000000000000	1	1	1	1	1	1	0	0	0	8C(57.0215)		
tr|A0A8M3B3U9|A0A8M3B3U9_DANRE	A0A8M3B3U9	A0A8M3B3U9_DANRE	si:ch1073-153i20.4	201	false	false	Danio rerio	histone H1-like	3:Protein inferred from homology	38.81	1.0000	0.9990	0.00000000000000	12	1	1	19	2	2	6.7568442E8	4694925.0	4694925.0	N-term(42.0106),N-term(42.0106)		
tr|A0A8M3BA62|A0A8M3BA62_DANRE	A0A8M3BA62	A0A8M3BA62_DANRE	myh10	2014	false	false	Danio rerio	myosin-10 isoform X1	1:Experimental evidence at protein level	9.33	1.0000	0.9990	0.00000000000000	12	11	11	14	13	13	9949186.0	9949186.0	9949186.0			
tr|A0A8M3BB23|A0A8M3BB23_DANRE	A0A8M3BB23	A0A8M3BB23_DANRE	tjp1a	1734	false	false	Danio rerio	tight junction protein ZO-1 isoform X1	1:Experimental evidence at protein level	0.63	1.0000	0.9990	0.00000000000000	1	1	1	1	1	1	1342075.6	1342075.6	1342075.6			
tr|A0A8M6YVI4|A0A8M6YVI4_DANRE	A0A8M6YVI4	A0A8M6YVI4_DANRE	srsf10a	227	false	false	Danio rerio	serine/arginine-rich splicing factor 10-like isoform X1	4:Protein predicted	7.05	1.0000	0.9990	0.00000000000000	1	1	1	1	1	1	1020121.0	1020121.0	1020121.0			
tr|A0A8M6YYI1|A0A8M6YYI1_DANRE	A0A8M6YYI1	A0A8M6YYI1_DANRE	si:dkey-261m9.12	199	false	false	Danio rerio	histone H1-like	1:Experimental evidence at protein level	38.19	1.0000	0.9990	0.00000000000000	12	4	6	21	4	10	9.4531533E8	4.2640272E7	4.44781664E8	N-term(42.0106),N-term(42.0106),N-term(42.0106)		
tr|A0A8M6Z1M4|A0A8M6Z1M4_DANRE	A0A8M6Z1M4	A0A8M6Z1M4_DANRE	LOC570405	242	false	false	Danio rerio	histone H3-like	3:Protein inferred from homology	43.80	1.0000	0.9990	0.00000000000000	26	0	26	44	0	44	2.12333606E9	0	2.12333606E9	5M(15.9949),5M(15.9949),5M(15.9949),5M(15.9949),6M(15.9949),6M(15.9949),6M(15.9949),6M(15.9949)		
tr|A0A8M6Z1P2|A0A8M6Z1P2_DANRE	A0A8M6Z1P2	A0A8M6Z1P2_DANRE	eef1da	463	false	false	Danio rerio	elongation factor-1, delta, a isoform X1	1:Experimental evidence at protein level	2.81	1.0000	0.9988	0.00000000000000	1	0	0	1	0	0	884983.9	0	0			
tr|A0A8M6Z292|A0A8M6Z292_DANRE	A0A8M6Z292	A0A8M6Z292_DANRE	nme2b.1	164	false	false	Danio rerio	Nucleoside diphosphate kinase	1:Experimental evidence at protein level	46.34	1.0000	0.9990	0.00000000000000	5	3	5	8	5	8	3.664882E7	3.1519566E7	3.664882E7	2C(57.0215),2M(15.9949),4C(57.0215)		
tr|A0A8M6Z2B4|A0A8M6Z2B4_DANRE	A0A8M6Z2B4	A0A8M6Z2B4_DANRE	ckba	385	false	false	Danio rerio	creatine kinase	1:Experimental evidence at protein level	19.48	1.0000	0.9927	0.00027901785714	5	0	0	8	0	0	2.5830976E7	0	0			
tr|A0A8M6Z3P2|A0A8M6Z3P2_DANRE	A0A8M6Z3P2	A0A8M6Z3P2_DANRE	zgc:153867	209	false	false	Danio rerio	myosin light chain alkali, smooth-muscle isoform isoform X4	1:Experimental evidence at protein level	19.14	1.0000	0.9990	0.00000000000000	3	1	2	3	1	2	8705414.0	550237.8	4754988.0	6C(57.0215)		
tr|A0A8M6Z3W4|A0A8M6Z3W4_DANRE	A0A8M6Z3W4	A0A8M6Z3W4_DANRE	plxna1a	1891	false	false	Danio rerio	plexin-A1 isoform X1	1:Experimental evidence at protein level	0.79	1.0000	0.9985	0.00000000000000	1	0	0	1	0	0	259126.53	0	0			
tr|A0A8M6Z447|A0A8M6Z447_DANRE	A0A8M6Z447	A0A8M6Z447_DANRE	LOC100333227	786	false	false	Danio rerio	carnitine O-palmitoyltransferase	1:Experimental evidence at protein level	1.02	1.0000	0.9989	0.00000000000000	1	1	1	1	1	1	2325939.8	2325939.8	2325939.8			
tr|A0A8M6Z7Z5|A0A8M6Z7Z5_DANRE	A0A8M6Z7Z5	A0A8M6Z7Z5_DANRE	LOC569982	200	false	false	Danio rerio	histone H1-like	3:Protein inferred from homology	33.00	1.0000	0.9990	0.00000000000000	10	0	10	17	0	17	1.4672696E8	0	1.4672696E8	N-term(42.0106),N-term(42.0106),N-term(42.0106)		tr|A4QN90|A4QN90_DANRE
tr|A0A8M9NZA4|A0A8M9NZA4_DANRE	A0A8M9NZA4	A0A8M9NZA4_DANRE	gnb4a	340	false	false	Danio rerio	guanine nucleotide-binding protein subunit beta-4	1:Experimental evidence at protein level	6.18	1.0000	0.9990	0.00000000000000	2	0	0	2	0	0	2.2809804E7	0	0			
tr|A0A8M9P606|A0A8M9P606_DANRE	A0A8M9P606	A0A8M9P606_DANRE	vapa	121	false	false	Danio rerio	VAMP (Vesicle-associated membrane protein)-associated protein A	1:Experimental evidence at protein level	13.22	1.0000	0.9989	0.00000000000000	1	1	1	1	1	1	0	0	0	N-term(42.0106)		
tr|A0A8M9PCH0|A0A8M9PCH0_DANRE	A0A8M9PCH0	A0A8M9PCH0_DANRE	nup54	591	false	false	Danio rerio	nucleoporin p54 isoform X1	1:Experimental evidence at protein level	1.18	1.0000	0.9983	0.00000000000000	1	1	1	1	1	1	408391.06	408391.06	408391.06			
tr|A0A8M9PEX3|A0A8M9PEX3_DANRE	A0A8M9PEX3	A0A8M9PEX3_DANRE	nsfa	747	false	false	Danio rerio	Vesicle-fusing ATPase	1:Experimental evidence at protein level	9.91	1.0000	0.9990	0.00000000000000	6	4	6	6	4	6	7364123.0	4503032.0	7364123.0	19C(57.0215),1M(15.9949)		
tr|A0A8M9PFD6|A0A8M9PFD6_DANRE	A0A8M9PFD6	A0A8M9PFD6_DANRE	nup205	2013	false	false	Danio rerio	nuclear pore complex protein Nup205 isoform X1	1:Experimental evidence at protein level	0.60	1.0000	0.9989	0.00000000000000	1	1	1	1	1	1	0	0	0	2C(57.0215)		
tr|A0A8M9PJ56|A0A8M9PJ56_DANRE	A0A8M9PJ56	A0A8M9PJ56_DANRE	dnm3b	542	false	false	Danio rerio	dynamin-2	1:Experimental evidence at protein level	5.17	1.0000	0.9990	0.00000000000000	2	1	1	2	1	1	2360881.0	2034459.8	2034459.8			
tr|A0A8M9PJL9|A0A8M9PJL9_DANRE	A0A8M9PJL9	A0A8M9PJL9_DANRE	dnm1a	854	false	false	Danio rerio	dynamin GTPase	1:Experimental evidence at protein level	4.33	1.0000	0.9990	0.00000000000000	2	0	2	2	0	2	5493185.5	0	5493185.5	10C(57.0215),20C(57.0215),10C(57.0215),20C(57.0215)		
tr|A0A8M9PJW6|A0A8M9PJW6_DANRE	A0A8M9PJW6	A0A8M9PJW6_DANRE	wu:fd14a01	1936	false	false	Danio rerio	myosin heavy chain, fast skeletal muscle	1:Experimental evidence at protein level	35.43	1.0000	0.9990	0.00000000000000	73	7	24	103	7	31	2.36523232E8	1.5550446E7	1.3148632E8	14M(15.9949),22M(15.9949),3C(57.0215),6M(15.9949),7M(15.9949),7M(15.9949)		
tr|A0A8M9PKU7|A0A8M9PKU7_DANRE	A0A8M9PKU7	A0A8M9PKU7_DANRE	atp1b2a	293	false	false	Danio rerio	Sodium/potassium-transporting ATPase subunit beta	1:Experimental evidence at protein level	8.19	1.0000	0.9990	0.00000000000000	2	2	2	2	2	2	2269293.8	2269293.8	2269293.8	6C(57.0215)		
tr|A0A8M9PM01|A0A8M9PM01_DANRE	A0A8M9PM01	A0A8M9PM01_DANRE	rbfox2	425	false	false	Danio rerio	RNA binding protein fox-1 homolog	1:Experimental evidence at protein level	2.59	1.0000	0.9990	0.00000000000000	1	0	0	1	0	0	0	0	0			
tr|A0A8M9PP44|A0A8M9PP44_DANRE	A0A8M9PP44	A0A8M9PP44_DANRE	LOC100538266	178	false	false	Danio rerio	Nucleoside diphosphate kinase	3:Protein inferred from homology	5.62	1.0000	0.9990	0.00000000000000	1	0	1	1	0	1	3102423.2	0	3102423.2			tr|Q6PC37|Q6PC37_DANRE
tr|A0A8M9PPG9|A0A8M9PPG9_DANRE	A0A8M9PPG9	A0A8M9PPG9_DANRE	xpo1b	1071	false	false	Danio rerio	exportin-1	1:Experimental evidence at protein level	3.73	1.0000	0.9990	0.00000000000000	3	0	3	3	0	3	4474949.0	0	4474949.0			
tr|A0A8M9PQF2|A0A8M9PQF2_DANRE	A0A8M9PQF2	A0A8M9PQF2_DANRE	spna2	2501	false	false	Danio rerio	spectrin alpha chain, non-erythrocytic 1 isoform X2	1:Experimental evidence at protein level	0.84	1.0000	0.9990	0.00000000000000	1	0	1	1	0	1	1013334.2	0	1013334.2			
tr|A0A8M9PQY4|A0A8M9PQY4_DANRE	A0A8M9PQY4	A0A8M9PQY4_DANRE	hcfc1b	1993	false	false	Danio rerio	host cell factor 1	1:Experimental evidence at protein level	6.87	1.0000	0.9990	0.00000000000000	7	4	4	7	4	4	3.237774E7	1.8487926E7	1.8487926E7			
tr|A0A8M9PR47|A0A8M9PR47_DANRE	A0A8M9PR47	A0A8M9PR47_DANRE	LOC100329813	1938	false	false	Danio rerio	Myosin-7	1:Experimental evidence at protein level	16.00	1.0000	0.9976	0.00000000000000	28	0	0	36	0	0	1.71155648E8	0	0			
tr|A0A8M9PSZ1|A0A8M9PSZ1_DANRE	A0A8M9PSZ1	A0A8M9PSZ1_DANRE	tardbpl	396	false	false	Danio rerio	TAR DNA-binding protein 43	1:Experimental evidence at protein level	11.36	1.0000	0.9990	0.00000000000000	3	2	2	3	2	2	5106015.0	1282754.1	1282754.1			
tr|A0A8M9PTL3|A0A8M9PTL3_DANRE	A0A8M9PTL3	A0A8M9PTL3_DANRE	si:ch211-243g18.2	458	false	false	Danio rerio	uncharacterized protein LOC559906 isoform X1	1:Experimental evidence at protein level	1.53	1.0000	0.9990	0.00000000000000	1	0	0	1	0	0	1.46746768E8	0	0			
tr|A0A8M9PVC1|A0A8M9PVC1_DANRE	A0A8M9PVC1	A0A8M9PVC1_DANRE	celf5a	552	false	false	Danio rerio	CUGBP Elav-like family member 5 isoform X1	3:Protein inferred from homology	1.81	1.0000	0.9980	0.00000000000000	1	0	0	1	0	0	1951355.2	0	0			
tr|A0A8M9PVN0|A0A8M9PVN0_DANRE	A0A8M9PVN0	A0A8M9PVN0_DANRE	LOC100537594	1085	false	false	Danio rerio	myosin heavy chain, fast skeletal muscle-like	1:Experimental evidence at protein level	17.60	1.0000	0.9802	0.00161987041037	18	0	0	25	0	0	1.3148632E8	0	0			
tr|A0A8M9PVZ9|A0A8M9PVZ9_DANRE	A0A8M9PVZ9	A0A8M9PVZ9_DANRE	hgs	777	false	false	Danio rerio	Hepatocyte growth factor-regulated tyrosine kinase substrate	1:Experimental evidence at protein level	1.67	1.0000	0.9989	0.00000000000000	1	1	1	1	1	1	883910.7	883910.7	883910.7			
tr|A0A8M9PWI4|A0A8M9PWI4_DANRE	A0A8M9PWI4	A0A8M9PWI4_DANRE	atp2b3b	1297	false	false	Danio rerio	Calcium-transporting ATPase	1:Experimental evidence at protein level	1.70	1.0000	0.9990	0.00000000000000	2	0	2	2	0	2	4246141.0	0	4246141.0			
tr|A0A8M9PZU3|A0A8M9PZU3_DANRE	A0A8M9PZU3	A0A8M9PZU3_DANRE	prkacaa	389	false	false	Danio rerio	cAMP-dependent protein kinase	1:Experimental evidence at protein level	3.08	1.0000	0.9990	0.00000000000000	1	0	1	1	0	1	1896975.9	0	1896975.9			tr|Q6DBV8|Q6DBV8_DANRE
tr|A0A8M9Q103|A0A8M9Q103_DANRE	A0A8M9Q103	A0A8M9Q103_DANRE	si:ch211-59d13.2	1135	false	false	Danio rerio	solute carrier family 12 member 5 isoform X1	1:Experimental evidence at protein level	3.79	1.0000	0.9990	0.00000000000000	4	2	4	5	2	5	3.146327E7	824882.6	3.146327E7	11M(15.9949),6M(15.9949),7M(15.9949)		
tr|A0A8M9Q3H8|A0A8M9Q3H8_DANRE	A0A8M9Q3H8	A0A8M9Q3H8_DANRE	camk2b1	693	false	false	Danio rerio	calcium/calmodulin-dependent protein kinase	1:Experimental evidence at protein level	3.61	1.0000	0.9990	0.00000000000000	2	0	0	2	0	0	6508891.0	0	0			
tr|A0A8M9Q4K7|A0A8M9Q4K7_DANRE	A0A8M9Q4K7	A0A8M9Q4K7_DANRE	pcbp3	358	false	false	Danio rerio	poly(RC)-binding protein 3 isoform X1	4:Protein predicted	6.98	1.0000	0.9990	0.00000000000000	2	0	0	2	0	0	1291282.9	0	0			
tr|A0A8M9Q636|A0A8M9Q636_DANRE	A0A8M9Q636	A0A8M9Q636_DANRE	tuba7l	468	false	false	Danio rerio	Tubulin alpha chain	1:Experimental evidence at protein level	30.13	1.0000	0.9990	0.00000000000000	12	0	0	25	0	0	4.31094912E8	0	0			
tr|A0A8M9Q6X2|A0A8M9Q6X2_DANRE	A0A8M9Q6X2	A0A8M9Q6X2_DANRE	dnajc6	979	false	false	Danio rerio	putative tyrosine-protein phosphatase auxilin isoform X1	4:Protein predicted	1.23	1.0000	0.9985	0.00000000000000	1	1	1	1	1	1	0	0	0	9C(57.0215)		
tr|A0A8M9Q700|A0A8M9Q700_DANRE	A0A8M9Q700	A0A8M9Q700_DANRE	pycr1b	362	false	false	Danio rerio	Pyrroline-5-carboxylate reductase	1:Experimental evidence at protein level	3.31	1.0000	0.9990	0.00000000000000	1	1	1	1	1	1	574926.2	574926.2	574926.2			
tr|A0A8M9Q8F2|A0A8M9Q8F2_DANRE	A0A8M9Q8F2	A0A8M9Q8F2_DANRE	dpysl4	675	false	false	Danio rerio	dihydropyrimidinase-related protein 4 isoform X1	1:Experimental evidence at protein level	1.04	1.0000	0.9990	0.00000000000000	1	0	0	1	0	0	1.4171683E7	0	0			
tr|A0A8M9QB78|A0A8M9QB78_DANRE	A0A8M9QB78	A0A8M9QB78_DANRE	tnnt2e	326	false	false	Danio rerio	troponin T2e, cardiac isoform X1	1:Experimental evidence at protein level	4.91	1.0000	0.9990	0.00000000000000	1	1	1	1	1	1	0	0	0			
tr|A0A8M9QCY6|A0A8M9QCY6_DANRE	A0A8M9QCY6	A0A8M9QCY6_DANRE	hnrnpa1a	445	false	false	Danio rerio	heterogeneous nuclear ribonucleoprotein A1 isoform X1	1:Experimental evidence at protein level	3.60	1.0000	0.9990	0.00000000000000	1	1	1	1	1	1	1739803.2	1739803.2	1739803.2			
tr|A0A8M9QEC8|A0A8M9QEC8_DANRE	A0A8M9QEC8	A0A8M9QEC8_DANRE	myhc3	1937	false	false	Danio rerio	Myosin, heavy polypeptide 1.2, skeletal muscle	3:Protein inferred from homology	43.73	1.0000	0.9990	0.00000000000000	92	0	0	134	0	0	2.36523232E8	0	0			
tr|A0A8M9QEN6|A0A8M9QEN6_DANRE	A0A8M9QEN6	A0A8M9QEN6_DANRE	coro1cb	1392	false	false	Danio rerio	Coronin	1:Experimental evidence at protein level	1.15	1.0000	0.9990	0.00000000000000	1	1	1	1	1	1	0	0	0			
tr|A0A8M9QF30|A0A8M9QF30_DANRE	A0A8M9QF30	A0A8M9QF30_DANRE	cltcl1	1606	false	false	Danio rerio	Clathrin heavy chain	1:Experimental evidence at protein level	2.43	1.0000	0.9988	0.00000000000000	4	0	0	4	0	0	3989026.5	0	0			
tr|A0A8M9QFE6|A0A8M9QFE6_DANRE	A0A8M9QFE6	A0A8M9QFE6_DANRE	myh11a	1983	false	false	Danio rerio	myosin-11 isoform X1	1:Experimental evidence at protein level	1.01	1.0000	0.9990	0.00000000000000	2	0	0	2	0	0	2354062.2	0	0			
tr|A0A8M9QGP0|A0A8M9QGP0_DANRE	A0A8M9QGP0	A0A8M9QGP0_DANRE	ntm	380	false	false	Danio rerio	neurotrimin isoform X1	4:Protein predicted	4.74	1.0000	0.9990	0.00000000000000	1	1	1	2	2	2	521797.3	521797.3	521797.3			
tr|A0A8M9QH30|A0A8M9QH30_DANRE	A0A8M9QH30	A0A8M9QH30_DANRE	wu:fb53f05	923	false	false	Danio rerio	Actinin, alpha 4	1:Experimental evidence at protein level	2.60	1.0000	0.9990	0.00000000000000	2	0	2	2	0	2	2007400.2	0	2007400.2			
tr|A0A8M9QHC3|A0A8M9QHC3_DANRE	A0A8M9QHC3	A0A8M9QHC3_DANRE	slc4a5	1088	false	false	Danio rerio	Anion exchange protein	3:Protein inferred from homology	1.01	1.0000	0.9988	0.00000000000000	1	1	1	1	1	1	1566436.0	1566436.0	1566436.0			
tr|A0A8M9QHY1|A0A8M9QHY1_DANRE	A0A8M9QHY1	A0A8M9QHY1_DANRE	slc4a10a	1211	false	false	Danio rerio	Anion exchange protein	1:Experimental evidence at protein level	0.91	1.0000	0.9990	0.00000000000000	1	1	1	2	2	2	6443326.5	6443326.5	6443326.5	9M(15.9949)		
tr|A0A8M9QIR2|A0A8M9QIR2_DANRE	A0A8M9QIR2	A0A8M9QIR2_DANRE	parp2	649	false	false	Danio rerio	Poly [ADP-ribose] polymerase	1:Experimental evidence at protein level	1.85	1.0000	0.9987	0.00000000000000	1	1	1	1	1	1	0	0	0	9C(57.0215)		
tr|A0A8M9QJW3|A0A8M9QJW3_DANRE	A0A8M9QJW3	A0A8M9QJW3_DANRE	si:ch1073-55a19.2	2984	false	false	Danio rerio	E3 SUMO-protein ligase RanBP2 isoform X1	1:Experimental evidence at protein level	1.04	1.0000	0.9990	0.00000000000000	2	2	2	3	3	3	1188892.2	1188892.2	1188892.2	6C(57.0215)		
tr|A0A8M9QK76|A0A8M9QK76_DANRE	A0A8M9QK76	A0A8M9QK76_DANRE	camk2g2	637	false	false	Danio rerio	calcium/calmodulin-dependent protein kinase	1:Experimental evidence at protein level	5.18	1.0000	0.9990	0.00000000000000	3	1	1	3	1	1	7535919.5	1027028.44	1027028.44	N-term(42.0106),6C(57.0215)		
tr|A0A8M9QKH6|A0A8M9QKH6_DANRE	A0A8M9QKH6	A0A8M9QKH6_DANRE	atrx	2053	false	false	Danio rerio	DNA helicase	1:Experimental evidence at protein level	0.44	1.0000	0.9990	0.00000000000000	1	1	1	2	2	2	0	0	0	1M(15.9949)		
tr|A0A8N1TT67|A0A8N1TT67_DANRE	A0A8N1TT67	A0A8N1TT67_DANRE	inaa	474	false	false	Danio rerio	alpha-internexin	1:Experimental evidence at protein level	2.11	1.0000	0.9988	0.00000000000000	1	0	0	1	0	0	2933888.8	0	0			
tr|A0A8N7T7N7|A0A8N7T7N7_DANRE	A0A8N7T7N7	A0A8N7T7N7_DANRE	apoba	4418	false	false	Danio rerio	apolipoprotein B-100	1:Experimental evidence at protein level	0.68	1.0000	0.9989	0.00000000000000	2	2	2	2	2	2	3998578.0	3998578.0	3998578.0			
tr|A0A8N7T837|A0A8N7T837_DANRE	A0A8N7T837	A0A8N7T837_DANRE	larsb	1176	false	false	Danio rerio	leucine--tRNA ligase	1:Experimental evidence at protein level	1.36	1.0000	0.9990	0.00000000000000	1	0	1	1	0	1	0	0	0			
tr|A0A8N7TAM0|A0A8N7TAM0_DANRE	A0A8N7TAM0	A0A8N7TAM0_DANRE	sf3b1	1315	false	false	Danio rerio	splicing factor 3B subunit 1 isoform X1	1:Experimental evidence at protein level	1.60	1.0000	0.9990	0.00000000000000	2	2	2	2	2	2	0	0	0	2C(57.0215),5C(57.0215)		
tr|A0A8N7TB50|A0A8N7TB50_DANRE	A0A8N7TB50	A0A8N7TB50_DANRE	btbd17a	486	false	false	Danio rerio	BTB/POZ domain-containing protein 17-like	4:Protein predicted	3.91	1.0000	0.9989	0.00000000000000	1	1	1	1	1	1	0	0	0			
tr|A0A8N7TBR8|A0A8N7TBR8_DANRE	A0A8N7TBR8	A0A8N7TBR8_DANRE	si:dkey-222f2.1	438	false	false	Danio rerio	keratin, type II cytoskeletal 8 isoform X1	1:Experimental evidence at protein level	2.74	1.0000	0.9989	0.00000000000000	2	0	0	2	0	0	5.9318392E7	0	0			
tr|A0A8N7TDX3|A0A8N7TDX3_DANRE	A0A8N7TDX3	A0A8N7TDX3_DANRE	nars	603	false	false	Danio rerio	asparagine--tRNA ligase	1:Experimental evidence at protein level	1.33	1.0000	0.9990	0.00000000000000	1	1	1	1	1	1	698596.3	698596.3	698596.3	6C(57.0215)		
tr|A0A8N7TEC8|A0A8N7TEC8_DANRE	A0A8N7TEC8	A0A8N7TEC8_DANRE	tkta	628	false	false	Danio rerio	transketolase-like	1:Experimental evidence at protein level	12.26	1.0000	0.9990	0.00000000000000	5	5	5	6	6	6	1.4199269E7	1.4199269E7	1.4199269E7	11M(15.9949),18C(57.0215),4C(57.0215)		
tr|A0A8N7UVM4|A0A8N7UVM4_DANRE	A0A8N7UVM4	A0A8N7UVM4_DANRE	eef2l2	861	false	false	Danio rerio	elongation factor 2	1:Experimental evidence at protein level	14.63	1.0000	0.9989	0.00000000000000	10	0	0	11	0	0	3.2530608E7	0	0			
tr|A0A8N7UVN4|A0A8N7UVN4_DANRE	A0A8N7UVN4	A0A8N7UVN4_DANRE	usp10	865	false	false	Danio rerio	Ubiquitin carboxyl-terminal hydrolase	1:Experimental evidence at protein level	1.39	1.0000	0.9987	0.00000000000000	1	1	1	1	1	1	0	0	0			
tr|A0A8N7UVS8|A0A8N7UVS8_DANRE	A0A8N7UVS8	A0A8N7UVS8_DANRE	bfsp1	622	false	false	Danio rerio	Filensin	1:Experimental evidence at protein level	1.77	1.0000	0.9972	0.00000000000000	1	1	1	1	1	1	1232936.4	1232936.4	1232936.4			
tr|A0A8N7UYB5|A0A8N7UYB5_DANRE	A0A8N7UYB5	A0A8N7UYB5_DANRE	top2b	1618	false	false	Danio rerio	DNA topoisomerase 2	1:Experimental evidence at protein level	1.79	1.0000	0.9990	0.00000000000000	3	2	3	3	2	3	2809254.2	0	2809254.2	2C(57.0215),7C(57.0215)		
tr|A0A8N7UZD7|A0A8N7UZD7_DANRE	A0A8N7UZD7	A0A8N7UZD7_DANRE	elavl1b	360	false	false	Danio rerio	ELAV-like protein	1:Experimental evidence at protein level	1.94	1.0000	0.9990	0.00000000000000	1	0	1	1	0	1	359023.38	0	359023.38			
tr|A0A8N7UZF7|A0A8N7UZF7_DANRE	A0A8N7UZF7	A0A8N7UZF7_DANRE	inab	469	false	false	Danio rerio	internexin neuronal intermediate filament protein, alpha b	1:Experimental evidence at protein level	2.13	1.0000	0.9990	0.00000000000000	1	0	1	1	0	1	2933888.8	0	2933888.8			
tr|A0A8N7UZM3|A0A8N7UZM3_DANRE	A0A8N7UZM3	A0A8N7UZM3_DANRE	cmlc1	196	false	false	Danio rerio	cardiac myosin light chain-1	1:Experimental evidence at protein level	8.16	1.0000	0.9990	0.00000000000000	1	0	0	1	0	0	3950426.2	0	0			
tr|A0A8N7V092|A0A8N7V092_DANRE	A0A8N7V092	A0A8N7V092_DANRE	mcm3	807	false	false	Danio rerio	DNA replication licensing factor MCM3	1:Experimental evidence at protein level	1.36	1.0000	0.9990	0.00000000000000	1	1	1	1	1	1	385997.38	385997.38	385997.38			
tr|A0AUR8|A0AUR8_DANRE	A0AUR8	A0AUR8_DANRE	wu:fc17a11	531	false	false	Danio rerio	Aspartate--tRNA ligase, cytoplasmic	1:Experimental evidence at protein level	3.39	1.0000	0.9990	0.00000000000000	1	1	1	1	1	1	0	0	0			
tr|A1A5X7|A1A5X7_DANRE	A1A5X7	A1A5X7_DANRE	fa11g05	434	false	false	Danio rerio	TAF15 RNA polymerase II, TATA box-binding protein (TBP)-associated factor	1:Experimental evidence at protein level	3.69	1.0000	0.9990	0.00000000000000	1	0	1	1	0	1	808672.0	0	808672.0			
tr|A1L1Y0|A1L1Y0_DANRE	A1L1Y0	A1L1Y0_DANRE	trp2	513	false	false	Danio rerio	Dct protein	2:Experimental evidence at transcript level	4.29	1.0000	0.9990	0.00000000000000	2	2	2	2	2	2	9584983.0	9584983.0	9584983.0	2C(57.0215),3C(57.0215),8C(57.0215)		
tr|A1L257|A1L257_DANRE	A1L257	A1L257_DANRE	zgc:158660	322	false	false	Danio rerio	Sidoreflexin	1:Experimental evidence at protein level	7.76	1.0000	0.9990	0.00000000000000	2	2	2	2	2	2	503706.53	503706.53	503706.53	1C(57.0215),N-term(42.0106)		
tr|A2AWE1|A2AWE1_DANRE	A2AWE1	A2AWE1_DANRE	hm:zehl0637	199	false	false	Danio rerio	Peroxiredoxin-1	1:Experimental evidence at protein level	49.25	1.0000	0.9990	0.00000000000000	9	4	7	12	5	9	1.70908512E8	1.980076E7	3.5766896E7	3M(15.9949),8M(15.9949),N-term(42.0106)		
tr|A2BGE0|A2BGE0_DANRE	A2BGE0	A2BGE0_DANRE	si:rp71-10d23.3	605	false	false	Danio rerio	Si:rp71-10d23.3	1:Experimental evidence at protein level	3.80	1.0000	0.9990	0.00000000000000	2	1	1	2	1	1	920481.5	0	0			
tr|A2BGX6|A2BGX6_DANRE	A2BGX6	A2BGX6_DANRE	myhc4	1935	false	false	Danio rerio	Myosin heavy chain 4	1:Experimental evidence at protein level	41.71	1.0000	0.9973	0.00000000000000	87	1	1	127	1	1	2.36523232E8	1243015.5	1243015.5			
tr|A2BHA3|A2BHA3_DANRE	A2BHA3	A2BHA3_DANRE	CK-M	381	false	false	Danio rerio	creatine kinase	1:Experimental evidence at protein level	12.86	1.0000	0.9990	0.00000000000000	3	0	0	3	0	0	1.3117477E7	0	0			
tr|A3FG33|A3FG33_DANRE	A3FG33	A3FG33_DANRE	wu:fa20e05	2480	false	false	Danio rerio	Alpha II-spectrin	2:Experimental evidence at transcript level	0.85	1.0000	0.9989	0.00000000000000	1	0	0	1	0	0	1013334.2	0	0			
tr|A3KMH5|A3KMH5_DANRE	A3KMH5	A3KMH5_DANRE	im:7144234	763	false	false	Danio rerio	enoyl-CoA hydratase	1:Experimental evidence at protein level	3.28	1.0000	0.9990	0.00000000000000	2	2	2	2	2	2	415165.6	415165.6	415165.6	2C(57.0215)		
tr|A3KP44|A3KP44_DANRE	A3KP44	A3KP44_DANRE	fb59c09	260	false	false	Danio rerio	Zgc:162938 protein	1:Experimental evidence at protein level	13.85	1.0000	0.9990	0.00000000000000	3	3	3	3	3	3	2399837.0	2399837.0	2399837.0			
tr|A3KPI6|A3KPI6_DANRE	A3KPI6	A3KPI6_DANRE	si:ch211-288g17.3	378	false	false	Danio rerio	Si:ch211-288g17.3	4:Protein predicted	9.52	1.0000	0.9990	0.00000000000000	3	3	3	4	4	4	1.1528812E7	1.1528812E7	1.1528812E7	5C(57.0215)		
tr|A4FVI7|A4FVI7_DANRE	A4FVI7	A4FVI7_DANRE	lsm7	103	false	false	Danio rerio	LSM7 homolog, U6 small nuclear RNA and mRNA degradation-associated	1:Experimental evidence at protein level	7.77	1.0000	0.9990	0.00000000000000	1	1	1	1	1	1	373330.0	373330.0	373330.0	7C(57.0215)		
tr|A4IG19|A4IG19_DANRE	A4IG19	A4IG19_DANRE	pygb	843	false	false	Danio rerio	Alpha-1,4 glucan phosphorylase	1:Experimental evidence at protein level	4.63	1.0000	0.9967	0.00000000000000	3	0	0	3	0	0	5823934.5	0	0			
tr|A4JYK9|A4JYK9_DANRE	A4JYK9	A4JYK9_DANRE	iglon5	332	false	false	Danio rerio	Zgc:110372	1:Experimental evidence at protein level	9.94	1.0000	0.9990	0.00000000000000	2	2	2	3	3	3	4715228.0	4715228.0	4715228.0	11C(57.0215),11C(57.0215),2M(15.9949)		
tr|A4UQV6|A4UQV6_DANRE	A4UQV6	A4UQV6_DANRE	slc8a4a	939	false	false	Danio rerio	Ncx4a	2:Experimental evidence at transcript level	2.98	1.0000	0.9990	0.00000000000000	2	2	2	2	2	2	1679851.2	1679851.2	1679851.2			
tr|A5A5E1|A5A5E1_DANRE	A5A5E1	A5A5E1_DANRE	zgc:194528	1253	false	false	Danio rerio	Cytoplasmic FMR1-interacting protein	1:Experimental evidence at protein level	0.88	1.0000	0.9989	0.00000000000000	1	1	1	1	1	1	1659430.8	1659430.8	1659430.8			
tr|A5PMV7|A5PMV7_DANRE	A5PMV7	A5PMV7_DANRE	ppp2r1ba	589	false	false	Danio rerio	Protein phosphatase 2, regulatory subunit A, beta a	4:Protein predicted	1.87	1.0000	0.9990	0.00000000000000	1	0	1	1	0	1	186564.25	0	186564.25	3C(57.0215)		
tr|A5PN62|A5PN62_DANRE	A5PN62	A5PN62_DANRE	si:dkey-46a12.1	286	false	false	Danio rerio	dimethylargininase	1:Experimental evidence at protein level	4.90	1.0000	0.9990	0.00000000000000	1	1	1	1	1	1	0	0	0	10C(57.0215)		
tr|A5WWJ4|A5WWJ4_DANRE	A5WWJ4	A5WWJ4_DANRE	matn1	489	false	false	Danio rerio	Matrilin 1	4:Protein predicted	2.66	1.0000	0.9990	0.00000000000000	1	1	1	1	1	1	281490.8	281490.8	281490.8			
tr|A7E2K4|A7E2K4_DANRE	A7E2K4	A7E2K4_DANRE	rplp2l	114	false	false	Danio rerio	60S acidic ribosomal protein P2	1:Experimental evidence at protein level	24.56	1.0000	0.9990	0.00000000000000	3	3	3	3	3	3	1.1483622E7	1.1483622E7	1.1483622E7	1M(15.9949)		
tr|A7E2K5|A7E2K5_DANRE	A7E2K5	A7E2K5_DANRE	crybb1l2	221	false	false	Danio rerio	Zgc:171773 protein	1:Experimental evidence at protein level	58.82	1.0000	0.9990	0.00000000000000	12	10	12	22	18	22	2.2782784E8	1.21939888E8	2.2782784E8	11C(57.0215),11C(57.0215),4M(15.9949),12C(57.0215),14M(15.9949),8C(57.0215),12C(57.0215),14M(15.9949),8C(57.0215),12C(57.0215),8C(57.0215),12C(57.0215),8C(57.0215),12M(15.9949),1M(15.9949),1M(15.9949),1M(15.9949),2C(57.0215),2C(57.0215),2M(15.9949),5M(15.9949),8C(57.0215),9C(57.0215)		
tr|A7E2K7|A7E2K7_DANRE	A7E2K7	A7E2K7_DANRE	crygm2d12	173	false	false	Danio rerio	Crystallin, gamma M2d12	1:Experimental evidence at protein level	10.40	1.0000	0.9990	0.00000000000000	1	0	1	1	0	1	1270113.9	0	1270113.9	16C(57.0215)		
tr|A7E2K8|A7E2K8_DANRE	A7E2K8	A7E2K8_DANRE	crygm2d14	175	false	false	Danio rerio	Crystallin, gamma M2d14	1:Experimental evidence at protein level	10.86	1.0000	0.9990	0.00000000000000	2	0	0	2	0	0	3367050.8	0	0			
tr|A7MCL7|A7MCL7_DANRE	A7MCL7	A7MCL7_DANRE	MGC174082	100	false	false	Danio rerio	Cystatin 14a, tandem duplicate 2	1:Experimental evidence at protein level	12.00	1.0000	0.9990	0.00000000000000	1	1	1	1	1	1	2487803.2	2487803.2	2487803.2			
tr|A7MCR1|A7MCR1_DANRE	A7MCR1	A7MCR1_DANRE	fb78f10	273	false	false	Danio rerio	Cytochrome b-c1 complex subunit Rieske, mitochondrial	1:Experimental evidence at protein level	22.71	1.0000	0.9990	0.00000000000000	3	3	3	3	3	3	1.2387194E7	1.2387194E7	1.2387194E7			
tr|A7YY99|A7YY99_DANRE	A7YY99	A7YY99_DANRE	atp5ia	71	false	false	Danio rerio	ATP synthase subunit e, mitochondrial	1:Experimental evidence at protein level	52.11	1.0000	0.9990	0.00000000000000	3	3	3	3	3	3	2.5084466E7	2.5084466E7	2.5084466E7			
tr|A8E4S8|A8E4S8_DANRE	A8E4S8	A8E4S8_DANRE	si:ch211-212n6.17	173	false	false	Danio rerio	Crystallin, gamma M2d10	1:Experimental evidence at protein level	26.59	1.0000	0.9990	0.00000000000000	4	0	0	5	0	0	1.581543E7	0	0			
tr|A8E5J9|A8E5J9_DANRE	A8E5J9	A8E5J9_DANRE	ckmt2	413	false	false	Danio rerio	creatine kinase	1:Experimental evidence at protein level	10.17	1.0000	0.9990	0.00000000000000	3	0	0	3	0	0	5647389.5	0	0			
tr|A8E5L0|A8E5L0_DANRE	A8E5L0	A8E5L0_DANRE	zgc:64204	380	false	false	Danio rerio	creatine kinase	1:Experimental evidence at protein level	19.47	1.0000	0.9990	0.00000000000000	5	2	3	5	2	3	1.4269245E7	1151768.1	1151768.1			
tr|A8KB78|A8KB78_DANRE	A8KB78	A8KB78_DANRE	rps23	143	false	false	Danio rerio	40S ribosomal protein S23	1:Experimental evidence at protein level	35.66	1.0000	0.9990	0.00000000000000	4	4	4	4	4	4	9228488.0	9228488.0	9228488.0	10C(57.0215),11C(57.0215)		
tr|A8KBJ5|A8KBJ5_DANRE	A8KBJ5	A8KBJ5_DANRE	si:ch211-113a14.27	136	false	false	Danio rerio	Histone H3	1:Experimental evidence at protein level	53.68	1.0000	0.9990	0.00000000000000	8	1	1	10	1	1	8.4092538E8	0	0	27C(57.0215)		
tr|A8KC22|A8KC22_DANRE	A8KC22	A8KC22_DANRE	hnrnpl	522	false	false	Danio rerio	Heterogeneous nuclear ribonucleoprotein L2	1:Experimental evidence at protein level	10.92	1.0000	0.9990	0.00000000000000	4	0	0	5	0	0	1.0872189E7	0	0			
tr|A8WFZ2|A8WFZ2_DANRE	A8WFZ2	A8WFZ2_DANRE	fb13d02	507	false	false	Danio rerio	Zgc:172056 protein	1:Experimental evidence at protein level	2.76	1.0000	0.9990	0.00000000000000	1	1	1	1	1	1	892508.4	892508.4	892508.4			
tr|A8WGA6|A8WGA6_DANRE	A8WGA6	A8WGA6_DANRE	tnnt3b	284	false	false	Danio rerio	Tnnt3b protein	1:Experimental evidence at protein level	6.69	1.0000	0.9990	0.00000000000000	2	2	2	2	2	2	8284183.0	8284183.0	8284183.0			
tr|A8WGC6|A8WGC6_DANRE	A8WGC6	A8WGC6_DANRE	atp5b	517	false	false	Danio rerio	ATP synthase subunit beta	1:Experimental evidence at protein level	50.68	1.0000	0.9990	0.00000000000000	17	17	17	19	19	19	5.4812164E7	5.4812164E7	5.4812164E7	11M(15.9949),2M(15.9949),2M(15.9949),4M(15.9949)		
tr|B0JYH6|B0JYH6_DANRE	B0JYH6	B0JYH6_DANRE	pvrl1b	541	false	false	Danio rerio	Nectin 1b	1:Experimental evidence at protein level	10.91	1.0000	0.9990	0.00000000000000	5	4	5	5	4	5	3811577.5	3811577.5	3811577.5	1M(15.9949)		
tr|B0R0V8|B0R0V8_DANRE	B0R0V8	B0R0V8_DANRE	chunp6890	481	false	false	Danio rerio	V-type proton ATPase subunit H	1:Experimental evidence at protein level	4.78	1.0000	0.9990	0.00000000000000	1	1	1	1	1	1	2030782.9	2030782.9	2030782.9			
tr|B0R1D0|B0R1D0_DANRE	B0R1D0	B0R1D0_DANRE	CH211-265P12.8	418	false	false	Danio rerio	26S protease regulatory subunit 6B	1:Experimental evidence at protein level	5.02	1.0000	0.9990	0.00000000000000	2	2	2	2	2	2	7870801.5	7870801.5	7870801.5			
tr|B0S5B9|B0S5B9_DANRE	B0S5B9	B0S5B9_DANRE	syp	294	false	false	Danio rerio	Synaptophysin a	1:Experimental evidence at protein level	4.76	1.0000	0.9990	0.00000000000000	1	1	1	1	1	1	1628314.8	1628314.8	1628314.8	8C(57.0215)		
tr|B0S6P0|B0S6P0_DANRE	B0S6P0	B0S6P0_DANRE	crygm2d9	173	false	false	Danio rerio	Crystallin, gamma M2d9	3:Protein inferred from homology	16.18	1.0000	0.9990	0.00000000000000	3	0	2	4	0	3	1.581543E7	0	1.2692476E7			
tr|B0S730|B0S730_DANRE	B0S730	B0S730_DANRE	wu:fj78b08	298	false	false	Danio rerio	ADP/ATP translocase	1:Experimental evidence at protein level	30.20	1.0000	0.9990	0.00000000000000	6	1	1	7	1	1	2.9974306E7	0	0			
tr|B0UYN4|B0UYN4_DANRE	B0UYN4	B0UYN4_DANRE	zgc:162944	224	false	false	Danio rerio	Zgc:162944	1:Experimental evidence at protein level	6.70	1.0000	0.9990	0.00000000000000	1	1	1	1	1	1	1924276.0	1924276.0	1924276.0			
tr|B0UYS0|B0UYS0_DANRE	B0UYS0	B0UYS0_DANRE	wu:fa91c06	460	false	false	Danio rerio	Keratin 15	1:Experimental evidence at protein level	3.70	1.0000	0.9990	0.00000000000000	2	2	2	2	2	2	7249260.5	7249260.5	7249260.5			
tr|B2CQD3|B2CQD3_DANRE	B2CQD3	B2CQD3_DANRE	npm2	182	false	false	Danio rerio	Nucleophosmin/nucleoplasmin, 2b	1:Experimental evidence at protein level	25.27	1.0000	0.9990	0.00000000000000	3	3	3	4	4	4	5081919.0	5081919.0	5081919.0	3C(57.0215)		
tr|B2LT49|B2LT49_DANRE	B2LT49	B2LT49_DANRE	fscn2a	488	false	false	Danio rerio	Fascin	2:Experimental evidence at transcript level	2.05	1.0000	0.9987	0.00000000000000	1	0	0	1	0	0	1908720.9	0	0			
tr|B3DFN3|B3DFN3_DANRE	B3DFN3	B3DFN3_DANRE	fc15d06	583	false	false	Danio rerio	Lamin-B2	1:Experimental evidence at protein level	33.96	1.0000	0.9990	0.00000000000000	18	17	18	21	20	21	5.4039732E7	5.4039732E7	5.4039732E7	1C(57.0215),5M(15.9949),8M(15.9949)		
tr|B3DG31|B3DG31_DANRE	B3DG31	B3DG31_DANRE	si:rp71-45k5.4	234	false	false	Danio rerio	Proteasome subunit alpha type	2:Experimental evidence at transcript level	5.98	1.0000	0.9990	0.00000000000000	1	0	1	1	0	1	517225.56	0	517225.56			tr|Q4VBR8|Q4VBR8_DANRE
tr|B3DGI9|B3DGI9_DANRE	B3DGI9	B3DGI9_DANRE	timm8b	95	false	false	Danio rerio	Mitochondrial import inner membrane translocase subunit	1:Experimental evidence at protein level	23.16	1.0000	0.9990	0.00000000000000	2	2	2	2	2	2	8640538.0	8640538.0	8640538.0	4C(57.0215),8C(57.0215)		
tr|B3DIW6|B3DIW6_DANRE	B3DIW6	B3DIW6_DANRE	epn1b	504	false	false	Danio rerio	Zgc:194578	1:Experimental evidence at protein level	2.38	1.0000	0.9990	0.00000000000000	1	1	1	1	1	1	564105.8	564105.8	564105.8			
tr|B3DKL0|B3DKL0_DANRE	B3DKL0	B3DKL0_DANRE	wu:fi76g09	590	false	false	Danio rerio	Bifunctional purine biosynthesis protein ATIC	1:Experimental evidence at protein level	2.37	1.0000	0.9990	0.00000000000000	1	1	1	1	1	1	0	0	0			
tr|B5M4A7|B5M4A7_DANRE	B5M4A7	B5M4A7_DANRE	cryba1c	206	false	false	Danio rerio	BetaA1c-crystallin	1:Experimental evidence at protein level	5.83	1.0000	0.9990	0.00000000000000	1	0	0	2	0	0	1.0616153E7	0	0			
tr|B6IDE1|B6IDE1_DANRE	B6IDE1	B6IDE1_DANRE	smyhc2	1939	false	false	Danio rerio	slow Myosin heavy chain 2	1:Experimental evidence at protein level	18.72	1.0000	0.9990	0.00000000000000	32	0	2	42	0	2	1.71155648E8	0	0			
tr|B8A516|B8A516_DANRE	B8A516	B8A516_DANRE	fb22g06	449	false	false	Danio rerio	Tubulin alpha chain	1:Experimental evidence at protein level	68.82	1.0000	0.9990	0.00000000000000	23	1	2	38	1	2	5.32302144E8	0	7.2098704E7	15C(57.0215)		
tr|B8A552|B8A552_DANRE	B8A552	B8A552_DANRE	smarca5	1035	false	false	Danio rerio	SWI/SNF-related matrix-associated actin-dependent regulator of chromatin subfamily A member 5	3:Protein inferred from homology	3.57	1.0000	0.9990	0.00000000000000	4	1	4	4	1	4	3804372.8	1599332.5	3804372.8	9C(57.0215)		
tr|B8A568|B8A568_DANRE	B8A568	B8A568_DANRE	myhz1.1	1937	false	false	Danio rerio	Myosin, heavy polypeptide 1.1, skeletal muscle	1:Experimental evidence at protein level	43.73	1.0000	0.9990	0.00000000000000	92	0	10	134	0	15	2.36523232E8	0	4.5962448E7	5M(15.9949),6M(15.9949),N-term(42.0106),N-term(42.0106),6M(15.9949)		
tr|B8A569|B8A569_DANRE	B8A569	B8A569_DANRE	ns:zf-e68	1937	false	false	Danio rerio	Myosin, heavy polypeptide 1.3, skeletal muscle	1:Experimental evidence at protein level	41.71	1.0000	0.9990	0.00000000000000	86	0	15	126	0	25	2.36523232E8	0	7.576872E7	10M(15.9949),9M(15.9949),9M(15.9949),9M(15.9949)		
tr|E7EXT3|E7EXT3_DANRE	E7EXT3	E7EXT3_DANRE	zgc:63642	842	false	false	Danio rerio	Alpha-1,4 glucan phosphorylase	1:Experimental evidence at protein level	11.88	1.0000	0.9990	0.00000000000000	7	3	7	7	3	7	1.4065966E7	9704543.0	1.4065966E7	5C(57.0215)		
tr|E7EZD1|E7EZD1_DANRE	E7EZD1	E7EZD1_DANRE	nbeaa	2998	false	false	Danio rerio	Neurobeachin a	4:Protein predicted	0.40	1.0000	0.9988	0.00000000000000	1	0	1	1	0	1	0	0	0			
tr|E7F354|E7F354_DANRE	E7F354	E7F354_DANRE	ywhag2	247	false	false	Danio rerio	14-3-3 protein gamma-1	1:Experimental evidence at protein level	12.55	1.0000	0.9990	0.00000000000000	3	0	2	3	0	2	1.818334E7	0	1900353.2	N-term(42.0106)		
tr|E7F3J2|E7F3J2_DANRE	E7F3J2	E7F3J2_DANRE	hnrnpua	760	false	false	Danio rerio	Heterogeneous nuclear ribonucleoprotein Ua	4:Protein predicted	0.92	1.0000	0.9990	0.00000000000000	1	1	1	1	1	1	638408.4	638408.4	638408.4			
tr|E7F6Z2|E7F6Z2_DANRE	E7F6Z2	E7F6Z2_DANRE	sv2a	733	false	false	Danio rerio	Synaptic vesicle glycoprotein 2A	1:Experimental evidence at protein level	1.09	1.0000	0.9990	0.00000000000000	1	1	1	1	1	1	1988982.8	1988982.8	1988982.8			
tr|E7F8M1|E7F8M1_DANRE	E7F8M1	E7F8M1_DANRE	crybb1l1	219	false	false	Danio rerio	Crystallin, beta B1,-like 1	1:Experimental evidence at protein level	51.60	1.0000	0.9990	0.00000000000000	12	10	10	19	15	15	1.82320976E8	5.9712136E7	5.9712136E7	1C(57.0215),2C(57.0215),2C(57.0215),2C(57.0215),2M(15.9949),4M(15.9949),5M(15.9949),5M(15.9949),8C(57.0215),7C(57.0215),8C(57.0215),8C(57.0215)		
tr|E7FCD8|E7FCD8_DANRE	E7FCD8	E7FCD8_DANRE	atp6v1ab	617	false	false	Danio rerio	H(+)-transporting two-sector ATPase	1:Experimental evidence at protein level	15.56	1.0000	0.9990	0.00000000000000	5	1	1	5	1	1	5891148.5	2192393.0	2192393.0			
tr|E7FCQ0|E7FCQ0_DANRE	E7FCQ0	E7FCQ0_DANRE	cnbp	161	false	false	Danio rerio	CCHC-type zinc finger, nucleic acid-binding protein b	1:Experimental evidence at protein level	6.21	1.0000	0.9974	0.00000000000000	1	1	1	1	1	1	172127.56	172127.56	172127.56	N-term(42.0106),5C(57.0215),8C(57.0215)		
tr|E7FE01|E7FE01_DANRE	E7FE01	E7FE01_DANRE	dis3	950	false	false	Danio rerio	DIS3 exosome endoribonuclease and 3'-5' exoribonuclease	1:Experimental evidence at protein level	1.37	1.0000	0.9990	0.00000000000000	1	1	1	1	1	1	393143.66	393143.66	393143.66			
tr|E7FFT5|E7FFT5_DANRE	E7FFT5	E7FFT5_DANRE	hmgn6	93	false	false	Danio rerio	high mobility group nucleosome binding domain 6	3:Protein inferred from homology	13.98	1.0000	0.9990	0.00000000000000	1	1	1	1	1	1	2475107.8	2475107.8	2475107.8			
tr|E9QBD0|E9QBD0_DANRE	E9QBD0	E9QBD0_DANRE	dcamkl1	770	false	false	Danio rerio	Doublecortin-like kinase 1a	1:Experimental evidence at protein level	5.32	1.0000	0.9990	0.00000000000000	3	2	3	3	2	3	2555470.2	2555470.2	2555470.2			
tr|E9QF07|E9QF07_DANRE	E9QF07	E9QF07_DANRE	myh7bb	1935	false	false	Danio rerio	Myosin, heavy chain 7B, cardiac muscle, beta b	3:Protein inferred from homology	3.88	1.0000	0.9946	0.00000000000000	8	1	1	11	1	1	1.03390184E8	2767274.8	2767274.8			
tr|F1Q6Z5|F1Q6Z5_DANRE	F1Q6Z5	F1Q6Z5_DANRE	fe36b09	163	false	false	Danio rerio	CCHC-type zinc finger, nucleic acid-binding protein a	1:Experimental evidence at protein level	8.59	1.0000	0.9990	0.00000000000000	1	1	1	1	1	1	0	0	0	12C(57.0215),2C(57.0215),9C(57.0215)		
tr|F1Q7N8|F1Q7N8_DANRE	F1Q7N8	F1Q7N8_DANRE	si:dkey-28b4.8	1056	false	false	Danio rerio	Calcium-transporting ATPase	1:Experimental evidence at protein level	13.35	1.0000	0.9990	0.00000000000000	12	5	6	13	5	6	3.2544266E7	9243818.0	9243818.0	16C(57.0215),3M(15.9949)		
tr|F1Q9P4|F1Q9P4_DANRE	F1Q9P4	F1Q9P4_DANRE	napbb	295	false	false	Danio rerio	N-ethylmaleimide-sensitive factor attachment protein, beta b	3:Protein inferred from homology	8.47	1.0000	0.9990	0.00000000000000	2	0	1	2	0	1	7973298.0	0	2146848.5			
tr|F1QBS1|F1QBS1_DANRE	F1QBS1	F1QBS1_DANRE	si:dkey-156n14.5	671	false	false	Danio rerio	RNA helicase	3:Protein inferred from homology	1.79	1.0000	0.9988	0.00000000000000	1	0	0	1	0	0	753898.06	0	0			
tr|F1QCC0|F1QCC0_DANRE	F1QCC0	F1QCC0_DANRE	tnni2b.1	176	false	false	Danio rerio	Troponin I type 2b (skeletal, fast), tandem duplicate 1	1:Experimental evidence at protein level	13.64	1.0000	0.9990	0.00000000000000	1	1	1	1	1	1	0	0	0			
tr|F1QCC9|F1QCC9_DANRE	F1QCC9	F1QCC9_DANRE	syt5b	446	false	false	Danio rerio	Synaptotagmin Vb	4:Protein predicted	7.62	1.0000	0.9990	0.00000000000000	3	2	2	4	2	2	1807899.0	0	0			
tr|F1QCE9|F1QCE9_DANRE	F1QCE9	F1QCE9_DANRE	ndufab1	153	false	false	Danio rerio	Acyl carrier protein	1:Experimental evidence at protein level	9.80	1.0000	0.9990	0.00000000000000	1	1	1	1	1	1	2089973.9	2089973.9	2089973.9			
tr|F1QFJ8|F1QFJ8_DANRE	F1QFJ8	F1QFJ8_DANRE	fb19a06	407	false	false	Danio rerio	heterogeneous nuclear ribonucleoprotein H1, like	1:Experimental evidence at protein level	7.13	1.0000	0.9990	0.00000000000000	2	2	2	2	2	2	5292905.0	5292905.0	5292905.0	6C(57.0215),6C(57.0215)		
tr|F1QFK9|F1QFK9_DANRE	F1QFK9	F1QFK9_DANRE	fc22d10	431	false	false	Danio rerio	Cleavage stimulation factor 50 kDa subunit	1:Experimental evidence at protein level	2.32	1.0000	0.9990	0.00000000000000	1	1	1	1	1	1	2.695433E7	2.695433E7	2.695433E7	5C(57.0215),6C(57.0215)		
tr|F1QFV6|F1QFV6_DANRE	F1QFV6	F1QFV6_DANRE	rpl28l	138	false	false	Danio rerio	60S ribosomal protein L28	1:Experimental evidence at protein level	32.61	1.0000	0.9990	0.00000000000000	6	6	6	6	6	6	5098764.5	5098764.5	5098764.5	N-term(42.0106),8M(15.9949)		
tr|F1QGG3|F1QGG3_DANRE	F1QGG3	F1QGG3_DANRE	nsfb	747	false	false	Danio rerio	Vesicle-fusing ATPase	1:Experimental evidence at protein level	4.69	1.0000	0.9983	0.00000000000000	2	0	0	2	0	0	2861091.0	0	0			
tr|F1QGP8|F1QGP8_DANRE	F1QGP8	F1QGP8_DANRE	hmgb3a	213	false	false	Danio rerio	High mobility group box 3a	4:Protein predicted	32.39	1.0000	0.9990	0.00000000000000	8	8	8	10	10	10	7.376088E7	7.376088E7	7.376088E7	10C(57.0215),11C(57.0215)		
tr|F1QHC4|F1QHC4_DANRE	F1QHC4	F1QHC4_DANRE	lmnb1	588	false	false	Danio rerio	Lamin B1	1:Experimental evidence at protein level	32.99	1.0000	0.9990	0.00000000000000	14	12	13	15	13	14	3.6182208E7	3.6182208E7	3.6182208E7	11M(15.9949)		
tr|F1QJE0|F1QJE0_DANRE	F1QJE0	F1QJE0_DANRE	uqcrc2a	460	false	false	Danio rerio	Ubiquinol-cytochrome c reductase core protein 2a	4:Protein predicted	3.70	1.0000	0.9990	0.00000000000000	1	1	1	2	2	2	7910481.0	7910481.0	7910481.0			
tr|F1QKS4|F1QKS4_DANRE	F1QKS4	F1QKS4_DANRE	canx	600	false	false	Danio rerio	Calnexin	3:Protein inferred from homology	3.17	1.0000	0.9990	0.00000000000000	1	1	1	1	1	1	1404111.9	1404111.9	1404111.9			
tr|F1QLZ5|F1QLZ5_DANRE	F1QLZ5	F1QLZ5_DANRE	LOC108179061	401	false	false	Danio rerio	SIN3-HDAC complex-associated factor,-like	4:Protein predicted	3.49	1.0000	0.9988	0.00000000000000	1	1	1	1	1	1	0	0	0			
tr|F1QM86|F1QM86_DANRE	F1QM86	F1QM86_DANRE	cbx1a	212	false	false	Danio rerio	Chromobox homolog 1a (HP1 beta homolog Drosophila)	1:Experimental evidence at protein level	15.57	1.0000	0.9990	0.00000000000000	2	1	1	2	1	1	1902457.5	1902457.5	1902457.5			
tr|F1QNF2|F1QNF2_DANRE	F1QNF2	F1QNF2_DANRE	cbx3a	177	false	false	Danio rerio	Chromobox homolog 3a (HP1 gamma homolog, Drosophila)	4:Protein predicted	15.82	1.0000	0.9990	0.00000000000000	2	1	2	2	1	2	3198983.8	3198983.8	3198983.8	6C(57.0215)		
tr|F1QS28|F1QS28_DANRE	F1QS28	F1QS28_DANRE	hnrnpa0a	305	false	false	Danio rerio	Heterogeneous nuclear ribonucleoprotein A0a	4:Protein predicted	13.11	1.0000	0.9990	0.00000000000000	4	4	4	4	4	4	1.0301815E7	1.0301815E7	1.0301815E7	4C(57.0215),4C(57.0215),N-term(42.0106),9C(57.0215)		
tr|F1QV31|F1QV31_DANRE	F1QV31	F1QV31_DANRE	ckii	566	false	false	Danio rerio	keratin 5	1:Experimental evidence at protein level	11.13	1.0000	0.9990	0.00000000000000	8	1	1	10	1	1	1.51011504E8	5044897.5	5044897.5			
tr|F1QVX3|F1QVX3_DANRE	F1QVX3	F1QVX3_DANRE	myhb	1937	false	false	Danio rerio	Myosin, heavy chain b	1:Experimental evidence at protein level	26.69	1.0000	0.9990	0.00000000000000	54	11	47	70	13	62	2.36523232E8	1.2193279E7	2.08050192E8	1M(15.9949),4M(15.9949),5M(15.9949),6C(57.0215),8M(15.9949),9M(15.9949),9M(15.9949)		
tr|F1QWB4|F1QWB4_DANRE	F1QWB4	F1QWB4_DANRE	hnrpk	429	false	false	Danio rerio	Heterogeneous nuclear ribonucleoprotein K	1:Experimental evidence at protein level	4.90	1.0000	0.9990	0.00000000000000	2	2	2	2	2	2	2140128.5	2140128.5	2140128.5	5C(57.0215),6C(57.0215),6C(57.0215)		
tr|F1QWU4|F1QWU4_DANRE	F1QWU4	F1QWU4_DANRE	myl6	164	false	false	Danio rerio	Myosin, light chain 6, alkali, smooth muscle and non-muscle	4:Protein predicted	17.68	1.0000	0.9990	0.00000000000000	2	0	0	2	0	0	8155176.0	0	0			
tr|F1QYK9|F1QYK9_DANRE	F1QYK9	F1QYK9_DANRE	zgc:103467	174	false	false	Danio rerio	Myosin, light chain 9a, regulatory	4:Protein predicted	11.49	1.0000	0.9984	0.00000000000000	1	1	1	1	1	1	0	0	0			
tr|F1QZ83|F1QZ83_DANRE	F1QZ83	F1QZ83_DANRE	ubtf	735	false	false	Danio rerio	Upstream-binding transcription factor	1:Experimental evidence at protein level	3.95	1.0000	0.9990	0.00000000000000	2	2	2	2	2	2	2274894.8	2274894.8	2274894.8	11C(57.0215)		
tr|F1QZW1|F1QZW1_DANRE	F1QZW1	F1QZW1_DANRE	myh7	1938	false	false	Danio rerio	Myosin heavy chain 7	1:Experimental evidence at protein level	16.25	1.0000	0.9988	0.00000000000000	28	3	3	37	3	3	1.71155648E8	2146418.5	2146418.5			
tr|F1R0M4|F1R0M4_DANRE	F1R0M4	F1R0M4_DANRE	fus	541	false	false	Danio rerio	FUS RNA-binding protein	3:Protein inferred from homology	2.96	1.0000	0.9990	0.00000000000000	1	0	0	1	0	0	808672.0	0	0			
tr|F1R2E0|F1R2E0_DANRE	F1R2E0	F1R2E0_DANRE	si:ch211-197g15.1	715	false	false	Danio rerio	Heterogeneous nuclear ribonucleoprotein M	1:Experimental evidence at protein level	2.52	1.0000	0.9990	0.00000000000000	2	2	2	2	2	2	5566647.0	5566647.0	5566647.0			
tr|F1R412|F1R412_DANRE	F1R412	F1R412_DANRE	tpm4a	284	false	false	Danio rerio	Tropomyosin 4a	3:Protein inferred from homology	21.48	1.0000	0.9990	0.00000000000000	8	1	1	12	1	1	1.4145432E8	0	0			
tr|F1R5C0|F1R5C0_DANRE	F1R5C0	F1R5C0_DANRE	syt2a	430	false	false	Danio rerio	Synaptotagmin	1:Experimental evidence at protein level	2.33	1.0000	0.9990	0.00000000000000	1	0	0	2	0	0	1807899.0	0	0			
tr|F1R6C7|F1R6C7_DANRE	F1R6C7	F1R6C7_DANRE	myha	1933	false	false	Danio rerio	Myosin, heavy chain a	3:Protein inferred from homology	38.44	1.0000	0.9982	0.00000000000000	79	0	0	118	0	0	2.36523232E8	0	0			
tr|F1R9C6|F1R9C6_DANRE	F1R9C6	F1R9C6_DANRE	zgc:86841	303	false	false	Danio rerio	Prohibitin	1:Experimental evidence at protein level	3.96	1.0000	0.9989	0.00000000000000	1	1	1	1	1	1	0	0	0			
tr|F1R9V3|F1R9V3_DANRE	F1R9V3	F1R9V3_DANRE	hspa8b	647	false	false	Danio rerio	Heat shock protein family A (Hsp70) member 8b	3:Protein inferred from homology	17.93	1.0000	0.9990	0.00000000000000	8	1	1	8	1	1	3.1932584E7	4290259.0	4290259.0			
tr|F1RCB6|F1RCB6_DANRE	F1RCB6	F1RCB6_DANRE	actc1a	377	false	false	Danio rerio	Actin alpha cardiac muscle 1a	1:Experimental evidence at protein level	42.18	1.0000	0.9990	0.00000000000000	11	0	4	18	0	6	1.61438576E8	0	2.024242E7	10M(15.9949),12M(15.9949),2C(57.0215),2C(57.0215)		
tr|F6NI63|F6NI63_DANRE	F6NI63	F6NI63_DANRE	VSNL1	191	false	false	Danio rerio	Si:dkey-30j22.11	1:Experimental evidence at protein level	12.04	1.0000	0.9990	0.00000000000000	2	0	2	2	0	2	193787.27	0	193787.27			
tr|F6NZ76|F6NZ76_DANRE	F6NZ76	F6NZ76_DANRE	tomm5	51	false	false	Danio rerio	Translocase of outer mitochondrial membrane 5 homolog (yeast)	3:Protein inferred from homology	39.22	1.0000	0.9988	0.00000000000000	2	2	2	3	3	3	1.2815001E7	1.2815001E7	1.2815001E7	1M(15.9949)		
tr|F6P2T1|F6P2T1_DANRE	F6P2T1	F6P2T1_DANRE	si:dkey-32e23.4	671	false	false	Danio rerio	Si:dkey-32e23.4	1:Experimental evidence at protein level	1.49	1.0000	0.9990	0.00000000000000	1	1	1	1	1	1	225768.56	225768.56	225768.56	N-term(42.0106)		
tr|F8W2P1|F8W2P1_DANRE	F8W2P1	F8W2P1_DANRE	arl8a	186	false	false	Danio rerio	ADP-ribosylation factor-like 8A	4:Protein predicted	14.52	1.0000	0.9989	0.00000000000000	2	1	2	2	1	2	4670457.0	3673631.8	4670457.0	3C(57.0215),4C(57.0215),9C(57.0215)		
tr|F8W442|F8W442_DANRE	F8W442	F8W442_DANRE	gnao1a	354	false	false	Danio rerio	Guanine nucleotide-binding protein (G protein), alpha-activating activity polypeptide O, a	4:Protein predicted	20.62	1.0000	0.9990	0.00000000000000	6	3	5	6	3	5	1.19893032E8	5081108.5	9998832.0	10C(57.0215),6C(57.0215)		
tr|I3IRW7|I3IRW7_DANRE	I3IRW7	I3IRW7_DANRE	fj82a01	500	false	false	Danio rerio	4-aminobutyrate aminotransferase, mitochondrial	1:Experimental evidence at protein level	2.20	1.0000	0.9990	0.00000000000000	1	1	1	1	1	1	231109.58	231109.58	231109.58			
tr|M1EVR1|M1EVR1_DANRE	M1EVR1	M1EVR1_DANRE	SLC12A5	1117	false	false	Danio rerio	Potassium/chloride cotransporter kcc2	2:Experimental evidence at transcript level	3.94	1.0000	0.9990	0.00000000000000	4	0	2	5	0	2	3.3364732E7	0	3437050.0	9M(15.9949)		
tr|O57332|O57332_DANRE	O57332	O57332_DANRE	Y	223	false	false	Danio rerio	Proteasome subunit beta	1:Experimental evidence at protein level	4.93	1.0000	0.9990	0.00000000000000	1	1	1	1	1	1	1567590.6	1567590.6	1567590.6			
tr|O93548|O93548_DANRE	O93548	O93548_DANRE	hbbe1.3	147	false	false	Danio rerio	Embryonic 1 beta-globin	1:Experimental evidence at protein level	16.33	1.0000	0.9990	0.00000000000000	2	2	2	2	2	2	3.4262688E7	3.4262688E7	3.4262688E7			
tr|Q05AL9|Q05AL9_DANRE	Q05AL9	Q05AL9_DANRE	wu:fa91c11	431	false	false	Danio rerio	Zgc:153629	1:Experimental evidence at protein level	12.06	1.0000	0.9990	0.00000000000000	7	0	3	11	0	4	2.76068512E8	0	2.9544764E7	3M(15.9949)		
tr|Q05AP2|Q05AP2_DANRE	Q05AP2	Q05AP2_DANRE	zgc:152801	316	false	false	Danio rerio	ATPase plasma membrane Ca2+ transporting 4	1:Experimental evidence at protein level	4.11	1.0000	0.9990	0.00000000000000	1	1	1	1	1	1	673270.56	673270.56	673270.56	12C(57.0215),4C(57.0215)		
tr|Q08BA1|Q08BA1_DANRE	Q08BA1	Q08BA1_DANRE	atp5a1	551	false	false	Danio rerio	ATP synthase subunit alpha	1:Experimental evidence at protein level	32.12	1.0000	0.9990	0.00000000000000	12	12	12	15	15	15	5.6988912E7	5.6988912E7	5.6988912E7	2M(15.9949)		
tr|Q08BR1|Q08BR1_DANRE	Q08BR1	Q08BR1_DANRE	zgc:152914	176	false	false	Danio rerio	Protein Dr1	1:Experimental evidence at protein level	7.95	1.0000	0.9990	0.00000000000000	1	1	1	1	1	1	958152.0	958152.0	958152.0	N-term(42.0106)		
tr|Q08BX0|Q08BX0_DANRE	Q08BX0	Q08BX0_DANRE	rab21	216	false	false	Danio rerio	Ras-related protein Rab-21	1:Experimental evidence at protein level	5.56	1.0000	0.9981	0.00000000000000	1	1	1	1	1	1	2197431.8	2197431.8	2197431.8	10C(57.0215)		
tr|Q08C42|Q08C42_DANRE	Q08C42	Q08C42_DANRE	zgc:153661	71	false	false	Danio rerio	ATP synthase subunit e, mitochondrial	1:Experimental evidence at protein level	38.03	1.0000	0.9990	0.00000000000000	4	4	4	4	4	4	1.130361E7	1.130361E7	1.130361E7			
tr|Q08C47|Q08C47_DANRE	Q08C47	Q08C47_DANRE	sb:cb589	491	false	false	Danio rerio	Fascin	1:Experimental evidence at protein level	6.31	1.0000	0.9990	0.00000000000000	3	2	3	3	2	3	2948544.8	1039823.94	2948544.8	8C(57.0215)		
tr|Q15I86|Q15I86_DANRE	Q15I86	Q15I86_DANRE	crygEM2-2	174	false	false	Danio rerio	Crystallin gamma EM2-2	2:Experimental evidence at transcript level	5.75	1.0000	0.9990	0.00000000000000	1	0	0	1	0	0	244097.23	0	0			
tr|Q1ECY0|Q1ECY0_DANRE	Q1ECY0	Q1ECY0_DANRE	wu:fj24g11	825	false	false	Danio rerio	Silver homolog (Mouse) a	2:Experimental evidence at transcript level	1.33	1.0000	0.9988	0.00000000000000	1	1	1	1	1	1	0	0	0			
tr|Q1JQ71|Q1JQ71_DANRE	Q1JQ71	Q1JQ71_DANRE	silverb	616	false	false	Danio rerio	Silver homolog (Mouse) b	2:Experimental evidence at transcript level	8.12	1.0000	0.9990	0.00000000000000	3	3	3	4	4	4	2.1691432E7	2.1691432E7	2.1691432E7			
tr|Q1LUD3|Q1LUD3_DANRE	Q1LUD3	Q1LUD3_DANRE	rcv2b	191	false	false	Danio rerio	Recoverin 3	1:Experimental evidence at protein level	31.94	1.0000	0.9990	0.00000000000000	4	4	4	5	5	5	1.5315385E7	1.5315385E7	1.5315385E7			
tr|Q1LW94|Q1LW94_DANRE	Q1LW94	Q1LW94_DANRE	pals2b	539	false	false	Danio rerio	MAGUK p55 subfamily member 6	1:Experimental evidence at protein level	7.98	1.0000	0.9990	0.00000000000000	3	0	3	3	0	3	2105877.8	0	2105877.8	12M(15.9949),9C(57.0215),14C(57.0215)		
tr|Q1LWH1|Q1LWH1_DANRE	Q1LWH1	Q1LWH1_DANRE	im:6906552	146	false	false	Danio rerio	40S ribosomal protein S16	1:Experimental evidence at protein level	41.10	1.0000	0.9990	0.00000000000000	6	6	6	7	7	7	3.232618E7	3.232618E7	3.232618E7			
tr|Q1LXE1|Q1LXE1_DANRE	Q1LXE1	Q1LXE1_DANRE	hapln1a	336	false	false	Danio rerio	Hyaluronan and proteoglycan link protein 1a	4:Protein predicted	3.27	1.0000	0.9990	0.00000000000000	1	1	1	1	1	1	1131029.6	1131029.6	1131029.6			
tr|Q1LXJ7|Q1LXJ7_DANRE	Q1LXJ7	Q1LXJ7_DANRE	cyt1l	429	false	false	Danio rerio	type I cytokeratin, enveloping layer, like	1:Experimental evidence at protein level	5.36	1.0000	0.9990	0.00000000000000	2	0	0	2	0	0	1.46746768E8	0	0			
tr|Q1MT86|Q1MT86_DANRE	Q1MT86	Q1MT86_DANRE	wu:fb36d11	853	false	false	Danio rerio	Ubiquitin carboxyl-terminal hydrolase	1:Experimental evidence at protein level	2.11	1.0000	0.9990	0.00000000000000	1	1	1	1	1	1	0	0	0			
tr|Q2LEK1|Q2LEK1_DANRE	Q2LEK1	Q2LEK1_DANRE	fk70a07	4643	false	false	Danio rerio	Dynein cytoplasmic 1 heavy chain 1	1:Experimental evidence at protein level	1.96	1.0000	0.9990	0.00000000000000	6	6	6	6	6	6	1.3465141E7	1.3465141E7	1.3465141E7			
tr|Q2YDR5|Q2YDR5_DANRE	Q2YDR5	Q2YDR5_DANRE	actn2	895	false	false	Danio rerio	Actinin, alpha 2	1:Experimental evidence at protein level	1.34	1.0000	0.9990	0.00000000000000	1	0	0	1	0	0	1045025.2	0	0			
tr|Q32PT3|Q32PT3_DANRE	Q32PT3	Q32PT3_DANRE	zgc:123215	213	false	false	Danio rerio	Zgc:123215	1:Experimental evidence at protein level	33.80	1.0000	0.9990	0.00000000000000	11	11	11	15	15	15	9.2366272E7	9.2366272E7	9.2366272E7	10C(57.0215),10C(57.0215),11C(57.0215),13C(57.0215)		
tr|Q32PV2|Q32PV2_DANRE	Q32PV2	Q32PV2_DANRE	zgc:112538	478	false	false	Danio rerio	calcium/calmodulin-dependent protein kinase	1:Experimental evidence at protein level	2.51	1.0000	0.9990	0.00000000000000	1	0	0	1	0	0	4794257.0	0	0			
tr|Q32Q51|Q32Q51_DANRE	Q32Q51	Q32Q51_DANRE	zgc:123327	127	false	false	Danio rerio	60S ribosomal protein L22	1:Experimental evidence at protein level	10.24	1.0000	0.9990	0.00000000000000	1	1	1	1	1	1	0	0	0			
tr|Q3B732|Q3B732_DANRE	Q3B732	Q3B732_DANRE	zgc:123210	76	false	false	Danio rerio	High mobility group nucleosomal-binding domain 2	1:Experimental evidence at protein level	55.26	1.0000	0.9990	0.00000000000000	4	4	4	5	5	5	1.47174432E8	1.47174432E8	1.47174432E8			
tr|Q3B738|Q3B738_DANRE	Q3B738	Q3B738_DANRE	im:7151275	192	false	false	Danio rerio	Peptidyl-prolyl cis-trans isomerase	1:Experimental evidence at protein level	10.94	1.0000	0.9990	0.00000000000000	1	0	0	1	0	0	5486864.0	0	0			
tr|Q3B750|Q3B750_DANRE	Q3B750	Q3B750_DANRE	zgc:123330	90	false	false	Danio rerio	Cytochrome b-c1 complex subunit 6	1:Experimental evidence at protein level	20.00	1.0000	0.9990	0.00000000000000	1	1	1	1	1	1	2.3411006E7	2.3411006E7	2.3411006E7	7C(57.0215)		
tr|Q3B7R0|Q3B7R0_DANRE	Q3B7R0	Q3B7R0_DANRE	sr:nyz104	307	false	false	Danio rerio	Cytochrome C-1	1:Experimental evidence at protein level	18.89	1.0000	0.9990	0.00000000000000	3	3	3	3	3	3	5293483.0	5293483.0	5293483.0	15C(57.0215)		
tr|Q45FX9|Q45FX9_DANRE	Q45FX9	Q45FX9_DANRE	cryba22	197	false	false	Danio rerio	BetaA2-2-crystallin	1:Experimental evidence at protein level	82.74	1.0000	0.9990	0.00000000000000	13	9	13	21	16	21	1.46454352E8	8.3579616E7	1.46454352E8	10M(15.9949),6C(57.0215),14M(15.9949),17C(57.0215),5C(57.0215),16C(57.0215),22C(57.0215),17C(57.0215),5C(57.0215),1C(57.0215),1M(15.9949),1M(15.9949),1M(15.9949),2C(57.0215),8C(57.0215),2C(57.0215),8C(57.0215),4M(15.9949),4M(15.9949),5C(57.0215),5C(57.0215),6C(57.0215),N-term(42.0106)		
tr|Q49HN0|Q49HN0_DANRE	Q49HN0	Q49HN0_DANRE	GRK1B	559	false	false	Danio rerio	G protein-coupled receptor kinase	1:Experimental evidence at protein level	2.33	1.0000	0.9989	0.00000000000000	1	1	1	1	1	1	405736.8	405736.8	405736.8			
tr|Q4KMI7|Q4KMI7_DANRE	Q4KMI7	Q4KMI7_DANRE	actc	377	false	false	Danio rerio	Actin, alpha 1b, skeletal muscle	1:Experimental evidence at protein level	39.79	1.0000	0.9990	0.00000000000000	13	0	3	18	0	3	1.10615352E8	0	2.501868E7			
tr|Q4KMK4|Q4KMK4_DANRE	Q4KMK4	Q4KMK4_DANRE	wu:fj35g11	1023	false	false	Danio rerio	Sodium/potassium-transporting ATPase subunit alpha	1:Experimental evidence at protein level	16.42	1.0000	0.9990	0.00000000000000	16	1	1	21	1	1	1.18615536E8	0	0	7C(57.0215)		
tr|Q4QRD2|Q4QRD2_DANRE	Q4QRD2	Q4QRD2_DANRE	im:7136900	187	false	false	Danio rerio	Zgc:114164	1:Experimental evidence at protein level	8.56	1.0000	0.9990	0.00000000000000	1	0	0	1	0	0	3950426.2	0	0			
tr|Q4V8S2|Q4V8S2_DANRE	Q4V8S2	Q4V8S2_DANRE	rcv1a	203	false	false	Danio rerio	Recoverin a	1:Experimental evidence at protein level	72.91	1.0000	0.9990	0.00000000000000	10	9	10	12	11	12	1.6199898E7	1.6199898E7	1.6199898E7	5M(15.9949),7C(57.0215)		
tr|Q4V8S5|Q4V8S5_DANRE	Q4V8S5	Q4V8S5_DANRE	acbd7	88	false	false	Danio rerio	Acbd7 protein	1:Experimental evidence at protein level	18.18	1.0000	0.9990	0.00000000000000	1	1	1	1	1	1	1965492.9	1965492.9	1965492.9			
tr|Q4V914|Q4V914_DANRE	Q4V914	Q4V914_DANRE	zgc:114051	367	false	false	Danio rerio	Core histone macro-H2A	1:Experimental evidence at protein level	12.53	1.0000	0.9990	0.00000000000000	4	3	4	4	3	4	1.4859488E7	1.1712246E7	1.4859488E7			
tr|Q4V918|Q4V918_DANRE	Q4V918	Q4V918_DANRE	zgc:114044	255	false	false	Danio rerio	Proteasome subunit alpha type	1:Experimental evidence at protein level	15.69	1.0000	0.9990	0.00000000000000	3	3	3	3	3	3	4601406.5	4601406.5	4601406.5	N-term(42.0106)		
tr|Q4VBI5|Q4VBI5_DANRE	Q4VBI5	Q4VBI5_DANRE	zgc:112340	101	false	false	Danio rerio	NADH dehydrogenase [ubiquinone] 1 alpha subcomplex subunit 2	1:Experimental evidence at protein level	41.58	1.0000	0.9990	0.00000000000000	3	3	3	3	3	3	4175888.5	4175888.5	4175888.5	4C(57.0215)		
tr|Q4VBI6|Q4VBI6_DANRE	Q4VBI6	Q4VBI6_DANRE	tubb2a	449	false	false	Danio rerio	Tubulin beta chain	1:Experimental evidence at protein level	48.33	1.0000	0.9990	0.00000000000000	21	1	1	37	1	1	3.7024064E8	0	0			
tr|Q4VBU7|Q4VBU7_DANRE	Q4VBU7	Q4VBU7_DANRE	zgc:114165	141	false	false	Danio rerio	Cytochrome c oxidase subunit 5A, mitochondrial	1:Experimental evidence at protein level	54.61	1.0000	0.9990	0.00000000000000	6	3	6	8	3	8	3.9532908E7	1.4811653E7	3.9532908E7	2M(15.9949)		
tr|Q4VBV1|Q4VBV1_DANRE	Q4VBV1	Q4VBV1_DANRE	im:6900881	111	false	false	Danio rerio	Cytochrome b-c1 complex subunit 7	1:Experimental evidence at protein level	18.92	1.0000	0.9990	0.00000000000000	3	3	3	3	3	3	1.1129182E7	1.1129182E7	1.1129182E7			
tr|Q4VBV2|Q4VBV2_DANRE	Q4VBV2	Q4VBV2_DANRE	wu:fa18f12	84	false	false	Danio rerio	40S ribosomal protein S27	1:Experimental evidence at protein level	15.48	1.0000	0.9990	0.00000000000000	1	0	1	1	0	1	2663724.8	0	2663724.8	10M(15.9949)		
tr|Q502C8|Q502C8_DANRE	Q502C8	Q502C8_DANRE	zgc:112318	162	false	false	Danio rerio	Peroxiredoxin-5	1:Experimental evidence at protein level	21.60	1.0000	0.9990	0.00000000000000	2	2	2	2	2	2	8805406.0	8805406.0	8805406.0	14C(57.0215)		
tr|Q502J1|Q502J1_DANRE	Q502J1	Q502J1_DANRE	zgc:112161	295	false	false	Danio rerio	Zgc:112161	1:Experimental evidence at protein level	21.36	1.0000	0.9990	0.00000000000000	4	2	4	4	2	4	7703402.0	1420130.6	7703402.0	10C(57.0215)		
tr|Q502P6|Q502P6_DANRE	Q502P6	Q502P6_DANRE	zgc:111955	106	false	false	Danio rerio	NADH dehydrogenase [ubiquinone] iron-sulfur protein 5	1:Experimental evidence at protein level	16.98	1.0000	0.9990	0.00000000000000	1	1	1	1	1	1	675829.3	675829.3	675829.3			
tr|Q502Q7|Q502Q7_DANRE	Q502Q7	Q502Q7_DANRE	plasticin	442	false	false	Danio rerio	Peripherin	2:Experimental evidence at transcript level	2.71	1.0000	0.9980	0.00000000000000	2	0	0	2	0	0	6417093.5	0	0			
tr|Q503J3|Q503J3_DANRE	Q503J3	Q503J3_DANRE	zgc:110551	360	false	false	Danio rerio	Zgc:110551	1:Experimental evidence at protein level	7.50	1.0000	0.9990	0.00000000000000	2	2	2	2	2	2	3220148.5	3220148.5	3220148.5	N-term(42.0106)		
tr|Q503M9|Q503M9_DANRE	Q503M9	Q503M9_DANRE	zgc:110425	195	false	false	Danio rerio	Zgc:110425	1:Experimental evidence at protein level	13.85	1.0000	0.9989	0.00000000000000	5	1	1	9	1	1	5.9918771E8	2.7225022E7	2.7225022E7			
tr|Q504B1|Q504B1_DANRE	Q504B1	Q504B1_DANRE	zgc:109973	123	false	false	Danio rerio	Activated RNA polymerase II transcriptional coactivator p15	1:Experimental evidence at protein level	21.14	1.0000	0.9990	0.00000000000000	5	5	5	5	5	5	1.9279274E7	1.9279274E7	1.9279274E7			
tr|Q504B4|Q504B4_DANRE	Q504B4	Q504B4_DANRE	cox7a2	83	false	false	Danio rerio	Cytochrome c oxidase, subunit VIIa 2	1:Experimental evidence at protein level	12.05	1.0000	0.9989	0.00000000000000	1	1	1	1	1	1	8879851.0	8879851.0	8879851.0			
tr|Q52JI7|Q52JI7_DANRE	Q52JI7	Q52JI7_DANRE	zgc:109979	196	false	false	Danio rerio	Beta A4-crystallin	1:Experimental evidence at protein level	84.18	1.0000	0.9990	0.00000000000000	12	12	12	21	21	21	1.36936896E8	1.36936896E8	1.36936896E8	12M(15.9949),8C(57.0215),9C(57.0215),13M(15.9949),16C(57.0215),14M(15.9949),17C(57.0215),16C(57.0215),17C(57.0215),1M(15.9949),9C(57.0215),1M(15.9949),9C(57.0215),6C(57.0215),6C(57.0215),6M(15.9949),8C(57.0215),8C(57.0215),8C(57.0215),8C(57.0215),8C(57.0215),8C(57.0215),9C(57.0215),9C(57.0215)		
tr|Q52PJ7|Q52PJ7_DANRE	Q52PJ7	Q52PJ7_DANRE	CRMP-5a	564	false	false	Danio rerio	Collapsin response mediator protein 5.1	1:Experimental evidence at protein level	8.33	1.0000	0.9990	0.00000000000000	4	3	4	4	3	4	4445519.5	3069137.0	4445519.5	10C(57.0215),12C(57.0215)		
tr|Q52PJ8|Q52PJ8_DANRE	Q52PJ8	Q52PJ8_DANRE	crmp5.2	568	false	false	Danio rerio	Collapsin response mediator protein 5.2	1:Experimental evidence at protein level	4.75	1.0000	0.9990	0.00000000000000	3	2	2	3	2	2	3333308.0	1956925.6	1956925.6			
tr|Q52WY2|Q52WY2_DANRE	Q52WY2	Q52WY2_DANRE	wu:fj62g06	191	false	false	Danio rerio	Cell division control protein 42 homolog	1:Experimental evidence at protein level	5.24	1.0000	0.9990	0.00000000000000	1	0	1	1	0	1	877092.25	0	877092.25	4C(57.0215)		
tr|Q561T2|Q561T2_DANRE	Q561T2	Q561T2_DANRE	zgc:112471	302	false	false	Danio rerio	Peptidyl-prolyl cis-trans isomerase E	1:Experimental evidence at protein level	8.28	1.0000	0.9990	0.00000000000000	1	1	1	1	1	1	449392.2	449392.2	449392.2			
tr|Q566S4|Q566S4_DANRE	Q566S4	Q566S4_DANRE	zgc:112520	255	false	false	Danio rerio	NADH dehydrogenase [ubiquinone] iron-sulfur protein 3, mitochondrial	1:Experimental evidence at protein level	21.18	1.0000	0.9990	0.00000000000000	4	4	4	4	4	4	3435747.0	3435747.0	3435747.0			
tr|Q566W6|Q566W6_DANRE	Q566W6	Q566W6_DANRE	wu:fj10g10	185	false	false	Danio rerio	Zgc:112425	1:Experimental evidence at protein level	32.43	1.0000	0.9990	0.00000000000000	4	4	4	6	6	6	6966582.0	6966582.0	6966582.0	20M(15.9949),N-term(42.0106)		
tr|Q567D9|Q567D9_DANRE	Q567D9	Q567D9_DANRE	cryba1l	199	false	false	Danio rerio	Crystallin, beta A1, like	1:Experimental evidence at protein level	61.31	1.0000	0.9990	0.00000000000000	8	7	8	12	10	12	1.01356912E8	1.01356912E8	1.01356912E8	13C(57.0215),14C(57.0215),1C(57.0215),8C(57.0215),9C(57.0215),2M(15.9949),9C(57.0215),2M(15.9949),9C(57.0215),6C(57.0215),9C(57.0215),9C(57.0215)		
tr|Q567E8|Q567E8_DANRE	Q567E8	Q567E8_DANRE	zgc:112098	377	false	false	Danio rerio	Acta1a protein	2:Experimental evidence at transcript level	45.89	1.0000	0.9990	0.00000000000000	14	1	1	19	1	1	1.10615352E8	0	0			
tr|Q567K2|Q567K2_DANRE	Q567K2	Q567K2_DANRE	fb58f05	282	false	false	Danio rerio	S-formylglutathione hydrolase	1:Experimental evidence at protein level	7.45	1.0000	0.9990	0.00000000000000	1	1	1	1	1	1	3072637.0	3072637.0	3072637.0			
tr|Q567N5|Q567N5_DANRE	Q567N5	Q567N5_DANRE	wu:fa93h05	265	false	false	Danio rerio	60S ribosomal protein L6	1:Experimental evidence at protein level	21.89	1.0000	0.9990	0.00000000000000	5	5	5	6	6	6	1.833853E7	1.833853E7	1.833853E7	2M(15.9949)		
tr|Q567V5|Q567V5_DANRE	Q567V5	Q567V5_DANRE	si:dkey-113g17.2	118	false	false	Danio rerio	Small nuclear ribonucleoprotein Sm D2	1:Experimental evidence at protein level	8.47	1.0000	0.9990	0.00000000000000	1	1	1	1	1	1	958467.75	958467.75	958467.75	9C(57.0215)		
tr|Q567Y2|Q567Y2_DANRE	Q567Y2	Q567Y2_DANRE	rgr1	295	false	false	Danio rerio	RPE-retinal G protein-coupled receptor	1:Experimental evidence at protein level	9.83	1.0000	0.9989	0.00000000000000	2	2	2	3	3	3	5773262.0	5773262.0	5773262.0			
tr|Q567Y4|Q567Y4_DANRE	Q567Y4	Q567Y4_DANRE	wu:fb10b03	175	false	false	Danio rerio	NADH dehydrogenase [ubiquinone] 1 beta subcomplex subunit 9	1:Experimental evidence at protein level	26.86	1.0000	0.9989	0.00000000000000	3	3	3	3	3	3	7631997.0	7631997.0	7631997.0	16C(57.0215),6C(57.0215),N-term(42.0106)		
tr|Q568D0|Q568D0_DANRE	Q568D0	Q568D0_DANRE	histh1l	201	false	false	Danio rerio	Zgc:110380	1:Experimental evidence at protein level	26.87	1.0000	0.9990	0.00000000000000	8	8	8	11	11	11	5.2245692E7	5.2245692E7	5.2245692E7	N-term(42.0106),N-term(42.0106),N-term(42.0106)		
tr|Q568Q7|Q568Q7_DANRE	Q568Q7	Q568Q7_DANRE	wu:fj43c10	149	false	false	Danio rerio	Stathmin	1:Experimental evidence at protein level	6.04	1.0000	0.9990	0.00000000000000	1	1	1	1	1	1	221357.6	221357.6	221357.6			
tr|Q568U3|Q568U3_DANRE	Q568U3	Q568U3_DANRE	si:dkeyp-113d7.5	430	false	false	Danio rerio	Zgc:109868	1:Experimental evidence at protein level	5.35	1.0000	0.9990	0.00000000000000	2	0	0	2	0	0	1.46746768E8	0	0			
tr|Q58EI3|Q58EI3_DANRE	Q58EI3	Q58EI3_DANRE	fc21c08	457	false	false	Danio rerio	MICOS complex subunit	1:Experimental evidence at protein level	5.69	1.0000	0.9987	0.00000000000000	2	2	2	2	2	2	499282.06	499282.06	499282.06			
tr|Q58ER0|Q58ER0_DANRE	Q58ER0	Q58ER0_DANRE	rbm39b	539	false	false	Danio rerio	RNA binding motif protein 39b isoform X1	1:Experimental evidence at protein level	2.04	1.0000	0.9990	0.00000000000000	1	1	1	1	1	1	563183.94	563183.94	563183.94			
tr|Q5BJ17|Q5BJ17_DANRE	Q5BJ17	Q5BJ17_DANRE	zgc:110766	448	false	false	Danio rerio	Elongation factor Tu	1:Experimental evidence at protein level	12.28	1.0000	0.9990	0.00000000000000	4	4	4	4	4	4	1.2370636E7	1.2370636E7	1.2370636E7			
tr|Q5BJA2|Q5BJA2_DANRE	Q5BJA2	Q5BJA2_DANRE	zgc:114172	116	false	false	Danio rerio	NADH dehydrogenase [ubiquinone] 1 alpha subcomplex subunit 5	1:Experimental evidence at protein level	62.07	1.0000	0.9990	0.00000000000000	7	7	7	9	9	9	1.4451755E7	1.4451755E7	1.4451755E7			
tr|Q5BJB9|Q5BJB9_DANRE	Q5BJB9	Q5BJB9_DANRE	cb718	250	false	false	Danio rerio	Prdx3 protein	1:Experimental evidence at protein level	14.80	1.0000	0.9990	0.00000000000000	3	3	3	3	3	3	5460155.0	5460155.0	5460155.0			
tr|Q5BU17|Q5BU17_DANRE	Q5BU17	Q5BU17_DANRE	ctbp2l	860	false	false	Danio rerio	C-terminal-binding protein 2	2:Experimental evidence at transcript level	6.40	1.0000	0.9990	0.00000000000000	4	1	1	4	1	1	8176508.5	2961424.0	2961424.0			
tr|Q5BU19|Q5BU19_DANRE	Q5BU19	Q5BU19_DANRE	wu:fb96g03	1147	false	false	Danio rerio	C-terminal-binding protein 2 isoform 1	1:Experimental evidence at protein level	4.62	1.0000	0.9990	0.00000000000000	4	2	3	4	2	3	941456.6	0	0			
tr|Q5CZQ1|Q5CZQ1_DANRE	Q5CZQ1	Q5CZQ1_DANRE	im:7138781	255	false	false	Danio rerio	Tyrosine 3-monooxygenase/tryptophan 5-monooxygenase activation protein, epsilon polypeptide 2	1:Experimental evidence at protein level	3.14	1.0000	0.9990	0.00000000000000	1	0	0	1	0	0	1.6282987E7	0	0			
tr|Q5FVD1|Q5FVD1_DANRE	Q5FVD1	Q5FVD1_DANRE	zgc:92612	201	false	false	Danio rerio	Zgc:92612	1:Experimental evidence at protein level	33.33	1.0000	0.9990	0.00000000000000	7	7	7	9	9	9	2.9818696E7	2.9818696E7	2.9818696E7			
tr|Q5GA13|Q5GA13_DANRE	Q5GA13	Q5GA13_DANRE	ogt	1062	false	false	Danio rerio	UDP-N-acetylglucosamine--peptide N-acetylglucosaminyltransferase 110 kDa subunit	1:Experimental evidence at protein level	0.94	1.0000	0.9990	0.00000000000000	1	0	1	1	0	1	0	0	0			
tr|Q5RG12|Q5RG12_DANRE	Q5RG12	Q5RG12_DANRE	hsp90a2	734	false	false	Danio rerio	Heat shock protein 90-alpha 2	1:Experimental evidence at protein level	3.54	1.0000	0.9990	0.00000000000000	2	0	2	2	0	2	473724.1	0	473724.1			
tr|Q5RGB5|Q5RGB5_DANRE	Q5RGB5	Q5RGB5_DANRE	rab3a	220	false	false	Danio rerio	Ras-related protein Rab-3	1:Experimental evidence at protein level	27.73	1.0000	0.9990	0.00000000000000	5	2	5	5	2	5	4.0494736E7	1.6249422E7	4.0494736E7	10M(15.9949),6C(57.0215)		
tr|Q5RHQ7|Q5RHQ7_DANRE	Q5RHQ7	Q5RHQ7_DANRE	hnrnpub	796	false	false	Danio rerio	Heterogeneous nuclear ribonucleoprotein Ub	4:Protein predicted	4.27	1.0000	0.9990	0.00000000000000	2	2	2	3	3	3	887503.7	887503.7	887503.7	8M(15.9949)		
tr|Q5RKM2|Q5RKM2_DANRE	Q5RKM2	Q5RKM2_DANRE	wu:fb33h05	731	false	false	Danio rerio	NADH-ubiquinone oxidoreductase 75 kDa subunit, mitochondrial	1:Experimental evidence at protein level	4.92	1.0000	0.9990	0.00000000000000	3	3	3	3	3	3	0	0	0			
tr|Q5RKM9|Q5RKM9_DANRE	Q5RKM9	Q5RKM9_DANRE	zgc:66314	967	false	false	Danio rerio	Alpha-1,4 glucan phosphorylase	1:Experimental evidence at protein level	4.34	1.0000	0.9990	0.00000000000000	2	1	1	2	1	1	0	0	0			
tr|Q5RKP8|Q5RKP8_DANRE	Q5RKP8	Q5RKP8_DANRE	lsm2	95	false	false	Danio rerio	U6 snRNA-associated Sm-like protein LSm2	1:Experimental evidence at protein level	20.00	1.0000	0.9990	0.00000000000000	1	1	1	1	1	1	516009.88	516009.88	516009.88			
tr|Q5RKP9|Q5RKP9_DANRE	Q5RKP9	Q5RKP9_DANRE	zgc:101761	359	false	false	Danio rerio	Guanine nucleotide-binding protein (G protein), alpha 11b (Gq class)	1:Experimental evidence at protein level	3.06	1.0000	0.9990	0.00000000000000	1	0	1	1	0	1	3050260.2	0	3050260.2			
tr|Q5TZ27|Q5TZ27_DANRE	Q5TZ27	Q5TZ27_DANRE	syt1	419	false	false	Danio rerio	Synaptotagmin	1:Experimental evidence at protein level	5.49	1.0000	0.9990	0.00000000000000	2	1	2	3	1	3	4275177.0	2467278.0	4275177.0			
tr|Q5TZ35|Q5TZ35_DANRE	Q5TZ35	Q5TZ35_DANRE	im:7159195	191	false	false	Danio rerio	Visinin-like 1B	1:Experimental evidence at protein level	12.04	1.0000	0.9990	0.00000000000000	2	0	0	2	0	0	193787.27	0	0			
tr|Q5U3E1|Q5U3E1_DANRE	Q5U3E1	Q5U3E1_DANRE	zgc:103679	215	false	false	Danio rerio	Novel protein similar to vertebrate Ras family	1:Experimental evidence at protein level	30.23	1.0000	0.9990	0.00000000000000	6	1	6	6	1	6	1.549965E7	2936128.0	1.549965E7	N-term(42.0106)		
tr|Q5U3G0|Q5U3G0_DANRE	Q5U3G0	Q5U3G0_DANRE	fa94d03	179	false	false	Danio rerio	Progesterone receptor membrane component 1	1:Experimental evidence at protein level	5.03	1.0000	0.9990	0.00000000000000	1	0	1	1	0	1	1179168.5	0	1179168.5	6C(57.0215)		
tr|Q5XJ12|Q5XJ12_DANRE	Q5XJ12	Q5XJ12_DANRE	crs	682	false	false	Danio rerio	Stress-70 protein, mitochondrial	1:Experimental evidence at protein level	3.81	1.0000	0.9990	0.00000000000000	2	2	2	2	2	2	8079256.0	8079256.0	8079256.0			
tr|Q5XJS8|Q5XJS8_DANRE	Q5XJS8	Q5XJS8_DANRE	hadh2	260	false	false	Danio rerio	3-hydroxyacyl-CoA dehydrogenase type-2	1:Experimental evidence at protein level	5.77	1.0000	0.9990	0.00000000000000	1	1	1	2	2	2	1999329.6	1999329.6	1999329.6	2M(15.9949)		
tr|Q5XJU2|Q5XJU2_DANRE	Q5XJU2	Q5XJU2_DANRE	zgc:101566	126	false	false	Danio rerio	Zgc:101566	1:Experimental evidence at protein level	7.94	1.0000	0.9976	0.00000000000000	1	1	1	1	1	1	0	0	0			
tr|Q5XTN0|Q5XTN0_DANRE	Q5XTN0	Q5XTN0_DANRE	zgc:109980	175	false	false	Danio rerio	Crygmx protein	1:Experimental evidence at protein level	50.86	1.0000	0.9990	0.00000000000000	5	5	5	6	6	6	1.3092193E7	1.3092193E7	1.3092193E7	12M(15.9949),14C(57.0215),14C(57.0215),14C(57.0215),8M(15.9949),14C(57.0215),8M(15.9949),15C(57.0215),4C(57.0215),8C(57.0215),4C(57.0215),8C(57.0215)		
tr|Q641M4|Q641M4_DANRE	Q641M4	Q641M4_DANRE	zgc:100918	205	false	false	Danio rerio	Zgc:100918	1:Experimental evidence at protein level	5.37	1.0000	0.9990	0.00000000000000	1	0	1	1	0	1	5005555.0	0	5005555.0			
tr|Q642H5|Q642H5_DANRE	Q642H5	Q642H5_DANRE	ppp2r1b	589	false	false	Danio rerio	Protein phosphatase 2 (Formerly 2A), regulatory subunit A, beta isoform	1:Experimental evidence at protein level	5.09	1.0000	0.9990	0.00000000000000	2	1	1	2	1	1	186564.25	0	0			
tr|Q642Z0|Q642Z0_DANRE	Q642Z0	Q642Z0_DANRE	cb279	994	false	false	Danio rerio	Calcium-transporting ATPase	1:Experimental evidence at protein level	21.03	1.0000	0.9990	0.00000000000000	18	8	18	20	9	20	5.285374E7	3.5575952E7	5.285374E7	10C(57.0215),11C(57.0215),10C(57.0215),15C(57.0215),16C(57.0215),1M(15.9949),2M(15.9949),3M(15.9949),6C(57.0215),9C(57.0215)		
tr|Q66I58|Q66I58_DANRE	Q66I58	Q66I58_DANRE	SUCLG1	324	false	false	Danio rerio	Succinate--CoA ligase [ADP/GDP-forming] subunit alpha, mitochondrial	1:Experimental evidence at protein level	4.94	1.0000	0.9990	0.00000000000000	1	1	1	1	1	1	937801.06	937801.06	937801.06	15C(57.0215),6C(57.0215)		
tr|Q66IB0|Q66IB0_DANRE	Q66IB0	Q66IB0_DANRE	fb75b09	201	false	false	Danio rerio	Protein lin-7 homolog	1:Experimental evidence at protein level	4.98	1.0000	0.9989	0.00000000000000	1	0	0	1	0	0	455169.2	0	0			
tr|Q66IB6|Q66IB6_DANRE	Q66IB6	Q66IB6_DANRE	hmgb2	214	false	false	Danio rerio	High mobility group box 2B	1:Experimental evidence at protein level	45.79	1.0000	0.9990	0.00000000000000	12	12	12	16	16	16	1.12609816E8	1.12609816E8	1.12609816E8	10C(57.0215),10C(57.0215),11C(57.0215),11C(57.0215),11C(57.0215),13C(57.0215),13M(15.9949),13M(15.9949)		
tr|Q6AZA1|Q6AZA1_DANRE	Q6AZA1	Q6AZA1_DANRE	wu:fb02e10	139	false	false	Danio rerio	Profilin	1:Experimental evidence at protein level	5.76	1.0000	0.9990	0.00000000000000	1	1	1	1	1	1	691754.4	691754.4	691754.4			
tr|Q6AZB2|Q6AZB2_DANRE	Q6AZB2	Q6AZB2_DANRE	fj36f06	525	false	false	Danio rerio	Succinyl-CoA:3-ketoacid-coenzyme A transferase	1:Experimental evidence at protein level	2.67	1.0000	0.9990	0.00000000000000	1	1	1	2	2	2	0	0	0	1M(15.9949)		
tr|Q6DC49|Q6DC49_DANRE	Q6DC49	Q6DC49_DANRE	tuba8l3a	450	false	false	Danio rerio	Tubulin alpha chain	2:Experimental evidence at transcript level	66.00	1.0000	0.9990	0.00000000000000	22	0	6	36	0	10	5.34864032E8	0	3.219168E8	15C(57.0215),2M(15.9949),4C(57.0215),5C(57.0215),2M(15.9949),4C(57.0215),5C(57.0215),2M(15.9949),4C(57.0215),5C(57.0215),3C(57.0215),3C(57.0215),3C(57.0215),4M(15.9949),3C(57.0215),4M(15.9949),4C(57.0215),5C(57.0215)		
tr|Q6DGE4|Q6DGE4_DANRE	Q6DGE4	Q6DGE4_DANRE	hm:zeh0659	526	false	false	Danio rerio	5,6-dihydroxyindole-2-carboxylic acid oxidase precursor	1:Experimental evidence at protein level	6.08	1.0000	0.9990	0.00000000000000	2	2	2	2	2	2	2203627.2	2203627.2	2203627.2	16C(57.0215),4C(57.0215),5C(57.0215),3C(57.0215)		
tr|Q6DGJ6|Q6DGJ6_DANRE	Q6DGJ6	Q6DGJ6_DANRE	prdx1	197	false	false	Danio rerio	Peroxiredoxin-1	1:Experimental evidence at protein level	56.85	1.0000	0.9990	0.00000000000000	12	10	12	17	14	17	1.78772E8	6.8118248E7	1.78772E8	7M(15.9949),8M(15.9949)		
tr|Q6DGL0|Q6DGL0_DANRE	Q6DGL0	Q6DGL0_DANRE	zgc:92872	182	false	false	Danio rerio	60S ribosomal protein L18	1:Experimental evidence at protein level	8.79	1.0000	0.9990	0.00000000000000	1	1	1	1	1	1	1782727.1	1782727.1	1782727.1			
tr|Q6DGL9|Q6DGL9_DANRE	Q6DGL9	Q6DGL9_DANRE	si:dkey-1f1.2	70	false	false	Danio rerio	60S ribosomal protein L38	1:Experimental evidence at protein level	17.14	1.0000	0.9989	0.00000000000000	1	1	1	2	2	2	1.9320978E7	1.9320978E7	1.9320978E7			
tr|Q6DGM0|Q6DGM0_DANRE	Q6DGM0	Q6DGM0_DANRE	zgc:92859	110	false	false	Danio rerio	60S ribosomal protein L35a	1:Experimental evidence at protein level	7.27	1.0000	0.9960	0.00000000000000	1	1	1	2	2	2	2708873.0	2708873.0	2708873.0	2M(15.9949)		
tr|Q6DGM9|Q6DGM9_DANRE	Q6DGM9	Q6DGM9_DANRE	zgc:92850	104	false	false	Danio rerio	NADH dehydrogenase [ubiquinone] 1 alpha subcomplex subunit 7	1:Experimental evidence at protein level	8.65	1.0000	0.9988	0.00000000000000	1	1	1	1	1	1	0	0	0	7C(57.0215)		
tr|Q6DGP6|Q6DGP6_DANRE	Q6DGP6	Q6DGP6_DANRE	sub1	124	false	false	Danio rerio	Activated RNA polymerase II transcriptional coactivator p15	1:Experimental evidence at protein level	29.03	1.0000	0.9989	0.00000000000000	3	3	3	3	3	3	5127884.0	5127884.0	5127884.0			
tr|Q6DGV5|Q6DGV5_DANRE	Q6DGV5	Q6DGV5_DANRE	zgc:92757	201	false	false	Danio rerio	RAB10, member RAS oncogene family	1:Experimental evidence at protein level	16.42	1.0000	0.9989	0.00000000000000	3	1	1	3	1	1	3.1300784E7	1903072.9	1903072.9			
tr|Q6DGX6|Q6DGX6_DANRE	Q6DGX6	Q6DGX6_DANRE	crygEM2-8	175	false	false	Danio rerio	Crystallin gamma EM2-8	1:Experimental evidence at protein level	10.86	1.0000	0.9990	0.00000000000000	2	0	2	2	0	2	3367050.8	0	3367050.8			
tr|Q6DGX8|Q6DGX8_DANRE	Q6DGX8	Q6DGX8_DANRE	zgc:92726	262	false	false	Danio rerio	Proteasome subunit alpha type	1:Experimental evidence at protein level	5.73	1.0000	0.9990	0.00000000000000	1	1	1	2	2	2	3433515.8	3433515.8	3433515.8			
tr|Q6DGY0|Q6DGY0_DANRE	Q6DGY0	Q6DGY0_DANRE	zgc:92724	174	false	false	Danio rerio	Zgc:92724	1:Experimental evidence at protein level	9.77	1.0000	0.9990	0.00000000000000	1	0	1	4	0	4	3945037.5	0	3945037.5	15M(15.9949),4C(57.0215),8C(57.0215),4C(57.0215),5M(15.9949),8C(57.0215),4C(57.0215),5M(15.9949),8C(57.0215),4C(57.0215),8C(57.0215)		
tr|Q6DGY4|Q6DGY4_DANRE	Q6DGY4	Q6DGY4_DANRE	cryba1b	198	false	false	Danio rerio	Crystallin, beta A1b	1:Experimental evidence at protein level	71.21	1.0000	0.9990	0.00000000000000	9	9	9	15	15	15	7.8883368E7	7.8883368E7	7.8883368E7	10C(57.0215),6M(15.9949),8C(57.0215),10C(57.0215),8C(57.0215),10C(57.0215),8C(57.0215),11C(57.0215),17C(57.0215),5C(57.0215),1M(15.9949),6C(57.0215),4C(57.0215),5C(57.0215),5C(57.0215),6C(57.0215),6C(57.0215),9M(15.9949),N-term(42.0106)		
tr|Q6DGY8|Q6DGY8_DANRE	Q6DGY8	Q6DGY8_DANRE	zgc:92716	246	false	false	Danio rerio	Proteasome subunit alpha type	1:Experimental evidence at protein level	10.16	1.0000	0.9990	0.00000000000000	2	0	0	2	0	0	3388887.2	0	0			
tr|Q6DGZ8|Q6DGZ8_DANRE	Q6DGZ8	Q6DGZ8_DANRE	zgc:92706	232	false	false	Danio rerio	Crystallin, beta B1	1:Experimental evidence at protein level	69.83	1.0000	0.9990	0.00000000000000	18	18	18	29	29	29	2.14089664E8	2.14089664E8	2.14089664E8	12C(57.0215),1M(15.9949),8C(57.0215),12C(57.0215),8C(57.0215),12C(57.0215),8C(57.0215),12C(57.0215),8C(57.0215),9M(15.9949),12C(57.0215),8C(57.0215),9M(15.9949),17C(57.0215),17C(57.0215),1M(15.9949),18C(57.0215),8C(57.0215),21M(15.9949),6C(57.0215),2C(57.0215),2C(57.0215),2C(57.0215),2C(57.0215),2C(57.0215),30C(57.0215),3M(15.9949),6C(57.0215),6C(57.0215),6C(57.0215),6C(57.0215),6C(57.0215),7M(15.9949),8C(57.0215),8C(57.0215)		
tr|Q6DH01|Q6DH01_DANRE	Q6DH01	Q6DH01_DANRE	rs1	230	false	false	Danio rerio	Retinoschisin 1a	1:Experimental evidence at protein level	5.65	1.0000	0.9990	0.00000000000000	1	0	1	1	0	1	3048416.2	0	3048416.2	8C(57.0215)		
tr|Q6DH07|Q6DH07_DANRE	Q6DH07	Q6DH07_DANRE	arr3l	357	false	false	Danio rerio	Arrestin 3, retinal (X-arrestin), like	1:Experimental evidence at protein level	22.97	1.0000	0.9990	0.00000000000000	4	4	4	7	7	7	1.9974196E7	1.9974196E7	1.9974196E7	18C(57.0215)		
tr|Q6DH12|Q6DH12_DANRE	Q6DH12	Q6DH12_DANRE	crygm2d13	173	false	false	Danio rerio	Crystallin, gamma M2d13	1:Experimental evidence at protein level	5.78	1.0000	0.9990	0.00000000000000	1	0	0	1	0	0	244097.23	0	0			
tr|Q6DH55|Q6DH55_DANRE	Q6DH55	Q6DH55_DANRE	zgc:92641	340	false	false	Danio rerio	Guanine nucleotide binding protein (G protein), beta polypeptide 3, like	2:Experimental evidence at transcript level	27.06	1.0000	0.9990	0.00000000000000	6	5	6	7	6	7	2.0885656E7	0	2.0885656E7	11C(57.0215),11C(57.0215),11M(15.9949),13C(57.0215),14C(57.0215),3C(57.0215),13C(57.0215),14C(57.0215),3C(57.0215),14M(15.9949),15C(57.0215),2C(57.0215)		
tr|Q6DHB6|Q6DHB6_DANRE	Q6DHB6	Q6DHB6_DANRE	wu:fa97a07	466	false	false	Danio rerio	Zgc:92533	1:Experimental evidence at protein level	4.94	1.0000	0.9990	0.00000000000000	2	0	0	5	0	0	2.13802816E8	0	0			
tr|Q6DHE6|Q6DHE6_DANRE	Q6DHE6	Q6DHE6_DANRE	kars	602	false	false	Danio rerio	Lysine--tRNA ligase	1:Experimental evidence at protein level	1.83	1.0000	0.9990	0.00000000000000	1	1	1	1	1	1	0	0	0			
tr|Q6DHI9|Q6DHI9_DANRE	Q6DHI9	Q6DHI9_DANRE	psmb2	199	false	false	Danio rerio	Proteasome subunit beta	1:Experimental evidence at protein level	19.60	1.0000	0.9989	0.00000000000000	3	3	3	3	3	3	374553.06	374553.06	374553.06	12C(57.0215),5C(57.0215)		
tr|Q6DHJ0|Q6DHJ0_DANRE	Q6DHJ0	Q6DHJ0_DANRE	sfrs5b	285	false	false	Danio rerio	Serine and arginine-rich-splicing factor 5b	1:Experimental evidence at protein level	3.16	1.0000	0.9990	0.00000000000000	1	0	0	1	0	0	7597214.0	0	0			
tr|Q6DHJ2|Q6DHJ2_DANRE	Q6DHJ2	Q6DHJ2_DANRE	rab3a	220	false	false	Danio rerio	Ras-related protein Rab-3	1:Experimental evidence at protein level	22.27	1.0000	0.9986	0.00000000000000	4	2	2	4	2	2	2.2373324E7	9879158.0	9879158.0	6C(57.0215)		
tr|Q6DHL6|Q6DHL6_DANRE	Q6DHL6	Q6DHL6_DANRE	wu:fa92e06	249	false	false	Danio rerio	40S ribosomal protein S6	1:Experimental evidence at protein level	23.69	1.0000	0.9990	0.00000000000000	6	6	6	7	7	7	2.2586828E7	2.2586828E7	2.2586828E7	10C(57.0215),12C(57.0215),1M(15.9949),2C(57.0215),2C(57.0215)		
tr|Q6DHS3|Q6DHS3_DANRE	Q6DHS3	Q6DHS3_DANRE	wu:fa92b05	204	false	false	Danio rerio	Ribosomal protein L15	1:Experimental evidence at protein level	17.16	1.0000	0.9990	0.00000000000000	3	3	3	4	4	4	5.0520292E7	5.0520292E7	5.0520292E7			
tr|Q6DHU3|Q6DHU3_DANRE	Q6DHU3	Q6DHU3_DANRE	cb112	438	false	false	Danio rerio	Zgc:92061	1:Experimental evidence at protein level	3.88	1.0000	0.9990	0.00000000000000	2	0	2	2	0	2	1.2565062E7	0	1.2565062E7			
tr|Q6DI34|Q6DI34_DANRE	Q6DI34	Q6DI34_DANRE	wu:fb75h08	619	false	false	Danio rerio	Delta(14)-sterol reductase LBR	1:Experimental evidence at protein level	3.39	1.0000	0.9990	0.00000000000000	1	1	1	1	1	1	3018891.5	3018891.5	3018891.5			
tr|Q6DRC1|Q6DRC1_DANRE	Q6DRC1	Q6DRC1_DANRE	snrpfl	86	false	false	Danio rerio	Sm protein F	1:Experimental evidence at protein level	15.12	1.0000	0.9990	0.00000000000000	1	1	1	1	1	1	0	0	0			
tr|Q6DRD1|Q6DRD1_DANRE	Q6DRD1	Q6DRD1_DANRE	atp5o	209	false	false	Danio rerio	ATP synthase subunit O, mitochondrial	1:Experimental evidence at protein level	14.35	1.0000	0.9990	0.00000000000000	3	3	3	4	4	4	4233016.0	4233016.0	4233016.0			
tr|Q6DRD2|Q6DRD2_DANRE	Q6DRD2	Q6DRD2_DANRE	wu:fc85c10	389	false	false	Danio rerio	26S protease regulatory subunit 10B	1:Experimental evidence at protein level	11.31	1.0000	0.9990	0.00000000000000	3	3	3	3	3	3	2554715.2	2554715.2	2554715.2	5C(57.0215)		
tr|Q6DRF3|Q6DRF3_DANRE	Q6DRF3	Q6DRF3_DANRE	wu:fc51f06	237	false	false	Danio rerio	Proteasome subunit beta	1:Experimental evidence at protein level	17.72	1.0000	0.9990	0.00000000000000	3	3	3	3	3	3	4829177.5	4829177.5	4829177.5			
tr|Q6DRK5|Q6DRK5_DANRE	Q6DRK5	Q6DRK5_DANRE	wu:fb13c12	1224	false	false	Danio rerio	Coatomer subunit alpha	1:Experimental evidence at protein level	0.90	1.0000	0.9990	0.00000000000000	1	1	1	1	1	1	0	0	0	1C(57.0215),7C(57.0215),9C(57.0215)		
tr|Q6DRM3|Q6DRM3_DANRE	Q6DRM3	Q6DRM3_DANRE	rpl9	193	false	false	Danio rerio	60S ribosomal protein L9	1:Experimental evidence at protein level	18.65	1.0000	0.9990	0.00000000000000	2	2	2	2	2	2	1.4588603E7	1.4588603E7	1.4588603E7			
tr|Q6DRM9|Q6DRM9_DANRE	Q6DRM9	Q6DRM9_DANRE	im:7158706	1233	false	false	Danio rerio	Structural maintenance of chromosomes protein	1:Experimental evidence at protein level	3.73	1.0000	0.9990	0.00000000000000	4	1	4	4	1	4	1635786.8	229589.78	1635786.8			
tr|Q6DRN7|Q6DRN7_DANRE	Q6DRN7	Q6DRN7_DANRE	zgc:111817	139	false	false	Danio rerio	60S ribosomal protein L14	1:Experimental evidence at protein level	25.90	1.0000	0.9990	0.00000000000000	4	4	4	5	5	5	3.8977468E7	3.8977468E7	3.8977468E7	7C(57.0215),7C(57.0215)		
tr|Q6GQM9|Q6GQM9_DANRE	Q6GQM9	Q6GQM9_DANRE	eno3	434	false	false	Danio rerio	phosphopyruvate hydratase	1:Experimental evidence at protein level	7.37	1.0000	0.9990	0.00000000000000	2	1	1	3	1	1	8811294.0	2806513.2	2806513.2			
tr|Q6IMW6|Q6IMW6_DANRE	Q6IMW6	Q6IMW6_DANRE	fb14f11	151	false	false	Danio rerio	40S ribosomal protein S13	1:Experimental evidence at protein level	8.61	1.0000	0.9989	0.00000000000000	2	2	2	2	2	2	7017641.0	7017641.0	7017641.0			
tr|Q6IQ57|Q6IQ57_DANRE	Q6IQ57	Q6IQ57_DANRE	zgc:86940	168	false	false	Danio rerio	Translocon-associated protein subunit delta	1:Experimental evidence at protein level	6.55	1.0000	0.9989	0.00000000000000	1	1	1	1	1	1	1.4494154E7	1.4494154E7	1.4494154E7			
tr|Q6IQ59|Q6IQ59_DANRE	Q6IQ59	Q6IQ59_DANRE	uqcrc2	454	false	false	Danio rerio	Ubiquinol-cytochrome c reductase core protein 2b	1:Experimental evidence at protein level	7.05	1.0000	0.9990	0.00000000000000	2	2	2	3	3	3	1055103.2	1055103.2	1055103.2			
tr|Q6IQ71|Q6IQ71_DANRE	Q6IQ71	Q6IQ71_DANRE	zgc:86924	203	false	false	Danio rerio	Chromobox homolog 1b (HP1 beta homolog Drosophila)	2:Experimental evidence at transcript level	16.26	1.0000	0.9990	0.00000000000000	2	1	1	3	2	2	4409835.0	4409835.0	4409835.0			
tr|Q6IQ89|Q6IQ89_DANRE	Q6IQ89	Q6IQ89_DANRE	zgc:86898	308	false	false	Danio rerio	Zgc:86898	1:Experimental evidence at protein level	8.44	1.0000	0.9990	0.00000000000000	2	2	2	2	2	2	3852866.5	3852866.5	3852866.5			
tr|Q6IQD0|Q6IQD0_DANRE	Q6IQD0	Q6IQD0_DANRE	si:zc14a17.13	269	false	false	Danio rerio	Proteasome subunit beta	1:Experimental evidence at protein level	4.46	1.0000	0.9990	0.00000000000000	1	1	1	1	1	1	707059.1	707059.1	707059.1			
tr|Q6IQI4|Q6IQI4_DANRE	Q6IQI4	Q6IQI4_DANRE	crygEM2-6	174	false	false	Danio rerio	Crystallin gamma EM2-6	1:Experimental evidence at protein level	21.26	1.0000	0.9983	0.00000000000000	3	0	0	4	0	0	1.201357E7	0	0			
tr|Q6IQI6|Q6IQI6_DANRE	Q6IQI6	Q6IQI6_DANRE	zgc:86748	178	false	false	Danio rerio	60S ribosomal protein L11	1:Experimental evidence at protein level	20.79	1.0000	0.9990	0.00000000000000	4	4	4	4	4	4	1.5771357E7	1.5771357E7	1.5771357E7	2C(57.0215),6C(57.0215),3C(57.0215),7C(57.0215)		
tr|Q6IQI7|Q6IQI7_DANRE	Q6IQI7	Q6IQI7_DANRE	cpn10	100	false	false	Danio rerio	10 kDa heat shock protein, mitochondrial isoform 1	1:Experimental evidence at protein level	41.00	1.0000	0.9990	0.00000000000000	4	4	4	4	4	4	1.5469398E7	1.5469398E7	1.5469398E7			
tr|Q6IQL7|Q6IQL7_DANRE	Q6IQL7	Q6IQL7_DANRE	wu:fb18b07	371	false	false	Danio rerio	Peptidylprolyl isomerase D	1:Experimental evidence at protein level	3.23	1.0000	0.9990	0.00000000000000	1	1	1	1	1	1	2092732.6	2092732.6	2092732.6			
tr|Q6IQL9|Q6IQL9_DANRE	Q6IQL9	Q6IQL9_DANRE	actc2	377	false	false	Danio rerio	Novel actin protein	2:Experimental evidence at transcript level	45.89	1.0000	0.9990	0.00000000000000	14	0	0	20	0	0	1.10615352E8	0	0			
tr|Q6IQP4|Q6IQP4_DANRE	Q6IQP4	Q6IQP4_DANRE	rap1a	185	false	false	Danio rerio	small monomeric GTPase	1:Experimental evidence at protein level	7.57	1.0000	0.9990	0.00000000000000	1	0	1	1	0	1	0	0	0			
tr|Q6IQP5|Q6IQP5_DANRE	Q6IQP5	Q6IQP5_DANRE	wu:fi32b03	432	false	false	Danio rerio	phosphopyruvate hydratase	1:Experimental evidence at protein level	21.30	1.0000	0.9990	0.00000000000000	7	4	7	8	4	8	1.7110786E7	1433883.4	1.7110786E7	14C(57.0215),14C(57.0215),14C(57.0215)		
tr|Q6IQQ0|Q6IQQ0_DANRE	Q6IQQ0	Q6IQQ0_DANRE	wu:fb13h07	160	false	false	Danio rerio	60S ribosomal protein L21	1:Experimental evidence at protein level	9.38	1.0000	0.9990	0.00000000000000	1	1	1	2	2	2	2.0874744E7	2.0874744E7	2.0874744E7			
tr|Q6IQU2|Q6IQU2_DANRE	Q6IQU2	Q6IQU2_DANRE	cryba2	197	false	false	Danio rerio	Beta A2-crystallin	1:Experimental evidence at protein level	72.08	1.0000	0.9990	0.00000000000000	13	9	9	20	15	15	1.26139976E8	5.4906728E7	5.4906728E7	16M(15.9949),3C(57.0215),3C(57.0215),3M(15.9949),6C(57.0215),3M(15.9949),7C(57.0215),6C(57.0215),6C(57.0215),9M(15.9949),7C(57.0215)		
tr|Q6IQU9|Q6IQU9_DANRE	Q6IQU9	Q6IQU9_DANRE	hm:zeh0438	126	false	false	Danio rerio	Zgc:86599	1:Experimental evidence at protein level	36.51	1.0000	0.9990	0.00000000000000	5	4	5	7	6	7	2.3204226E7	2.2782888E7	2.3204226E7	4C(57.0215),6C(57.0215),4C(57.0215),6C(57.0215),5C(57.0215),7C(57.0215)		
tr|Q6IQX1|Q6IQX1_DANRE	Q6IQX1	Q6IQX1_DANRE	sb:cb38	1935	false	false	Danio rerio	Myosin, heavy polypeptide 2, fast muscle-specific	1:Experimental evidence at protein level	43.82	1.0000	0.9990	0.00000000000000	93	5	33	135	7	46	2.36523232E8	2.2145304E7	6.9891096E7	1M(15.9949),4M(15.9949),4M(15.9949),5M(15.9949),5M(15.9949),N-term(42.0106),N-term(42.0106),6M(15.9949)		
tr|Q6IQX2|Q6IQX2_DANRE	Q6IQX2	Q6IQX2_DANRE	alpha2(I)	1352	false	false	Danio rerio	Collagen, type I, alpha 2	1:Experimental evidence at protein level	1.11	1.0000	0.9990	0.00000000000000	1	1	1	1	1	1	504790.72	504790.72	504790.72			
tr|Q6JAA4|Q6JAA4_DANRE	Q6JAA4	Q6JAA4_DANRE	im:7152666	798	false	false	Danio rerio	CCCTC-binding factor	1:Experimental evidence at protein level	3.13	1.0000	0.9990	0.00000000000000	3	3	3	4	4	4	9829187.0	9829187.0	9829187.0	13C(57.0215),13C(57.0215),14C(57.0215),2C(57.0215)		
tr|Q6NSM5|Q6NSM5_DANRE	Q6NSM5	Q6NSM5_DANRE	zgc:85981	454	false	false	Danio rerio	Carboxypeptidase E	2:Experimental evidence at transcript level	3.08	1.0000	0.9989	0.00000000000000	1	1	1	1	1	1	0	0	0	9C(57.0215)		
tr|Q6NSN6|Q6NSN6_DANRE	Q6NSN6	Q6NSN6_DANRE	wu:fc30g11	331	false	false	Danio rerio	Serine/threonine-protein phosphatase	1:Experimental evidence at protein level	3.02	1.0000	0.9990	0.00000000000000	1	1	1	1	1	1	0	0	0			
tr|Q6NUT5|Q6NUT5_DANRE	Q6NUT5	Q6NUT5_DANRE	hnrpul1	784	false	false	Danio rerio	Heterogeneous nuclear ribonucleoprotein U-like 1	1:Experimental evidence at protein level	1.91	1.0000	0.9990	0.00000000000000	1	0	0	1	0	0	4852073.5	0	0			
tr|Q6NUU2|Q6NUU2_DANRE	Q6NUU2	Q6NUU2_DANRE	zgc:85935	619	false	false	Danio rerio	Splicing factor proline/glutamine rich (Polypyrimidine tract binding protein associated)	1:Experimental evidence at protein level	4.85	1.0000	0.9990	0.00000000000000	2	2	2	2	2	2	0	0	0			
tr|Q6NUV2|Q6NUV2_DANRE	Q6NUV2	Q6NUV2_DANRE	zgc:66109	392	false	false	Danio rerio	S-antigen; retina and pineal gland (arrestin) a	1:Experimental evidence at protein level	11.99	1.0000	0.9990	0.00000000000000	3	3	3	3	3	3	2513679.8	2513679.8	2513679.8			
tr|Q6NV07|Q6NV07_DANRE	Q6NV07	Q6NV07_DANRE	wu:fb34a06	736	false	false	Danio rerio	DNA replication licensing factor MCM5	1:Experimental evidence at protein level	3.67	1.0000	0.9986	0.00000000000000	2	2	2	2	2	2	2702883.8	2702883.8	2702883.8			
tr|Q6NVA6|Q6NVA6_DANRE	Q6NVA6	Q6NVA6_DANRE	myl9	173	false	false	Danio rerio	Myosin, light chain 9b, regulatory	1:Experimental evidence at protein level	5.78	1.0000	0.9990	0.00000000000000	1	1	1	1	1	1	633784.44	633784.44	633784.44			
tr|Q6NVI6|Q6NVI6_DANRE	Q6NVI6	Q6NVI6_DANRE	unm_tf212	541	false	false	Danio rerio	T-complex protein 1 subunit epsilon	1:Experimental evidence at protein level	4.07	1.0000	0.9990	0.00000000000000	2	2	2	2	2	2	2047761.5	2047761.5	2047761.5	7C(57.0215)		
tr|Q6NW90|Q6NW90_DANRE	Q6NW90	Q6NW90_DANRE	Tubb5	444	false	false	Danio rerio	Tubulin beta chain	1:Experimental evidence at protein level	65.32	1.0000	0.9990	0.00000000000000	29	2	9	53	5	15	3.7024064E8	2.369771E7	1.33585656E8	11M(15.9949),11M(15.9949),17M(15.9949),23C(57.0215),1M(15.9949),1M(15.9949),1M(15.9949),23C(57.0215),23C(57.0215),26C(57.0215)		
tr|Q6NWC1|Q6NWC1_DANRE	Q6NWC1	Q6NWC1_DANRE	VDAC1	283	false	false	Danio rerio	Vdac1 protein	1:Experimental evidence at protein level	51.94	1.0000	0.9990	0.00000000000000	12	12	12	15	15	15	8.2484528E7	8.2484528E7	8.2484528E7	N-term(42.0106)		
tr|Q6NWC3|Q6NWC3_DANRE	Q6NWC3	Q6NWC3_DANRE	fc94f01	280	false	false	Danio rerio	40S ribosomal protein S2	1:Experimental evidence at protein level	22.14	1.0000	0.9990	0.00000000000000	6	6	6	6	6	6	1.4459578E7	1.4459578E7	1.4459578E7	10C(57.0215),11C(57.0215),4M(15.9949),2C(57.0215)		
tr|Q6NWI0|Q6NWI0_DANRE	Q6NWI0	Q6NWI0_DANRE	tuba8l	449	false	false	Danio rerio	Tubulin alpha chain	1:Experimental evidence at protein level	26.28	1.0000	0.9990	0.00000000000000	10	0	1	16	0	2	2.72002624E8	0	1183379.0	2M(15.9949),4C(57.0215),5C(57.0215),4C(57.0215),5C(57.0215)		
tr|Q6NWI5|Q6NWI5_DANRE	Q6NWI5	Q6NWI5_DANRE	si:dkey-57m14.1	566	false	false	Danio rerio	methylcrotonoyl-CoA carboxylase	1:Experimental evidence at protein level	2.47	1.0000	0.9990	0.00000000000000	1	1	1	1	1	1	738770.7	738770.7	738770.7			
tr|Q6NX10|Q6NX10_DANRE	Q6NX10	Q6NX10_DANRE	fa22e07	298	false	false	Danio rerio	ADP/ATP translocase	1:Experimental evidence at protein level	25.84	1.0000	0.9989	0.00000000000000	6	0	0	6	0	0	5.8500768E7	0	0			
tr|Q6NX86|Q6NX86_DANRE	Q6NX86	Q6NX86_DANRE	HMGB1	205	false	false	Danio rerio	High mobility group box 1a	1:Experimental evidence at protein level	34.15	1.0000	0.9990	0.00000000000000	10	8	10	15	11	15	6.3755336E7	3.4890592E7	6.3755336E7	10C(57.0215),10C(57.0215),11C(57.0215),11C(57.0215),11C(57.0215),1M(15.9949),13C(57.0215),13C(57.0215),3M(15.9949)		
tr|Q6NX89|Q6NX89_DANRE	Q6NX89	Q6NX89_DANRE	wu:fb17e01	155	false	false	Danio rerio	Eukaryotic translation initiation factor 5A	1:Experimental evidence at protein level	4.52	1.0000	0.9990	0.00000000000000	1	0	1	1	0	1	1068787.5	0	1068787.5			
tr|Q6NYA1|Q6NYA1_DANRE	Q6NYA1	Q6NYA1_DANRE	fd36h02	309	false	false	Danio rerio	Heterogeneous nuclear ribonucleoprotein A/Bb	1:Experimental evidence at protein level	6.47	1.0000	0.9990	0.00000000000000	2	1	1	2	1	1	4316709.0	1520032.8	1520032.8	7C(57.0215)		
tr|Q6NYF7|Q6NYF7_DANRE	Q6NYF7	Q6NYF7_DANRE	atp5j	112	false	false	Danio rerio	ATP synthase-coupling factor 6, mitochondrial	1:Experimental evidence at protein level	12.50	1.0000	0.9990	0.00000000000000	1	1	1	1	1	1	3923667.8	3923667.8	3923667.8			
tr|Q6NYH5|Q6NYH5_DANRE	Q6NYH5	Q6NYH5_DANRE	fd56c08	306	false	false	Danio rerio	Sodium/potassium-transporting ATPase subunit beta	1:Experimental evidence at protein level	5.88	1.0000	0.9930	0.00000000000000	1	1	1	1	1	1	0	0	0			
tr|Q6NYQ7|Q6NYQ7_DANRE	Q6NYQ7	Q6NYQ7_DANRE	wu:fa20d10	1079	false	false	Danio rerio	proton-translocating NAD(P)(+) transhydrogenase	1:Experimental evidence at protein level	6.77	1.0000	0.9990	0.00000000000000	5	4	5	5	4	5	1.0802776E7	6629522.0	1.0802776E7	14C(57.0215)		
tr|Q6NYU8|Q6NYU8_DANRE	Q6NYU8	Q6NYU8_DANRE	hnrpab	340	false	false	Danio rerio	Heterogeneous Nuclear ribonucleoprotein a/b	1:Experimental evidence at protein level	16.18	1.0000	0.9990	0.00000000000000	4	3	4	5	4	5	1.7093008E7	1.7093008E7	1.7093008E7	18M(15.9949),7C(57.0215)		
tr|Q6NYV1|Q6NYV1_DANRE	Q6NYV1	Q6NYV1_DANRE	zgc:65867	503	false	false	Danio rerio	26S proteasome non-ATPase regulatory subunit 3	1:Experimental evidence at protein level	2.39	1.0000	0.9990	0.00000000000000	1	1	1	1	1	1	0	0	0			
tr|Q6NYV3|Q6NYV3_DANRE	Q6NYV3	Q6NYV3_DANRE	zgc:65861	199	false	false	Danio rerio	H1.0 linker histone	1:Experimental evidence at protein level	14.07	1.0000	0.9990	0.00000000000000	2	2	2	2	2	2	2128586.2	2128586.2	2128586.2	N-term(42.0106)		
tr|Q6NYW8|Q6NYW8_DANRE	Q6NYW8	Q6NYW8_DANRE	hnrpa0	314	false	false	Danio rerio	Heterogeneous nuclear ribonucleoprotein A0	1:Experimental evidence at protein level	5.10	1.0000	0.9990	0.00000000000000	1	1	1	1	1	1	1035722.06	1035722.06	1035722.06			
tr|Q6NZT9|Q6NZT9_DANRE	Q6NZT9	Q6NZT9_DANRE	zgc:55876	220	false	false	Danio rerio	Serine and arginine-rich-splicing factor 2b	1:Experimental evidence at protein level	21.82	1.0000	0.9990	0.00000000000000	3	1	1	6	2	2	1.0078036E7	0	0	12M(15.9949),N-term(42.0106),12M(15.9949)		
tr|Q6NZV3|Q6NZV3_DANRE	Q6NZV3	Q6NZV3_DANRE	zgc:77326	403	false	false	Danio rerio	Zgc:77326	1:Experimental evidence at protein level	2.98	1.0000	0.9989	0.00000000000000	1	1	1	1	1	1	3291127.8	3291127.8	3291127.8	11C(57.0215)		
tr|Q6P025|Q6P025_DANRE	Q6P025	Q6P025_DANRE	gnb3	338	false	false	Danio rerio	Gnb3 protein	1:Experimental evidence at protein level	68.64	1.0000	0.9990	0.00000000000000	15	15	15	25	25	25	1.64605952E8	1.64605952E8	1.64605952E8	10C(57.0215),11M(15.9949),12C(57.0215),27C(57.0215),10C(57.0215),12C(57.0215),21M(15.9949),27C(57.0215),11C(57.0215),11C(57.0215),11C(57.0215),11C(57.0215),12C(57.0215),11C(57.0215),12C(57.0215),11M(15.9949),12C(57.0215),14C(57.0215),3C(57.0215),12C(57.0215),14C(57.0215),3C(57.0215),14C(57.0215),15C(57.0215),14C(57.0215),15C(57.0215),16C(57.0215),16C(57.0215),16C(57.0215),24M(15.9949),25C(57.0215),7C(57.0215),25C(57.0215),5M(15.9949),7C(57.0215),25C(57.0215),7C(57.0215),2M(15.9949),4M(15.9949),7C(57.0215),4M(15.9949),7C(57.0215),7C(57.0215),7C(57.0215),7C(57.0215),9C(57.0215),9C(57.0215)		
tr|Q6P043|Q6P043_DANRE	Q6P043	Q6P043_DANRE	aldoab	364	false	false	Danio rerio	Fructose-bisphosphate aldolase	1:Experimental evidence at protein level	6.04	1.0000	0.9983	0.00000000000000	2	0	0	2	0	0	604159.9	0	0			
tr|Q6P0I2|Q6P0I2_DANRE	Q6P0I2	Q6P0I2_DANRE	zgc:77139	251	false	false	Danio rerio	Proteasome subunit alpha type	1:Experimental evidence at protein level	21.51	1.0000	0.9990	0.00000000000000	4	4	4	4	4	4	6677953.5	6677953.5	6677953.5			
tr|Q6P0T0|Q6P0T0_DANRE	Q6P0T0	Q6P0T0_DANRE	ndufs8	210	false	false	Danio rerio	NADH dehydrogenase [ubiquinone] iron-sulfur protein 8, mitochondrial	1:Experimental evidence at protein level	41.43	1.0000	0.9990	0.00000000000000	6	5	6	8	7	8	2.4716064E7	2.3261022E7	2.4716064E7	2C(57.0215),6C(57.0215),2C(57.0215),6C(57.0215)		
tr|Q6P102|Q6P102_DANRE	Q6P102	Q6P102_DANRE	hm:zehn0976	245	false	false	Danio rerio	Tyrosine 3-monooxygenase/tryptophan 5-monooxygenase activation protein, beta polypeptide-like	1:Experimental evidence at protein level	8.98	1.0000	0.9990	0.00000000000000	2	1	1	2	1	1	1.8547452E7	2264465.0	2264465.0			
tr|Q6P1J5|Q6P1J5_DANRE	Q6P1J5	Q6P1J5_DANRE	fk58f09	159	false	false	Danio rerio	ATP synthase F1 subunit delta	1:Experimental evidence at protein level	43.40	1.0000	0.9990	0.00000000000000	3	3	3	3	3	3	1.711972E7	1.711972E7	1.711972E7			
tr|Q6P271|Q6P271_DANRE	Q6P271	Q6P271_DANRE	atp1a3b	1023	false	false	Danio rerio	Sodium/potassium-transporting ATPase subunit alpha	1:Experimental evidence at protein level	24.63	1.0000	0.9990	0.00000000000000	22	7	22	28	8	28	1.18615536E8	3.5251592E7	1.18615536E8	1C(57.0215),6C(57.0215),3M(15.9949),3M(15.9949),4M(15.9949),5C(57.0215),5C(57.0215),5C(57.0215),5C(57.0215),9M(15.9949),7C(57.0215),8M(15.9949),9C(57.0215)		
tr|Q6P2M0|Q6P2M0_DANRE	Q6P2M0	Q6P2M0_DANRE	wu:fa93g12	148	false	false	Danio rerio	60S ribosomal protein L27a	1:Experimental evidence at protein level	35.14	1.0000	0.9990	0.00000000000000	3	3	3	3	3	3	1.282577E7	1.282577E7	1.282577E7	5C(57.0215),8C(57.0215)		
tr|Q6P3J5|Q6P3J5_DANRE	Q6P3J5	Q6P3J5_DANRE	EEF2	858	false	false	Danio rerio	Eukaryotic Translation Elongation factor 2B	1:Experimental evidence at protein level	29.37	1.0000	0.9990	0.00000000000000	20	10	20	23	12	23	3.472392E7	2.0253576E7	3.472392E7	10M(15.9949),11C(57.0215),11C(57.0215),16C(57.0215),2M(15.9949),4C(57.0215),5C(57.0215),5C(57.0215),5C(57.0215),6C(57.0215),7C(57.0215),7C(57.0215)		
tr|Q6P3L9|Q6P3L9_DANRE	Q6P3L9	Q6P3L9_DANRE	wu:fj43f02	542	false	false	Danio rerio	glutamate dehydrogenase [NAD(P)(+)]	1:Experimental evidence at protein level	1.85	1.0000	0.9990	0.00000000000000	1	0	1	1	0	1	947621.5	0	947621.5			
tr|Q6P4P8|Q6P4P8_DANRE	Q6P4P8	Q6P4P8_DANRE	zgc:73085	852	false	false	Danio rerio	Phosphodiesterase	1:Experimental evidence at protein level	6.34	1.0000	0.9990	0.00000000000000	4	4	4	5	5	5	9212325.0	9212325.0	9212325.0	10C(57.0215),1M(15.9949),3C(57.0215),10C(57.0215),3C(57.0215),11C(57.0215),2C(57.0215)		
tr|Q6P5K5|Q6P5K5_DANRE	Q6P5K5	Q6P5K5_DANRE	fa93f02	113	false	false	Danio rerio	60S acidic ribosomal protein P1	1:Experimental evidence at protein level	14.16	1.0000	0.9990	0.00000000000000	1	1	1	1	1	1	2475910.8	2475910.8	2475910.8			
tr|Q6P5L5|Q6P5L5_DANRE	Q6P5L5	Q6P5L5_DANRE	nduf8	188	false	false	Danio rerio	NADH dehydrogenase [ubiquinone] 1 beta subcomplex subunit 8, mitochondrial	1:Experimental evidence at protein level	21.28	1.0000	0.9962	0.00000000000000	3	3	3	3	3	3	8636092.0	8636092.0	8636092.0			
tr|Q6P5M3|Q6P5M3_DANRE	Q6P5M3	Q6P5M3_DANRE	hm:zeh0819	194	false	false	Danio rerio	40S ribosomal protein S9	1:Experimental evidence at protein level	10.31	1.0000	0.9988	0.00000000000000	2	2	2	2	2	2	7006557.5	7006557.5	7006557.5			
tr|Q6P5M9|Q6P5M9_DANRE	Q6P5M9	Q6P5M9_DANRE	tubb2c	445	false	false	Danio rerio	Tubulin beta chain	1:Experimental evidence at protein level	76.40	1.0000	0.9990	0.00000000000000	33	1	3	59	1	3	3.7024064E8	4962932.0	3.7635776E7			
tr|Q6P6E0|Q6P6E0_DANRE	Q6P6E0	Q6P6E0_DANRE	zgc:77946	103	false	false	Danio rerio	ATP synthase subunit	1:Experimental evidence at protein level	35.92	1.0000	0.9982	0.00000000000000	3	3	3	3	3	3	3.743314E7	3.743314E7	3.743314E7			
tr|Q6P6E2|Q6P6E2_DANRE	Q6P6E2	Q6P6E2_DANRE	wu:fa91f03	115	false	false	Danio rerio	40S ribosomal protein S26	1:Experimental evidence at protein level	23.48	1.0000	0.9990	0.00000000000000	2	0	2	2	0	2	9382223.0	0	9382223.0	4C(57.0215),7C(57.0215)		tr|Q6PBZ2|Q6PBZ2_DANRE
tr|Q6P6E5|Q6P6E5_DANRE	Q6P6E5	Q6P6E5_DANRE	zgc:77820	120	false	false	Danio rerio	NADH dehydrogenase [ubiquinone] 1 beta subcomplex subunit 7	1:Experimental evidence at protein level	50.00	1.0000	0.9976	0.00000000000000	3	3	3	3	3	3	4153968.2	4153968.2	4153968.2	6C(57.0215),9M(15.9949)		
tr|Q6P6E7|Q6P6E7_DANRE	Q6P6E7	Q6P6E7_DANRE	zgc:77758	119	false	false	Danio rerio	40S ribosomal protein S20	1:Experimental evidence at protein level	25.21	1.0000	0.9986	0.00000000000000	4	4	4	5	5	5	2.5492246E7	2.5492246E7	2.5492246E7	N-term(42.0106)		
tr|Q6P937|Q6P937_DANRE	Q6P937	Q6P937_DANRE	wu:fb61d08	235	false	false	Danio rerio	Clathrin light chain	1:Experimental evidence at protein level	29.36	1.0000	0.9990	0.00000000000000	4	3	4	5	4	5	1.3748942E7	1.2840871E7	1.3748942E7	25C(57.0215),2C(57.0215)		
tr|Q6P967|Q6P967_DANRE	Q6P967	Q6P967_DANRE	zgc:73153	354	false	false	Danio rerio	Zgc:73153	1:Experimental evidence at protein level	14.69	1.0000	0.9990	0.00000000000000	4	3	3	5	4	4	6341052.0	2593523.5	2593523.5	10C(57.0215),1M(15.9949)		
tr|Q6P969|Q6P969_DANRE	Q6P969	Q6P969_DANRE	zgc:73138	462	false	false	Danio rerio	Elongation factor 1-alpha	1:Experimental evidence at protein level	12.99	1.0000	0.9990	0.00000000000000	6	0	0	7	0	0	7.5119776E7	0	0			
tr|Q6P972|Q6P972_DANRE	Q6P972	Q6P972_DANRE	zgc:73108	451	false	false	Danio rerio	Tubulin alpha chain	1:Experimental evidence at protein level	66.52	1.0000	0.9990	0.00000000000000	21	3	18	31	3	24	4.65305696E8	3.2112644E7	3.07508448E8	11M(15.9949),15C(57.0215),22M(15.9949),2C(57.0215),18C(57.0215),23C(57.0215),2C(57.0215),5M(15.9949),7C(57.0215),8C(57.0215),6C(57.0215),8C(57.0215),8C(57.0215),8M(15.9949),8M(15.9949),8M(15.9949),8M(15.9949),9C(57.0215)		
tr|Q6PBB2|Q6PBB2_DANRE	Q6PBB2	Q6PBB2_DANRE	p110a	688	false	false	Danio rerio	RNA helicase	2:Experimental evidence at transcript level	7.27	1.0000	0.9990	0.00000000000000	4	0	4	4	0	4	2057146.4	0	2057146.4	2C(57.0215),2C(57.0215)		
tr|Q6PBH6|Q6PBH6_DANRE	Q6PBH6	Q6PBH6_DANRE	zgc:73404	474	false	false	Danio rerio	Ubiquinol-cytochrome c reductase core protein I	1:Experimental evidence at protein level	15.61	1.0000	0.9990	0.00000000000000	5	4	5	5	4	5	7070074.0	3628360.2	7070074.0	11C(57.0215),19C(57.0215),6C(57.0215),9C(57.0215),9C(57.0215)		
tr|Q6PBI0|Q6PBI0_DANRE	Q6PBI0	Q6PBI0_DANRE	SUCLA2	466	false	false	Danio rerio	Succinate--CoA ligase [ADP-forming] subunit beta, mitochondrial	1:Experimental evidence at protein level	4.29	1.0000	0.9990	0.00000000000000	2	2	2	2	2	2	2522690.0	2522690.0	2522690.0	2C(57.0215),8C(57.0215)		
tr|Q6PBJ8|Q6PBJ8_DANRE	Q6PBJ8	Q6PBJ8_DANRE	zgc:73373	108	false	false	Danio rerio	peptidylprolyl isomerase	1:Experimental evidence at protein level	57.41	1.0000	0.9990	0.00000000000000	5	4	5	6	5	6	1.6440823E7	1.6440823E7	1.6440823E7	3C(57.0215),5C(57.0215),5C(57.0215),5C(57.0215),9M(15.9949)		
tr|Q6PBM0|Q6PBM0_DANRE	Q6PBM0	Q6PBM0_DANRE	wu:fb39a11	355	false	false	Danio rerio	NADH dehydrogenase [ubiquinone] 1 alpha subcomplex subunit 10, mitochondrial	1:Experimental evidence at protein level	15.49	1.0000	0.9990	0.00000000000000	4	4	4	4	4	4	1.3007077E7	1.3007077E7	1.3007077E7			
tr|Q6PBM9|Q6PBM9_DANRE	Q6PBM9	Q6PBM9_DANRE	arr3	362	false	false	Danio rerio	Arrestin 3, retinal (X-arrestin)	1:Experimental evidence at protein level	3.87	1.0000	0.9990	0.00000000000000	2	2	2	2	2	2	2285066.5	2285066.5	2285066.5			
tr|Q6PBR4|Q6PBR4_DANRE	Q6PBR4	Q6PBR4_DANRE	gngt2	69	false	false	Danio rerio	Guanine nucleotide-binding protein subunit gamma	2:Experimental evidence at transcript level	17.39	1.0000	0.9990	0.00000000000000	1	0	0	1	0	0	5247312.0	0	0			
tr|Q6PBR5|Q6PBR5_DANRE	Q6PBR5	Q6PBR5_DANRE	wu:fa12a02	118	false	false	Danio rerio	V-type proton ATPase subunit G	1:Experimental evidence at protein level	66.10	1.0000	0.9990	0.00000000000000	8	8	8	10	10	10	6.135376E7	6.135376E7	6.135376E7	1M(15.9949),3C(57.0215),1M(15.9949),3C(57.0215),N-term(42.0106),N-term(42.0106),N-term(42.0106)		
tr|Q6PBW3|Q6PBW3_DANRE	Q6PBW3	Q6PBW3_DANRE	rps14	151	false	false	Danio rerio	40S ribosomal protein S14	1:Experimental evidence at protein level	8.61	1.0000	0.9990	0.00000000000000	1	1	1	1	1	1	1108152.4	1108152.4	1108152.4			
tr|Q6PBW4|Q6PBW4_DANRE	Q6PBW4	Q6PBW4_DANRE	wu:fa97f08	216	false	false	Danio rerio	Peptidyl-prolyl cis-trans isomerase	1:Experimental evidence at protein level	3.70	1.0000	0.9990	0.00000000000000	1	1	1	1	1	1	0	0	0			
tr|Q6PBW6|Q6PBW6_DANRE	Q6PBW6	Q6PBW6_DANRE	wu:fc58a11	535	false	false	Danio rerio	T-complex protein 1 subunit beta	1:Experimental evidence at protein level	15.33	1.0000	0.9990	0.00000000000000	5	5	5	5	5	5	5366323.0	5366323.0	5366323.0	7C(57.0215)		
tr|Q6PBW7|Q6PBW7_DANRE	Q6PBW7	Q6PBW7_DANRE	zgc:73211	146	false	false	Danio rerio	40S ribosomal protein S19	1:Experimental evidence at protein level	15.07	1.0000	0.9988	0.00000000000000	2	2	2	2	2	2	1.1154446E7	1.1154446E7	1.1154446E7	5C(57.0215),5C(57.0215)		
tr|Q6PBW8|Q6PBW8_DANRE	Q6PBW8	Q6PBW8_DANRE	zgc:73210	232	false	false	Danio rerio	palmitoyl-protein hydrolase	1:Experimental evidence at protein level	8.19	1.0000	0.9990	0.00000000000000	2	2	2	2	2	2	4439749.0	4439749.0	4439749.0			
tr|Q6PBX1|Q6PBX1_DANRE	Q6PBX1	Q6PBX1_DANRE	zgc:73206	159	false	false	Danio rerio	Peptidyl-prolyl cis-trans isomerase	1:Experimental evidence at protein level	8.18	1.0000	0.9990	0.00000000000000	2	2	2	2	2	2	2464816.8	2464816.8	2464816.8	N-term(42.0106),N-term(42.0106)		
tr|Q6PBX8|Q6PBX8_DANRE	Q6PBX8	Q6PBX8_DANRE	zgc:73198	244	false	false	Danio rerio	NADH dehydrogenase [ubiquinone] flavoprotein 2, mitochondrial	1:Experimental evidence at protein level	28.69	1.0000	0.9990	0.00000000000000	4	4	4	4	4	4	1894813.0	1894813.0	1894813.0	3C(57.0215)		
tr|Q6PBY6|Q6PBY6_DANRE	Q6PBY6	Q6PBY6_DANRE	TOM70	578	false	false	Danio rerio	Translocase of outer mitochondrial membrane 70 homolog A (Yeast)	1:Experimental evidence at protein level	9.34	1.0000	0.9990	0.00000000000000	4	4	4	4	4	4	3106984.0	3106984.0	3106984.0	16C(57.0215),1C(57.0215),9C(57.0215),N-term(42.0106)		
tr|Q6PBY8|Q6PBY8_DANRE	Q6PBY8	Q6PBY8_DANRE	skp1a	163	false	false	Danio rerio	S-phase kinase-associated protein 1	1:Experimental evidence at protein level	10.43	1.0000	0.9990	0.00000000000000	1	1	1	1	1	1	1739182.0	1739182.0	1739182.0			
tr|Q6PBZ1|Q6PBZ1_DANRE	Q6PBZ1	Q6PBZ1_DANRE	zgc:86667	266	false	false	Danio rerio	60S ribosomal protein L7a	1:Experimental evidence at protein level	31.95	1.0000	0.9990	0.00000000000000	6	6	6	7	7	7	6.2130732E7	6.2130732E7	6.2130732E7	24C(57.0215),2C(57.0215),2C(57.0215)		
tr|Q6PC07|Q6PC07_DANRE	Q6PC07	Q6PC07_DANRE	purpurin	196	false	false	Danio rerio	Purpurin (Fragment)	1:Experimental evidence at protein level	9.18	1.0000	0.9990	0.00000000000000	1	1	1	1	1	1	0	0	0	8C(57.0215)		
tr|Q6PC13|Q6PC13_DANRE	Q6PC13	Q6PC13_DANRE	phb2	302	false	false	Danio rerio	Prohibitin	1:Experimental evidence at protein level	11.92	1.0000	0.9990	0.00000000000000	2	2	2	2	2	2	5611593.5	5611593.5	5611593.5			
tr|Q6PC16|Q6PC16_DANRE	Q6PC16	Q6PC16_DANRE	zgc:86843	170	false	false	Danio rerio	NADH dehydrogenase [ubiquinone] 1 beta subcomplex subunit 10	1:Experimental evidence at protein level	43.53	1.0000	0.9989	0.00000000000000	5	5	5	6	6	6	8218972.0	8218972.0	8218972.0	15C(57.0215),21M(15.9949),8C(57.0215)		
tr|Q6PC22|Q6PC22_DANRE	Q6PC22	Q6PC22_DANRE	zgc:73139	172	false	false	Danio rerio	NADH dehydrogenase [ubiquinone] 1 alpha subcomplex subunit 8	1:Experimental evidence at protein level	5.81	1.0000	0.9990	0.00000000000000	1	1	1	1	1	1	477737.66	477737.66	477737.66			
tr|Q6PC38|Q6PC38_DANRE	Q6PC38	Q6PC38_DANRE	rcv2a	193	false	false	Danio rerio	Recoverin	1:Experimental evidence at protein level	53.37	1.0000	0.9990	0.00000000000000	7	7	7	8	8	8	1.8707312E7	1.8707312E7	1.8707312E7	5C(57.0215),7C(57.0215)		
tr|Q6PC41|Q6PC41_DANRE	Q6PC41	Q6PC41_DANRE	zgc:73118	153	false	false	Danio rerio	Histone deacetylase complex subunit SAP18	1:Experimental evidence at protein level	12.42	1.0000	0.9990	0.00000000000000	1	1	1	1	1	1	0	0	0			
tr|Q6PC44|Q6PC44_DANRE	Q6PC44	Q6PC44_DANRE	calb2l	271	false	false	Danio rerio	Calretinin	1:Experimental evidence at protein level	9.59	1.0000	0.9990	0.00000000000000	2	2	2	2	2	2	1249565.2	1249565.2	1249565.2	8C(57.0215)		
tr|Q6PC53|Q6PC53_DANRE	Q6PC53	Q6PC53_DANRE	ppial	164	false	false	Danio rerio	Peptidyl-prolyl cis-trans isomerase	1:Experimental evidence at protein level	35.98	1.0000	0.9990	0.00000000000000	4	3	4	4	3	4	3.1679498E7	2.6476144E7	3.1679498E7	7C(57.0215)		
tr|Q6PC77|Q6PC77_DANRE	Q6PC77	Q6PC77_DANRE	atp5h	161	false	false	Danio rerio	ATP synthase subunit d, mitochondrial	1:Experimental evidence at protein level	54.66	1.0000	0.9990	0.00000000000000	8	8	8	9	9	9	3.5945448E7	3.5945448E7	3.5945448E7			
tr|Q6PC80|Q6PC80_DANRE	Q6PC80	Q6PC80_DANRE	chunp6933	204	false	false	Danio rerio	40S ribosomal protein S5 isoform X1	1:Experimental evidence at protein level	32.35	1.0000	0.9990	0.00000000000000	5	5	5	6	6	6	5.363804E7	5.363804E7	5.363804E7	10C(57.0215),5C(57.0215),5C(57.0215),9C(57.0215),N-term(42.0106)		
tr|Q6PC89|Q6PC89_DANRE	Q6PC89	Q6PC89_DANRE	zgc:73056	433	false	false	Danio rerio	phosphopyruvate hydratase	1:Experimental evidence at protein level	6.47	1.0000	0.9990	0.00000000000000	2	0	0	3	0	0	6811747.0	0	0			
tr|Q6PC90|Q6PC90_DANRE	Q6PC90	Q6PC90_DANRE	fa95a02	132	false	false	Danio rerio	40S ribosomal protein S12	1:Experimental evidence at protein level	37.88	1.0000	0.9990	0.00000000000000	4	4	4	4	4	4	2.5177432E7	2.5177432E7	2.5177432E7	11C(57.0215),5C(57.0215),5C(57.0215),7C(57.0215),5C(57.0215),7C(57.0215),8C(57.0215)		
tr|Q6PC95|Q6PC95_DANRE	Q6PC95	Q6PC95_DANRE	zgc:73046	449	false	false	Danio rerio	Tubulin alpha chain	1:Experimental evidence at protein level	46.33	1.0000	0.9989	0.00000000000000	16	0	0	25	0	0	4.46290912E8	0	0			
tr|Q6PE34|Q6PE34_DANRE	Q6PE34	Q6PE34_DANRE	fj33a08	444	false	false	Danio rerio	Tubulin beta chain	1:Experimental evidence at protein level	66.44	1.0000	0.9990	0.00000000000000	25	4	5	40	4	6	2.99816448E8	2.29733E7	3.60116E7			
tr|Q6PEI6|Q6PEI6_DANRE	Q6PEI6	Q6PEI6_DANRE	wu:fc20c11	782	false	false	Danio rerio	Aconitate hydratase, mitochondrial	1:Experimental evidence at protein level	10.61	1.0000	0.9990	0.00000000000000	5	5	5	7	7	7	1.0008399E7	1.0008399E7	1.0008399E7	11C(57.0215),14C(57.0215),15M(15.9949),7C(57.0215),7C(57.0215)		
tr|Q6PFJ6|Q6PFJ6_DANRE	Q6PFJ6	Q6PFJ6_DANRE	gstm	219	false	false	Danio rerio	glutathione transferase	1:Experimental evidence at protein level	5.48	1.0000	0.9990	0.00000000000000	1	1	1	1	1	1	0	0	0	4C(57.0215)		
tr|Q6PFM3|Q6PFM3_DANRE	Q6PFM3	Q6PFM3_DANRE	wu:fj94c07	682	false	false	Danio rerio	Solute carrier family 25 (Mitochondrial carrier, Aralar), member 12	1:Experimental evidence at protein level	6.74	1.0000	0.9990	0.00000000000000	3	2	3	4	3	4	3802028.2	3105447.5	3802028.2			
tr|Q6PFQ5|Q6PFQ5_DANRE	Q6PFQ5	Q6PFQ5_DANRE	zgc:66119	1025	false	false	Danio rerio	RNA cytidine acetyltransferase	1:Experimental evidence at protein level	1.46	1.0000	0.9990	0.00000000000000	1	1	1	1	1	1	624040.6	624040.6	624040.6			
tr|Q6PFS4|Q6PFS4_DANRE	Q6PFS4	Q6PFS4_DANRE	wu:fd16e04	757	false	false	Danio rerio	MICOS complex subunit MIC60	1:Experimental evidence at protein level	4.89	1.0000	0.9990	0.00000000000000	2	2	2	3	3	3	6490308.5	6490308.5	6490308.5			
tr|Q6PFT0|Q6PFT0_DANRE	Q6PFT0	Q6PFT0_DANRE	zgc:64103	428	false	false	Danio rerio	Flotillin	1:Experimental evidence at protein level	2.10	1.0000	0.9990	0.00000000000000	1	0	0	1	0	0	348844.38	0	0			
tr|Q6PFT7|Q6PFT7_DANRE	Q6PFT7	Q6PFT7_DANRE	wu:fb08h08	142	false	false	Danio rerio	Coactosin-like 1	1:Experimental evidence at protein level	12.68	1.0000	0.9990	0.00000000000000	1	1	1	1	1	1	1389963.5	1389963.5	1389963.5			
tr|Q6PGX4|Q6PGX4_DANRE	Q6PGX4	Q6PGX4_DANRE	zgc:63663	647	false	false	Danio rerio	Heat shock cognate 70	1:Experimental evidence at protein level	19.47	1.0000	0.9990	0.00000000000000	9	0	1	9	0	1	3.5169296E7	0	6164666.0			
tr|Q6PH46|Q6PH46_DANRE	Q6PH46	Q6PH46_DANRE	zgc:77192	533	false	false	Danio rerio	T-complex protein 1 subunit delta	1:Experimental evidence at protein level	11.63	1.0000	0.9990	0.00000000000000	5	5	5	5	5	5	1.3322658E7	1.3322658E7	1.3322658E7	5M(15.9949),9C(57.0215),7C(57.0215)		
tr|Q6PHE4|Q6PHE4_DANRE	Q6PHE4	Q6PHE4_DANRE	krtt1c6	405	false	false	Danio rerio	Zgc:77517	1:Experimental evidence at protein level	2.22	1.0000	0.9990	0.00000000000000	2	1	1	1	0	0	6.8573504E7	6.7362992E7	6.7362992E7			
tr|Q6PHI8|Q6PHI8_DANRE	Q6PHI8	Q6PHI8_DANRE	TKT	625	false	false	Danio rerio	Tkt protein	1:Experimental evidence at protein level	24.48	1.0000	0.9990	0.00000000000000	9	9	9	10	10	10	1.8211496E7	1.8211496E7	1.8211496E7	19C(57.0215),1C(57.0215),20C(57.0215),5C(57.0215)		
tr|Q6PHK7|Q6PHK7_DANRE	Q6PHK7	Q6PHK7_DANRE	zgc:65921	897	false	false	Danio rerio	26S proteasome non-ATPase regulatory subunit 2	1:Experimental evidence at protein level	2.12	1.0000	0.9990	0.00000000000000	1	1	1	1	1	1	1194588.9	1194588.9	1194588.9			
tr|Q6Q417|Q6Q417_DANRE	Q6Q417	Q6Q417_DANRE	rpl7	246	false	false	Danio rerio	60S ribosomal protein L7	1:Experimental evidence at protein level	23.17	1.0000	0.9990	0.00000000000000	4	4	4	4	4	4	8698495.0	8698495.0	8698495.0	5C(57.0215),9C(57.0215)		
tr|Q6Q418|Q6Q418_DANRE	Q6Q418	Q6Q418_DANRE	zgc:110350	403	false	false	Danio rerio	60S ribosomal protein L3	1:Experimental evidence at protein level	7.44	1.0000	0.9990	0.00000000000000	2	2	2	3	3	3	1.8613334E7	1.8613334E7	1.8613334E7	20M(15.9949)		
tr|Q6TGS5|Q6TGS5_DANRE	Q6TGS5	Q6TGS5_DANRE	zgc:76934	449	false	false	Danio rerio	Tubulin alpha chain	1:Experimental evidence at protein level	32.96	1.0000	0.9990	0.00000000000000	13	3	5	19	4	7	6.5698458E8	3.57549248E8	4.28408128E8			
tr|Q6TGT9|Q6TGT9_DANRE	Q6TGT9	Q6TGT9_DANRE	SFRS5	259	false	false	Danio rerio	Splicing factor, arginine/serine-rich 5	1:Experimental evidence at protein level	25.48	1.0000	0.9990	0.00000000000000	7	5	7	7	5	7	1.5568894E7	9143782.0	1.5568894E7			
tr|Q6TGU0|Q6TGU0_DANRE	Q6TGU0	Q6TGU0_DANRE	SET	275	false	false	Danio rerio	Myeloid leukemia-associated SET translocation protein	1:Experimental evidence at protein level	26.55	1.0000	0.9990	0.00000000000000	6	3	6	7	4	7	5.9842292E7	1.5484908E7	5.9842292E7			
tr|Q6TGV6|Q6TGV6_DANRE	Q6TGV6	Q6TGV6_DANRE	PSMA5	241	false	false	Danio rerio	Proteasome subunit alpha type	1:Experimental evidence at protein level	7.88	1.0000	0.9990	0.00000000000000	1	1	1	1	1	1	2394251.2	2394251.2	2394251.2			
tr|Q6TH14|Q6TH14_DANRE	Q6TH14	Q6TH14_DANRE	ENO1	433	false	false	Danio rerio	phosphopyruvate hydratase	1:Experimental evidence at protein level	13.39	1.0000	0.9990	0.00000000000000	4	2	2	4	2	2	1.3179638E7	2700550.0	2700550.0			
tr|Q6TH32|Q6TH32_DANRE	Q6TH32	Q6TH32_DANRE	CFL2	165	false	false	Danio rerio	Cofilin-1	1:Experimental evidence at protein level	18.79	1.0000	0.9990	0.00000000000000	3	3	3	4	4	4	2.9626862E7	2.9626862E7	2.9626862E7			
tr|Q6TNR5|Q6TNR5_DANRE	Q6TNR5	Q6TNR5_DANRE	wu:fb13h02	164	false	false	Danio rerio	Peptidyl-prolyl cis-trans isomerase	1:Experimental evidence at protein level	34.76	1.0000	0.9990	0.00000000000000	4	4	4	4	4	4	1.8766146E7	1.8766146E7	1.8766146E7	3C(57.0215),7C(57.0215)		
tr|Q6TNT8|Q6TNT8_DANRE	Q6TNT8	Q6TNT8_DANRE	gnai2l	355	false	false	Danio rerio	Guanine nucleotide binding protein (G protein), alpha inhibiting activity polypeptide 2	1:Experimental evidence at protein level	10.42	1.0000	0.9985	0.00000000000000	4	0	0	5	0	0	1.19154888E8	0	0			
tr|Q6TNV0|Q6TNV0_DANRE	Q6TNV0	Q6TNV0_DANRE	COX4I1	169	false	false	Danio rerio	Cytochrome c oxidase subunit 4	1:Experimental evidence at protein level	17.16	1.0000	0.9983	0.00000000000000	3	2	3	3	2	3	6716707.0	2414404.8	6716707.0			
tr|Q6TNW3|Q6TNW3_DANRE	Q6TNW3	Q6TNW3_DANRE	ABCE1	599	false	false	Danio rerio	ATP-binding cassette sub-family E member 1	1:Experimental evidence at protein level	2.00	1.0000	0.9990	0.00000000000000	1	1	1	1	1	1	0	0	0			
tr|Q6W6P1|Q6W6P1_DANRE	Q6W6P1	Q6W6P1_DANRE	cb465	138	false	false	Danio rerio	Cellular retinol-binding protein type 1	1:Experimental evidence at protein level	11.59	1.0000	0.9990	0.00000000000000	1	1	1	1	1	1	2345165.8	2345165.8	2345165.8			
tr|Q6XG62|Q6XG62_DANRE	Q6XG62	Q6XG62_DANRE	s100a4a	95	false	false	Danio rerio	Protein S100	1:Experimental evidence at protein level	13.68	1.0000	0.9990	0.00000000000000	1	1	1	1	1	1	1947990.8	1947990.8	1947990.8			
tr|Q6YJK1|Q6YJK1_DANRE	Q6YJK1	Q6YJK1_DANRE	amhc	1936	false	false	Danio rerio	Atrial myosin heavy chain	1:Experimental evidence at protein level	9.35	1.0000	0.9858	0.00082712985939	17	0	0	20	0	0	1.08806488E8	0	0			
tr|Q7SX94|Q7SX94_DANRE	Q7SX94	Q7SX94_DANRE	zgc:66282	126	false	false	Danio rerio	Prefoldin subunit 6	1:Experimental evidence at protein level	17.46	1.0000	0.9989	0.00000000000000	2	2	2	2	2	2	654205.56	654205.56	654205.56			
tr|Q7SXA3|Q7SXA3_DANRE	Q7SXA3	Q7SXA3_DANRE	zgc:66168	156	false	false	Danio rerio	Ubiquitin-40S ribosomal protein S27a	1:Experimental evidence at protein level	59.62	1.0000	0.9990	0.00000000000000	11	2	11	15	3	15	2.56951152E8	1.406925E7	2.56951152E8	13M(15.9949),2C(57.0215),7C(57.0215),1C(57.0215),2C(57.0215),6C(57.0215),2C(57.0215),7C(57.0215),3C(57.0215),8C(57.0215)		
tr|Q7SXL4|Q7SXL4_DANRE	Q7SXL4	Q7SXL4_DANRE	ndpkz2	153	false	false	Danio rerio	Nucleoside diphosphate kinase	1:Experimental evidence at protein level	13.73	1.0000	0.9985	0.00000000000000	2	0	0	3	0	0	1.796339E7	0	0			
tr|Q7SXM1|Q7SXM1_DANRE	Q7SXM1	Q7SXM1_DANRE	zgc:66195	86	false	false	Danio rerio	Cytochrome c oxidase subunit	1:Experimental evidence at protein level	26.74	1.0000	0.9990	0.00000000000000	2	2	2	3	3	3	8923624.0	8923624.0	8923624.0	2C(57.0215),2C(57.0215),7C(57.0215)		
tr|Q7SXM2|Q7SXM2_DANRE	Q7SXM2	Q7SXM2_DANRE	zgc:56568	798	false	false	Danio rerio	Phospholipase A2-activating protein	1:Experimental evidence at protein level	2.01	1.0000	0.9989	0.00000000000000	1	1	1	1	1	1	900582.0	900582.0	900582.0			
tr|Q7SXN2|Q7SXN2_DANRE	Q7SXN2	Q7SXN2_DANRE	hnrpdl	296	false	false	Danio rerio	Heterogeneous Nuclear ribonucleoprotein D-like	1:Experimental evidence at protein level	3.38	1.0000	0.9990	0.00000000000000	1	1	1	1	1	1	2554439.5	2554439.5	2554439.5	7C(57.0215)		
tr|Q7SXN6|Q7SXN6_DANRE	Q7SXN6	Q7SXN6_DANRE	psma6a	246	false	false	Danio rerio	Proteasome subunit alpha type	1:Experimental evidence at protein level	10.16	1.0000	0.9990	0.00000000000000	2	0	2	2	0	2	3388887.2	0	3388887.2			
tr|Q7SXU3|Q7SXU3_DANRE	Q7SXU3	Q7SXU3_DANRE	aldh2a	516	false	false	Danio rerio	Aldehyde dehydrogenase 2 family (Mitochondrial)a	1:Experimental evidence at protein level	2.71	1.0000	0.9990	0.00000000000000	1	0	0	2	0	0	2900670.8	0	0			
tr|Q7SY46|Q7SY46_DANRE	Q7SY46	Q7SY46_DANRE	zgc:63516	617	false	false	Danio rerio	H(+)-transporting two-sector ATPase	1:Experimental evidence at protein level	17.18	1.0000	0.9990	0.00000000000000	6	2	6	6	2	6	6206142.0	2507386.5	6206142.0	12C(57.0215)		
tr|Q7SYM1|Q7SYM1_DANRE	Q7SYM1	Q7SYM1_DANRE	wu:fi75f05	639	false	false	Danio rerio	Forkhead box K1	1:Experimental evidence at protein level	3.60	1.0000	0.9838	0.00109080992637	2	0	2	2	0	2	1932689.5	0	1932689.5			
tr|Q7SZD3|Q7SZD3_DANRE	Q7SZD3	Q7SZD3_DANRE	fi36d04	650	false	false	Danio rerio	78 kDa glucose-regulated protein	1:Experimental evidence at protein level	14.15	1.0000	0.9990	0.00000000000000	6	5	6	6	5	6	8100665.0	6664011.5	8100665.0			
tr|Q7SZP4|Q7SZP4_DANRE	Q7SZP4	Q7SZP4_DANRE	cb126	562	false	false	Danio rerio	Zgc:65851	1:Experimental evidence at protein level	1.42	1.0000	0.9990	0.00000000000000	1	0	0	1	0	0	3068552.5	0	0			
tr|Q7SZS0|Q7SZS0_DANRE	Q7SZS0	Q7SZS0_DANRE	zgc:77372	248	false	false	Danio rerio	Serine and arginine-rich-splicing factor 10b	1:Experimental evidence at protein level	6.45	1.0000	0.9990	0.00000000000000	1	1	1	1	1	1	0	0	0			
tr|Q7T1J9|Q7T1J9_DANRE	Q7T1J9	Q7T1J9_DANRE	zgc:65936	166	false	false	Danio rerio	40S ribosomal protein S10	1:Experimental evidence at protein level	14.46	1.0000	0.9990	0.00000000000000	2	2	2	2	2	2	4.555026E7	4.555026E7	4.555026E7			
tr|Q7T1K0|Q7T1K0_DANRE	Q7T1K0	Q7T1K0_DANRE	zgc:65996	184	false	false	Danio rerio	60S ribosomal protein L17	1:Experimental evidence at protein level	14.67	1.0000	0.9990	0.00000000000000	2	2	2	3	3	3	1.310749E7	1.310749E7	1.310749E7			
tr|Q7T2A0|Q7T2A0_DANRE	Q7T2A0	Q7T2A0_DANRE	zgc:64175	297	false	false	Danio rerio	Transformer 2 alpha homolog	1:Experimental evidence at protein level	4.71	1.0000	0.9990	0.00000000000000	1	1	1	1	1	1	0	0	0			
tr|Q7T2C6|Q7T2C6_DANRE	Q7T2C6	Q7T2C6_DANRE	rab7	207	false	false	Danio rerio	RAB7, member RAS oncogene family	1:Experimental evidence at protein level	5.31	1.0000	0.9975	0.00000000000000	1	0	0	1	0	0	5005555.0	0	0			
tr|Q7T2F7|Q7T2F7_DANRE	Q7T2F7	Q7T2F7_DANRE	zgc:63904	194	false	false	Danio rerio	Calcineurin-like EF-hand protein 1	1:Experimental evidence at protein level	8.25	1.0000	0.9990	0.00000000000000	1	1	1	1	1	1	0	0	0			
tr|Q7T2P7|Q7T2P7_DANRE	Q7T2P7	Q7T2P7_DANRE	cb195	371	false	false	Danio rerio	Glutamine synthetase	1:Experimental evidence at protein level	19.95	1.0000	0.9990	0.00000000000000	4	3	4	5	4	5	1.242247E7	8456865.0	1.242247E7	12C(57.0215),12C(57.0215),2C(57.0215),4M(15.9949),N-term(42.0106)		
tr|Q7T334|Q7T334_DANRE	Q7T334	Q7T334_DANRE	zgc:64133	337	false	false	Danio rerio	Malate dehydrogenase	1:Experimental evidence at protein level	5.64	1.0000	0.9990	0.00000000000000	1	1	1	1	1	1	2681200.0	2681200.0	2681200.0			
tr|Q7T368|Q7T368_DANRE	Q7T368	Q7T368_DANRE	wu:fc76a05	359	false	false	Danio rerio	Pyruvate dehydrogenase E1 component subunit beta	1:Experimental evidence at protein level	7.52	1.0000	0.9990	0.00000000000000	2	2	2	2	2	2	2345590.2	2345590.2	2345590.2			
tr|Q7T399|Q7T399_DANRE	Q7T399	Q7T399_DANRE	rhoae	193	false	false	Danio rerio	Ras homolog family member CA	1:Experimental evidence at protein level	30.05	1.0000	0.9987	0.00000000000000	5	0	0	5	0	0	1.7586892E7	0	0			
tr|Q7T3B1|Q7T3B1_DANRE	Q7T3B1	Q7T3B1_DANRE	zgc:63995	433	false	false	Danio rerio	26S protease regulatory subunit 7	1:Experimental evidence at protein level	6.93	1.0000	0.9990	0.00000000000000	2	2	2	3	3	3	628437.6	628437.6	628437.6			
tr|Q7T3C1|Q7T3C1_DANRE	Q7T3C1	Q7T3C1_DANRE	fj48e12	309	false	false	Danio rerio	Transcription elongation factor	1:Experimental evidence at protein level	3.56	1.0000	0.9990	0.00000000000000	1	1	1	1	1	1	324118.72	324118.72	324118.72	4C(57.0215)		
tr|Q7T3D3|Q7T3D3_DANRE	Q7T3D3	Q7T3D3_DANRE	zgc:63957	354	false	false	Danio rerio	Guanine nucleotide-binding protein (G protein), alpha-inhibiting activity polypeptide 1	1:Experimental evidence at protein level	14.97	1.0000	0.9990	0.00000000000000	5	1	2	6	1	2	1.19154888E8	0	1190722.1	6C(57.0215)		
tr|Q7T3G2|Q7T3G2_DANRE	Q7T3G2	Q7T3G2_DANRE	zgc:63883	246	false	false	Danio rerio	14-3-3 protein eta	1:Experimental evidence at protein level	3.25	1.0000	0.9990	0.00000000000000	1	0	0	1	0	0	1.6282987E7	0	0			
tr|Q7T3T6|Q7T3T6_DANRE	Q7T3T6	Q7T3T6_DANRE	tnr	1350	false	false	Danio rerio	Tenascin-R	1:Experimental evidence at protein level	1.26	1.0000	0.9990	0.00000000000000	1	1	1	1	1	1	0	0	0	3C(57.0215),5C(57.0215)		
tr|Q7ZSY3|Q7ZSY3_DANRE	Q7ZSY3	Q7ZSY3_DANRE	smarca4	1627	false	false	Danio rerio	Brahma protein-like protein 1	1:Experimental evidence at protein level	0.92	1.0000	0.9990	0.00000000000000	1	1	1	1	1	1	492783.44	492783.44	492783.44			
tr|Q7ZT21|Q7ZT21_DANRE	Q7ZT21	Q7ZT21_DANRE	hbae1.3	143	false	false	Danio rerio	Embryonic alpha globin e1	1:Experimental evidence at protein level	34.97	1.0000	0.9990	0.00000000000000	4	4	4	5	5	5	9382899.0	9382899.0	9382899.0			
tr|Q7ZTH6|Q7ZTH6_DANRE	Q7ZTH6	Q7ZTH6_DANRE	fb14g10	471	false	false	Danio rerio	Hydroxyacyl-Coenzyme A dehydrogenase/3-ketoacyl-Coenzyme A thiolase/enoyl-Coenzyme A hydratase (Trifunctional protein), beta subunit	1:Experimental evidence at protein level	14.23	1.0000	0.9990	0.00000000000000	6	6	6	8	8	8	1.961207E7	1.961207E7	1.961207E7	14M(15.9949)		
tr|Q7ZTI4|Q7ZTI4_DANRE	Q7ZTI4	Q7ZTI4_DANRE	wu:fc55h08	218	false	false	Danio rerio	Ubiquitin carboxyl-terminal hydrolase	1:Experimental evidence at protein level	4.13	1.0000	0.9990	0.00000000000000	1	1	1	1	1	1	2182342.0	2182342.0	2182342.0	7C(57.0215)		
tr|Q7ZTX2|Q7ZTX2_DANRE	Q7ZTX2	Q7ZTX2_DANRE	wu:fk47f04	334	false	false	Danio rerio	WD repeat domain 5	1:Experimental evidence at protein level	4.49	1.0000	0.9989	0.00000000000000	1	1	1	1	1	1	2411996.0	2411996.0	2411996.0	14C(57.0215)		
tr|Q7ZTZ4|Q7ZTZ4_DANRE	Q7ZTZ4	Q7ZTZ4_DANRE	zgc:77130	317	false	false	Danio rerio	Fibrillarin	1:Experimental evidence at protein level	4.42	1.0000	0.9990	0.00000000000000	1	1	1	1	1	1	0	0	0			
tr|Q7ZU48|Q7ZU48_DANRE	Q7ZU48	Q7ZU48_DANRE	hnrpa0l	302	false	false	Danio rerio	Hnrpa0l protein	1:Experimental evidence at protein level	5.30	1.0000	0.9990	0.00000000000000	1	1	1	1	1	1	1550683.9	1550683.9	1550683.9			
tr|Q7ZU67|Q7ZU67_DANRE	Q7ZU67	Q7ZU67_DANRE	fb54c08	406	false	false	Danio rerio	ATP-dependent RNA helicase	1:Experimental evidence at protein level	14.53	1.0000	0.9989	0.00000000000000	4	0	0	4	0	0	5993536.0	0	0			
tr|Q7ZU89|Q7ZU89_DANRE	Q7ZU89	Q7ZU89_DANRE	arcn1l	512	false	false	Danio rerio	Coatomer subunit delta	1:Experimental evidence at protein level	2.34	1.0000	0.9989	0.00000000000000	1	0	1	1	0	1	940178.44	0	940178.44			
tr|Q7ZU93|Q7ZU93_DANRE	Q7ZU93	Q7ZU93_DANRE	zgc:56066	128	false	false	Danio rerio	Ribonucloprotein	1:Experimental evidence at protein level	8.59	1.0000	0.9990	0.00000000000000	1	0	0	1	0	0	1380365.5	0	0			
tr|Q7ZUB0|Q7ZUB0_DANRE	Q7ZUB0	Q7ZUB0_DANRE	zgc:77943	186	false	false	Danio rerio	Atrial myosin light chain	1:Experimental evidence at protein level	8.60	1.0000	0.9990	0.00000000000000	1	0	0	1	0	0	3950426.2	0	0			
tr|Q7ZUD3|Q7ZUD3_DANRE	Q7ZUD3	Q7ZUD3_DANRE	fc25b01	142	false	false	Danio rerio	Glia maturation factor	1:Experimental evidence at protein level	19.01	1.0000	0.9990	0.00000000000000	3	3	3	3	3	3	5373085.0	5373085.0	5373085.0	N-term(42.0106),7C(57.0215),N-term(42.0106),7C(57.0215)		
tr|Q7ZUG1|Q7ZUG1_DANRE	Q7ZUG1	Q7ZUG1_DANRE	wu:fa27c04	165	false	false	Danio rerio	60S ribosomal protein L12	1:Experimental evidence at protein level	30.91	1.0000	0.9990	0.00000000000000	3	3	3	3	3	3	4.7856808E7	4.7856808E7	4.7856808E7	11C(57.0215),11C(57.0215),16C(57.0215),16C(57.0215)		
tr|Q7ZUG6|Q7ZUG6_DANRE	Q7ZUG6	Q7ZUG6_DANRE	fa93d05	117	false	false	Danio rerio	60S ribosomal protein L30	1:Experimental evidence at protein level	40.17	1.0000	0.9990	0.00000000000000	3	3	3	4	4	4	2.3344304E7	2.3344304E7	2.3344304E7	17C(57.0215),17C(57.0215),2C(57.0215),2C(57.0215),8C(57.0215)		
tr|Q7ZUI4|Q7ZUI4_DANRE	Q7ZUI4	Q7ZUI4_DANRE	TXN	108	false	false	Danio rerio	Thioredoxin	1:Experimental evidence at protein level	26.85	1.0000	0.9990	0.00000000000000	2	2	2	3	3	3	1.0607623E7	1.0607623E7	1.0607623E7	13C(57.0215),1M(15.9949)		
tr|Q7ZUK2|Q7ZUK2_DANRE	Q7ZUK2	Q7ZUK2_DANRE	wu:fj36b10	369	false	false	Danio rerio	General transcription factor IIA, 1	2:Experimental evidence at transcript level	2.98	1.0000	0.9988	0.00000000000000	1	1	1	1	1	1	461534.28	461534.28	461534.28			
tr|Q7ZUM0|Q7ZUM0_DANRE	Q7ZUM0	Q7ZUM0_DANRE	ywhaq	245	false	false	Danio rerio	14-3-3 protein theta	1:Experimental evidence at protein level	3.27	1.0000	0.9990	0.00000000000000	1	0	0	1	0	0	1.6282987E7	0	0			
tr|Q7ZUM3|Q7ZUM3_DANRE	Q7ZUM3	Q7ZUM3_DANRE	wu:fc21e02	918	false	false	Danio rerio	hexokinase	1:Experimental evidence at protein level	9.69	1.0000	0.9990	0.00000000000000	6	4	6	6	4	6	5851413.0	5851413.0	5851413.0	11C(57.0215),1M(15.9949),5M(15.9949),8C(57.0215)		
tr|Q7ZUN7|Q7ZUN7_DANRE	Q7ZUN7	Q7ZUN7_DANRE	fb37h03	417	false	false	Danio rerio	creatine kinase	1:Experimental evidence at protein level	2.16	1.0000	0.9990	0.00000000000000	1	0	0	1	0	0	0	0	0			
tr|Q7ZUP4|Q7ZUP4_DANRE	Q7ZUP4	Q7ZUP4_DANRE	zgc:77429	155	false	false	Danio rerio	Eukaryotic translation initiation factor 5A	1:Experimental evidence at protein level	12.26	1.0000	0.9990	0.00000000000000	2	1	1	2	1	1	1068787.5	0	0			
tr|Q7ZUP5|Q7ZUP5_DANRE	Q7ZUP5	Q7ZUP5_DANRE	dnaja2	412	false	false	Danio rerio	DnaJ (Hsp40) homolog, subfamily A, member 2	1:Experimental evidence at protein level	3.64	1.0000	0.9990	0.00000000000000	1	1	1	1	1	1	2464008.5	2464008.5	2464008.5	8C(57.0215)		
tr|Q7ZUP6|Q7ZUP6_DANRE	Q7ZUP6	Q7ZUP6_DANRE	zgc:55485	449	false	false	Danio rerio	Isocitrate dehydrogenase [NADP]	1:Experimental evidence at protein level	51.67	1.0000	0.9990	0.00000000000000	21	21	21	27	27	27	9.3714432E7	9.3714432E7	9.3714432E7	11M(15.9949),2C(57.0215),12C(57.0215),5C(57.0215),12C(57.0215),5C(57.0215),14C(57.0215),1C(57.0215),1M(15.9949),2C(57.0215),5M(15.9949),9C(57.0215)		
tr|Q7ZUR9|Q7ZUR9_DANRE	Q7ZUR9	Q7ZUR9_DANRE	wu:fa95e06	205	false	false	Danio rerio	60S ribosomal protein L13a	1:Experimental evidence at protein level	9.27	1.0000	0.9948	0.00000000000000	2	2	2	2	2	2	762684.56	762684.56	762684.56	1C(57.0215)		
tr|Q7ZUS3|Q7ZUS3_DANRE	Q7ZUS3	Q7ZUS3_DANRE	GAD67	587	false	false	Danio rerio	GAD67	1:Experimental evidence at protein level	2.04	1.0000	0.9990	0.00000000000000	1	0	1	1	0	1	0	0	0			
tr|Q7ZUS9|Q7ZUS9_DANRE	Q7ZUS9	Q7ZUS9_DANRE	ETFA	333	false	false	Danio rerio	Electron transfer flavoprotein subunit alpha	1:Experimental evidence at protein level	9.61	1.0000	0.9990	0.00000000000000	2	2	2	2	2	2	709226.0	709226.0	709226.0	14C(57.0215),7C(57.0215)		
tr|Q7ZUV5|Q7ZUV5_DANRE	Q7ZUV5	Q7ZUV5_DANRE	zgc:56049	201	false	false	Danio rerio	ZRAB1B, member RAS oncogene family a	1:Experimental evidence at protein level	21.39	1.0000	0.9990	0.00000000000000	3	0	2	3	0	2	2.939771E7	0	1.6903544E7			
tr|Q7ZUX8|Q7ZUX8_DANRE	Q7ZUX8	Q7ZUX8_DANRE	DNCL2A	96	false	false	Danio rerio	Dynein light chain roadblock	1:Experimental evidence at protein level	12.50	1.0000	0.9990	0.00000000000000	1	1	1	1	1	1	1008642.06	1008642.06	1008642.06			
tr|Q7ZUY0|Q7ZUY0_DANRE	Q7ZUY0	Q7ZUY0_DANRE	seta	269	false	false	Danio rerio	SET nuclear proto-oncogene a	1:Experimental evidence at protein level	21.93	1.0000	0.9990	0.00000000000000	4	1	1	5	2	2	6.3236784E7	1.047825E7	1.047825E7			
tr|Q7ZUY9|Q7ZUY9_DANRE	Q7ZUY9	Q7ZUY9_DANRE	itm1	705	false	false	Danio rerio	dolichyl-diphosphooligosaccharide--protein glycotransferase	1:Experimental evidence at protein level	4.96	1.0000	0.9990	0.00000000000000	2	2	2	2	2	2	7050168.5	7050168.5	7050168.5			
tr|Q7ZUZ2|Q7ZUZ2_DANRE	Q7ZUZ2	Q7ZUZ2_DANRE	zgc:56317	376	false	false	Danio rerio	Actin related protein 1, centractin	1:Experimental evidence at protein level	9.31	1.0000	0.9990	0.00000000000000	2	2	2	2	2	2	2812088.8	2812088.8	2812088.8			
tr|Q7ZUZ7|Q7ZUZ7_DANRE	Q7ZUZ7	Q7ZUZ7_DANRE	arf1l	181	false	false	Danio rerio	ADP-ribosylation factor	1:Experimental evidence at protein level	4.42	1.0000	0.9990	0.00000000000000	1	0	1	1	0	1	653892.9	0	653892.9			
tr|Q7ZV05|Q7ZV05_DANRE	Q7ZV05	Q7ZV05_DANRE	wu:fa91c09	159	false	false	Danio rerio	40S ribosomal protein S11	1:Experimental evidence at protein level	17.61	1.0000	0.9990	0.00000000000000	2	1	2	3	2	3	1.0521112E7	9188414.0	1.0521112E7	13C(57.0215),13C(57.0215),1C(57.0215)		
tr|Q7ZV11|Q7ZV11_DANRE	Q7ZV11	Q7ZV11_DANRE	wu:fk48d01	275	false	false	Danio rerio	DNA-directed RNA polymerase II subunit RPB3	1:Experimental evidence at protein level	6.55	1.0000	0.9990	0.00000000000000	1	1	1	1	1	1	0	0	0			
tr|Q7ZV13|Q7ZV13_DANRE	Q7ZV13	Q7ZV13_DANRE	sfrs2	225	false	false	Danio rerio	Serine and arginine-rich-splicing factor 2a	1:Experimental evidence at protein level	21.33	1.0000	0.9990	0.00000000000000	4	2	4	7	3	7	1.6832564E7	6754526.0	1.6832564E7	6M(15.9949),9M(15.9949),N-term(42.0106),N-term(42.0106),N-term(42.0106),12M(15.9949)		
tr|Q7ZV23|Q7ZV23_DANRE	Q7ZV23	Q7ZV23_DANRE	nhp2l1	128	false	false	Danio rerio	Ribonucloprotein	1:Experimental evidence at protein level	18.75	1.0000	0.9990	0.00000000000000	2	1	2	2	1	2	5663031.0	4282665.5	5663031.0			
tr|Q7ZV29|Q7ZV29_DANRE	Q7ZV29	Q7ZV29_DANRE	wu:fd59b07	417	false	false	Danio rerio	Phosphoglycerate kinase	1:Experimental evidence at protein level	11.99	1.0000	0.9990	0.00000000000000	3	3	3	3	3	3	3251602.8	3251602.8	3251602.8	15C(57.0215),16C(57.0215),3C(57.0215),2C(57.0215)		
tr|Q7ZV39|Q7ZV39_DANRE	Q7ZV39	Q7ZV39_DANRE	zgc:56235	281	false	false	Danio rerio	Zgc:56235	1:Experimental evidence at protein level	11.74	1.0000	0.9988	0.00000000000000	3	1	1	4	1	1	5.4589488E7	516704.3	516704.3			
tr|Q7ZV45|Q7ZV45_DANRE	Q7ZV45	Q7ZV45_DANRE	wu:fb59a06	356	false	false	Danio rerio	Phosphate carrier protein, mitochondrial	1:Experimental evidence at protein level	3.37	1.0000	0.9989	0.00000000000000	1	0	1	1	0	1	0	0	0			
tr|Q7ZV77|Q7ZV77_DANRE	Q7ZV77	Q7ZV77_DANRE	wu:fe05d10	261	false	false	Danio rerio	Proteasome subunit alpha type	1:Experimental evidence at protein level	8.81	1.0000	0.9990	0.00000000000000	2	2	2	2	2	2	1158149.4	1158149.4	1158149.4			
tr|Q7ZV92|Q7ZV92_DANRE	Q7ZV92	Q7ZV92_DANRE	prp19	505	false	false	Danio rerio	Pre-mRNA-processing factor 19	1:Experimental evidence at protein level	7.92	1.0000	0.9990	0.00000000000000	2	2	2	2	2	2	878919.3	878919.3	878919.3	9C(57.0215),N-term(42.0106),15C(57.0215),4C(57.0215)		
tr|Q7ZVB5|Q7ZVB5_DANRE	Q7ZVB5	Q7ZVB5_DANRE	SNRPD3	128	false	false	Danio rerio	Small nuclear ribonucleoprotein Sm D3	1:Experimental evidence at protein level	32.81	1.0000	0.9990	0.00000000000000	4	1	4	4	1	4	1.0181274E7	3498885.5	1.0181274E7	12C(57.0215)		
tr|Q7ZVD9|Q7ZVD9_DANRE	Q7ZVD9	Q7ZVD9_DANRE	wu:fb13d09	245	false	false	Danio rerio	DNA-(apurinic or apyrimidinic site) lyase	1:Experimental evidence at protein level	40.41	1.0000	0.9990	0.00000000000000	9	9	9	10	10	10	6.1381908E7	6.1381908E7	6.1381908E7	2M(15.9949),3C(57.0215),3C(57.0215),6M(15.9949)		
tr|Q7ZVF2|Q7ZVF2_DANRE	Q7ZVF2	Q7ZVF2_DANRE	fb11d08	372	false	false	Danio rerio	Glutamine synthetase	1:Experimental evidence at protein level	17.47	1.0000	0.9990	0.00000000000000	4	3	3	4	3	3	8108630.0	2469049.2	2469049.2	15M(15.9949),2C(57.0215),4M(15.9949)		
tr|Q7ZVF4|Q7ZVF4_DANRE	Q7ZVF4	Q7ZVF4_DANRE	zgc:86730	661	false	false	Danio rerio	Arginine--tRNA ligase, cytoplasmic	1:Experimental evidence at protein level	1.66	1.0000	0.9990	0.00000000000000	1	0	1	1	0	1	945177.06	0	945177.06			
tr|Q7ZVG1|Q7ZVG1_DANRE	Q7ZVG1	Q7ZVG1_DANRE	zgc:56036	397	false	false	Danio rerio	3-ketoacyl-CoA thiolase, mitochondrial	1:Experimental evidence at protein level	2.02	1.0000	0.9990	0.00000000000000	1	1	1	1	1	1	1319603.4	1319603.4	1319603.4			
tr|Q7ZVI6|Q7ZVI6_DANRE	Q7ZVI6	Q7ZVI6_DANRE	fa93f03	450	false	false	Danio rerio	Tubulin alpha chain	1:Experimental evidence at protein level	60.00	1.0000	0.9990	0.00000000000000	19	1	1	30	1	1	5.34864032E8	2210146.8	2210146.8	15C(57.0215)		
tr|Q7ZVI8|Q7ZVI8_DANRE	Q7ZVI8	Q7ZVI8_DANRE	npl4	624	false	false	Danio rerio	NPL4 homolog, ubiquitin recognition factor	1:Experimental evidence at protein level	2.40	1.0000	0.9989	0.00000000000000	1	1	1	1	1	1	0	0	0			
tr|Q7ZVK5|Q7ZVK5_DANRE	Q7ZVK5	Q7ZVK5_DANRE	PCBP3	318	false	false	Danio rerio	Pcbp2 protein	1:Experimental evidence at protein level	7.86	1.0000	0.9990	0.00000000000000	2	0	2	2	0	2	1291282.9	0	1291282.9	8C(57.0215),8C(57.0215)		
tr|Q7ZVL6|Q7ZVL6_DANRE	Q7ZVL6	Q7ZVL6_DANRE	sr:nyz175	721	false	false	Danio rerio	DNA replication licensing factor MCM7	1:Experimental evidence at protein level	3.88	1.0000	0.9990	0.00000000000000	2	2	2	2	2	2	0	0	0			
tr|Q7ZVL9|Q7ZVL9_DANRE	Q7ZVL9	Q7ZVL9_DANRE	fc09e02	448	false	false	Danio rerio	Rab GDP dissociation inhibitor	1:Experimental evidence at protein level	4.24	1.0000	0.9990	0.00000000000000	1	0	0	1	0	0	0	0	0			
tr|Q7ZVM6|Q7ZVM6_DANRE	Q7ZVM6	Q7ZVM6_DANRE	TIA1	342	false	false	Danio rerio	Cytotoxic granule-associated RNA-binding protein 1,-like	1:Experimental evidence at protein level	6.14	1.0000	0.9990	0.00000000000000	2	0	2	2	0	2	1158882.1	0	1158882.1			
tr|Q7ZVQ3|Q7ZVQ3_DANRE	Q7ZVQ3	Q7ZVQ3_DANRE	zgc:55793	606	false	false	Danio rerio	WD repeat domain 1	1:Experimental evidence at protein level	4.46	1.0000	0.9990	0.00000000000000	2	2	2	2	2	2	4216077.5	4216077.5	4216077.5	2C(57.0215),4C(57.0215)		
tr|Q7ZVT2|Q7ZVT2_DANRE	Q7ZVT2	Q7ZVT2_DANRE	pkm2a	532	false	false	Danio rerio	Pyruvate kinase	1:Experimental evidence at protein level	2.44	1.0000	0.9990	0.00000000000000	1	1	1	1	1	1	6012813.5	6012813.5	6012813.5	6C(57.0215)		
tr|Q7ZVV5|Q7ZVV5_DANRE	Q7ZVV5	Q7ZVV5_DANRE	zgc:55597	934	false	false	Danio rerio	C-1-tetrahydrofolate synthase, cytoplasmic	1:Experimental evidence at protein level	3.00	1.0000	0.9990	0.00000000000000	2	2	2	2	2	2	392110.56	392110.56	392110.56			
tr|Q7ZVX4|Q7ZVX4_DANRE	Q7ZVX4	Q7ZVX4_DANRE	wu:fj47f07	215	false	false	Danio rerio	Ras-related protein Rab-14	1:Experimental evidence at protein level	5.12	1.0000	0.9967	0.00000000000000	1	0	0	1	0	0	1.2494166E7	0	0			
tr|Q7ZVY0|Q7ZVY0_DANRE	Q7ZVY0	Q7ZVY0_DANRE	fb73d10	386	false	false	Danio rerio	Cytotoxic granule-associated RNA binding protein 1	1:Experimental evidence at protein level	5.18	1.0000	0.9989	0.00000000000000	1	1	1	2	2	2	2669118.8	2669118.8	2669118.8	12C(57.0215),12C(57.0215),1M(15.9949)		
tr|Q7ZW01|Q7ZW01_DANRE	Q7ZW01	Q7ZW01_DANRE	fd02b12	445	false	false	Danio rerio	Tubulin beta chain	1:Experimental evidence at protein level	64.94	1.0000	0.9990	0.00000000000000	30	0	0	54	0	0	3.7024064E8	0	0			
tr|Q7ZW07|Q7ZW07_DANRE	Q7ZW07	Q7ZW07_DANRE	zgc:55435	1391	false	false	Danio rerio	Nucleoporin 155	1:Experimental evidence at protein level	2.01	1.0000	0.9990	0.00000000000000	2	2	2	2	2	2	1876841.0	1876841.0	1876841.0			
tr|Q7ZW09|Q7ZW09_DANRE	Q7ZW09	Q7ZW09_DANRE	zgc:55429	536	false	false	Danio rerio	Heterogeneous Nuclear ribonucleoprotein L	2:Experimental evidence at transcript level	10.63	1.0000	0.9990	0.00000000000000	4	0	4	5	0	5	1.0872189E7	0	1.0872189E7	12C(57.0215),13C(57.0215),13C(57.0215),2C(57.0215),6C(57.0215),6C(57.0215)		
tr|Q7ZW20|Q7ZW20_DANRE	Q7ZW20	Q7ZW20_DANRE	fe38c12	255	false	false	Danio rerio	14-3-3 protein epsilon	1:Experimental evidence at protein level	7.45	1.0000	0.9990	0.00000000000000	2	1	1	2	1	1	1.8102786E7	1819798.4	1819798.4	N-term(42.0106)		
tr|Q7ZW27|Q7ZW27_DANRE	Q7ZW27	Q7ZW27_DANRE	arcn1	509	false	false	Danio rerio	Coatomer subunit delta	1:Experimental evidence at protein level	2.36	1.0000	0.9990	0.00000000000000	1	0	0	1	0	0	940178.44	0	0			
tr|Q7ZW95|Q7ZW95_DANRE	Q7ZW95	Q7ZW95_DANRE	zgc:56659	375	false	false	Danio rerio	60S ribosomal protein L4	1:Experimental evidence at protein level	22.67	1.0000	0.9990	0.00000000000000	9	9	9	10	10	10	1.9501238E7	1.9501238E7	1.9501238E7	10C(57.0215),2C(57.0215),3C(57.0215),4C(57.0215),N-term(42.0106),2C(57.0215),N-term(42.0106),2C(57.0215)		
tr|Q7ZWD1|Q7ZWD1_DANRE	Q7ZWD1	Q7ZWD1_DANRE	zgc:56516	440	false	false	Danio rerio	Proteasome (Prosome, macropain) 26S subunit, ATPase, 1a	1:Experimental evidence at protein level	2.95	1.0000	0.9990	0.00000000000000	1	0	1	1	0	1	168182.03	0	168182.03			
tr|Q7ZYX4|Q7ZYX4_DANRE	Q7ZYX4	Q7ZYX4_DANRE	fa95c01	531	false	false	Danio rerio	Chaperonin-containing TCP1, subunit 6A (zeta 1)	1:Experimental evidence at protein level	6.78	1.0000	0.9990	0.00000000000000	2	2	2	2	2	2	0	0	0	7C(57.0215)		
tr|Q801U3|Q801U3_DANRE	Q801U3	Q801U3_DANRE	sfrs3a	174	false	false	Danio rerio	Serine and arginine-rich-splicing factor 3a	1:Experimental evidence at protein level	32.76	1.0000	0.9990	0.00000000000000	5	4	5	5	4	5	3.1050856E7	1.9032882E7	3.1050856E7			
tr|Q802C7|Q802C7_DANRE	Q802C7	Q802C7_DANRE	tardbp	412	false	false	Danio rerio	TAR DNA-binding protein 43	1:Experimental evidence at protein level	16.26	1.0000	0.9990	0.00000000000000	4	3	4	4	3	4	8649815.0	6369029.5	8649815.0			
tr|Q802C9|Q802C9_DANRE	Q802C9	Q802C9_DANRE	wu:fd15g03	406	false	false	Danio rerio	ATP-dependent RNA helicase	1:Experimental evidence at protein level	20.69	1.0000	0.9990	0.00000000000000	6	2	5	6	2	5	7874788.0	1881251.9	2546180.2	9M(15.9949)		
tr|Q802U8|Q802U8_DANRE	Q802U8	Q802U8_DANRE	wu:fb12d01	192	false	false	Danio rerio	H1 histone family, member X	1:Experimental evidence at protein level	9.90	1.0000	0.9990	0.00000000000000	2	2	2	3	3	3	5727691.0	5727691.0	5727691.0			
tr|Q802Y1|Q802Y1_DANRE	Q802Y1	Q802Y1_DANRE	zgc:55809	366	false	false	Danio rerio	Serine and arginine-rich-splicing factor 4	1:Experimental evidence at protein level	5.19	1.0000	0.9989	0.00000000000000	2	1	1	2	1	1	7769933.5	172719.42	172719.42			
tr|Q802Y2|Q802Y2_DANRE	Q802Y2	Q802Y2_DANRE	wu:fm90e09	429	false	false	Danio rerio	Isocitrate dehydrogenase [NADP]	1:Experimental evidence at protein level	1.63	1.0000	0.9990	0.00000000000000	1	0	1	1	0	1	757073.2	0	757073.2	5C(57.0215)		
tr|Q802Z3|Q802Z3_DANRE	Q802Z3	Q802Z3_DANRE	zgc:55645	270	false	false	Danio rerio	Zgc:55645	1:Experimental evidence at protein level	10.37	1.0000	0.9990	0.00000000000000	2	1	2	2	1	2	2564993.0	1662854.1	2564993.0	8C(57.0215)		
tr|Q803B0|Q803B0_DANRE	Q803B0	Q803B0_DANRE	cb863	575	false	false	Danio rerio	60 kDa heat shock protein, mitochondrial	1:Experimental evidence at protein level	6.43	1.0000	0.9990	0.00000000000000	2	2	2	2	2	2	3557010.5	3557010.5	3557010.5			
tr|Q803D1|Q803D1_DANRE	Q803D1	Q803D1_DANRE	arf1	180	false	false	Danio rerio	ADP-ribosylation factor	1:Experimental evidence at protein level	4.44	1.0000	0.9985	0.00000000000000	1	0	0	1	0	0	653892.9	0	0			
tr|Q803F7|Q803F7_DANRE	Q803F7	Q803F7_DANRE	rbm4l	385	false	false	Danio rerio	RNA binding motif protein 4 like	1:Experimental evidence at protein level	2.60	1.0000	0.9990	0.00000000000000	1	1	1	1	1	1	1125372.0	1125372.0	1125372.0			
tr|Q803H1|Q803H1_DANRE	Q803H1	Q803H1_DANRE	rnpc2	523	false	false	Danio rerio	RNA-binding motif protein 39a	1:Experimental evidence at protein level	2.10	1.0000	0.9990	0.00000000000000	1	1	1	1	1	1	745458.94	745458.94	745458.94			
tr|Q803J1|Q803J1_DANRE	Q803J1	Q803J1_DANRE	fc02c04	162	false	false	Danio rerio	Snx12 protein	1:Experimental evidence at protein level	8.02	1.0000	0.9989	0.00000000000000	1	1	1	1	1	1	0	0	0			
tr|Q803J3|Q803J3_DANRE	Q803J3	Q803J3_DANRE	cb75	212	false	false	Danio rerio	RAB2A, member RAS oncogene family	1:Experimental evidence at protein level	6.60	1.0000	0.9990	0.00000000000000	1	1	1	1	1	1	1939150.0	1939150.0	1939150.0			
tr|Q803K3|Q803K3_DANRE	Q803K3	Q803K3_DANRE	hnrpa1	422	false	false	Danio rerio	Heterogeneous nuclear ribonucleoprotein A1	1:Experimental evidence at protein level	3.79	1.0000	0.9990	0.00000000000000	1	1	1	1	1	1	1326204.1	1326204.1	1326204.1			
tr|Q803L1|Q803L1_DANRE	Q803L1	Q803L1_DANRE	wu:fb24b05	507	false	false	Danio rerio	Dihydrolipoyl dehydrogenase	1:Experimental evidence at protein level	2.17	1.0000	0.9990	0.00000000000000	1	1	1	1	1	1	166291.73	166291.73	166291.73			
tr|Q803M8|Q803M8_DANRE	Q803M8	Q803M8_DANRE	ywhaz	245	false	false	Danio rerio	14-3-3 protein theta	1:Experimental evidence at protein level	8.98	1.0000	0.9990	0.00000000000000	2	1	1	2	1	1	1.7168006E7	885018.6	885018.6			
tr|Q803N2|Q803N2_DANRE	Q803N2	Q803N2_DANRE	wu:fb22e01	1216	false	false	Danio rerio	Structural maintenance of chromosomes protein	1:Experimental evidence at protein level	6.25	1.0000	0.9990	0.00000000000000	7	7	7	7	7	7	2786881.0	2786881.0	2786881.0			
tr|Q803Q7|Q803Q7_DANRE	Q803Q7	Q803Q7_DANRE	aldoa	364	false	false	Danio rerio	Fructose-bisphosphate aldolase	1:Experimental evidence at protein level	6.04	1.0000	0.9990	0.00000000000000	2	0	2	2	0	2	604159.9	0	604159.9			
tr|Q803T6|Q803T6_DANRE	Q803T6	Q803T6_DANRE	sh3gl2	347	false	false	Danio rerio	SH3 domain-containing GRB2-like 2a, endophilin A1	1:Experimental evidence at protein level	2.31	1.0000	0.9990	0.00000000000000	1	1	1	1	1	1	3846456.2	3846456.2	3846456.2			
tr|Q803W0|Q803W0_DANRE	Q803W0	Q803W0_DANRE	ddx39b	427	false	false	Danio rerio	RNA helicase	1:Experimental evidence at protein level	10.30	1.0000	0.9990	0.00000000000000	3	1	3	3	1	3	1.5627906E7	1.1605317E7	1.5627906E7			
tr|Q803X6|Q803X6_DANRE	Q803X6	Q803X6_DANRE	wu:fb40a03	855	false	false	Danio rerio	Scaffold attachment factor B	1:Experimental evidence at protein level	1.99	1.0000	0.9990	0.00000000000000	2	2	2	2	2	2	0	0	0	N-term(42.0106),N-term(42.0106)		
tr|Q804C3|Q804C3_DANRE	Q804C3	Q804C3_DANRE	wu:fc21f08	652	false	false	Danio rerio	Acetyltransferase component of pyruvate dehydrogenase complex	1:Experimental evidence at protein level	2.30	1.0000	0.9990	0.00000000000000	1	1	1	1	1	1	0	0	0			
tr|Q8AWD0|Q8AWD0_DANRE	Q8AWD0	Q8AWD0_DANRE	wu:fa01a08	283	false	false	Danio rerio	Vdac2 protein	1:Experimental evidence at protein level	62.19	1.0000	0.9990	0.00000000000000	15	13	15	20	17	20	1.36533264E8	1.1507748E8	1.36533264E8	1M(15.9949),3M(15.9949),N-term(42.0106)		
tr|Q8AWD9|Q8AWD9_DANRE	Q8AWD9	Q8AWD9_DANRE	catD	398	false	false	Danio rerio	Cathepsin D	1:Experimental evidence at protein level	2.76	1.0000	0.9990	0.00000000000000	1	0	0	1	0	0	1765640.9	0	0			
tr|Q8AWW3|Q8AWW3_DANRE	Q8AWW3	Q8AWW3_DANRE	cb758	290	false	false	Danio rerio	Translocon-associated protein subunit alpha	1:Experimental evidence at protein level	2.76	1.0000	0.9990	0.00000000000000	1	1	1	1	1	1	6382622.0	6382622.0	6382622.0			
tr|Q8AX99|Q8AX99_DANRE	Q8AX99	Q8AX99_DANRE	wu:fc11d03	898	false	false	Danio rerio	Actinin alpha 3B	1:Experimental evidence at protein level	2.67	1.0000	0.9990	0.00000000000000	2	0	0	2	0	0	2007400.2	0	0			
tr|Q8AY63|Q8AY63_DANRE	Q8AY63	Q8AY63_DANRE	ckb	381	false	false	Danio rerio	creatine kinase	1:Experimental evidence at protein level	53.81	1.0000	0.9990	0.00000000000000	20	15	20	29	21	29	3.5564312E7	3.3845792E7	3.5564312E7	11M(15.9949),11M(15.9949),11M(15.9949),12M(15.9949),16C(57.0215),16C(57.0215),5M(15.9949),1M(15.9949),2C(57.0215),3C(57.0215),8C(57.0215),3C(57.0215),8C(57.0215)		
tr|Q8AYB9|Q8AYB9_DANRE	Q8AYB9	Q8AYB9_DANRE	wu:fa12h07	598	false	false	Danio rerio	Dolichyl-diphosphooligosaccharide--protein glycosyltransferase subunit 1	1:Experimental evidence at protein level	23.41	1.0000	0.9990	0.00000000000000	8	8	8	8	8	8	4580943.0	4580943.0	4580943.0			
tr|Q8JHG7|Q8JHG7_DANRE	Q8JHG7	Q8JHG7_DANRE	chunp6934	547	false	false	Danio rerio	T-complex protein 1 subunit eta	1:Experimental evidence at protein level	4.02	1.0000	0.9990	0.00000000000000	2	2	2	2	2	2	740402.4	740402.4	740402.4	7M(15.9949)		
tr|Q8JHH4|Q8JHH4_DANRE	Q8JHH4	Q8JHH4_DANRE	atp6e	226	false	false	Danio rerio	V-type proton ATPase subunit E 1	1:Experimental evidence at protein level	11.06	1.0000	0.9990	0.00000000000000	2	1	2	2	1	2	3144677.0	1879345.6	3144677.0			
tr|Q8JHI0|Q8JHI0_DANRE	Q8JHI0	Q8JHI0_DANRE	SLC25A5	298	false	false	Danio rerio	ADP/ATP translocase	1:Experimental evidence at protein level	63.42	1.0000	0.9990	0.00000000000000	19	11	19	26	17	26	1.47383824E8	1.47383824E8	1.47383824E8	12C(57.0215),12C(57.0215),12C(57.0215),5M(15.9949),12C(57.0215),5M(15.9949),13C(57.0215),13C(57.0215),6M(15.9949),18C(57.0215),20C(57.0215),2M(15.9949),2M(15.9949),2M(15.9949),2M(15.9949),8C(57.0215),N-term(42.0106)		
tr|Q8JHI7|Q8JHI7_DANRE	Q8JHI7	Q8JHI7_DANRE	wu:fj48b06	543	false	false	Danio rerio	T-complex protein 1 subunit gamma	1:Experimental evidence at protein level	8.10	1.0000	0.9990	0.00000000000000	4	4	4	4	4	4	3428504.5	3428504.5	3428504.5	6C(57.0215),9C(57.0215)		
tr|Q8QHA6|Q8QHA6_DANRE	Q8QHA6	Q8QHA6_DANRE	wu:fj51e01	509	false	false	Danio rerio	Vacuolar proton pump subunit B	1:Experimental evidence at protein level	8.64	1.0000	0.9990	0.00000000000000	3	1	3	3	1	3	1.6738469E7	0	1.6738469E7			
tr|Q8QHA7|Q8QHA7_DANRE	Q8QHA7	Q8QHA7_DANRE	vatB1	506	false	false	Danio rerio	Vacuolar proton pump subunit B	1:Experimental evidence at protein level	5.93	1.0000	0.9990	0.00000000000000	2	0	0	2	0	0	1.6738469E7	0	0			
tr|Q8UUZ6|Q8UUZ6_DANRE	Q8UUZ6	Q8UUZ6_DANRE	wu:fc06h04	173	false	false	Danio rerio	Alpha A crystallin	1:Experimental evidence at protein level	14.45	1.0000	0.9990	0.00000000000000	2	2	2	2	2	2	1646588.8	1646588.8	1646588.8			
tr|Q8UVG7|Q8UVG7_DANRE	Q8UVG7	Q8UVG7_DANRE	H-FABP	133	false	false	Danio rerio	Fatty acid-binding protein 3, muscle and heart	1:Experimental evidence at protein level	18.05	1.0000	0.9990	0.00000000000000	2	1	1	2	1	1	3371471.5	1634834.0	1634834.0	N-term(42.0106)		
tr|Q90WX5|Q90WX5_DANRE	Q90WX5	Q90WX5_DANRE	gnat2	354	false	false	Danio rerio	Cone transducin alpha subunit	1:Experimental evidence at protein level	52.82	1.0000	0.9990	0.00000000000000	13	11	13	19	16	19	1.53736288E8	6.0739656E7	1.53736288E8	11C(57.0215),1M(15.9949),2C(57.0215),6C(57.0215),6M(15.9949),8C(57.0215),8C(57.0215),8C(57.0215)		
tr|Q90XH2|Q90XH2_DANRE	Q90XH2	Q90XH2_DANRE	meis1	388	false	false	Danio rerio	Myeloid ecotropic viral integration 1	1:Experimental evidence at protein level	5.41	1.0000	0.9990	0.00000000000000	1	0	1	1	0	1	0	0	0			
tr|Q9DEU1|Q9DEU1_DANRE	Q9DEU1	Q9DEU1_DANRE	zgc:92351	1025	false	false	Danio rerio	Sodium/potassium-transporting ATPase subunit alpha	1:Experimental evidence at protein level	16.88	1.0000	0.9990	0.00000000000000	15	3	3	19	3	3	1.18615536E8	3061990.0	3061990.0	4C(57.0215)		
tr|Q9DGL6|Q9DGL6_DANRE	Q9DGL6	Q9DGL6_DANRE	atp1a1	1028	false	false	Danio rerio	Sodium/potassium-transporting ATPase subunit alpha	1:Experimental evidence at protein level	21.98	1.0000	0.9990	0.00000000000000	18	5	8	22	5	8	1.18615536E8	8658348.0	1.1815808E7	1C(57.0215),5C(57.0215),6C(57.0215)		
tr|Q9I8N9|Q9I8N9_DANRE	Q9I8N9	Q9I8N9_DANRE	B-FABP	132	false	false	Danio rerio	Brain-type fatty acid-binding protein	1:Experimental evidence at protein level	28.03	1.0000	0.9990	0.00000000000000	3	2	3	3	2	3	4235093.0	2498455.5	4235093.0	N-term(42.0106),5C(57.0215)		
tr|Q9I8U7|Q9I8U7_DANRE	Q9I8U7	Q9I8U7_DANRE	zgc:109832	151	false	false	Danio rerio	Fast skeletal muscle myosin light polypeptide 3	1:Experimental evidence at protein level	16.56	1.0000	0.9990	0.00000000000000	2	0	0	2	0	0	5733502.0	0	0			
tr|Q9I8U8|Q9I8U8_DANRE	Q9I8U8	Q9I8U8_DANRE	tnnc	160	false	false	Danio rerio	Fast skeletal muscle troponin C	1:Experimental evidence at protein level	22.50	1.0000	0.9990	0.00000000000000	3	1	2	4	1	3	3639785.0	1098326.5	2440195.0	5M(15.9949)		
tr|Q9I9P6|Q9I9P6_DANRE	Q9I9P6	Q9I9P6_DANRE	zgc:92909	288	false	false	Danio rerio	Syntaxin-1B	1:Experimental evidence at protein level	15.62	1.0000	0.9990	0.00000000000000	5	5	5	7	7	7	1.5877771E7	1.5877771E7	1.5877771E7	6M(15.9949)		
tr|Q9PWD8|Q9PWD8_DANRE	Q9PWD8	Q9PWD8_DANRE	wu:fa03a08	429	false	false	Danio rerio	Type I cytokeratin	1:Experimental evidence at protein level	5.36	1.0000	0.9990	0.00000000000000	2	0	1	2	0	1	1.46746768E8	0	0			
tr|Q9W792|Q9W792_DANRE	Q9W792	Q9W792_DANRE	fa13h08	556	false	false	Danio rerio	T-complex protein 1 subunit alpha	1:Experimental evidence at protein level	3.96	1.0000	0.9990	0.00000000000000	2	2	2	2	2	2	1.7909858E7	1.7909858E7	1.7909858E7	3C(57.0215),7C(57.0215)		
tr|Q9YHX5|Q9YHX5_DANRE	Q9YHX5	Q9YHX5_DANRE	cb28	455	false	false	Danio rerio	Vimentin	1:Experimental evidence at protein level	2.64	1.0000	0.9990	0.00000000000000	2	0	2	2	0	2	6417093.5	0	6417093.5	1M(15.9949),1M(15.9949)		
tr|R4GDZ5|R4GDZ5_DANRE	R4GDZ5	R4GDZ5_DANRE	myh7ba	1938	false	false	Danio rerio	Myosin, heavy chain 7B, cardiac muscle, beta A	3:Protein inferred from homology	3.35	1.0000	0.9936	0.00000000000000	7	0	0	9	0	0	5.000288E7	0	0			
tr|R4GE15|R4GE15_DANRE	R4GE15	R4GE15_DANRE	si:ch211-113a14.29	124	false	false	Danio rerio	Histone H2B	3:Protein inferred from homology	50.81	1.0000	0.9990	0.00000000000000	10	0	10	18	0	18	6.8394573E9	0	6.8394573E9	2M(15.9949),2M(15.9949),5M(15.9949),5M(15.9949)		
tr|U3JAH9|U3JAH9_DANRE	U3JAH9	U3JAH9_DANRE	bub3	338	false	false	Danio rerio	BUB3 mitotic checkpoint protein	4:Protein predicted	5.62	1.0000	0.9990	0.00000000000000	1	0	1	1	0	1	0	0	0			
tr|U5U756|U5U756_DANRE	U5U756	U5U756_DANRE	si:ch211-165a16.2	3050	false	false	Danio rerio	Rabconnectin-3a	1:Experimental evidence at protein level	1.08	1.0000	0.9990	0.00000000000000	2	2	2	2	2	2	7757756.0	7757756.0	7757756.0	10C(57.0215),4C(57.0215)		
tr|X1WFI9|X1WFI9_DANRE	X1WFI9	X1WFI9_DANRE	hmgb1b	197	false	false	Danio rerio	High mobility group box 1b	1:Experimental evidence at protein level	34.52	1.0000	0.9990	0.00000000000000	8	6	6	13	9	9	6.36638E7	3.4331076E7	3.4331076E7	10C(57.0215),10C(57.0215)		
sp|Q6NUX8|RHOAA_DANRE	Q6NUX8	RHOAA_DANRE	rhoaa	193	false	false	Danio rerio	Rho-related GTP-binding protein RhoA-A	1:Experimental evidence at protein level	37.82	0.9999	0.9990	0.00000000000000	6	0	0	6	0	0	1.99278E7	0	0			sp|Q7T2E8|RHOAC_DANRE
tr|A0A8M1P8M6|A0A8M1P8M6_DANRE	A0A8M1P8M6	A0A8M1P8M6_DANRE	ypel5	121	false	false	Danio rerio	Protein yippee-like	1:Experimental evidence at protein level	9.92	0.9999	0.9989	0.00000000000000	1	1	1	1	1	1	0	0	0			
tr|A0A8M2B261|A0A8M2B261_DANRE	A0A8M2B261	A0A8M2B261_DANRE	inpp5kb	526	false	false	Danio rerio	inositol-polyphosphate 5-phosphatase	3:Protein inferred from homology	2.09	0.9999	0.9988	0.00000000000000	1	0	1	1	0	1	0	0	0			
tr|A0A8M2B571|A0A8M2B571_DANRE	A0A8M2B571	A0A8M2B571_DANRE	strn3	718	false	false	Danio rerio	striatin-3 isoform X1	1:Experimental evidence at protein level	1.11	0.9999	0.9980	0.00000000000000	1	1	1	1	1	1	1164778.6	1164778.6	1164778.6			
tr|A0A8M2B7W6|A0A8M2B7W6_DANRE	A0A8M2B7W6	A0A8M2B7W6_DANRE	LOC103909414	200	false	false	Danio rerio	serine protease HTRA2, mitochondrial-like isoform X1	3:Protein inferred from homology	6.50	0.9999	0.9987	0.00000000000000	1	0	1	1	0	1	370371.72	0	370371.72			tr|A0A8M2B858|A0A8M2B858_DANRE, tr|A0A8M6YUP2|A0A8M6YUP2_DANRE, tr|A0A8M6Z3U6|A0A8M6Z3U6_DANRE, tr|A0A8M9PBC7|A0A8M9PBC7_DANRE, tr|A0A8M9PDK3|A0A8M9PDK3_DANRE, tr|A0A8M9PIN3|A0A8M9PIN3_DANRE, tr|A0A8M9PLT5|A0A8M9PLT5_DANRE, tr|A0A8M9PLU5|A0A8M9PLU5_DANRE, tr|A0A8M9PLU9|A0A8M9PLU9_DANRE, tr|A0A8M9PMV6|A0A8M9PMV6_DANRE, tr|A0A8M9PQU3|A0A8M9PQU3_DANRE, tr|A0A8M9PTZ3|A0A8M9PTZ3_DANRE, tr|A0A8M9PYY8|A0A8M9PYY8_DANRE, tr|A0A8M9Q065|A0A8M9Q065_DANRE, tr|A0A8M9Q128|A0A8M9Q128_DANRE, tr|A0A8M9Q3F7|A0A8M9Q3F7_DANRE, tr|A0A8M9QAR7|A0A8M9QAR7_DANRE, tr|A0A8M9QC71|A0A8M9QC71_DANRE, tr|A0A8M9QCM4|A0A8M9QCM4_DANRE, tr|A0A8M9QCV4|A0A8M9QCV4_DANRE, tr|A0A8M9QG75|A0A8M9QG75_DANRE, tr|A0A8M9QG79|A0A8M9QG79_DANRE, tr|A0A8M9QKF1|A0A8M9QKF1_DANRE, tr|A0A8M9QLE8|A0A8M9QLE8_DANRE, tr|A0A8M9QP02|A0A8M9QP02_DANRE, tr|A7MC74|A7MC74_DANRE, tr|A9JSY1|A9JSY1_DANRE
tr|A0A8M3ASQ6|A0A8M3ASQ6_DANRE	A0A8M3ASQ6	A0A8M3ASQ6_DANRE	slc4a4a	1146	false	false	Danio rerio	Anion exchange protein	1:Experimental evidence at protein level	0.79	0.9999	0.9985	0.00000000000000	1	0	1	1	0	1	651135.8	0	651135.8			
tr|A0A8M9PH95|A0A8M9PH95_DANRE	A0A8M9PH95	A0A8M9PH95_DANRE	myo6a	1288	false	false	Danio rerio	Unconventional myosin-VI	1:Experimental evidence at protein level	1.16	0.9999	0.9990	0.00000000000000	1	0	1	1	0	1	728403.0	0	728403.0			
tr|A0A8M9QIH4|A0A8M9QIH4_DANRE	A0A8M9QIH4	A0A8M9QIH4_DANRE	si:dkey-222h21.5	961	false	false	Danio rerio	protein NLRC3	4:Protein predicted	1.25	0.9999	0.9989	0.00000000000000	1	0	1	1	0	1	381594.56	0	381594.56			
tr|B0UXR9|B0UXR9_DANRE	B0UXR9	B0UXR9_DANRE	hsp70.1	643	false	false	Danio rerio	Heat shock cognate 70-kd protein, tandem duplicate 2	3:Protein inferred from homology	7.62	0.9999	0.9983	0.00000000000000	4	0	0	4	0	0	9690390.0	0	0			tr|B0UXS6|B0UXS6_DANRE, tr|Q6PH56|Q6PH56_DANRE
tr|F1QEJ5|F1QEJ5_DANRE	F1QEJ5	F1QEJ5_DANRE	zgc:92848	82	false	false	Danio rerio	Cytochrome b-c1 complex subunit 8	1:Experimental evidence at protein level	8.54	0.9999	0.9980	0.00000000000000	1	1	1	1	1	1	3992962.0	3992962.0	3992962.0			
tr|Q0VFW0|Q0VFW0_DANRE	Q0VFW0	Q0VFW0_DANRE	zgc:136591	126	false	false	Danio rerio	60S ribosomal protein L22-like 1	1:Experimental evidence at protein level	9.52	0.9999	0.9989	0.00000000000000	1	1	1	1	1	1	2288736.5	2288736.5	2288736.5			
tr|Q15I82|Q15I82_DANRE	Q15I82	Q15I82_DANRE	crygem2-7	173	false	false	Danio rerio	Crystallin gamma EM2-7	2:Experimental evidence at transcript level	36.42	0.9999	0.9989	0.00000000000000	5	0	0	9	0	0	1.6637514E7	0	0			
tr|Q6PBN3|Q6PBN3_DANRE	Q6PBN3	Q6PBN3_DANRE	rds4	342	false	false	Danio rerio	Peripherin 2B (retinal degeneration, slow)	2:Experimental evidence at transcript level	2.92	0.9999	0.9980	0.00000000000000	1	1	1	2	2	2	1191944.6	1191944.6	1191944.6	4M(15.9949)		
tr|Q7SXJ5|Q7SXJ5_DANRE	Q7SXJ5	Q7SXJ5_DANRE	wu:fb13c01	453	false	false	Danio rerio	Bleomycin hydrolase	1:Experimental evidence at protein level	3.09	0.9999	0.9989	0.00000000000000	1	1	1	1	1	1	0	0	0	10M(15.9949)		
tr|Q7ZVU3|Q7ZVU3_DANRE	Q7ZVU3	Q7ZVU3_DANRE	cobra1	583	false	false	Danio rerio	Cobra1 protein	1:Experimental evidence at protein level	1.72	0.9999	0.9984	0.00000000000000	1	1	1	1	1	1	0	0	0			
tr|Q7ZVY3|Q7ZVY3_DANRE	Q7ZVY3	Q7ZVY3_DANRE	wu:fb98f01	360	false	false	Danio rerio	Nfyc protein	1:Experimental evidence at protein level	3.33	0.9999	0.9987	0.00000000000000	1	1	1	1	1	1	0	0	0			
tr|Q803I7|Q803I7_DANRE	Q803I7	Q803I7_DANRE	fi15b02	368	false	false	Danio rerio	Phosphoserine aminotransferase	1:Experimental evidence at protein level	2.99	0.9999	0.9989	0.00000000000000	1	1	1	1	1	1	0	0	0			
tr|Q8JIZ3|Q8JIZ3_DANRE	Q8JIZ3	Q8JIZ3_DANRE	crx	281	false	false	Danio rerio	Cone-rod homeobox	2:Experimental evidence at transcript level	7.47	0.9999	0.9990	0.00000000000000	2	1	1	2	1	1	316785.16	0	0			
tr|Q90Z34|Q90Z34_DANRE	Q90Z34	Q90Z34_DANRE	cb712	292	false	false	Danio rerio	Sodium/potassium-transporting ATPase subunit beta	1:Experimental evidence at protein level	4.11	0.9999	0.9988	0.00000000000000	1	1	1	1	1	1	541350.4	541350.4	541350.4			
sp|Q7ZWJ7|RL34_DANRE	Q7ZWJ7	RL34_DANRE	rpl34	117	false	false	Danio rerio	60S ribosomal protein L34	1:Experimental evidence at protein level	6.84	0.9998	0.9933	0.00000000000000	1	1	1	1	1	1	1.3293087E7	1.3293087E7	1.3293087E7			
tr|A0A8M2B8T5|A0A8M2B8T5_DANRE	A0A8M2B8T5	A0A8M2B8T5_DANRE	srsf6a	400	false	false	Danio rerio	serine/arginine-rich splicing factor 6a isoform X1	1:Experimental evidence at protein level	7.50	0.9998	0.9989	0.00000000000000	3	1	1	3	1	1	1.044924E7	1869064.0	1869064.0			
tr|A5D6S6|A5D6S6_DANRE	A5D6S6	A5D6S6_DANRE	polr2l	67	false	false	Danio rerio	DNA-directed RNA polymerases I, II, and III subunit RPABC5	1:Experimental evidence at protein level	58.21	0.9998	0.9954	0.00000000000000	2	2	2	2	2	2	5230531.0	5230531.0	5230531.0			
tr|D7RVR8|D7RVR8_DANRE	D7RVR8	D7RVR8_DANRE	slc1a2a	548	false	false	Danio rerio	Amino acid transporter	2:Experimental evidence at transcript level	2.92	0.9998	0.9988	0.00000000000000	1	1	1	1	1	1	0	0	0			
tr|Q08C80|Q08C80_DANRE	Q08C80	Q08C80_DANRE	fj41e11	444	false	false	Danio rerio	Tubulin beta chain	1:Experimental evidence at protein level	69.14	0.9998	0.9979	0.00000000000000	30	0	0	53	0	0	2.99816448E8	0	0			
tr|Q24JV1|Q24JV1_DANRE	Q24JV1	Q24JV1_DANRE	zgc:136952	135	false	false	Danio rerio	60S ribosomal protein L32	1:Experimental evidence at protein level	7.41	0.9998	0.9985	0.00000000000000	1	1	1	2	2	2	2475528.5	2475528.5	2475528.5	7M(15.9949)		
tr|Q498W6|Q498W6_DANRE	Q498W6	Q498W6_DANRE	zgc:112053	146	false	false	Danio rerio	NADH dehydrogenase [ubiquinone] 1 alpha subcomplex subunit 12	1:Experimental evidence at protein level	5.48	0.9998	0.9990	0.00000000000000	1	1	1	1	1	1	762488.44	762488.44	762488.44			
tr|Q6NZ29|Q6NZ29_DANRE	Q6NZ29	Q6NZ29_DANRE	wu:fc66a10	544	false	false	Danio rerio	glutamate dehydrogenase [NAD(P)(+)]	1:Experimental evidence at protein level	1.84	0.9998	0.9984	0.00000000000000	1	0	0	1	0	0	947621.5	0	0			
tr|Q7SYD3|Q7SYD3_DANRE	Q7SYD3	Q7SYD3_DANRE	zgc:63559	896	false	false	Danio rerio	Actinin alpha 3A	1:Experimental evidence at protein level	1.34	0.9998	0.9982	0.00000000000000	1	0	0	1	0	0	962375.0	0	0			
tr|Q7ZUG4|Q7ZUG4_DANRE	Q7ZUG4	Q7ZUG4_DANRE	rab5al	216	false	false	Danio rerio	RAB5A, member RAS oncogene family like	1:Experimental evidence at protein level	18.52	0.9998	0.9990	0.00000000000000	3	0	3	3	0	3	5997034.5	0	5997034.5			
tr|Q7ZWC6|Q7ZWC6_DANRE	Q7ZWC6	Q7ZWC6_DANRE	zgc:56547	309	false	false	Danio rerio	Zgc:56547	2:Experimental evidence at transcript level	6.15	0.9998	0.9981	0.00000000000000	2	2	2	2	2	2	2552778.5	2552778.5	2552778.5	2C(57.0215)		
sp|Q6DHM9|RHOAB_DANRE	Q6DHM9	RHOAB_DANRE	rhoab	193	false	false	Danio rerio	Rho-related GTP-binding protein RhoA-B	1:Experimental evidence at protein level	44.04	0.9997	0.9990	0.00000000000000	7	1	7	7	1	7	1.99278E7	1361696.2	1.99278E7	10C(57.0215),11C(57.0215),15C(57.0215),2C(57.0215),3C(57.0215),9C(57.0215),9C(57.0215)		
sp|Q7SXF2|UBL5_DANRE	Q7SXF2	UBL5_DANRE	ubl5	73	false	false	Danio rerio	Ubiquitin-like protein 5	3:Protein inferred from homology	12.33	0.9997	0.9976	0.00000000000000	1	1	1	1	1	1	0	0	0	6C(57.0215)		
tr|A0A8M1P9E6|A0A8M1P9E6_DANRE	A0A8M1P9E6	A0A8M1P9E6_DANRE	ly6pge	122	false	false	Danio rerio	uncharacterized protein LOC569792 precursor	4:Protein predicted	20.49	0.9997	0.9988	0.00000000000000	2	2	2	2	2	2	970234.2	970234.2	970234.2	2C(57.0215),9C(57.0215),3C(57.0215)		
tr|A0A8M1Q6T5|A0A8M1Q6T5_DANRE	A0A8M1Q6T5	A0A8M1Q6T5_DANRE	si:ch211-113a14.18	199	false	false	Danio rerio	histone H1-like	3:Protein inferred from homology	38.19	0.9997	0.9989	0.00000000000000	11	0	1	20	0	1	9.4531533E8	0	1.23535096E8			tr|A0A8N7TAZ2|A0A8N7TAZ2_DANRE, tr|A0A8N7UY69|A0A8N7UY69_DANRE
tr|A0A8M2BEB4|A0A8M2BEB4_DANRE	A0A8M2BEB4	A0A8M2BEB4_DANRE	atp2b3a	1299	false	false	Danio rerio	Calcium-transporting ATPase	1:Experimental evidence at protein level	1.77	0.9997	0.9989	0.00000000000000	2	0	1	2	0	1	3936924.0	0	639506.06	8C(57.0215)		
tr|A1L2A6|A1L2A6_DANRE	A1L2A6	A1L2A6_DANRE	zgc:158742	352	false	false	Danio rerio	Zgc:158742	2:Experimental evidence at transcript level	3.41	0.9997	0.9990	0.00000000000000	1	0	0	1	0	0	909257.2	0	0			
tr|A7MC89|A7MC89_DANRE	A7MC89	A7MC89_DANRE	si:ch211-55g3.6	175	false	false	Danio rerio	Crystallin, gamma M2d16	2:Experimental evidence at transcript level	25.71	0.9997	0.9990	0.00000000000000	3	0	0	6	0	0	5459248.5	0	0			
tr|B8A688|B8A688_DANRE	B8A688	B8A688_DANRE	fa08f12	524	false	false	Danio rerio	Si:ch211-198a12.6	1:Experimental evidence at protein level	1.72	0.9997	0.9972	0.00000000000000	1	1	1	1	1	1	3258557.0	3258557.0	3258557.0			
tr|F8W494|F8W494_DANRE	F8W494	F8W494_DANRE	si:dkey-201c1.2	314	false	false	Danio rerio	Solute carrier family 25 member 22a	3:Protein inferred from homology	2.55	0.9997	0.9986	0.00000000000000	1	0	1	1	0	1	1687392.1	0	1687392.1			
tr|Q6DGY6|Q6DGY6_DANRE	Q6DGY6	Q6DGY6_DANRE	SEC63-like	751	false	false	Danio rerio	SEC63-like (S. cerevisiae)	1:Experimental evidence at protein level	1.46	0.9997	0.9985	0.00000000000000	1	1	1	1	1	1	0	0	0			
tr|Q7ZSZ9|Q7ZSZ9_DANRE	Q7ZSZ9	Q7ZSZ9_DANRE	rac1	192	false	false	Danio rerio	Rac family small GTPase 1a	1:Experimental evidence at protein level	12.50	0.9997	0.9990	0.00000000000000	2	0	2	2	0	2	4214678.5	0	4214678.5	3C(57.0215),4C(57.0215)		
tr|A0A8M1P270|A0A8M1P270_DANRE	A0A8M1P270	A0A8M1P270_DANRE	mapk10	486	false	false	Danio rerio	Stress-activated protein kinase JNK	1:Experimental evidence at protein level	1.85	0.9996	0.9974	0.00000000000000	1	0	0	1	0	0	0	0	0			
tr|A0A8M2BG62|A0A8M2BG62_DANRE	A0A8M2BG62	A0A8M2BG62_DANRE	cltb	226	false	false	Danio rerio	Clathrin light chain	3:Protein inferred from homology	3.10	0.9996	0.9984	0.00000000000000	1	0	0	1	0	0	908071.3	0	0			
tr|Q7SXU7|Q7SXU7_DANRE	Q7SXU7	Q7SXU7_DANRE	bat1	435	false	false	Danio rerio	RNA helicase	1:Experimental evidence at protein level	2.53	0.9996	0.9978	0.00000000000000	1	0	0	1	0	0	1120969.1	0	0			
tr|A0A8M1P1Q0|A0A8M1P1Q0_DANRE	A0A8M1P1Q0	A0A8M1P1Q0_DANRE	atp5mf	89	false	false	Danio rerio	ATP synthase subunit f, mitochondrial	1:Experimental evidence at protein level	10.11	0.9995	0.9987	0.00000000000000	1	1	1	1	1	1	1449746.6	1449746.6	1449746.6			
tr|Q7T383|Q7T383_DANRE	Q7T383	Q7T383_DANRE	rala	206	false	false	Danio rerio	small monomeric GTPase	1:Experimental evidence at protein level	5.34	0.9995	0.9980	0.00000000000000	1	0	1	2	0	2	2028198.8	0	2028198.8	3M(15.9949)		
tr|A0A8M1NE33|A0A8M1NE33_DANRE	A0A8M1NE33	A0A8M1NE33_DANRE	si:ch211-199o1.2	639	false	false	Danio rerio	Heat shock protein family A (Hsp70) member 1B	1:Experimental evidence at protein level	6.57	0.9994	0.9839	0.00109080992637	3	1	1	3	1	1	7520758.0	0	0			
tr|A0A8N7T6V1|A0A8N7T6V1_DANRE	A0A8N7T6V1	A0A8N7T6V1_DANRE	si:dkey-183i3.5	650	false	false	Danio rerio	thread biopolymer filament subunit alpha	1:Experimental evidence at protein level	1.08	0.9994	0.9953	0.00000000000000	1	0	0	1	0	0	3.9098472E7	0	0			
tr|Q6P6E4|Q6P6E4_DANRE	Q6P6E4	Q6P6E4_DANRE	zgc:73057	143	false	false	Danio rerio	U6 snRNA-associated Sm-like protein LSm4	1:Experimental evidence at protein level	4.90	0.9993	0.9987	0.00000000000000	1	1	1	1	1	1	2283832.2	2283832.2	2283832.2			
tr|Q7ZZ56|Q7ZZ56_DANRE	Q7ZZ56	Q7ZZ56_DANRE	si:bz1g13.4	399	false	false	Danio rerio	Phosphatidylinositol 3,4,5-trisphosphate 3-phosphatase and dual-specificity protein phosphatase PTEN	2:Experimental evidence at transcript level	4.51	0.9992	0.9949	0.00000000000000	2	1	2	2	1	2	0	0	0	5C(57.0215),N-term(42.0106)		
sp|P12081|HARS1_HUMAN	P12081	HARS1_HUMAN	HARS1	509	false	false	Homo sapiens	Histidine--tRNA ligase, cytoplasmic	1:Experimental evidence at protein level	1.38	0.9991	0.9893	0.00027901785714	1	1	1	1	1	1	4.3709536E7	4.3709536E7	4.3709536E7			
tr|A0A8M9QDK0|A0A8M9QDK0_DANRE	A0A8M9QDK0	A0A8M9QDK0_DANRE	ncoa3	1504	false	false	Danio rerio	nuclear receptor coactivator 3 isoform X1	1:Experimental evidence at protein level	1.00	0.9990	0.9988	0.00000000000000	1	1	1	1	1	1	0	0	0	12C(57.0215)		
tr|E7FA89|E7FA89_DANRE	E7FA89	E7FA89_DANRE	si:ch211-266o15.1	1456	false	false	Danio rerio	Si:ch211-266o15.1	4:Protein predicted	0.69	0.9989	0.9987	0.00000000000000	1	1	1	1	1	1	297468.25	297468.25	297468.25			
sp|B0R0I6|CHD8_DANRE	B0R0I6	CHD8_DANRE	chd8	2511	false	false	Danio rerio	Chromodomain-helicase-DNA-binding protein 8	3:Protein inferred from homology	1.04	0.9988	0.9943	0.00000000000000	1	1	1	1	1	1	0	0	0			
sp|Q15323|K1H1_HUMAN	Q15323	K1H1_HUMAN	KRT31	416	false	false	Homo sapiens	Keratin, type I cuticular Ha1	1:Experimental evidence at protein level	1.68	0.9988	0.9987	0.00000000000000	1	0	0	1	0	0	1.46746768E8	0	0			
tr|A0A8M1NSV3|A0A8M1NSV3_DANRE	A0A8M1NSV3	A0A8M1NSV3_DANRE	lmf2b	713	false	false	Danio rerio	Lipase maturation factor	1:Experimental evidence at protein level	3.51	0.9988	0.9986	0.00000000000000	1	1	1	1	1	1	0	0	0			
sp|Q7ZVN5|SRP54_DANRE	Q7ZVN5	SRP54_DANRE	srp54	504	false	false	Danio rerio	Signal recognition particle subunit SRP54	2:Experimental evidence at transcript level	1.98	0.9987	0.9987	0.00000000000000	1	1	1	1	1	1	0	0	0	2C(57.0215),5C(57.0215)		
tr|Q6IQ56|Q6IQ56_DANRE	Q6IQ56	Q6IQ56_DANRE	zgc:86943	127	false	false	Danio rerio	Small nuclear ribonucleoprotein Sm D3	1:Experimental evidence at protein level	33.07	0.9987	0.9987	0.00000000000000	4	1	1	4	1	1	9726717.0	3044329.0	3044329.0			
sp|Q14532|K1H2_HUMAN	Q14532	K1H2_HUMAN	KRT32	448	false	false	Homo sapiens	Keratin, type I cuticular Ha2	1:Experimental evidence at protein level	1.56	0.9986	0.9733	0.00342736620090	1	0	0	1	0	0	1.46746768E8	0	0			
tr|A0A8M2BLG6|A0A8M2BLG6_DANRE	A0A8M2BLG6	A0A8M2BLG6_DANRE	LOC100330283	515	false	false	Danio rerio	potassium voltage-gated channel subfamily A member 3-like	4:Protein predicted	3.30	0.9985	0.9972	0.00000000000000	1	0	1	1	0	1	655073.2	0	655073.2			tr|A0A8M9Q783|A0A8M9Q783_DANRE
tr|A0A8M3AH76|A0A8M3AH76_DANRE	A0A8M3AH76	A0A8M3AH76_DANRE	psip1a	417	false	false	Danio rerio	PC4 and SFRS1-interacting protein isoform X1	1:Experimental evidence at protein level	4.08	0.9985	0.9985	0.00000000000000	1	1	1	1	1	1	1335720.5	1335720.5	1335720.5			
tr|X1WBS5|X1WBS5_DANRE	X1WBS5	X1WBS5_DANRE	tomm6	63	false	false	Danio rerio	Translocase of outer mitochondrial membrane 6 homolog (yeast)	4:Protein predicted	20.63	0.9985	0.9962	0.00000000000000	1	1	1	1	1	1	544651.2	544651.2	544651.2	12C(57.0215)		
sp|Q7ZW33|UTP15_DANRE	Q7ZW33	UTP15_DANRE	utp15	517	false	false	Danio rerio	U3 small nucleolar RNA-associated protein 15 homolog	2:Experimental evidence at transcript level	2.51	0.9984	0.9950	0.00000000000000	1	1	1	1	1	1	2300534.8	2300534.8	2300534.8			
tr|Q7ZWI5|Q7ZWI5_DANRE	Q7ZWI5	Q7ZWI5_DANRE	gnai2	347	false	false	Danio rerio	Guanine nucleotide binding protein (G protein), alpha inhibiting activity polypeptide 2	1:Experimental evidence at protein level	10.66	0.9983	0.9982	0.00000000000000	4	0	0	5	0	0	1.19154888E8	0	0			
sp|Q5PRA2|DHTK1_DANRE	Q5PRA2	DHTK1_DANRE	dhtkd1	920	false	false	Danio rerio	2-oxoadipate dehydrogenase complex component E1	2:Experimental evidence at transcript level	1.09	0.9981	0.9984	0.00000000000000	1	1	1	1	1	1	546813.4	546813.4	546813.4	8C(57.0215)		
tr|A7MCG9|A7MCG9_DANRE	A7MCG9	A7MCG9_DANRE	syt5	405	false	false	Danio rerio	Synaptotagmin V	1:Experimental evidence at protein level	2.47	0.9979	0.9988	0.00000000000000	1	0	0	2	0	0	1807899.0	0	0			
tr|A2RV44|A2RV44_DANRE	A2RV44	A2RV44_DANRE	wu:fb58f07	486	false	false	Danio rerio	Zgc:158846 protein	2:Experimental evidence at transcript level	7.41	0.9978	0.9490	0.00907944514502	6	1	1	6	1	1	1.1544648E8	0	0			
tr|A8WFS0|A8WFS0_DANRE	A8WFS0	A8WFS0_DANRE	LOC560210	643	false	false	Danio rerio	LOC560210 protein	2:Experimental evidence at transcript level	7.62	0.9975	0.9901	0.00027901785714	4	0	0	4	0	0	9690390.0	0	0			
tr|Q5M9N3|Q5M9N3_DANRE	Q5M9N3	Q5M9N3_DANRE	sfrs6b	355	false	false	Danio rerio	Splicing factor, arginine/serine-rich 6b	1:Experimental evidence at protein level	5.92	0.9974	0.9972	0.00000000000000	2	0	0	2	0	0	8580176.0	0	0			
tr|Q7ZYZ4|Q7ZYZ4_DANRE	Q7ZYZ4	Q7ZYZ4_DANRE	OTTDARP00000001847	143	false	false	Danio rerio	Hbae3 protein	1:Experimental evidence at protein level	10.49	0.9973	0.9979	0.00000000000000	1	1	1	1	1	1	0	0	0			
tr|X1WDB0|X1WDB0_DANRE	X1WDB0	X1WDB0_DANRE	map1ab	3737	false	false	Danio rerio	Microtubule-associated protein 1Ab	1:Experimental evidence at protein level	0.37	0.9972	0.9803	0.00161987041037	1	1	1	1	1	1	0	0	0			
sp|P06396|GELS_HUMAN	P06396	GELS_HUMAN	GSN	782	false	false	Homo sapiens	Gelsolin	1:Experimental evidence at protein level	3.32	0.9970	0.9983	0.00000000000000	1	1	1	1	1	1	0	0	0			
tr|E7F715|E7F715_DANRE	E7F715	E7F715_DANRE	sec24b	1184	false	false	Danio rerio	SEC24 homolog B, COPII coat complex component	3:Protein inferred from homology	0.84	0.9970	0.9959	0.00000000000000	1	1	1	1	1	1	0	0	0			
tr|Q1L986|Q1L986_DANRE	Q1L986	Q1L986_DANRE	rab3b	217	false	false	Danio rerio	RAB3B, member RAS oncogene family (Fragment)	1:Experimental evidence at protein level	13.82	0.9968	0.9950	0.00000000000000	3	1	1	3	1	1	2.8515028E7	3222610.8	3222610.8	6C(57.0215)		
tr|A0A8M1PHN1|A0A8M1PHN1_DANRE	A0A8M1PHN1	A0A8M1PHN1_DANRE	ptena	454	false	false	Danio rerio	Phosphatidylinositol 3,4,5-trisphosphate 3-phosphatase and dual-specificity protein phosphatase PTEN	3:Protein inferred from homology	1.76	0.9967	0.9965	0.00000000000000	1	0	0	1	0	0	0	0	0			
tr|Q7ZUL8|Q7ZUL8_DANRE	Q7ZUL8	Q7ZUL8_DANRE	zgc:55558	187	false	false	Danio rerio	small monomeric GTPase	1:Experimental evidence at protein level	5.88	0.9967	0.9966	0.00000000000000	1	0	0	1	0	0	3239729.2	0	0			
tr|A0A8N7T6X5|A0A8N7T6X5_DANRE	A0A8N7T6X5	A0A8N7T6X5_DANRE	si:ch211-250g4.3	15997	false	false	Danio rerio	nesprin-1 isoform X1	1:Experimental evidence at protein level	0.06	0.9965	0.9957	0.00000000000000	1	1	1	1	1	1	4943336.5	4943336.5	4943336.5			
tr|B2CZB8|B2CZB8_DANRE	B2CZB8	B2CZB8_DANRE	PMCA2	1253	false	false	Danio rerio	Calcium-transporting ATPase	1:Experimental evidence at protein level	1.84	0.9962	0.9960	0.00000000000000	2	0	0	2	0	0	3936924.0	0	0			
sp|A1L244|SAC1B_DANRE	A1L244	SAC1B_DANRE	sacm1lb	586	false	false	Danio rerio	Phosphatidylinositol-3-phosphatase SAC1-B	2:Experimental evidence at transcript level	1.54	0.9957	0.9979	0.00000000000000	1	1	1	1	1	1	2429629.8	2429629.8	2429629.8			
tr|A0A8M1N5A3|A0A8M1N5A3_DANRE	A0A8M1N5A3	A0A8M1N5A3_DANRE	psmd5	505	false	false	Danio rerio	26S proteasome non-ATPase regulatory subunit 5	1:Experimental evidence at protein level	2.38	0.9956	0.9985	0.00000000000000	1	1	1	1	1	1	0	0	0	6C(57.0215)		
tr|Q6DGU2|Q6DGU2_DANRE	Q6DGU2	Q6DGU2_DANRE	zgc:92772	218	false	false	Danio rerio	RAB11B, member RAS oncogene family, b	2:Experimental evidence at transcript level	24.31	0.9956	0.9990	0.00000000000000	5	0	0	5	0	0	1.414539E7	0	0			tr|Q802D1|Q802D1_DANRE
sp|P00366|DHE3_BOVIN	P00366	DHE3_BOVIN	GLUD1	558	false	false	Bos taurus	Glutamate dehydrogenase 1, mitochondrial	1:Experimental evidence at protein level	1.79	0.9955	0.9953	0.00000000000000	1	0	0	1	0	0	947621.5	0	0			
tr|B2CZB7|B2CZB7_DANRE	B2CZB7	B2CZB7_DANRE	atp2b1b	1240	false	false	Danio rerio	Calcium-transporting ATPase	2:Experimental evidence at transcript level	1.77	0.9954	0.9990	0.00000000000000	2	0	0	2	0	0	4246141.0	0	0			
tr|A0A8M1PZ01|A0A8M1PZ01_DANRE	A0A8M1PZ01	A0A8M1PZ01_DANRE	gnas	419	false	false	Danio rerio	guanine nucleotide-binding protein G(S) subunit alpha isoform X1	1:Experimental evidence at protein level	2.63	0.9953	0.9984	0.00000000000000	1	0	0	1	0	0	1.11064392E8	0	0			tr|A0A8M2BLF1|A0A8M2BLF1_DANRE
tr|A0A8M9QBF7|A0A8M9QBF7_DANRE	A0A8M9QBF7	A0A8M9QBF7_DANRE	LOC559637	436	false	false	Danio rerio	Synaptotagmin	1:Experimental evidence at protein level	2.29	0.9951	0.9989	0.00000000000000	1	0	0	2	0	0	1807899.0	0	0			
tr|Q90WX6|Q90WX6_DANRE	Q90WX6	Q90WX6_DANRE	wu:fk56e06	350	false	false	Danio rerio	Guanine nucleotide-binding protein (G protein), alpha transducing activity polypeptide 1	1:Experimental evidence at protein level	5.43	0.9950	0.9989	0.00000000000000	2	0	0	3	0	0	1.17964168E8	0	0			
tr|A0A2R8Q4J7|A0A2R8Q4J7_DANRE	A0A2R8Q4J7	A0A2R8Q4J7_DANRE	nap1l4a	359	false	false	Danio rerio	Nucleosome assembly protein 1-like 4a	3:Protein inferred from homology	2.79	0.9949	0.9989	0.00000000000000	1	0	0	1	0	0	9606102.0	0	0			
tr|Q6IQS4|Q6IQS4_DANRE	Q6IQS4	Q6IQS4_DANRE	zgc:86637	190	false	false	Danio rerio	dihydrofolate reductase	1:Experimental evidence at protein level	3.68	0.9949	0.9982	0.00000000000000	1	1	1	1	1	1	113240.586	113240.586	113240.586			
tr|A0A8M2BEV5|A0A8M2BEV5_DANRE	A0A8M2BEV5	A0A8M2BEV5_DANRE	rab3c	224	false	false	Danio rerio	Ras-related protein Rab-3	1:Experimental evidence at protein level	9.82	0.9947	0.9988	0.00000000000000	2	0	0	2	0	0	2.5292418E7	0	0			
tr|Q5EB15|Q5EB15_DANRE	Q5EB15	Q5EB15_DANRE	zgc:110738	470	false	false	Danio rerio	Peptidase (Mitochondrial processing) beta	1:Experimental evidence at protein level	1.91	0.9946	0.9981	0.00000000000000	1	0	0	1	0	0	3876806.5	0	0			
tr|Q7SXK3|Q7SXK3_DANRE	Q7SXK3	Q7SXK3_DANRE	wu:fd15e01	538	false	false	Danio rerio	Pyruvate kinase	1:Experimental evidence at protein level	2.04	0.9946	0.9937	0.00000000000000	1	1	1	1	1	1	5076468.0	5076468.0	5076468.0			
tr|Q7ZVP2|Q7ZVP2_DANRE	Q7ZVP2	Q7ZVP2_DANRE	wu:fi16g01	221	false	false	Danio rerio	RAB5C, member RAS oncogene family	1:Experimental evidence at protein level	15.38	0.9946	0.9988	0.00000000000000	3	1	1	3	1	1	5997034.5	0	0			
sp|Q9DGE2|MK14A_DANRE	Q9DGE2	MK14A_DANRE	mapk14a	361	false	false	Danio rerio	Mitogen-activated protein kinase 14A	1:Experimental evidence at protein level	6.37	0.9945	0.9972	0.00000000000000	2	0	2	2	0	2	240004.66	0	240004.66			
tr|Q642J1|Q642J1_DANRE	Q642J1	Q642J1_DANRE	zgc:103752	108	false	false	Danio rerio	peptidylprolyl isomerase	1:Experimental evidence at protein level	15.74	0.9932	0.9985	0.00000000000000	1	0	0	1	0	0	1377600.8	0	0			
tr|Q90X33|Q90X33_DANRE	Q90X33	Q90X33_DANRE	atp[a]1A1	1024	false	false	Danio rerio	Sodium/potassium-transporting ATPase subunit alpha	1:Experimental evidence at protein level	11.82	0.9927	0.9715	0.00367261280168	10	0	0	14	0	0	7.9616976E7	0	0			
tr|A2A121|A2A121_DANRE	A2A121	A2A121_DANRE	cb572	810	false	false	Danio rerio	Doublecortin like protein kinase_1	1:Experimental evidence at protein level	2.10	0.9925	0.9984	0.00000000000000	1	0	0	1	0	0	0	0	0			
sp|Q6TEN1|RAP1B_DANRE	Q6TEN1	RAP1B_DANRE	rap1b	184	false	false	Danio rerio	Ras-related protein Rap-1b	2:Experimental evidence at transcript level	7.61	0.9922	0.9918	0.00027901785714	1	0	0	1	0	0	0	0	0			
tr|Q1RLQ4|Q1RLQ4_DANRE	Q1RLQ4	Q1RLQ4_DANRE	fa96d06	440	false	false	Danio rerio	C-terminal-binding protein 1	1:Experimental evidence at protein level	9.55	0.9919	0.9916	0.00027901785714	3	0	0	3	0	0	7137270.5	0	0			
tr|E7F293|E7F293_DANRE	E7F293	E7F293_DANRE	celf3b	442	false	false	Danio rerio	CUGBP Elav-like family member 3	3:Protein inferred from homology	2.26	0.9917	0.9982	0.00000000000000	1	0	0	1	0	0	1951355.2	0	0			
tr|A0A8M9QIA6|A0A8M9QIA6_DANRE	A0A8M9QIA6	A0A8M9QIA6_DANRE	LOC110439971	90	false	false	Danio rerio	histone H2B 1/2-like	3:Protein inferred from homology	48.89	0.9916	0.9575	0.00793447658050	5	1	1	7	1	1	4.23525299E9	2907980.8	2907980.8			
tr|A0A286Y8Z4|A0A286Y8Z4_DANRE	A0A286Y8Z4	A0A286Y8Z4_DANRE	LOC110437892	106	false	false	Danio rerio	Uncharacterized LOC110437892	4:Protein predicted	7.55	0.9910	0.9901	0.00027901785714	1	1	1	1	1	1	233973.36	233973.36	233973.36			
sp|Q6PE18|P4K2A_DANRE	Q6PE18	P4K2A_DANRE	pi4k2a	447	false	false	Danio rerio	Phosphatidylinositol 4-kinase type 2-alpha	2:Experimental evidence at transcript level	2.01	0.9909	0.9890	0.00027901785714	1	1	1	1	1	1	0	0	0			
tr|Q6DGB7|Q6DGB7_DANRE	Q6DGB7	Q6DGB7_DANRE	rac3	192	false	false	Danio rerio	Rac family small GTPase 3a	1:Experimental evidence at protein level	12.50	0.9905	0.9979	0.00000000000000	2	0	0	2	0	0	4214678.5	0	0			
tr|Q6PC49|Q6PC49_DANRE	Q6PC49	Q6PC49_DANRE	zgc:73107	144	false	false	Danio rerio	NADH dehydrogenase [ubiquinone] 1 alpha subcomplex subunit 13	1:Experimental evidence at protein level	10.42	0.9905	0.9913	0.00027901785714	1	1	1	1	1	1	1433745.4	1433745.4	1433745.4			
tr|Q6DC00|Q6DC00_DANRE	Q6DC00	Q6DC00_DANRE	zgc:100851	322	false	false	Danio rerio	Sidoreflexin	1:Experimental evidence at protein level	4.35	0.9904	0.9842	0.00109080992637	1	1	1	1	1	1	0	0	0	N-term(42.0106)		
tr|Q6NWK7|Q6NWK7_DANRE	Q6NWK7	Q6NWK7_DANRE	tuba1	451	false	false	Danio rerio	Tubulin alpha chain	2:Experimental evidence at transcript level	75.83	0.9901	0.9990	0.00000000000000	24	0	0	40	0	0	5.34864032E8	0	0			
tr|A0A8M1N038|A0A8M1N038_DANRE	A0A8M1N038	A0A8M1N038_DANRE	elavl2	389	false	false	Danio rerio	ELAV-like protein	1:Experimental evidence at protein level	1.80	0.9900	0.9978	0.00000000000000	1	0	0	1	0	0	359023.38	0	0			
tr|A0A8M9PS81|A0A8M9PS81_DANRE	A0A8M9PS81	A0A8M9PS81_DANRE	jupb	722	false	false	Danio rerio	junction plakoglobin	3:Protein inferred from homology	1.25	0.9873	0.9972	0.00000000000000	1	1	1	1	1	1	1.0238795E7	1.0238795E7	1.0238795E7			
tr|A9JTC8|A9JTC8_DANRE	A9JTC8	A9JTC8_DANRE	gnai3	354	false	false	Danio rerio	Gnai3 protein	1:Experimental evidence at protein level	7.91	0.9873	0.9990	0.00000000000000	3	0	0	4	0	0	1.1913436E8	0	0			
tr|A4QN79|A4QN79_DANRE	A4QN79	A4QN79_DANRE	si:dkey-251i10.1	299	false	false	Danio rerio	ADP/ATP translocase	1:Experimental evidence at protein level	18.39	0.9872	0.9866	0.00082712985939	5	0	0	6	0	0	6.7430752E7	0	0			
tr|A0A0A0MPL5|A0A0A0MPL5_DANRE	A0A0A0MPL5	A0A0A0MPL5_DANRE	fscn1b	494	false	false	Danio rerio	Fascin	1:Experimental evidence at protein level	2.02	0.9833	0.9963	0.00000000000000	1	0	0	1	0	0	1908720.9	0	0			
tr|Q6P977|Q6P977_DANRE	Q6P977	Q6P977_DANRE	zgc:73061	213	false	false	Danio rerio	RAB42, member RAS oncogene family a	2:Experimental evidence at transcript level	5.16	0.9819	0.9960	0.00000000000000	1	0	0	1	0	0	1.2494166E7	0	0			
tr|Q7ZUW5|Q7ZUW5_DANRE	Q7ZUW5	Q7ZUW5_DANRE	rab5a	216	false	false	Danio rerio	RAB5A, member RAS oncogene family	1:Experimental evidence at protein level	18.52	0.9819	0.9811	0.00135244793075	3	0	0	3	0	0	5997034.5	0	0			
tr|A0A8M2B7U7|A0A8M2B7U7_DANRE	A0A8M2B7U7	A0A8M2B7U7_DANRE	tfap2b	457	false	false	Danio rerio	transcription factor AP-2-beta isoform X1	3:Protein inferred from homology	4.38	0.9815	0.9990	0.00000000000000	1	0	1	1	0	1	0	0	0			tr|A0A8M2B9E2|A0A8M2B9E2_DANRE
tr|Q6NYT9|Q6NYT9_DANRE	Q6NYT9	Q6NYT9_DANRE	cb828	289	false	false	Danio rerio	Orthodenticle homolog 5	2:Experimental evidence at transcript level	7.27	0.9812	0.9990	0.00000000000000	2	1	1	2	1	1	1263982.8	947197.6	947197.6			
tr|Q6Q416|Q6Q416_DANRE	Q6Q416	Q6Q416_DANRE	zgc:110139	155	false	false	Danio rerio	60S ribosomal protein L23a	1:Experimental evidence at protein level	8.39	0.9811	0.9990	0.00000000000000	1	1	1	1	1	1	2444732.8	2444732.8	2444732.8			
tr|Q4V8Q5|Q4V8Q5_DANRE	Q4V8Q5	Q4V8Q5_DANRE	sfrs7	178	false	false	Danio rerio	Serine and arginine-rich-splicing factor 7b	1:Experimental evidence at protein level	5.06	0.9806	0.9957	0.00000000000000	1	0	0	1	0	0	1.4617917E7	0	0			
tr|Q6DGB3|Q6DGB3_DANRE	Q6DGB3	Q6DGB3_DANRE	zgc:100889	201	false	false	Danio rerio	RAB30, member RAS oncogene family	2:Experimental evidence at transcript level	10.95	0.9806	0.9989	0.00000000000000	2	1	1	2	1	1	1.2494166E7	0	0	7C(57.0215)		
tr|A0A8M1RND7|A0A8M1RND7_DANRE	A0A8M1RND7	A0A8M1RND7_DANRE	mapkap1	527	false	false	Danio rerio	Target of rapamycin complex 2 subunit MAPKAP1	1:Experimental evidence at protein level	2.66	0.9805	0.9989	0.00000000000000	1	1	1	1	1	1	0	0	0	N-term(42.0106)		
tr|A0A8M1RHH5|A0A8M1RHH5_DANRE	A0A8M1RHH5	A0A8M1RHH5_DANRE	pitpnab	270	false	false	Danio rerio	Phosphatidylinositol transfer protein, alpha b	1:Experimental evidence at protein level	3.33	0.9802	0.9989	0.00000000000000	1	0	0	1	0	0	902138.94	0	0			
sp|P00441|SODC_HUMAN	P00441	SODC_HUMAN	SOD1	154	false	false	Homo sapiens	Superoxide dismutase [Cu-Zn]	1:Experimental evidence at protein level	23.38	0.9800	0.9989	0.00000000000000	1	1	1	1	1	1	0	0	0	32C(57.0215)		
tr|Q7ZTT0|Q7ZTT0_DANRE	Q7ZTT0	Q7ZTT0_DANRE	zgc:56685	140	false	false	Danio rerio	Histone H2A	1:Experimental evidence at protein level	11.43	0.9800	0.9905	0.00027901785714	2	0	0	2	0	0	3.8057559E9	0	0			
tr|Q7ZUJ4|Q7ZUJ4_DANRE	Q7ZUJ4	Q7ZUJ4_DANRE	zgc:56389	247	false	false	Danio rerio	Endoplasmic reticulum transmembrane protein	1:Experimental evidence at protein level	4.45	0.9797	0.9989	0.00000000000000	1	1	1	1	1	1	0	0	0			
tr|Q7ZTT8|Q7ZTT8_DANRE	Q7ZTT8	Q7ZTT8_DANRE	ndufa4l	82	false	false	Danio rerio	NADH dehydrogenase (Ubiquinone) 1 alpha subcomplex 4, like	1:Experimental evidence at protein level	12.20	0.9784	0.9988	0.00000000000000	1	1	1	1	1	1	1501007.9	1501007.9	1501007.9			
tr|X1WCQ3|X1WCQ3_DANRE	X1WCQ3	X1WCQ3_DANRE	sv2bb	687	false	false	Danio rerio	Synaptic vesicle glycoprotein 2Bb	1:Experimental evidence at protein level	2.62	0.9783	0.9988	0.00000000000000	1	1	1	1	1	1	0	0	0	12C(57.0215)		
tr|A0A8M3B392|A0A8M3B392_DANRE	A0A8M3B392	A0A8M3B392_DANRE	hsf1	523	false	false	Danio rerio	heat shock factor protein 1 isoform X1	1:Experimental evidence at protein level	1.91	0.9762	0.9987	0.00000000000000	1	1	1	1	1	1	1118686.2	1118686.2	1118686.2			
sp|Q502L1|ACB5A_DANRE	Q502L1	ACB5A_DANRE	acbd5a	501	false	false	Danio rerio	Acyl-CoA-binding domain-containing protein 5A	2:Experimental evidence at transcript level	2.20	0.9746	0.9986	0.00000000000000	1	1	1	1	1	1	369821.72	369821.72	369821.72			
tr|Q4V8V8|Q4V8V8_DANRE	Q4V8V8	Q4V8V8_DANRE	zgc:114119	189	false	false	Danio rerio	Mediator of RNA polymerase II transcription subunit 30	1:Experimental evidence at protein level	6.35	0.9738	0.9986	0.00000000000000	1	1	1	1	1	1	524052.2	524052.2	524052.2			
tr|Q7ZSZ0|Q7ZSZ0_DANRE	Q7ZSZ0	Q7ZSZ0_DANRE	rab1a	201	false	false	Danio rerio	RAB1A, member RAS oncogene family	2:Experimental evidence at transcript level	10.95	0.9720	0.9758	0.00265533722783	2	0	0	2	0	0	2.939771E7	0	0			
tr|F1QRW4|F1QRW4_DANRE	F1QRW4	F1QRW4_DANRE	pitpnb	272	false	false	Danio rerio	Phosphatidylinositol transfer protein, beta	4:Protein predicted	3.31	0.9699	0.9983	0.00000000000000	1	0	0	1	0	0	902138.94	0	0			
tr|A0A8M9QPN0|A0A8M9QPN0_DANRE	A0A8M9QPN0	A0A8M9QPN0_DANRE	LOC110440214	216	false	false	Danio rerio	nuclear cap-binding protein subunit 1-like	1:Experimental evidence at protein level	5.56	0.9679	0.9982	0.00000000000000	1	1	1	1	1	1	0	0	0			
sp|Q568D5|BABA2_DANRE	Q568D5	BABA2_DANRE	babam2	386	false	false	Danio rerio	BRISC and BRCA1-A complex member 2	2:Experimental evidence at transcript level	2.07	0.9670	0.9848	0.00082712985939	1	1	1	1	1	1	1631013.6	1631013.6	1631013.6	2M(15.9949)		
sp|Q1L673|VDRB_DANRE	Q1L673	VDRB_DANRE	vdrb	422	false	false	Danio rerio	Vitamin D3 receptor B	2:Experimental evidence at transcript level	2.61	0.9644	0.9980	0.00000000000000	1	0	1	1	0	1	0	0	0			sp|Q9PTN2|VDRA_DANRE
sp|P61485|RL36A_DANRE	P61485	RL36A_DANRE	rpl36a	106	false	false	Danio rerio	60S ribosomal protein L36a	1:Experimental evidence at protein level	8.49	0.9639	0.9980	0.00000000000000	1	1	1	1	1	1	1847308.0	1847308.0	1847308.0	3C(57.0215),8C(57.0215)		
tr|A4FVI4|A4FVI4_DANRE	A4FVI4	A4FVI4_DANRE	si:dkeyp-117b8.3	295	false	false	Danio rerio	Si:dkeyp-117b8.3 protein	1:Experimental evidence at protein level	3.73	0.9630	0.9917	0.00027901785714	1	0	0	1	0	0	456822.0	0	0			
tr|A0A8M9PH90|A0A8M9PH90_DANRE	A0A8M9PH90	A0A8M9PH90_DANRE	ptprsb	1261	false	false	Danio rerio	protein-tyrosine-phosphatase	4:Protein predicted	0.87	0.9624	0.9989	0.00000000000000	1	1	1	1	1	1	2198339.2	2198339.2	2198339.2			
sp|P00698|LYSC_CHICK	P00698	LYSC_CHICK	LYZ	147	false	false	Gallus gallus	Lysozyme C	1:Experimental evidence at protein level	10.88	0.9604	0.9978	0.00000000000000	1	1	1	1	1	1	0	0	0			
tr|Q32LQ2|Q32LQ2_DANRE	Q32LQ2	Q32LQ2_DANRE	im:6895766	243	false	false	Danio rerio	Matrix AAA peptidase-interacting protein 1	1:Experimental evidence at protein level	4.12	0.9583	0.9977	0.00000000000000	1	1	1	1	1	1	2190887.2	2190887.2	2190887.2			
tr|B1H1J6|B1H1J6_DANRE	B1H1J6	B1H1J6_DANRE	dpys	500	false	false	Danio rerio	Dihydropyrimidinase	1:Experimental evidence at protein level	1.40	0.9560	0.9975	0.00000000000000	1	0	0	1	0	0	1.4171683E7	0	0			
sp|P61769|B2MG_HUMAN	P61769	B2MG_HUMAN	B2M	119	false	false	Homo sapiens	Beta-2-microglobulin	1:Experimental evidence at protein level	18.49	0.9541	0.9974	0.00000000000000	1	1	1	1	1	1	7621021.0	7621021.0	7621021.0	6C(57.0215)		
tr|Q66HW7|Q66HW7_DANRE	Q66HW7	Q66HW7_DANRE	rds2	345	false	false	Danio rerio	Peripherin 2a (retinal degeneration, slow)	1:Experimental evidence at protein level	2.90	0.9514	0.9973	0.00000000000000	1	1	1	1	1	1	512632.62	512632.62	512632.62			
sp|Q6PFJ7|NSMA3_DANRE	Q6PFJ7	NSMA3_DANRE	smpd4	791	false	false	Danio rerio	Sphingomyelin phosphodiesterase 4	2:Experimental evidence at transcript level	1.26	0.9477	0.9970	0.00000000000000	1	1	1	1	1	1	0	0	0	6C(57.0215)		
tr|A0A2R8Q7B6|A0A2R8Q7B6_DANRE	A0A2R8Q7B6	A0A2R8Q7B6_DANRE	tanc2a	1995	false	false	Danio rerio	Tetratricopeptide repeat, ankyrin repeat and coiled-coil-containing 2a	4:Protein predicted	0.40	0.9304	0.9690	0.00417645523362	1	0	1	1	0	1	5652579.5	0	5652579.5			
sp|Q91981|OTX2_DANRE	Q91981	OTX2_DANRE	otx2	289	false	false	Danio rerio	Homeobox protein OTX2	2:Experimental evidence at transcript level	3.11	0.9300	0.9960	0.00000000000000	1	0	1	1	0	1	316785.16	0	316785.16			
tr|A0A8M2BEB5|A0A8M2BEB5_DANRE	A0A8M2BEB5	A0A8M2BEB5_DANRE	kcnd3	650	false	false	Danio rerio	potassium voltage-gated channel subfamily D member 3 isoform X1	4:Protein predicted	1.85	0.9238	0.9956	0.00000000000000	1	0	1	1	0	1	0	0	0	N-term(42.0106)		tr|Q5VSI1|Q5VSI1_DANRE
tr|A0A8M6Z2N0|A0A8M6Z2N0_DANRE	A0A8M6Z2N0	A0A8M6Z2N0_DANRE	LOC100536182	551	false	false	Danio rerio	E3 ubiquitin/ISG15 ligase TRIM25-like	4:Protein predicted	3.45	0.8886	0.9746	0.00291159343568	2	0	0	2	0	0	2324612.0	0	0			
tr|Q1XHM0|Q1XHM0_DANRE	Q1XHM0	Q1XHM0_DANRE	grk1	563	false	false	Danio rerio	G protein-coupled receptor kinase	1:Experimental evidence at protein level	1.78	0.8692	0.9681	0.00494920552227	1	1	1	1	1	1	0	0	0	3C(57.0215)		
sp|Q68EK7|RAB4B_DANRE	Q68EK7	RAB4B_DANRE	rab4b	213	false	false	Danio rerio	Ras-related protein Rab-4B	2:Experimental evidence at transcript level	5.16	0.8391	0.9898	0.00027901785714	1	0	0	1	0	0	1.2494166E7	0	0			sp|Q6PHI9|RAB4A_DANRE
tr|A0A8M1NS15|A0A8M1NS15_DANRE	A0A8M1NS15	A0A8M1NS15_DANRE	si:dkey-37o8.1	458	false	false	Danio rerio	Elongation factor 1-alpha	1:Experimental evidence at protein level	1.97	0.8319	0.9577	0.00793447658050	1	0	0	1	0	0	2.0489988E7	0	0			
tr|A0A8M3BF01|A0A8M3BF01_DANRE	A0A8M3BF01	A0A8M3BF01_DANRE	rab9b	202	false	false	Danio rerio	RAB9B, member RAS oncogene family	3:Protein inferred from homology	5.45	0.8011	0.9868	0.00082712985939	1	0	1	1	0	1	685431.8	0	685431.8			tr|Q0P458|Q0P458_DANRE
tr|A0A8M3AUR0|A0A8M3AUR0_DANRE	A0A8M3AUR0	A0A8M3AUR0_DANRE	LOC563500	1368	false	false	Danio rerio	Anoctamin	3:Protein inferred from homology	0.73	0.7813	0.9851	0.00082712985939	1	1	1	1	1	1	0	0	0			
tr|A4FVJ5|A4FVJ5_DANRE	A4FVJ5	A4FVJ5_DANRE	fj64c01	377	false	false	Danio rerio	Guanine nucleotide binding protein (G protein), alpha 13b	1:Experimental evidence at protein level	2.92	0.7796	0.9850	0.00082712985939	1	0	0	1	0	0	1.11064392E8	0	0			
tr|Q7ZVW0|Q7ZVW0_DANRE	Q7ZVW0	Q7ZVW0_DANRE	zgc:55578	221	false	false	Danio rerio	RAB28, member RAS oncogene family	1:Experimental evidence at protein level	4.07	0.7721	0.9843	0.00109080992637	1	1	1	1	1	1	724582.0	724582.0	724582.0			
tr|F8W3H2|F8W3H2_DANRE	F8W3H2	F8W3H2_DANRE	atp5f1e	51	false	false	Danio rerio	ATP synthase F1 subunit epsilon	3:Protein inferred from homology	15.69	0.6964	0.9770	0.00213106020245	1	1	1	1	1	1	2962223.8	2962223.8	2962223.8			
sp|P25691|K2M3_SHEEP	P25691	K2M3_SHEEP		502	false	false	Ovis aries	Keratin, type II microfibrillar, component 5	1:Experimental evidence at protein level	2.39	0.6509	0.9719	0.00367261280168	1	0	1	1	0	1	0	0	0			sp|P78386|KRT85_HUMAN
tr|A3KP99|A3KP99_DANRE	A3KP99	A3KP99_DANRE	zgc:163093	419	false	false	Danio rerio	39S ribosomal protein S30, mitochondrial	1:Experimental evidence at protein level	2.63	0.5605	0.9595	0.00744926791677	1	1	1	1	1	1	0	0	0			
tr|X1WF60|X1WF60_DANRE	X1WF60	X1WF60_DANRE	dock10	2185	false	false	Danio rerio	Dedicator of cytokinesis 10	3:Protein inferred from homology	0.64	0.5490	0.9576	0.00793447658050	1	1	1	1	1	1	1.582465E7	1.582465E7	1.582465E7			
tr|Q7T3G8|Q7T3G8_DANRE	Q7T3G8	Q7T3G8_DANRE	Six6	245	false	false	Danio rerio	SIX homeobox 6a	2:Experimental evidence at transcript level	4.90	0.5484	0.9575	0.00793447658050	1	1	1	1	1	1	6665007.0	6665007.0	6665007.0			
tr|A0A8M9P088|A0A8M9P088_DANRE	A0A8M9P088	A0A8M9P088_DANRE	eml1	840	false	false	Danio rerio	echinoderm microtubule-associated protein-like 1 isoform X1	3:Protein inferred from homology	1.43	0.5468	0.9572	0.00793447658050	1	1	1	1	1	1	3396660.8	3396660.8	3396660.8	3M(15.9949)		
tr|Q6PH54|Q6PH54_DANRE	Q6PH54	Q6PH54_DANRE	zgc:85630	347	false	false	Danio rerio	Arginase	2:Experimental evidence at transcript level	2.31	0.5270	0.9539	0.00885851683118	1	1	1	1	1	1	0	0	0			
tr|A0A8M9QPJ3|A0A8M9QPJ3_DANRE	A0A8M9QPJ3	A0A8M9QPJ3_DANRE	gabrp	464	false	false	Danio rerio	Gamma-aminobutyric acid type A receptor subunit pi	3:Protein inferred from homology	2.16	0.5175	0.9522	0.00885851683118	1	1	1	1	1	1	6471363.5	6471363.5	6471363.5			
tr|Q2M5E9|Q2M5E9_DANRE	Q2M5E9	Q2M5E9_DANRE	zgc:109997	207	false	false	Danio rerio	Protein lin-7 homolog	2:Experimental evidence at transcript level	4.83	0.5152	0.9517	0.00885851683118	1	0	0	1	0	0	455169.2	0	0			
