Protein	Protein ID	Entry Name	Gene	Length	Is Decoy	Is Contaminant	Organism	Protein Description	Protein Existence	Coverage	Protein Probability	Top Peptide Probability	Protein Qvalue	Total Peptides	Unique Peptides	Razor Peptides	Total Spectral Count	Unique Spectral Count	Razor Spectral Count	Total Intensity	Unique Intensity	Razor Intensity	Razor Assigned Modifications	Razor Observed Modifications	Indistinguishable Proteins
sp|A0A0R4IEW8|ELAV4_DANRE	A0A0R4IEW8	ELAV4_DANRE	elavl4	411	false	false	Danio rerio	ELAV-like protein 4	1:Experimental evidence at protein level	1.70	1.0000	0.9990	0.00000000000000	1	0	0	1	0	0	186582.47	0	0			
sp|A0A0R4ITC5|TRRAP_DANRE	A0A0R4ITC5	TRRAP_DANRE	trrap	3841	false	false	Danio rerio	Transformation/transcription domain-associated protein	3:Protein inferred from homology	0.26	1.0000	0.9988	0.00000000000000	1	1	1	1	1	1	323464.16	323464.16	323464.16	8C(57.0215)		
sp|A0MTA1|APEX1_DANRE	A0MTA1	APEX1_DANRE	apex1	310	false	false	Danio rerio	DNA-(apurinic or apyrimidinic site) endonuclease	1:Experimental evidence at protein level	5.16	1.0000	0.9990	0.00000000000000	2	2	2	2	2	2	1655801.0	1655801.0	1655801.0	4C(57.0215)		
sp|A1L1F4|PDS5A_DANRE	A1L1F4	PDS5A_DANRE	pds5a	1320	false	false	Danio rerio	Sister chromatid cohesion protein PDS5 homolog A	2:Experimental evidence at transcript level	0.91	1.0000	0.9990	0.00000000000000	1	0	0	1	0	0	2438219.5	0	0			
sp|A2BIL7|BAZ1B_DANRE	A2BIL7	BAZ1B_DANRE	baz1b	1536	false	false	Danio rerio	Tyrosine-protein kinase BAZ1B	1:Experimental evidence at protein level	0.98	1.0000	0.9990	0.00000000000000	1	1	1	1	1	1	0	0	0			
sp|A2RV29|ZN346_DANRE	A2RV29	ZN346_DANRE	znf346	301	false	false	Danio rerio	Zinc finger protein 346	2:Experimental evidence at transcript level	3.99	1.0000	0.9990	0.00000000000000	1	1	1	1	1	1	0	0	0	2C(57.0215)		
sp|A3QK16|ERLN2_DANRE	A3QK16	ERLN2_DANRE	erlin2	331	false	false	Danio rerio	Erlin-2	2:Experimental evidence at transcript level	9.97	1.0000	0.9988	0.00000000000000	4	3	3	4	3	3	1582063.1	1582063.1	1582063.1			
sp|A5PLC8|PTMAB_DANRE	A5PLC8	PTMAB_DANRE	ptmab	106	false	false	Danio rerio	Prothymosin alpha-B	1:Experimental evidence at protein level	13.21	1.0000	0.9990	0.00000000000000	1	1	1	1	1	1	299743.12	299743.12	299743.12	N-term(42.0106)		
sp|A5WUL3|MED22_DANRE	A5WUL3	MED22_DANRE	med22	198	false	false	Danio rerio	Mediator of RNA polymerase II transcription subunit 22	2:Experimental evidence at transcript level	5.56	1.0000	0.9989	0.00000000000000	1	1	1	1	1	1	1070750.9	1070750.9	1070750.9			
sp|A9JRE2|MTNA_DANRE	A9JRE2	MTNA_DANRE	mri1	353	false	false	Danio rerio	Methylthioribose-1-phosphate isomerase	2:Experimental evidence at transcript level	3.97	1.0000	0.9988	0.00000000000000	1	1	1	1	1	1	2018369.2	2018369.2	2018369.2			
sp|B8A5I7|SSBP_DANRE	B8A5I7	SSBP_DANRE	ssbp1	146	false	false	Danio rerio	Single-stranded DNA-binding protein, mitochondrial	1:Experimental evidence at protein level	41.78	1.0000	0.9990	0.00000000000000	5	5	5	5	5	5	5339222.5	5339222.5	5339222.5			
sp|F1QGW6|IF2G_DANRE	F1QGW6	IF2G_DANRE	eif2s3	472	false	false	Danio rerio	Eukaryotic translation initiation factor 2 subunit 3	3:Protein inferred from homology	2.33	1.0000	0.9990	0.00000000000000	1	1	1	1	1	1	1955139.0	1955139.0	1955139.0			
sp|F1QNV4|NU133_DANRE	F1QNV4	NU133_DANRE	nup133	1136	false	false	Danio rerio	Nuclear pore complex protein Nup133	2:Experimental evidence at transcript level	1.06	1.0000	0.9990	0.00000000000000	1	1	1	1	1	1	999113.75	999113.75	999113.75			
sp|F1RAX4|STRA6_DANRE	F1RAX4	STRA6_DANRE	stra6	670	false	false	Danio rerio	Receptor for retinol uptake stra6	1:Experimental evidence at protein level	3.13	1.0000	0.9990	0.00000000000000	2	2	2	3	3	3	1.4420415E7	1.4420415E7	1.4420415E7			
sp|F1RCR6|TRIPC_DANRE	F1RCR6	TRIPC_DANRE	trip12	2026	false	false	Danio rerio	E3 ubiquitin-protein ligase TRIP12	3:Protein inferred from homology	0.54	1.0000	0.9990	0.00000000000000	1	1	1	1	1	1	364640.66	364640.66	364640.66	6C(57.0215),8C(57.0215)		
sp|F6P6X0|UBAP1_DANRE	F6P6X0	UBAP1_DANRE	ubap1	453	false	false	Danio rerio	Ubiquitin-associated protein 1	2:Experimental evidence at transcript level	2.65	1.0000	0.9982	0.00000000000000	1	1	1	1	1	1	2380660.2	2380660.2	2380660.2	6M(15.9949)		
sp|O13166|TLE3A_DANRE	O13166	TLE3A_DANRE	tle3a	761	false	false	Danio rerio	Transducin-like enhancer protein 3-A	1:Experimental evidence at protein level	2.76	1.0000	0.9990	0.00000000000000	2	0	2	2	0	2	476696.3	0	476696.3			
sp|O42248|GBLP_DANRE	O42248	GBLP_DANRE	gnb2l1	317	false	false	Danio rerio	Guanine nucleotide-binding protein subunit beta-2-like 1	1:Experimental evidence at protein level	29.02	1.0000	0.9990	0.00000000000000	7	7	7	7	7	7	6218300.0	6218300.0	6218300.0	13C(57.0215),4C(57.0215),6C(57.0215),8C(57.0215)		
sp|O57521|HS90B_DANRE	O57521	HS90B_DANRE	hsp90ab1	725	false	false	Danio rerio	Heat shock protein HSP 90-beta	1:Experimental evidence at protein level	3.86	1.0000	0.9990	0.00000000000000	2	1	2	2	1	2	0	0	0	11M(15.9949)		
sp|O77727|K1C15_SHEEP	O77727	K1C15_SHEEP	KRT15	453	false	false	Ovis aries	Keratin, type I cytoskeletal 15	2:Experimental evidence at transcript level	6.84	1.0000	0.9990	0.00000000000000	5	1	1	4	1	1	2.974811E7	853934.94	853934.94			
sp|O93409|MLRSA_DANRE	O93409	MLRSA_DANRE	mylpfa	169	false	false	Danio rerio	Myosin regulatory light chain 2, skeletal muscle isoform A	1:Experimental evidence at protein level	10.65	1.0000	0.9990	0.00000000000000	1	0	1	1	0	1	0	0	0	14M(15.9949)		
sp|P00760|TRY1_BOVIN	P00760	TRY1_BOVIN	PRSS1	246	false	false	Bos taurus	Serine protease 1	1:Experimental evidence at protein level	9.76	1.0000	0.9990	0.00000000000000	1	1	1	2	2	2	2.5021536E7	2.5021536E7	2.5021536E7	12C(57.0215),23C(57.0215),12C(57.0215),23C(57.0215)		
sp|P00761|TRYP_PIG	P00761	TRYP_PIG		231	false	false	Sus scrofa	Trypsin	1:Experimental evidence at protein level	71.86	1.0000	0.9990	0.00000000000000	13	13	13	24	24	24	3.75460096E9	3.75460096E9	3.75460096E9	11M(15.9949),13C(57.0215),12C(57.0215),12C(57.0215),23C(57.0215),13C(57.0215),13C(57.0215),13C(57.0215),27C(57.0215),3C(57.0215),17M(15.9949),17M(15.9949),17M(15.9949),2C(57.0215),2C(57.0215),2C(57.0215),9C(57.0215),2C(57.0215),9C(57.0215),37M(15.9949),9C(57.0215)		
sp|P00883|ALDOA_RABIT	P00883	ALDOA_RABIT	ALDOA	364	false	false	Oryctolagus cuniculus	Fructose-bisphosphate aldolase A	1:Experimental evidence at protein level	7.14	1.0000	0.9977	0.00000000000000	1	0	0	1	0	0	0	0	0			
sp|P01112|RASH_HUMAN	P01112	RASH_HUMAN	HRAS	189	false	false	Homo sapiens	GTPase HRas	1:Experimental evidence at protein level	21.69	1.0000	0.9990	0.00000000000000	4	0	4	4	0	4	4409511.0	0	4409511.0	N-term(42.0106)		tr|Q503B6|Q503B6_DANRE, tr|Q568K0|Q568K0_DANRE
sp|P02662|CASA1_BOVIN	P02662	CASA1_BOVIN	CSN1S1	214	false	false	Bos taurus	Alpha-S1-casein	1:Experimental evidence at protein level	10.28	1.0000	0.9990	0.00000000000000	2	2	2	2	2	2	1.1127647E7	1.1127647E7	1.1127647E7			
sp|P02663|CASA2_BOVIN	P02663	CASA2_BOVIN	CSN1S2	222	false	false	Bos taurus	Alpha-S2-casein	1:Experimental evidence at protein level	4.95	1.0000	0.9990	0.00000000000000	1	1	1	1	1	1	254920.58	254920.58	254920.58			
sp|P02666|CASB_BOVIN	P02666	CASB_BOVIN	CSN2	224	false	false	Bos taurus	Beta-casein	1:Experimental evidence at protein level	8.48	1.0000	0.9990	0.00000000000000	1	1	1	1	1	1	0	0	0	2M(15.9949)		
sp|P02668|CASK_BOVIN	P02668	CASK_BOVIN	CSN3	190	false	false	Bos taurus	Kappa-casein	1:Experimental evidence at protein level	9.47	1.0000	0.9990	0.00000000000000	1	1	1	1	1	1	545520.6	545520.6	545520.6			
sp|P02768|ALBU_HUMAN	P02768	ALBU_HUMAN	ALB	609	false	false	Homo sapiens	Albumin	1:Experimental evidence at protein level	11.66	1.0000	0.9989	0.00000000000000	6	4	4	6	4	4	6562465.0	1702987.2	1702987.2	17C(57.0215),2M(15.9949),4C(57.0215),3C(57.0215),6M(15.9949)		
sp|P02769|ALBU_BOVIN	P02769	ALBU_BOVIN	ALB	607	false	false	Bos taurus	Albumin	1:Experimental evidence at protein level	4.61	1.0000	0.9990	0.00000000000000	3	1	3	3	1	3	6229513.0	866114.6	6229513.0			
sp|P02788|TRFL_HUMAN	P02788	TRFL_HUMAN	LTF	710	false	false	Homo sapiens	Lactotransferrin	1:Experimental evidence at protein level	17.04	1.0000	0.9990	0.00000000000000	8	8	8	9	9	9	4514611.5	4514611.5	4514611.5	10C(57.0215),21C(57.0215),4C(57.0215),7C(57.0215)		
sp|P04040|CATA_HUMAN	P04040	CATA_HUMAN	CAT	527	false	false	Homo sapiens	Catalase	1:Experimental evidence at protein level	11.20	1.0000	0.9990	0.00000000000000	3	3	3	4	4	4	1267775.0	1267775.0	1267775.0	N-term(42.0106)		
sp|P04264|K2C1_HUMAN	P04264	K2C1_HUMAN	KRT1	644	false	false	Homo sapiens	Keratin, type II cytoskeletal 1	1:Experimental evidence at protein level	51.71	1.0000	0.9990	0.00000000000000	32	29	32	42	39	42	2.17944768E8	2.17944768E8	2.17944768E8	11C(57.0215),1M(15.9949),5C(57.0215),4C(57.0215),4C(57.0215),5C(57.0215),9M(15.9949)		
sp|P06732|KCRM_HUMAN	P06732	KCRM_HUMAN	CKM	381	false	false	Homo sapiens	Creatine kinase M-type	1:Experimental evidence at protein level	3.67	1.0000	0.9989	0.00000000000000	1	0	0	1	0	0	5034820.0	0	0			
sp|P10599|THIO_HUMAN	P10599	THIO_HUMAN	TXN	105	false	false	Homo sapiens	Thioredoxin	1:Experimental evidence at protein level	45.71	1.0000	0.9990	0.00000000000000	2	2	2	2	2	2	9447097.0	9447097.0	9447097.0	24C(57.0215),27C(57.0215)		
sp|P13104|TPM1_DANRE	P13104	TPM1_DANRE	tpma	284	false	false	Danio rerio	Tropomyosin alpha-1 chain	2:Experimental evidence at transcript level	43.66	1.0000	0.9990	0.00000000000000	18	7	18	25	9	25	1.01616224E8	1.2191691E7	1.01616224E8	13M(15.9949)		
sp|P13645|K1C10_HUMAN	P13645	K1C10_HUMAN	KRT10	584	false	false	Homo sapiens	Keratin, type I cytoskeletal 10	1:Experimental evidence at protein level	53.77	1.0000	0.9990	0.00000000000000	32	28	32	40	37	40	2.44164704E8	2.44164704E8	2.44164704E8	10C(57.0215),11M(15.9949),16C(57.0215),21C(57.0215),26C(57.0215),26M(15.9949),5M(15.9949),7C(57.0215)		
sp|P35359|OPSD_DANRE	P35359	OPSD_DANRE	rho	354	false	false	Danio rerio	Rhodopsin	1:Experimental evidence at protein level	4.24	1.0000	0.9990	0.00000000000000	1	1	1	1	1	1	478359.8	478359.8	478359.8	12C(57.0215),13M(15.9949),8C(57.0215)		
sp|P35527|K1C9_HUMAN	P35527	K1C9_HUMAN	KRT9	623	false	false	Homo sapiens	Keratin, type I cytoskeletal 9	1:Experimental evidence at protein level	47.99	1.0000	0.9990	0.00000000000000	24	24	24	30	30	30	4.7611208E7	4.7611208E7	4.7611208E7	1M(15.9949),5M(15.9949)		
sp|P35908|K22E_HUMAN	P35908	K22E_HUMAN	KRT2	639	false	false	Homo sapiens	Keratin, type II cytoskeletal 2 epidermal	1:Experimental evidence at protein level	69.48	1.0000	0.9990	0.00000000000000	31	28	29	34	31	32	5.8312232E7	5.8312232E7	5.8312232E7	1M(15.9949),23M(15.9949),23M(15.9949),7C(57.0215),8C(57.0215),8C(57.0215)		
sp|P61626|LYSC_HUMAN	P61626	LYSC_HUMAN	LYZ	148	false	false	Homo sapiens	Lysozyme C	1:Experimental evidence at protein level	50.68	1.0000	0.9990	0.00000000000000	6	6	6	7	7	7	3.2398476E7	3.2398476E7	3.2398476E7	12C(57.0215),26C(57.0215),8C(57.0215),15C(57.0215),19C(57.0215),33C(57.0215),3C(57.0215),8M(15.9949),9C(57.0215),9C(57.0215)		
sp|P62084|RS7_DANRE	P62084	RS7_DANRE	rps7	194	false	false	Danio rerio	40S ribosomal protein S7	1:Experimental evidence at protein level	14.43	1.0000	0.9990	0.00000000000000	3	3	3	4	4	4	1.0637586E7	1.0637586E7	1.0637586E7			
sp|P62247|RS8_DANRE	P62247	RS8_DANRE	rps8	208	false	false	Danio rerio	40S ribosomal protein S8	1:Experimental evidence at protein level	38.94	1.0000	0.9990	0.00000000000000	8	5	8	9	6	9	5.6227144E7	2.1812832E7	5.6227144E7	12C(57.0215),4C(57.0215),2C(57.0215)		
sp|P68871|HBB_HUMAN	P68871	HBB_HUMAN	HBB	147	false	false	Homo sapiens	Hemoglobin subunit beta	1:Experimental evidence at protein level	8.84	1.0000	0.9986	0.00000000000000	1	1	1	1	1	1	0	0	0			
sp|P79735|RAN_DANRE	P79735	RAN_DANRE	ran	215	false	false	Danio rerio	GTP-binding nuclear protein Ran	2:Experimental evidence at transcript level	38.60	1.0000	0.9990	0.00000000000000	7	7	7	7	7	7	2.7860524E7	2.7860524E7	2.7860524E7	10C(57.0215),2C(57.0215),10C(57.0215),2C(57.0215),N-term(42.0106)		
sp|Q06725|N2F1A_DANRE	Q06725	N2F1A_DANRE	nr2f1a	411	false	false	Danio rerio	Nuclear receptor subfamily 2 group F member 1-A	2:Experimental evidence at transcript level	3.41	1.0000	0.9990	0.00000000000000	1	0	1	1	0	1	0	0	0			tr|Q91430|Q91430_DANRE
sp|Q06830|PRDX1_HUMAN	Q06830	PRDX1_HUMAN	PRDX1	199	false	false	Homo sapiens	Peroxiredoxin-1	1:Experimental evidence at protein level	14.57	1.0000	0.9984	0.00000000000000	3	1	1	3	1	1	9393044.0	3011807.8	3011807.8			
sp|Q1MTE5|ARL3_DANRE	Q1MTE5	ARL3_DANRE	arl3	182	false	false	Danio rerio	ADP-ribosylation factor-like protein 3	2:Experimental evidence at transcript level	10.44	1.0000	0.9990	0.00000000000000	1	1	1	1	1	1	1204858.1	1204858.1	1204858.1			
sp|Q1MTI4|TPISA_DANRE	Q1MTI4	TPISA_DANRE	tpi1a	248	false	false	Danio rerio	Triosephosphate isomerase A	2:Experimental evidence at transcript level	6.05	1.0000	0.9990	0.00000000000000	1	0	0	1	0	0	0	0	0			
sp|Q32LQ4|BHMT1_DANRE	Q32LQ4	BHMT1_DANRE	bhmt	400	false	false	Danio rerio	Betaine--homocysteine S-methyltransferase 1	2:Experimental evidence at transcript level	14.50	1.0000	0.9990	0.00000000000000	4	4	4	6	6	6	9502879.0	9502879.0	9502879.0	6M(15.9949)		
sp|Q49HM9|GRK7A_DANRE	Q49HM9	GRK7A_DANRE	grk7a	549	false	false	Danio rerio	Rhodopsin kinase grk7a	1:Experimental evidence at protein level	5.65	1.0000	0.9990	0.00000000000000	2	2	2	2	2	2	2699940.5	2699940.5	2699940.5	N-term(42.0106),1C(57.0215),3M(15.9949)		
sp|Q52PJ5|DPYL3_DANRE	Q52PJ5	DPYL3_DANRE	dpysl3	567	false	false	Danio rerio	Dihydropyrimidinase-related protein 3	2:Experimental evidence at transcript level	23.63	1.0000	0.9990	0.00000000000000	10	9	10	11	10	11	7495329.5	6483816.5	7495329.5	10C(57.0215),4C(57.0215),4M(15.9949),8C(57.0215),8C(57.0215)		
sp|Q58EE9|GFAP_DANRE	Q58EE9	GFAP_DANRE	gfap	444	false	false	Danio rerio	Glial fibrillary acidic protein	1:Experimental evidence at protein level	2.48	1.0000	0.9990	0.00000000000000	1	0	0	1	0	0	2865913.5	0	0			
sp|Q58EG2|ERLN1_DANRE	Q58EG2	ERLN1_DANRE	erlin1	342	false	false	Danio rerio	Erlin-1	2:Experimental evidence at transcript level	6.73	1.0000	0.9989	0.00000000000000	3	2	3	3	2	3	1994316.9	1994316.9	1994316.9			
sp|Q5D018|RBM8A_DANRE	Q5D018	RBM8A_DANRE	rbm8a	174	false	false	Danio rerio	RNA-binding protein 8A	2:Experimental evidence at transcript level	10.92	1.0000	0.9990	0.00000000000000	1	1	1	1	1	1	1179412.6	1179412.6	1179412.6			
sp|Q5MJ86|G3P2_DANRE	Q5MJ86	G3P2_DANRE	gapdh-2	335	false	false	Danio rerio	Glyceraldehyde-3-phosphate dehydrogenase 2	2:Experimental evidence at transcript level	25.67	1.0000	0.9990	0.00000000000000	6	6	6	10	10	10	1.6200468E7	1.6200468E7	1.6200468E7	13C(57.0215),13M(15.9949),13M(15.9949),20C(57.0215),4M(15.9949),N-term(42.0106),4C(57.0215)		
sp|Q5PRD0|143BA_DANRE	Q5PRD0	143BA_DANRE	ywhaba	244	false	false	Danio rerio	14-3-3 protein beta/alpha-A	2:Experimental evidence at transcript level	12.70	1.0000	0.9990	0.00000000000000	4	0	4	4	0	4	8463271.0	0	8463271.0	N-term(42.0106)		
sp|Q5TZ66|SN25A_DANRE	Q5TZ66	SN25A_DANRE	snap25a	204	false	false	Danio rerio	Synaptosomal-associated protein 25-A	2:Experimental evidence at transcript level	33.82	1.0000	0.9990	0.00000000000000	4	1	1	11	2	2	3.3096E7	1.1720413E7	1.1720413E7			
sp|Q5XJ10|G3P_DANRE	Q5XJ10	G3P_DANRE	gapdh	333	false	false	Danio rerio	Glyceraldehyde-3-phosphate dehydrogenase	2:Experimental evidence at transcript level	29.13	1.0000	0.9990	0.00000000000000	5	5	5	7	7	7	1.1515545E7	1.1515545E7	1.1515545E7	13M(15.9949),19C(57.0215)		
sp|Q5XXA7|HDGR2_DANRE	Q5XXA7	HDGR2_DANRE	hdgfl2	662	false	false	Danio rerio	Hepatoma-derived growth factor-related protein 2	2:Experimental evidence at transcript level	1.66	1.0000	0.9977	0.00000000000000	1	0	1	1	0	1	3945051.2	0	3945051.2			tr|A0A8M3AN22|A0A8M3AN22_DANRE
sp|Q642H7|RIC8A_DANRE	Q642H7	RIC8A_DANRE	ric8a	548	false	false	Danio rerio	Synembryn-A	2:Experimental evidence at transcript level	2.01	1.0000	0.9989	0.00000000000000	1	1	1	1	1	1	0	0	0			
sp|Q642H9|RS4X_DANRE	Q642H9	RS4X_DANRE	rps4x	263	false	false	Danio rerio	40S ribosomal protein S4, X isoform	1:Experimental evidence at protein level	7.98	1.0000	0.9990	0.00000000000000	3	3	3	3	3	3	1.1021972E7	1.1021972E7	1.1021972E7	2C(57.0215),4C(57.0215)		
sp|Q642J5|RFOX1_DANRE	Q642J5	RFOX1_DANRE	rbfox1	373	false	false	Danio rerio	RNA binding protein fox-1 homolog 1	2:Experimental evidence at transcript level	8.04	1.0000	0.9990	0.00000000000000	2	1	2	2	1	2	0	0	0			
sp|Q66I73|MLRSB_DANRE	Q66I73	MLRSB_DANRE	mylpfb	170	false	false	Danio rerio	Myosin regulatory light chain 2, skeletal muscle isoform B	2:Experimental evidence at transcript level	10.59	1.0000	0.9990	0.00000000000000	1	0	0	1	0	0	0	0	0			
sp|Q6DEH3|KC2D1_DANRE	Q6DEH3	KC2D1_DANRE	camk2d1	491	false	false	Danio rerio	Calcium/calmodulin-dependent protein kinase type II delta 1 chain	2:Experimental evidence at transcript level	5.09	1.0000	0.9990	0.00000000000000	2	0	0	2	0	0	2414463.5	0	0			
sp|Q6DEM5|TIM8A_DANRE	Q6DEM5	TIM8A_DANRE	timm8a	90	false	false	Danio rerio	Mitochondrial import inner membrane translocase subunit Tim8 A	3:Protein inferred from homology	31.11	1.0000	0.9990	0.00000000000000	2	2	2	2	2	2	1368055.8	1368055.8	1368055.8	4C(57.0215),8C(57.0215)		
sp|Q6DGJ3|TIM13_DANRE	Q6DGJ3	TIM13_DANRE	timm13	95	false	false	Danio rerio	Mitochondrial import inner membrane translocase subunit Tim13	3:Protein inferred from homology	10.53	1.0000	0.9990	0.00000000000000	1	1	1	2	2	2	1174687.8	1174687.8	1174687.8	2M(15.9949)		
sp|Q6DGS3|KC2D2_DANRE	Q6DGS3	KC2D2_DANRE	camk2d2	554	false	false	Danio rerio	Calcium/calmodulin-dependent protein kinase type II delta 2 chain	2:Experimental evidence at transcript level	5.78	1.0000	0.9990	0.00000000000000	3	2	3	3	2	3	3745304.5	2186632.5	3745304.5	N-term(42.0106),5C(57.0215)		
sp|Q6DGV1|CELF4_DANRE	Q6DGV1	CELF4_DANRE	celf4	520	false	false	Danio rerio	CUGBP Elav-like family member 4	2:Experimental evidence at transcript level	1.92	1.0000	0.9988	0.00000000000000	1	0	0	1	0	0	516139.28	0	0			
sp|Q6DGY7|CRGNB_DANRE	Q6DGY7	CRGNB_DANRE	crygnb	183	false	false	Danio rerio	Gamma-crystallin N-B	2:Experimental evidence at transcript level	72.13	1.0000	0.9990	0.00000000000000	13	13	13	20	20	20	7.346776E7	7.346776E7	7.346776E7	13C(57.0215),14M(15.9949),17C(57.0215),20C(57.0215),7C(57.0215),13C(57.0215),17C(57.0215),20C(57.0215),7C(57.0215),1C(57.0215),8C(57.0215),1C(57.0215),8C(57.0215),2C(57.0215),4C(57.0215),4C(57.0215),4C(57.0215),6C(57.0215),8C(57.0215),8C(57.0215),8C(57.0215),9M(15.9949),9M(15.9949),N-term(42.0106),8C(57.0215)		
sp|Q6DI05|SUMO3_DANRE	Q6DI05	SUMO3_DANRE	sumo3	94	false	false	Danio rerio	Small ubiquitin-related modifier 3	3:Protein inferred from homology	12.77	1.0000	0.9990	0.00000000000000	1	0	1	1	0	1	1358837.4	0	1358837.4			sp|Q6NV25|SMO3L_DANRE
sp|Q6DI06|TIM10_DANRE	Q6DI06	TIM10_DANRE	timm10	88	false	false	Danio rerio	Mitochondrial import inner membrane translocase subunit Tim10	3:Protein inferred from homology	15.91	1.0000	0.9990	0.00000000000000	1	1	1	1	1	1	1463306.0	1463306.0	1463306.0	11C(57.0215)		
sp|Q6DRH5|NOP10_DANRE	Q6DRH5	NOP10_DANRE	nop10	64	false	false	Danio rerio	H/ACA ribonucleoprotein complex subunit 3	3:Protein inferred from homology	20.31	1.0000	0.9989	0.00000000000000	1	1	1	1	1	1	1114873.4	1114873.4	1114873.4			
sp|Q6IQM2|CYC_DANRE	Q6IQM2	CYC_DANRE	cyc	104	false	false	Danio rerio	Cytochrome c	3:Protein inferred from homology	18.27	1.0000	0.9989	0.00000000000000	2	1	2	2	1	2	723158.94	723158.94	723158.94			
sp|Q6NSN2|AOF_DANRE	Q6NSN2	AOF_DANRE	mao	522	false	false	Danio rerio	Amine oxidase [flavin-containing]	1:Experimental evidence at protein level	9.77	1.0000	0.9990	0.00000000000000	3	3	3	3	3	3	2531146.0	2531146.0	2531146.0	3C(57.0215),N-term(42.0106)		
sp|Q6NUW5|AN32E_DANRE	Q6NUW5	AN32E_DANRE	anp32e	250	false	false	Danio rerio	Acidic leucine-rich nuclear phosphoprotein 32 family member E	1:Experimental evidence at protein level	7.60	1.0000	0.9990	0.00000000000000	1	1	1	1	1	1	844219.8	844219.8	844219.8			
sp|Q6NWF6|K2C8_DANRE	Q6NWF6	K2C8_DANRE	krt8	520	false	false	Danio rerio	Keratin, type II cytoskeletal 8	1:Experimental evidence at protein level	7.50	1.0000	0.9990	0.00000000000000	5	1	2	5	1	2	4202692.5	151480.92	435220.0	6M(15.9949)		
sp|Q6NYA0|SRS1B_DANRE	Q6NYA0	SRS1B_DANRE	srsf1b	245	false	false	Danio rerio	Serine/arginine-rich splicing factor 1B	2:Experimental evidence at transcript level	13.47	1.0000	0.9986	0.00000000000000	4	0	0	4	0	0	5671126.0	0	0			
sp|Q6NYE2|RCC2_DANRE	Q6NYE2	RCC2_DANRE	rcc2	495	false	false	Danio rerio	Protein RCC2 homolog	2:Experimental evidence at transcript level	9.29	1.0000	0.9990	0.00000000000000	4	4	4	6	6	6	1.5558257E7	1.5558257E7	1.5558257E7	15C(57.0215),15C(57.0215)		
sp|Q6NYS8|OST48_DANRE	Q6NYS8	OST48_DANRE	ddost	441	false	false	Danio rerio	Dolichyl-diphosphooligosaccharide--protein glycosyltransferase 48 kDa subunit	2:Experimental evidence at transcript level	8.39	1.0000	0.9990	0.00000000000000	3	3	3	3	3	3	2305489.5	2305489.5	2305489.5			
sp|Q6NZ06|ILF2_DANRE	Q6NZ06	ILF2_DANRE	ilf2	387	false	false	Danio rerio	Interleukin enhancer-binding factor 2 homolog	2:Experimental evidence at transcript level	5.94	1.0000	0.9990	0.00000000000000	1	1	1	1	1	1	1078697.6	1078697.6	1078697.6			
sp|Q6NZS4|RTCB_DANRE	Q6NZS4	RTCB_DANRE	rtcb	505	false	false	Danio rerio	RNA-splicing ligase RtcB homolog	2:Experimental evidence at transcript level	1.78	1.0000	0.9965	0.00000000000000	1	1	1	1	1	1	0	0	0			
sp|Q6P026|BAF_DANRE	Q6P026	BAF_DANRE	banf1	90	false	false	Danio rerio	Barrier-to-autointegration factor	1:Experimental evidence at protein level	58.89	1.0000	0.9990	0.00000000000000	7	7	7	8	8	8	1.9144652E7	1.9144652E7	1.9144652E7	3M(15.9949),3M(15.9949),5C(57.0215),8C(57.0215),7M(15.9949),9M(15.9949)		
sp|Q6P0G6|MYL1_DANRE	Q6P0G6	MYL1_DANRE	myl1	190	false	false	Danio rerio	Myosin, light chain 1, alkali; skeletal, fast	2:Experimental evidence at transcript level	4.74	1.0000	0.9990	0.00000000000000	1	0	1	1	0	1	589293.0	0	589293.0			
sp|Q6P0V6|RL8_DANRE	Q6P0V6	RL8_DANRE	rpl8	257	false	false	Danio rerio	60S ribosomal protein L8	1:Experimental evidence at protein level	4.28	1.0000	0.9990	0.00000000000000	1	1	1	1	1	1	397588.2	397588.2	397588.2			
sp|Q6P3H7|RBBP4_DANRE	Q6P3H7	RBBP4_DANRE	rbbp4	424	false	false	Danio rerio	Histone-binding protein RBBP4	2:Experimental evidence at transcript level	3.30	1.0000	0.9990	0.00000000000000	1	1	1	1	1	1	836996.6	836996.6	836996.6	N-term(42.0106)		
sp|Q6P5M2|SKI8_DANRE	Q6P5M2	SKI8_DANRE	skic8	305	false	false	Danio rerio	SKI8 subunit of superkiller complex protein	2:Experimental evidence at transcript level	2.62	1.0000	0.9990	0.00000000000000	1	1	1	1	1	1	3694376.8	3694376.8	3694376.8			
sp|Q6PBI5|RS25_DANRE	Q6PBI5	RS25_DANRE	rps25	124	false	false	Danio rerio	40S ribosomal protein S25	1:Experimental evidence at protein level	15.32	1.0000	0.9989	0.00000000000000	2	2	2	2	2	2	4253701.5	4253701.5	4253701.5			
sp|Q6PBW5|RP65A_DANRE	Q6PBW5	RP65A_DANRE	rpe65a	531	false	false	Danio rerio	Retinoid isomerohydrolase	2:Experimental evidence at transcript level	18.83	1.0000	0.9990	0.00000000000000	7	7	7	9	9	9	1.1625658E7	1.1625658E7	1.1625658E7	10C(57.0215),3M(15.9949),4M(15.9949)		
sp|Q6PBY0|GNB5B_DANRE	Q6PBY0	GNB5B_DANRE	gnb5b	395	false	false	Danio rerio	Guanine nucleotide-binding protein subunit beta-5b	2:Experimental evidence at transcript level	3.80	1.0000	0.9990	0.00000000000000	1	1	1	1	1	1	1729746.4	1729746.4	1729746.4	N-term(42.0106),13C(57.0215),1C(57.0215)		
sp|Q6PBY1|RS3A_DANRE	Q6PBY1	RS3A_DANRE	rps3a	267	false	false	Danio rerio	40S ribosomal protein S3a	1:Experimental evidence at protein level	27.34	1.0000	0.9990	0.00000000000000	9	9	9	10	10	10	1.2999519E7	1.2999519E7	1.2999519E7	2C(57.0215),3C(57.0215)		
sp|Q6PC14|RL23_DANRE	Q6PC14	RL23_DANRE	rpl23	140	false	false	Danio rerio	60S ribosomal protein L23	1:Experimental evidence at protein level	27.14	1.0000	0.9990	0.00000000000000	4	4	4	5	5	5	1.6524048E7	1.6524048E7	1.6524048E7	13C(57.0215),13C(57.0215),15C(57.0215),2C(57.0215)		
sp|Q6PC30|CSN5_DANRE	Q6PC30	CSN5_DANRE	cops5	334	false	false	Danio rerio	COP9 signalosome complex subunit 5	2:Experimental evidence at transcript level	2.10	1.0000	0.9988	0.00000000000000	1	1	1	1	1	1	82997.81	82997.81	82997.81			
sp|Q6PC54|SN25B_DANRE	Q6PC54	SN25B_DANRE	snap25b	203	false	false	Danio rerio	Synaptosomal-associated protein 25-B	2:Experimental evidence at transcript level	40.89	1.0000	0.9990	0.00000000000000	7	4	7	17	8	17	2.7039746E7	9019787.0	2.7039746E7	10M(15.9949),1M(15.9949),1M(15.9949),2M(15.9949),2M(15.9949),4M(15.9949),4M(15.9949),4M(15.9949),4M(15.9949),6M(15.9949)		
sp|Q6PE25|EF1G_DANRE	Q6PE25	EF1G_DANRE	eef1g	442	false	false	Danio rerio	Elongation factor 1-gamma	2:Experimental evidence at transcript level	5.43	1.0000	0.9990	0.00000000000000	2	2	2	2	2	2	98718.22	98718.22	98718.22	N-term(42.0106)		
sp|Q6PG31|RNPS1_DANRE	Q6PG31	RNPS1_DANRE	rnps1	283	false	false	Danio rerio	RNA-binding protein with serine-rich domain 1	2:Experimental evidence at transcript level	12.72	1.0000	0.9990	0.00000000000000	2	2	2	2	2	2	6021448.5	6021448.5	6021448.5	2M(15.9949)		
sp|Q6PGV1|VA0D1_DANRE	Q6PGV1	VA0D1_DANRE	atp6v0d1	350	false	false	Danio rerio	V-type proton ATPase subunit d 1	1:Experimental evidence at protein level	6.00	1.0000	0.9990	0.00000000000000	2	2	2	2	2	2	2627969.8	2627969.8	2627969.8			
sp|Q6PH57|GBB1_DANRE	Q6PH57	GBB1_DANRE	gnb1	340	false	false	Danio rerio	Guanine nucleotide-binding protein G(I)/G(S)/G(T) subunit beta-1	2:Experimental evidence at transcript level	41.47	1.0000	0.9990	0.00000000000000	9	1	9	10	1	10	2.3799046E7	2263604.8	2.3799046E7	11C(57.0215),11C(57.0215),12C(57.0215),15C(57.0215),15C(57.0215),6M(15.9949),3C(57.0215),3C(57.0215),7C(57.0215),N-term(42.0106),N-term(42.0106)		
sp|Q6PHK6|PURB_DANRE	Q6PHK6	PURB_DANRE	purb	297	false	false	Danio rerio	Transcriptional activator protein Pur-beta	2:Experimental evidence at transcript level	5.05	1.0000	0.9990	0.00000000000000	1	0	0	1	0	0	1378109.5	0	0			
sp|Q6PI20|H33_DANRE	Q6PI20	H33_DANRE	h3f3d	136	false	false	Danio rerio	Histone H3.3	2:Experimental evidence at transcript level	31.62	1.0000	0.9990	0.00000000000000	7	0	0	8	0	0	2.28379424E8	0	0			
sp|Q6PI52|CALM_DANRE	Q6PI52	CALM_DANRE	calm3b	149	false	false	Danio rerio	Calmodulin	2:Experimental evidence at transcript level	45.64	1.0000	0.9990	0.00000000000000	5	5	5	5	5	5	4.8345416E7	4.8345416E7	4.8345416E7	N-term(42.0106),N-term(42.0106)		
sp|Q6Q415|RL36_DANRE	Q6Q415	RL36_DANRE	rpl36	105	false	false	Danio rerio	60S ribosomal protein L36	1:Experimental evidence at protein level	9.52	1.0000	0.9989	0.00000000000000	1	1	1	1	1	1	1359488.1	1359488.1	1359488.1	3C(57.0215)		
sp|Q6Q420|RS15A_DANRE	Q6Q420	RS15A_DANRE	rps15a	130	false	false	Danio rerio	40S ribosomal protein S15a	1:Experimental evidence at protein level	33.08	1.0000	0.9990	0.00000000000000	3	3	3	4	4	4	1.1195004E7	1.1195004E7	1.1195004E7	14M(15.9949)		
sp|Q6TH15|EIF3D_DANRE	Q6TH15	EIF3D_DANRE	eif3d	552	false	false	Danio rerio	Eukaryotic translation initiation factor 3 subunit D	2:Experimental evidence at transcript level	1.81	1.0000	0.9990	0.00000000000000	1	1	1	1	1	1	0	0	0			
sp|Q6VN46|MYG_DANRE	Q6VN46	MYG_DANRE	mb	147	false	false	Danio rerio	Myoglobin	2:Experimental evidence at transcript level	13.61	1.0000	0.9990	0.00000000000000	2	2	2	2	2	2	2497704.0	2497704.0	2497704.0	N-term(42.0106)		
sp|Q71PD7|H2AV_DANRE	Q71PD7	H2AV_DANRE	h2az2a	128	false	false	Danio rerio	Histone H2A.V	2:Experimental evidence at transcript level	53.91	1.0000	0.9990	0.00000000000000	7	0	6	8	0	7	1.78272435E9	0	5.0128272E7			tr|Q0Z946|Q0Z946_DANRE
sp|Q7SXP4|SRS1A_DANRE	Q7SXP4	SRS1A_DANRE	srsf1a	257	false	false	Danio rerio	Serine/arginine-rich splicing factor 1A	2:Experimental evidence at transcript level	28.02	1.0000	0.9990	0.00000000000000	7	3	7	7	3	7	8759388.0	7065492.0	8759388.0	6C(57.0215),6C(57.0215),N-term(42.0106),14C(57.0215)		
sp|Q7SXW4|EMC3_DANRE	Q7SXW4	EMC3_DANRE	emc3	261	false	false	Danio rerio	ER membrane protein complex subunit 3	2:Experimental evidence at transcript level	3.83	1.0000	0.9990	0.00000000000000	1	1	1	1	1	1	467520.25	467520.25	467520.25	7M(15.9949)		
sp|Q7SZE5|SC23A_DANRE	Q7SZE5	SC23A_DANRE	sec23a	765	false	false	Danio rerio	Protein transport protein Sec23A	2:Experimental evidence at transcript level	1.57	1.0000	0.9979	0.00000000000000	1	1	1	1	1	1	0	0	0	7C(57.0215)		
sp|Q7T356|143BB_DANRE	Q7T356	143BB_DANRE	ywhabb	242	false	false	Danio rerio	14-3-3 protein beta/alpha-B	2:Experimental evidence at transcript level	12.81	1.0000	0.9990	0.00000000000000	4	0	0	4	0	0	8463271.0	0	0			
sp|Q7T385|VTC1A_DANRE	Q7T385	VTC1A_DANRE	atp6v1c1a	383	false	false	Danio rerio	V-type proton ATPase subunit C 1-A	2:Experimental evidence at transcript level	3.13	1.0000	0.9990	0.00000000000000	1	1	1	1	1	1	0	0	0	N-term(42.0106)		
sp|Q7T394|LIS1A_DANRE	Q7T394	LIS1A_DANRE	pafah1b1a	410	false	false	Danio rerio	Lissencephaly-1 homolog A	2:Experimental evidence at transcript level	2.68	1.0000	0.9990	0.00000000000000	1	0	0	1	0	0	1659293.8	0	0			
sp|Q7ZT42|SND1_DANRE	Q7ZT42	SND1_DANRE	snd1	897	false	false	Danio rerio	Staphylococcal nuclease domain-containing protein 1	2:Experimental evidence at transcript level	1.56	1.0000	0.9990	0.00000000000000	1	1	1	1	1	1	699694.2	699694.2	699694.2			
sp|Q7ZTS4|K1C18_DANRE	Q7ZTS4	K1C18_DANRE	krt18	431	false	false	Danio rerio	Keratin, type I cytoskeletal 18	1:Experimental evidence at protein level	3.71	1.0000	0.9990	0.00000000000000	2	1	1	2	1	1	4477866.0	52870.203	52870.203	3M(15.9949)		
sp|Q7ZTY4|RBBP7_DANRE	Q7ZTY4	RBBP7_DANRE	rbbp7	426	false	false	Danio rerio	Histone-binding protein RBBP7	2:Experimental evidence at transcript level	3.05	1.0000	0.9990	0.00000000000000	1	1	1	1	1	1	489757.75	489757.75	489757.75	N-term(42.0106)		
sp|Q7ZU29|NUP93_DANRE	Q7ZU29	NUP93_DANRE	dye	820	false	false	Danio rerio	Nuclear pore complex protein Nup93	2:Experimental evidence at transcript level	1.46	1.0000	0.9989	0.00000000000000	1	1	1	1	1	1	0	0	0			
sp|Q7ZUG5|RS21_DANRE	Q7ZUG5	RS21_DANRE	rps21	81	false	false	Danio rerio	40S ribosomal protein S21	1:Experimental evidence at protein level	41.98	1.0000	0.9990	0.00000000000000	3	3	3	3	3	3	1476472.5	1476472.5	1476472.5	5C(57.0215),N-term(42.0106)		
sp|Q7ZUN8|YKT6_DANRE	Q7ZUN8	YKT6_DANRE	ykt6	198	false	false	Danio rerio	Synaptobrevin homolog YKT6	2:Experimental evidence at transcript level	6.57	1.0000	0.9969	0.00000000000000	1	1	1	1	1	1	697645.1	697645.1	697645.1			
sp|Q7ZUY3|H2AX_DANRE	Q7ZUY3	H2AX_DANRE	h2ax	142	false	false	Danio rerio	Histone H2AX	2:Experimental evidence at transcript level	35.21	1.0000	0.9990	0.00000000000000	9	0	9	12	0	12	2.32227456E9	0	2.32227456E9			tr|A0A8M2BA83|A0A8M2BA83_DANRE, tr|A0A8M3ATV1|A0A8M3ATV1_DANRE, tr|A0A8N7TAW0|A0A8N7TAW0_DANRE, tr|A4FVM2|A4FVM2_DANRE, tr|E7EXD7|E7EXD7_DANRE, tr|E7F5W3|E7F5W3_DANRE, tr|F1QTL1|F1QTL1_DANRE, tr|Q4FZZ7|Q4FZZ7_DANRE, tr|Q561S9|Q561S9_DANRE, tr|Q5XJK2|Q5XJK2_DANRE
sp|Q7ZV82|RL27_DANRE	Q7ZV82	RL27_DANRE	rpl27	136	false	false	Danio rerio	60S ribosomal protein L27	1:Experimental evidence at protein level	5.88	1.0000	0.9988	0.00000000000000	1	1	1	1	1	1	288009.9	288009.9	288009.9	3M(15.9949)		
sp|Q7ZV96|RL10_DANRE	Q7ZV96	RL10_DANRE	rpl10	215	false	false	Danio rerio	60S ribosomal protein L10	1:Experimental evidence at protein level	25.12	1.0000	0.9990	0.00000000000000	4	4	4	8	8	8	1.908829E7	1.908829E7	1.908829E7	10M(15.9949),7C(57.0215),12M(15.9949),9C(57.0215),4C(57.0215),7C(57.0215),8M(15.9949),8M(15.9949),9C(57.0215)		
sp|Q7ZVA0|SMU1_DANRE	Q7ZVA0	SMU1_DANRE	smu1	513	false	false	Danio rerio	WD40 repeat-containing protein SMU1	2:Experimental evidence at transcript level	2.53	1.0000	0.9990	0.00000000000000	1	1	1	1	1	1	516036.84	516036.84	516036.84	7C(57.0215),8C(57.0215)		
sp|Q7ZVA6|IF4A3_DANRE	Q7ZVA6	IF4A3_DANRE	eif4a3	406	false	false	Danio rerio	Eukaryotic initiation factor 4A-III	2:Experimental evidence at transcript level	3.94	1.0000	0.9990	0.00000000000000	1	0	1	1	0	1	2214817.0	0	2214817.0			
sp|Q7ZVF3|SDHA_DANRE	Q7ZVF3	SDHA_DANRE	sdha	661	false	false	Danio rerio	Succinate dehydrogenase [ubiquinone] flavoprotein subunit, mitochondrial	2:Experimental evidence at transcript level	6.05	1.0000	0.9990	0.00000000000000	3	3	3	3	3	3	123061.32	123061.32	123061.32	2C(57.0215)		
sp|Q7ZVF9|ACTB2_DANRE	Q7ZVF9	ACTB2_DANRE	actbb	375	false	false	Danio rerio	Actin, cytoplasmic 2	1:Experimental evidence at protein level	57.33	1.0000	0.9990	0.00000000000000	14	1	14	20	2	20	5.3848892E7	3886679.5	5.3848892E7	10M(15.9949),15M(15.9949),18C(57.0215),3C(57.0215),2C(57.0215),6M(15.9949),7M(15.9949),N-term(42.0106),15M(15.9949),16C(57.0215),N-term(42.0106),16C(57.0215)		
sp|Q7ZVI7|ACTB1_DANRE	Q7ZVI7	ACTB1_DANRE	actba	375	false	false	Danio rerio	Actin, cytoplasmic 1	1:Experimental evidence at protein level	57.33	1.0000	0.9990	0.00000000000000	14	1	1	20	2	2	5.3848892E7	3060253.5	3060253.5	N-term(42.0106),15M(15.9949),16C(57.0215),N-term(42.0106),16C(57.0215)		
sp|Q7ZVY5|CISY_DANRE	Q7ZVY5	CISY_DANRE	cs	468	false	false	Danio rerio	Citrate synthase, mitochondrial	2:Experimental evidence at transcript level	2.56	1.0000	0.9990	0.00000000000000	1	1	1	1	1	1	1589223.6	1589223.6	1589223.6			
sp|Q7ZWE9|KCY_DANRE	Q7ZWE9	KCY_DANRE	cmpk	196	false	false	Danio rerio	UMP-CMP kinase	2:Experimental evidence at transcript level	6.12	1.0000	0.9990	0.00000000000000	1	1	1	1	1	1	1103365.0	1103365.0	1103365.0			
sp|Q7ZWJ4|RL18A_DANRE	Q7ZWJ4	RL18A_DANRE	rpl18a	176	false	false	Danio rerio	60S ribosomal protein L18a	1:Experimental evidence at protein level	7.39	1.0000	0.9990	0.00000000000000	1	1	1	1	1	1	383458.16	383458.16	383458.16	11C(57.0215)		
sp|Q803D2|LIS1B_DANRE	Q803D2	LIS1B_DANRE	pafah1b1b	410	false	false	Danio rerio	Lissencephaly-1 homolog B	2:Experimental evidence at transcript level	2.68	1.0000	0.9990	0.00000000000000	1	0	1	1	0	1	1659293.8	0	1659293.8	9C(57.0215)		
sp|Q803F6|RSSA_DANRE	Q803F6	RSSA_DANRE	rpsa	308	false	false	Danio rerio	40S ribosomal protein SA	1:Experimental evidence at protein level	21.10	1.0000	0.9990	0.00000000000000	4	4	4	4	4	4	1967585.0	1967585.0	1967585.0	20C(57.0215),8C(57.0215)		
sp|Q8AYN0|OPSR2_DANRE	Q8AYN0	OPSR2_DANRE	opn1lw2	356	false	false	Danio rerio	Red-sensitive opsin-2	1:Experimental evidence at protein level	6.74	1.0000	0.9989	0.00000000000000	2	1	2	5	3	5	3.2899192E7	2.2102024E7	3.2899192E7	13M(15.9949),13M(15.9949),2C(57.0215),2C(57.0215),4M(15.9949)		
sp|Q8JGR4|RL24_DANRE	Q8JGR4	RL24_DANRE	rpl24	157	false	false	Danio rerio	60S ribosomal protein L24	2:Experimental evidence at transcript level	7.64	1.0000	0.9990	0.00000000000000	2	2	2	5	5	5	7246018.0	7246018.0	7246018.0	1M(15.9949),6C(57.0215),1M(15.9949),6C(57.0215),4C(57.0215),6C(57.0215),6C(57.0215)		
sp|Q8JGS9|RS18_DANRE	Q8JGS9	RS18_DANRE	rps18	152	false	false	Danio rerio	40S ribosomal protein S18	1:Experimental evidence at protein level	28.95	1.0000	0.9989	0.00000000000000	5	5	5	5	5	5	8502445.0	8502445.0	8502445.0	N-term(42.0106)		
sp|Q8JH70|ALDCB_DANRE	Q8JH70	ALDCB_DANRE	aldocb	363	false	false	Danio rerio	Fructose-bisphosphate aldolase C-B	2:Experimental evidence at transcript level	12.67	1.0000	0.9990	0.00000000000000	2	1	2	3	2	3	0	0	0			
sp|Q8JIU7|NACA_DANRE	Q8JIU7	NACA_DANRE	naca	215	false	false	Danio rerio	Nascent polypeptide-associated complex subunit alpha	1:Experimental evidence at protein level	6.51	1.0000	0.9990	0.00000000000000	1	1	1	1	1	1	977627.4	977627.4	977627.4			
sp|Q8UVK2|SPT6H_DANRE	Q8UVK2	SPT6H_DANRE	supt6h	1726	false	false	Danio rerio	Transcription elongation factor SPT6	1:Experimental evidence at protein level	1.22	1.0000	0.9990	0.00000000000000	1	1	1	1	1	1	3107830.2	3107830.2	3107830.2			
sp|Q90473|HSP7C_DANRE	Q90473	HSP7C_DANRE	hspa8	649	false	false	Danio rerio	Heat shock cognate 71 kDa protein	2:Experimental evidence at transcript level	15.10	1.0000	0.9990	0.00000000000000	6	0	5	6	0	5	9147615.0	0	9147615.0	N-term(42.0106),16C(57.0215)		
sp|Q90XG0|TPISB_DANRE	Q90XG0	TPISB_DANRE	tpi1b	248	false	false	Danio rerio	Triosephosphate isomerase B	2:Experimental evidence at transcript level	11.29	1.0000	0.9990	0.00000000000000	2	1	2	2	1	2	0	0	0			
sp|Q90Z10|RL13_DANRE	Q90Z10	RL13_DANRE	rpl13	211	false	false	Danio rerio	60S ribosomal protein L13	1:Experimental evidence at protein level	5.21	1.0000	0.9988	0.00000000000000	1	1	1	1	1	1	377332.47	377332.47	377332.47			
sp|Q92005|EF1A_DANRE	Q92005	EF1A_DANRE	eef1a	462	false	false	Danio rerio	Elongation factor 1-alpha	2:Experimental evidence at transcript level	25.76	1.0000	0.9990	0.00000000000000	11	3	11	15	4	15	3.8366988E7	1.316653E7	3.8366988E7	12M(15.9949),2M(15.9949),9M(15.9949)		
sp|Q98TZ8|FLOT2_DANRE	Q98TZ8	FLOT2_DANRE	flot2a	428	false	false	Danio rerio	Flotillin-2a	2:Experimental evidence at transcript level	3.04	1.0000	0.9990	0.00000000000000	1	1	1	1	1	1	0	0	0			
sp|Q9DGK4|TCTP_DANRE	Q9DGK4	TCTP_DANRE	tpt1	171	false	false	Danio rerio	Translationally-controlled tumor protein homolog	2:Experimental evidence at transcript level	11.11	1.0000	0.9990	0.00000000000000	1	1	1	1	1	1	1764339.0	1764339.0	1764339.0			
sp|Q9IBD1|CELF3_DANRE	Q9IBD1	CELF3_DANRE	celf3	452	false	false	Danio rerio	CUGBP Elav-like family member 3	2:Experimental evidence at transcript level	2.21	1.0000	0.9989	0.00000000000000	1	0	1	1	0	1	516139.28	0	516139.28	2C(57.0215),8C(57.0215)		tr|A0A8M9PGK3|A0A8M9PGK3_DANRE
sp|Q9MIY7|COX2_DANRE	Q9MIY7	COX2_DANRE	mt-co2	230	false	false	Danio rerio	Cytochrome c oxidase subunit 2	3:Protein inferred from homology	8.70	1.0000	0.9990	0.00000000000000	1	1	1	2	2	2	1.6905424E7	1.6905424E7	1.6905424E7			
sp|Q9NSB2|KRT84_HUMAN	Q9NSB2	KRT84_HUMAN	KRT84	600	false	false	Homo sapiens	Keratin, type II cuticular Hb4	2:Experimental evidence at transcript level	1.50	1.0000	0.9982	0.00000000000000	2	0	0	2	0	0	894875.1	0	0			
sp|Q9PU58|NIPS2_DANRE	Q9PU58	NIPS2_DANRE	nipsnap2	286	false	false	Danio rerio	Protein NipSnap homolog 2	2:Experimental evidence at transcript level	9.09	1.0000	0.9988	0.00000000000000	3	1	3	4	1	4	2712362.0	1093668.1	2712362.0			
sp|Q9PUE4|COPG2_DANRE	Q9PUE4	COPG2_DANRE	copg2	873	false	false	Danio rerio	Coatomer subunit gamma-2	2:Experimental evidence at transcript level	1.37	1.0000	0.9990	0.00000000000000	1	1	1	1	1	1	374708.3	374708.3	374708.3			
sp|Q9PV90|RLA0_DANRE	Q9PV90	RLA0_DANRE	rplp0	319	false	false	Danio rerio	60S acidic ribosomal protein P0	2:Experimental evidence at transcript level	3.76	1.0000	0.9990	0.00000000000000	1	1	1	1	1	1	1660744.2	1660744.2	1660744.2			
sp|Q9W6A5|OPSG1_DANRE	Q9W6A5	OPSG1_DANRE	opn1mw1	349	false	false	Danio rerio	Green-sensitive opsin-1	1:Experimental evidence at protein level	8.31	1.0000	0.9990	0.00000000000000	3	2	3	4	2	4	4.0288652E7	5032954.5	4.0288652E7	2C(57.0215),3M(15.9949),9C(57.0215),2C(57.0215),9C(57.0215)		
sp|Q9W6A8|OP1S2_DANRE	Q9W6A8	OP1S2_DANRE	opn1sw2	354	false	false	Danio rerio	Opsin-1, short-wave-sensitive 2	1:Experimental evidence at protein level	4.24	1.0000	0.9986	0.00000000000000	1	1	1	2	2	2	4741989.0	4741989.0	4741989.0	13M(15.9949)		
sp|Q9W6A9|OP1S1_DANRE	Q9W6A9	OP1S1_DANRE	opn1sw1	336	false	false	Danio rerio	Opsin-1, short-wave-sensitive 1	1:Experimental evidence at protein level	11.61	1.0000	0.9990	0.00000000000000	4	4	4	8	8	8	1.43459072E8	1.43459072E8	1.43459072E8	13M(15.9949),3C(57.0215),13M(15.9949),3C(57.0215),3C(57.0215),3C(57.0215),5C(57.0215),5C(57.0215),5C(57.0215),7M(15.9949)		
sp|Q9W762|TIM9_DANRE	Q9W762	TIM9_DANRE	timm9	84	false	false	Danio rerio	Mitochondrial import inner membrane translocase subunit Tim9	3:Protein inferred from homology	19.05	1.0000	0.9990	0.00000000000000	1	1	1	1	1	1	1116274.0	1116274.0	1116274.0	13C(57.0215),9C(57.0215)		
tr|A0A0R4IBX9|A0A0R4IBX9_DANRE	A0A0R4IBX9	A0A0R4IBX9_DANRE	si:ch73-1a9.3	87	false	false	Danio rerio	Si:ch73-1a9.3	3:Protein inferred from homology	17.24	1.0000	0.9990	0.00000000000000	1	1	1	2	2	2	5.1576116E7	5.1576116E7	5.1576116E7			
tr|A0A0R4IC20|A0A0R4IC20_DANRE	A0A0R4IC20	A0A0R4IC20_DANRE	si:ch211-276i12.9	167	false	false	Danio rerio	Si:ch211-276i12.9	4:Protein predicted	16.77	1.0000	0.9990	0.00000000000000	2	0	2	4	0	4	1.5764881E7	0	1.5764881E7			
tr|A0A0R4IFJ4|A0A0R4IFJ4_DANRE	A0A0R4IFJ4	A0A0R4IFJ4_DANRE	PYCa	1181	false	false	Danio rerio	Pyruvate carboxylase	1:Experimental evidence at protein level	1.10	1.0000	0.9990	0.00000000000000	1	1	1	1	1	1	239221.05	239221.05	239221.05	7C(57.0215)		
tr|A0A0R4IFJ7|A0A0R4IFJ7_DANRE	A0A0R4IFJ7	A0A0R4IFJ7_DANRE	fi14g08	417	false	false	Danio rerio	creatine kinase	1:Experimental evidence at protein level	46.28	1.0000	0.9990	0.00000000000000	15	12	15	19	15	19	2.4343496E7	2.2517796E7	2.4343496E7	11C(57.0215),13C(57.0215),21M(15.9949),21M(15.9949),4C(57.0215),4M(15.9949)		
tr|A0A0R4IM99|A0A0R4IM99_DANRE	A0A0R4IM99	A0A0R4IM99_DANRE	tpm2	284	false	false	Danio rerio	Tropomyosin 2 (beta)	3:Protein inferred from homology	38.03	1.0000	0.9990	0.00000000000000	13	3	7	18	3	8	1.01616224E8	7600225.0	1.2035694E7			
tr|A0A0R4INI3|A0A0R4INI3_DANRE	A0A0R4INI3	A0A0R4INI3_DANRE	smyhc1	1938	false	false	Danio rerio	Slow myosin heavy chain 1	1:Experimental evidence at protein level	18.47	1.0000	0.9990	0.00000000000000	30	2	13	36	2	13	7.3771552E7	3794824.5	1.0220924E7	1C(57.0215)		
tr|A0A0R4IP12|A0A0R4IP12_DANRE	A0A0R4IP12	A0A0R4IP12_DANRE	pds5b	1408	false	false	Danio rerio	PDS5 cohesin-associated factor B	4:Protein predicted	0.85	1.0000	0.9990	0.00000000000000	1	0	1	1	0	1	2438219.5	0	2438219.5	5C(57.0215),6C(57.0215)		
tr|A0A0R4IQM9|A0A0R4IQM9_DANRE	A0A0R4IQM9	A0A0R4IQM9_DANRE	stxbp1a	603	false	false	Danio rerio	Syntaxin-binding protein 1a	3:Protein inferred from homology	12.77	1.0000	0.9990	0.00000000000000	6	4	6	6	4	6	6771701.5	5935772.0	6771701.5	9C(57.0215),9M(15.9949)		
tr|A0A0R4IS70|A0A0R4IS70_DANRE	A0A0R4IS70	A0A0R4IS70_DANRE	purba	317	false	false	Danio rerio	Purine-rich element-binding protein Ba	3:Protein inferred from homology	4.73	1.0000	0.9990	0.00000000000000	1	0	1	1	0	1	1378109.5	0	1378109.5			
tr|A0A1L6UW63|A0A1L6UW63_DANRE	A0A1L6UW63	A0A1L6UW63_DANRE	zgc:171719	284	false	false	Danio rerio	Tropomyosin 1-1	1:Experimental evidence at protein level	28.52	1.0000	0.9990	0.00000000000000	10	0	0	15	0	0	1.01616224E8	0	0			
tr|A0A1L6UW65|A0A1L6UW65_DANRE	A0A1L6UW65	A0A1L6UW65_DANRE	tmp4	284	false	false	Danio rerio	Tropomyosin 4-2alpha	2:Experimental evidence at transcript level	20.77	1.0000	0.9990	0.00000000000000	7	0	0	12	0	0	1.01616224E8	0	0			
tr|A0A2R8Q650|A0A2R8Q650_DANRE	A0A2R8Q650	A0A2R8Q650_DANRE	tpm3	284	false	false	Danio rerio	Tropomyosin 3	3:Protein inferred from homology	27.82	1.0000	0.9990	0.00000000000000	12	0	0	16	0	0	1.01616224E8	0	0			
tr|A0A2R8QB83|A0A2R8QB83_DANRE	A0A2R8QB83	A0A2R8QB83_DANRE	btbd17b	515	false	false	Danio rerio	BTB (POZ) domain-containing 17b	1:Experimental evidence at protein level	3.69	1.0000	0.9990	0.00000000000000	1	1	1	1	1	1	975105.9	975105.9	975105.9			
tr|A0A2R8QLH1|A0A2R8QLH1_DANRE	A0A2R8QLH1	A0A2R8QLH1_DANRE	rab41	211	false	false	Danio rerio	RAB41, member RAS oncogene family	4:Protein predicted	5.21	1.0000	0.9980	0.00000000000000	1	0	0	1	0	0	4811575.0	0	0			
tr|A0A2R8QUQ1|A0A2R8QUQ1_DANRE	A0A2R8QUQ1	A0A2R8QUQ1_DANRE	rgs9a	480	false	false	Danio rerio	Regulator of G protein-signaling 9a	4:Protein predicted	5.42	1.0000	0.9979	0.00000000000000	2	2	2	2	2	2	548682.4	548682.4	548682.4	8C(57.0215)		
tr|A0A2R8RKX9|A0A2R8RKX9_DANRE	A0A2R8RKX9	A0A2R8RKX9_DANRE	gnb4b	340	false	false	Danio rerio	Guanine nucleotide-binding protein (G protein), beta polypeptide 4b	3:Protein inferred from homology	12.94	1.0000	0.9990	0.00000000000000	3	1	1	3	1	1	5.6936952E7	5.4676964E7	5.4676964E7	11C(57.0215)		
tr|A0A8M1N062|A0A8M1N062_DANRE	A0A8M1N062	A0A8M1N062_DANRE	polr2d	145	false	false	Danio rerio	DNA-directed RNA polymerase II subunit RPB4	1:Experimental evidence at protein level	17.93	1.0000	0.9990	0.00000000000000	1	1	1	1	1	1	1742324.5	1742324.5	1742324.5			
tr|A0A8M1N2G4|A0A8M1N2G4_DANRE	A0A8M1N2G4	A0A8M1N2G4_DANRE	snrpg	76	false	false	Danio rerio	Small nuclear ribonucleoprotein G	1:Experimental evidence at protein level	17.11	1.0000	0.9990	0.00000000000000	1	1	1	1	1	1	2911363.0	2911363.0	2911363.0			
tr|A0A8M1N4J0|A0A8M1N4J0_DANRE	A0A8M1N4J0	A0A8M1N4J0_DANRE	acp1	158	false	false	Danio rerio	Low molecular weight phosphotyrosine protein phosphatase	1:Experimental evidence at protein level	7.59	1.0000	0.9990	0.00000000000000	1	1	1	1	1	1	1433887.5	1433887.5	1433887.5	11C(57.0215),6C(57.0215)		
tr|A0A8M1N5K7|A0A8M1N5K7_DANRE	A0A8M1N5K7	A0A8M1N5K7_DANRE	c1qbp	270	false	false	Danio rerio	Complement component 1 Q subcomponent-binding protein, mitochondrial	1:Experimental evidence at protein level	12.96	1.0000	0.9990	0.00000000000000	2	2	2	2	2	2	1114361.1	1114361.1	1114361.1	1M(15.9949)		
tr|A0A8M1N5M5|A0A8M1N5M5_DANRE	A0A8M1N5M5	A0A8M1N5M5_DANRE	tubb6	447	false	false	Danio rerio	Tubulin beta chain	1:Experimental evidence at protein level	21.48	1.0000	0.9990	0.00000000000000	9	3	3	13	4	4	6.1391236E7	2.1818986E7	2.1818986E7	12C(57.0215)		
tr|A0A8M1N612|A0A8M1N612_DANRE	A0A8M1N612	A0A8M1N612_DANRE	ndufs2	464	false	false	Danio rerio	NADH dehydrogenase [ubiquinone] iron-sulfur protein 2, mitochondrial	1:Experimental evidence at protein level	5.60	1.0000	0.9990	0.00000000000000	1	1	1	1	1	1	1458375.6	1458375.6	1458375.6	1M(15.9949)		
tr|A0A8M1N6S0|A0A8M1N6S0_DANRE	A0A8M1N6S0	A0A8M1N6S0_DANRE	polr2b	1174	false	false	Danio rerio	DNA-directed RNA polymerase subunit beta	1:Experimental evidence at protein level	2.30	1.0000	0.9990	0.00000000000000	2	2	2	2	2	2	1383431.0	1383431.0	1383431.0			
tr|A0A8M1N7Z8|A0A8M1N7Z8_DANRE	A0A8M1N7Z8	A0A8M1N7Z8_DANRE	tubb2b	472	false	false	Danio rerio	Tubulin beta chain	1:Experimental evidence at protein level	70.76	1.0000	0.9990	0.00000000000000	29	4	29	50	5	50	1.42480928E8	1.9421672E7	1.42480928E8	10C(57.0215),10M(15.9949),10M(15.9949),11M(15.9949),11M(15.9949),12C(57.0215),12C(57.0215),12C(57.0215),1M(15.9949),12C(57.0215),1M(15.9949),17M(15.9949),23C(57.0215),1M(15.9949),23C(57.0215),25M(15.9949),5C(57.0215),7C(57.0215),25M(15.9949),5C(57.0215),7C(57.0215),26M(15.9949),6C(57.0215),8C(57.0215),2M(15.9949),4C(57.0215),5C(57.0215),7C(57.0215),5M(15.9949),5M(15.9949),6C(57.0215),6C(57.0215),8C(57.0215),6M(15.9949),6M(15.9949),8M(15.9949),9M(15.9949)		
tr|A0A8M1N8U3|A0A8M1N8U3_DANRE	A0A8M1N8U3	A0A8M1N8U3_DANRE	cirbpb	206	false	false	Danio rerio	cold-inducible RNA-binding protein isoform 1	1:Experimental evidence at protein level	12.62	1.0000	0.9990	0.00000000000000	1	1	1	1	1	1	1880066.1	1880066.1	1880066.1	N-term(42.0106)		
tr|A0A8M1N8X4|A0A8M1N8X4_DANRE	A0A8M1N8X4	A0A8M1N8X4_DANRE	aars1	991	false	false	Danio rerio	Alanine--tRNA ligase	3:Protein inferred from homology	1.41	1.0000	0.9990	0.00000000000000	1	0	1	1	0	1	0	0	0	3C(57.0215),5C(57.0215)		tr|A0A8M2B5M3|A0A8M2B5M3_DANRE
tr|A0A8M1NB67|A0A8M1NB67_DANRE	A0A8M1NB67	A0A8M1NB67_DANRE	ncl	705	false	false	Danio rerio	Nucleolin	1:Experimental evidence at protein level	3.40	1.0000	0.9990	0.00000000000000	3	3	3	3	3	3	1818499.5	1818499.5	1818499.5			
tr|A0A8M1NBP6|A0A8M1NBP6_DANRE	A0A8M1NBP6	A0A8M1NBP6_DANRE	myh7l	1936	false	false	Danio rerio	myosin heavy chain 7-like	1:Experimental evidence at protein level	11.36	1.0000	0.9977	0.00000000000000	19	1	1	25	1	1	5.9271716E7	690615.56	690615.56			
tr|A0A8M1NEM1|A0A8M1NEM1_DANRE	A0A8M1NEM1	A0A8M1NEM1_DANRE	myh9a	1961	false	false	Danio rerio	myosin-9	1:Experimental evidence at protein level	1.48	1.0000	0.9990	0.00000000000000	3	1	1	3	1	1	2550655.2	1167982.0	1167982.0			
tr|A0A8M1NUS6|A0A8M1NUS6_DANRE	A0A8M1NUS6	A0A8M1NUS6_DANRE	ncapd2	1380	false	false	Danio rerio	Condensin complex subunit 1	1:Experimental evidence at protein level	0.94	1.0000	0.9988	0.00000000000000	1	1	1	1	1	1	0	0	0	4C(57.0215)		
tr|A0A8M1NUW6|A0A8M1NUW6_DANRE	A0A8M1NUW6	A0A8M1NUW6_DANRE	eif4h	262	false	false	Danio rerio	Eukaryotic translation initiation factor 4H	1:Experimental evidence at protein level	4.96	1.0000	0.9990	0.00000000000000	1	1	1	1	1	1	846637.7	846637.7	846637.7			
tr|A0A8M1NYJ7|A0A8M1NYJ7_DANRE	A0A8M1NYJ7	A0A8M1NYJ7_DANRE	sh3gl2b	350	false	false	Danio rerio	SH3-domain GRB2-like 2-like	3:Protein inferred from homology	3.43	1.0000	0.9990	0.00000000000000	1	0	1	1	0	1	506625.56	0	506625.56			
tr|A0A8M1NYL7|A0A8M1NYL7_DANRE	A0A8M1NYL7	A0A8M1NYL7_DANRE	gngt2b	69	false	false	Danio rerio	Guanine nucleotide-binding protein subunit gamma	3:Protein inferred from homology	73.91	1.0000	0.9990	0.00000000000000	3	2	3	3	2	3	6603738.0	3652560.8	6603738.0			
tr|A0A8M1NYZ2|A0A8M1NYZ2_DANRE	A0A8M1NYZ2	A0A8M1NYZ2_DANRE	ssbp4	386	false	false	Danio rerio	single-stranded DNA-binding protein 4	4:Protein predicted	4.15	1.0000	0.9990	0.00000000000000	1	0	1	1	0	1	1311943.5	0	1311943.5			tr|A0A8M3APY7|A0A8M3APY7_DANRE
tr|A0A8M1NZE8|A0A8M1NZE8_DANRE	A0A8M1NZE8	A0A8M1NZE8_DANRE	prkcaa	670	false	false	Danio rerio	Protein kinase C	3:Protein inferred from homology	1.79	1.0000	0.9990	0.00000000000000	1	0	1	1	0	1	2700714.2	0	2700714.2			tr|A0A8M9PM31|A0A8M9PM31_DANRE
tr|A0A8M1NZG6|A0A8M1NZG6_DANRE	A0A8M1NZG6	A0A8M1NZG6_DANRE	snap29	266	false	false	Danio rerio	synaptosomal-associated protein 29	1:Experimental evidence at protein level	12.03	1.0000	0.9989	0.00000000000000	2	2	2	2	2	2	2057068.2	2057068.2	2057068.2			
tr|A0A8M1P122|A0A8M1P122_DANRE	A0A8M1P122	A0A8M1P122_DANRE	lsm8	96	false	false	Danio rerio	U6 snRNA-associated Sm-like protein LSm8	1:Experimental evidence at protein level	16.67	1.0000	0.9990	0.00000000000000	1	1	1	1	1	1	0	0	0			
tr|A0A8M1P2M7|A0A8M1P2M7_DANRE	A0A8M1P2M7	A0A8M1P2M7_DANRE	cox6c	76	false	false	Danio rerio	Cytochrome c oxidase subunit 6C	1:Experimental evidence at protein level	17.11	1.0000	0.9989	0.00000000000000	1	1	1	1	1	1	2276862.2	2276862.2	2276862.2			
tr|A0A8M1P318|A0A8M1P318_DANRE	A0A8M1P318	A0A8M1P318_DANRE	hmgn3	120	false	false	Danio rerio	high mobility group nucleosome-binding domain-containing protein 3 isoform 1	1:Experimental evidence at protein level	18.33	1.0000	0.9989	0.00000000000000	2	2	2	2	2	2	1458353.4	1458353.4	1458353.4			
tr|A0A8M1P4G3|A0A8M1P4G3_DANRE	A0A8M1P4G3	A0A8M1P4G3_DANRE	stt3b	805	false	false	Danio rerio	dolichyl-diphosphooligosaccharide--protein glycotransferase	1:Experimental evidence at protein level	1.12	1.0000	0.9982	0.00000000000000	1	1	1	1	1	1	849410.6	849410.6	849410.6	4M(15.9949)		
tr|A0A8M1P4J0|A0A8M1P4J0_DANRE	A0A8M1P4J0	A0A8M1P4J0_DANRE	nolc1	1001	false	false	Danio rerio	nucleolar and coiled-body phosphoprotein 1	1:Experimental evidence at protein level	1.10	1.0000	0.9990	0.00000000000000	1	1	1	1	1	1	0	0	0			
tr|A0A8M1P526|A0A8M1P526_DANRE	A0A8M1P526	A0A8M1P526_DANRE	atp5f1c	293	false	false	Danio rerio	ATP synthase subunit gamma	1:Experimental evidence at protein level	4.10	1.0000	0.9990	0.00000000000000	1	1	1	1	1	1	1700319.5	1700319.5	1700319.5			
tr|A0A8M1P5N6|A0A8M1P5N6_DANRE	A0A8M1P5N6	A0A8M1P5N6_DANRE	krt4	497	false	false	Danio rerio	keratin 4	1:Experimental evidence at protein level	8.45	1.0000	0.9990	0.00000000000000	5	1	1	5	1	1	4202692.5	493376.53	493376.53			
tr|A0A8M1P7E4|A0A8M1P7E4_DANRE	A0A8M1P7E4	A0A8M1P7E4_DANRE	cox5ab	138	false	false	Danio rerio	Cytochrome c oxidase subunit 5A, mitochondrial	1:Experimental evidence at protein level	30.43	1.0000	0.9990	0.00000000000000	4	1	1	5	1	1	2.8695258E7	0	0			
tr|A0A8M1P8J0|A0A8M1P8J0_DANRE	A0A8M1P8J0	A0A8M1P8J0_DANRE	drada	1381	false	false	Danio rerio	Adenosine deaminase RNA-specific	1:Experimental evidence at protein level	2.10	1.0000	0.9990	0.00000000000000	2	2	2	2	2	2	7167315.0	7167315.0	7167315.0			
tr|A0A8M1P8U9|A0A8M1P8U9_DANRE	A0A8M1P8U9	A0A8M1P8U9_DANRE	si:ch211-114n24.6	451	false	false	Danio rerio	Tubulin alpha chain	3:Protein inferred from homology	65.41	1.0000	0.9990	0.00000000000000	24	0	11	36	0	14	1.56314784E8	0	7.9484736E7	15C(57.0215),15C(57.0215),22M(15.9949),31M(15.9949),6C(57.0215),8C(57.0215),8C(57.0215),8C(57.0215),9C(57.0215)		
tr|A0A8M1P8Z3|A0A8M1P8Z3_DANRE	A0A8M1P8Z3	A0A8M1P8Z3_DANRE	ddx39aa	427	false	false	Danio rerio	RNA helicase	1:Experimental evidence at protein level	10.30	1.0000	0.9990	0.00000000000000	4	1	1	4	1	1	4006566.0	1365861.6	1365861.6			
tr|A0A8M1P9F3|A0A8M1P9F3_DANRE	A0A8M1P9F3	A0A8M1P9F3_DANRE	gucy2d	1137	false	false	Danio rerio	Guanylate cyclase	3:Protein inferred from homology	1.32	1.0000	0.9969	0.00000000000000	1	0	1	1	0	1	889917.25	0	889917.25			tr|A0A8M2BCH5|A0A8M2BCH5_DANRE
tr|A0A8M1P9T3|A0A8M1P9T3_DANRE	A0A8M1P9T3	A0A8M1P9T3_DANRE	acss2	698	false	false	Danio rerio	propionate--CoA ligase	1:Experimental evidence at protein level	1.29	1.0000	0.9990	0.00000000000000	1	0	1	1	0	1	149671.39	0	149671.39			
tr|A0A8M1PDN1|A0A8M1PDN1_DANRE	A0A8M1PDN1	A0A8M1PDN1_DANRE	bsg	392	false	false	Danio rerio	basigin isoform 1 precursor	1:Experimental evidence at protein level	7.65	1.0000	0.9990	0.00000000000000	2	2	2	2	2	2	3937475.5	3937475.5	3937475.5			
tr|A0A8M1PFC4|A0A8M1PFC4_DANRE	A0A8M1PFC4	A0A8M1PFC4_DANRE	npm1a	279	false	false	Danio rerio	Nucleophosmin	1:Experimental evidence at protein level	27.60	1.0000	0.9990	0.00000000000000	4	4	4	5	5	5	7198913.0	7198913.0	7198913.0	15C(57.0215),15C(57.0215),3C(57.0215)		
tr|A0A8M1PFH7|A0A8M1PFH7_DANRE	A0A8M1PFH7	A0A8M1PFH7_DANRE	phgdh	528	false	false	Danio rerio	D-3-phosphoglycerate dehydrogenase	1:Experimental evidence at protein level	1.70	1.0000	0.9990	0.00000000000000	1	1	1	1	1	1	1426880.9	1426880.9	1426880.9			
tr|A0A8M1PFY0|A0A8M1PFY0_DANRE	A0A8M1PFY0	A0A8M1PFY0_DANRE	nedd8	89	false	false	Danio rerio	NEDD8	3:Protein inferred from homology	15.73	1.0000	0.9990	0.00000000000000	1	0	1	1	0	1	2296988.5	0	2296988.5			tr|Q6DGU4|Q6DGU4_DANRE
tr|A0A8M1PHY6|A0A8M1PHY6_DANRE	A0A8M1PHY6	A0A8M1PHY6_DANRE	ssrp1a	705	false	false	Danio rerio	FACT complex subunit SSRP1	1:Experimental evidence at protein level	1.99	1.0000	0.9990	0.00000000000000	1	1	1	1	1	1	1281200.8	1281200.8	1281200.8	N-term(42.0106)		
tr|A0A8M1PII2|A0A8M1PII2_DANRE	A0A8M1PII2	A0A8M1PII2_DANRE	acadm	426	false	false	Danio rerio	Medium-chain specific acyl-CoA dehydrogenase, mitochondrial	1:Experimental evidence at protein level	5.87	1.0000	0.9990	0.00000000000000	2	2	2	2	2	2	1070970.5	1070970.5	1070970.5			
tr|A0A8M1PUI6|A0A8M1PUI6_DANRE	A0A8M1PUI6	A0A8M1PUI6_DANRE	si:dkey-23a13.9	201	false	false	Danio rerio	histone H1-like	3:Protein inferred from homology	33.83	1.0000	0.9990	0.00000000000000	12	0	2	19	0	4	3.3625264E8	0	1.0654314E7	N-term(42.0106),N-term(42.0106)		tr|A0A8N7TF89|A0A8N7TF89_DANRE, tr|A0A8N7URG1|A0A8N7URG1_DANRE
tr|A0A8M1PZK0|A0A8M1PZK0_DANRE	A0A8M1PZK0	A0A8M1PZK0_DANRE	cox5b1	134	false	false	Danio rerio	cytochrome c oxidase subunit 5B, mitochondrial-like	1:Experimental evidence at protein level	24.63	1.0000	0.9990	0.00000000000000	2	1	1	2	1	1	2397849.5	821258.75	821258.75	4C(57.0215),6C(57.0215)		
tr|A0A8M1QUS6|A0A8M1QUS6_DANRE	A0A8M1QUS6	A0A8M1QUS6_DANRE	myh9b	1698	false	false	Danio rerio	myosin-9 isoform X1	1:Experimental evidence at protein level	0.94	1.0000	0.9990	0.00000000000000	2	0	0	2	0	0	1382673.2	0	0			
tr|A0A8M1RJJ4|A0A8M1RJJ4_DANRE	A0A8M1RJJ4	A0A8M1RJJ4_DANRE	lsm3	102	false	false	Danio rerio	U6 snRNA-associated Sm-like protein LSm3	1:Experimental evidence at protein level	11.76	1.0000	0.9990	0.00000000000000	1	1	1	1	1	1	763644.7	763644.7	763644.7			
tr|A0A8M1RLA4|A0A8M1RLA4_DANRE	A0A8M1RLA4	A0A8M1RLA4_DANRE	si:ch73-36p18.1	204	false	false	Danio rerio	histone H1-like	3:Protein inferred from homology	33.33	1.0000	0.9990	0.00000000000000	12	0	5	19	0	7	4.23399168E8	0	1.79159616E8	N-term(42.0106),N-term(42.0106)		tr|A0A8M1RS22|A0A8M1RS22_DANRE
tr|A0A8M1RM42|A0A8M1RM42_DANRE	A0A8M1RM42	A0A8M1RM42_DANRE	dpysl2a	573	false	false	Danio rerio	dihydropyrimidinase-related protein 2	1:Experimental evidence at protein level	12.04	1.0000	0.9990	0.00000000000000	6	3	3	6	3	3	5072260.5	3645181.0	3645181.0	8C(57.0215)		
tr|A0A8M1RNL2|A0A8M1RNL2_DANRE	A0A8M1RNL2	A0A8M1RNL2_DANRE	slc4a10b	1088	false	false	Danio rerio	Anion exchange protein	3:Protein inferred from homology	1.01	1.0000	0.9990	0.00000000000000	1	1	1	1	1	1	1445130.6	1445130.6	1445130.6			
tr|A0A8M1RR96|A0A8M1RR96_DANRE	A0A8M1RR96	A0A8M1RR96_DANRE	si:dkey-250d21.1	3614	false	false	Danio rerio	uncharacterized protein si:dkey-250d21.1 isoform X1	1:Experimental evidence at protein level	0.30	1.0000	0.9989	0.00000000000000	1	1	1	1	1	1	206194.75	206194.75	206194.75			
tr|A0A8M1RSM5|A0A8M1RSM5_DANRE	A0A8M1RSM5	A0A8M1RSM5_DANRE	si:ch73-368j24.12	201	false	false	Danio rerio	histone H1-like	3:Protein inferred from homology	33.83	1.0000	0.9990	0.00000000000000	12	0	11	21	0	19	3.3625264E8	0	3.3625264E8	N-term(42.0106),N-term(42.0106),N-term(42.0106)		tr|A0A8M2BG38|A0A8M2BG38_DANRE
tr|A0A8M2B1N6|A0A8M2B1N6_DANRE	A0A8M2B1N6	A0A8M2B1N6_DANRE	synj1	1612	false	false	Danio rerio	phosphoinositide 5-phosphatase	1:Experimental evidence at protein level	1.43	1.0000	0.9984	0.00000000000000	1	1	1	1	1	1	0	0	0			
tr|A0A8M2B1U6|A0A8M2B1U6_DANRE	A0A8M2B1U6	A0A8M2B1U6_DANRE	dpysl2b	643	false	false	Danio rerio	dihydropyrimidinase-related protein 2 isoform X1	1:Experimental evidence at protein level	18.66	1.0000	0.9990	0.00000000000000	9	5	8	11	6	10	1.0739784E7	1.0739784E7	1.0739784E7	14M(15.9949),1M(15.9949),8C(57.0215)		
tr|A0A8M2B296|A0A8M2B296_DANRE	A0A8M2B296	A0A8M2B296_DANRE	cct8	558	false	false	Danio rerio	T-complex protein 1 subunit theta	1:Experimental evidence at protein level	4.48	1.0000	0.9990	0.00000000000000	2	2	2	2	2	2	1531656.5	1531656.5	1531656.5	10C(57.0215),8C(57.0215)		
tr|A0A8M2B2E6|A0A8M2B2E6_DANRE	A0A8M2B2E6	A0A8M2B2E6_DANRE	camk2g1	627	false	false	Danio rerio	calcium/calmodulin-dependent protein kinase	1:Experimental evidence at protein level	3.99	1.0000	0.9990	0.00000000000000	2	0	1	2	0	1	2414463.5	0	855791.25			
tr|A0A8M2B2Q3|A0A8M2B2Q3_DANRE	A0A8M2B2Q3	A0A8M2B2Q3_DANRE	atp2a1l	993	false	false	Danio rerio	Calcium-transporting ATPase	1:Experimental evidence at protein level	12.08	1.0000	0.9982	0.00000000000000	8	0	0	9	0	0	1.1179149E7	0	0			
tr|A0A8M2B343|A0A8M2B343_DANRE	A0A8M2B343	A0A8M2B343_DANRE	rps24	133	false	false	Danio rerio	40S ribosomal protein S24	1:Experimental evidence at protein level	26.32	1.0000	0.9990	0.00000000000000	3	3	3	4	4	4	2.48793E7	2.48793E7	2.48793E7	6M(15.9949),N-term(42.0106)		
tr|A0A8M2B3J4|A0A8M2B3J4_DANRE	A0A8M2B3J4	A0A8M2B3J4_DANRE	cltcb	1685	false	false	Danio rerio	Clathrin heavy chain	1:Experimental evidence at protein level	5.16	1.0000	0.9990	0.00000000000000	8	0	0	9	0	0	4631669.5	0	0			
tr|A0A8M2B460|A0A8M2B460_DANRE	A0A8M2B460	A0A8M2B460_DANRE	sri	190	false	false	Danio rerio	sorcin isoform X1	1:Experimental evidence at protein level	6.32	1.0000	0.9990	0.00000000000000	1	1	1	1	1	1	0	0	0	10C(57.0215),9C(57.0215)		
tr|A0A8M2B701|A0A8M2B701_DANRE	A0A8M2B701	A0A8M2B701_DANRE	crmp1	674	false	false	Danio rerio	dihydropyrimidinase-related protein 1 isoform X1	1:Experimental evidence at protein level	6.23	1.0000	0.9990	0.00000000000000	3	2	2	4	2	2	1222588.1	1222588.1	1222588.1			
tr|A0A8M2B7H0|A0A8M2B7H0_DANRE	A0A8M2B7H0	A0A8M2B7H0_DANRE	apobb.1	3739	false	false	Danio rerio	apolipoprotein Bb, tandem duplicate 1 isoform X1	1:Experimental evidence at protein level	1.39	1.0000	0.9990	0.00000000000000	4	4	4	4	4	4	4252205.0	4252205.0	4252205.0			
tr|A0A8M2B848|A0A8M2B848_DANRE	A0A8M2B848	A0A8M2B848_DANRE	atp2a2b	1041	false	false	Danio rerio	Calcium-transporting ATPase	1:Experimental evidence at protein level	8.74	1.0000	0.9990	0.00000000000000	6	0	0	7	0	0	1.1019704E7	0	0			
tr|A0A8M2B8Z6|A0A8M2B8Z6_DANRE	A0A8M2B8Z6	A0A8M2B8Z6_DANRE	slmapb	377	false	false	Danio rerio	sarcolemma associated protein b isoform X1	1:Experimental evidence at protein level	3.18	1.0000	0.9990	0.00000000000000	1	1	1	1	1	1	208774.92	208774.92	208774.92			
tr|A0A8M2B912|A0A8M2B912_DANRE	A0A8M2B912	A0A8M2B912_DANRE	emc1	967	false	false	Danio rerio	ER membrane protein complex subunit 1	1:Experimental evidence at protein level	3.10	1.0000	0.9989	0.00000000000000	2	2	2	2	2	2	1568986.8	1568986.8	1568986.8			
tr|A0A8M2B9C5|A0A8M2B9C5_DANRE	A0A8M2B9C5	A0A8M2B9C5_DANRE	pfkpa	789	false	false	Danio rerio	ATP-dependent 6-phosphofructokinase	1:Experimental evidence at protein level	1.65	1.0000	0.9990	0.00000000000000	1	1	1	1	1	1	0	0	0			
tr|A0A8M2BB12|A0A8M2BB12_DANRE	A0A8M2BB12	A0A8M2BB12_DANRE	phb	309	false	false	Danio rerio	Prohibitin	1:Experimental evidence at protein level	29.45	1.0000	0.9990	0.00000000000000	7	7	7	9	9	9	5.582296E7	5.582296E7	5.582296E7			
tr|A0A8M2BB25|A0A8M2BB25_DANRE	A0A8M2BB25	A0A8M2BB25_DANRE	atp6v0a1a	840	false	false	Danio rerio	V-type proton ATPase subunit a	1:Experimental evidence at protein level	2.86	1.0000	0.9990	0.00000000000000	2	1	1	2	1	1	3601438.5	2278798.8	2278798.8			
tr|A0A8M2BC73|A0A8M2BC73_DANRE	A0A8M2BC73	A0A8M2BC73_DANRE	lin7a	225	false	false	Danio rerio	Protein lin-7 homolog	3:Protein inferred from homology	4.00	1.0000	0.9989	0.00000000000000	1	1	1	1	1	1	195615.28	195615.28	195615.28			
tr|A0A8M2BCL1|A0A8M2BCL1_DANRE	A0A8M2BCL1	A0A8M2BCL1_DANRE	gnb2	344	false	false	Danio rerio	guanine nucleotide-binding protein G(I)/G(S)/G(T) subunit beta-2 isoform X1	1:Experimental evidence at protein level	2.91	1.0000	0.9990	0.00000000000000	1	0	0	1	0	0	420604.6	0	0			
tr|A0A8M2BCV1|A0A8M2BCV1_DANRE	A0A8M2BCV1	A0A8M2BCV1_DANRE	dnm1b	859	false	false	Danio rerio	dynamin GTPase	1:Experimental evidence at protein level	2.44	1.0000	0.9990	0.00000000000000	1	0	0	1	0	0	2340268.5	0	0			
tr|A0A8M2BEA2|A0A8M2BEA2_DANRE	A0A8M2BEA2	A0A8M2BEA2_DANRE	vdac3	319	false	false	Danio rerio	voltage-dependent anion-selective channel protein 3 isoform X1	1:Experimental evidence at protein level	55.80	1.0000	0.9990	0.00000000000000	17	17	17	26	26	26	5.1127032E7	5.1127032E7	5.1127032E7	6M(15.9949),6M(15.9949),6M(15.9949),8M(15.9949)		
tr|A0A8M2BG93|A0A8M2BG93_DANRE	A0A8M2BG93	A0A8M2BG93_DANRE	psmc3	427	false	false	Danio rerio	26S protease regulatory subunit 6A isoform X1	1:Experimental evidence at protein level	9.84	1.0000	0.9990	0.00000000000000	2	2	2	2	2	2	1265582.9	1265582.9	1265582.9			
tr|A0A8M2BGP7|A0A8M2BGP7_DANRE	A0A8M2BGP7	A0A8M2BGP7_DANRE	hp1bp3	595	false	false	Danio rerio	heterochromatin protein 1-binding protein 3 isoform X1	1:Experimental evidence at protein level	8.07	1.0000	0.9990	0.00000000000000	4	4	4	4	4	4	2980277.0	2980277.0	2980277.0	12C(57.0215)		
tr|A0A8M2BHU5|A0A8M2BHU5_DANRE	A0A8M2BHU5	A0A8M2BHU5_DANRE	tle2	801	false	false	Danio rerio	transducin-like enhancer of split 2 isoform X1	3:Protein inferred from homology	1.37	1.0000	0.9986	0.00000000000000	1	0	0	1	0	0	0	0	0			tr|B3DJR5|B3DJR5_DANRE
tr|A0A8M2BI26|A0A8M2BI26_DANRE	A0A8M2BI26	A0A8M2BI26_DANRE	si:dkey-108k21.21	271	false	false	Danio rerio	histone H1-like	1:Experimental evidence at protein level	19.93	1.0000	0.9990	0.00000000000000	10	1	1	15	1	1	4.23399168E8	1601765.4	1601765.4			
tr|A0A8M2BJ50|A0A8M2BJ50_DANRE	A0A8M2BJ50	A0A8M2BJ50_DANRE	btf3	196	false	false	Danio rerio	Transcription factor BTF3	1:Experimental evidence at protein level	9.69	1.0000	0.9990	0.00000000000000	1	1	1	1	1	1	5640212.5	5640212.5	5640212.5			
tr|A0A8M2BKD3|A0A8M2BKD3_DANRE	A0A8M2BKD3	A0A8M2BKD3_DANRE	npm1b	316	false	false	Danio rerio	Nucleophosmin	1:Experimental evidence at protein level	8.86	1.0000	0.9990	0.00000000000000	1	1	1	1	1	1	0	0	0			
tr|A0A8M2BKF1|A0A8M2BKF1_DANRE	A0A8M2BKF1	A0A8M2BKF1_DANRE	ctbp1	498	false	false	Danio rerio	C-terminal binding protein 1 isoform X1	1:Experimental evidence at protein level	8.43	1.0000	0.9990	0.00000000000000	3	1	3	4	2	4	3558593.0	0	3558593.0			
tr|A0A8M3AIS0|A0A8M3AIS0_DANRE	A0A8M3AIS0	A0A8M3AIS0_DANRE	slc8a2b	967	false	false	Danio rerio	sodium/calcium exchanger 2 isoform X1	1:Experimental evidence at protein level	4.03	1.0000	0.9988	0.00000000000000	2	2	2	3	3	3	6087306.5	6087306.5	6087306.5			
tr|A0A8M3AK57|A0A8M3AK57_DANRE	A0A8M3AK57	A0A8M3AK57_DANRE	meis2a	409	false	false	Danio rerio	homeobox protein Meis2 isoform X1	1:Experimental evidence at protein level	5.38	1.0000	0.9989	0.00000000000000	2	0	0	2	0	0	0	0	0			
tr|A0A8M3APD8|A0A8M3APD8_DANRE	A0A8M3APD8	A0A8M3APD8_DANRE	wu:fb14d09	516	false	false	Danio rerio	aldehyde dehydrogenase, mitochondrial	3:Protein inferred from homology	12.21	1.0000	0.9990	0.00000000000000	4	0	4	6	0	6	4908505.5	0	4908505.5	10C(57.0215),2M(15.9949),8C(57.0215)		tr|Q6TH48|Q6TH48_DANRE
tr|A0A8M3AQ58|A0A8M3AQ58_DANRE	A0A8M3AQ58	A0A8M3AQ58_DANRE	poldip3	520	false	false	Danio rerio	polymerase delta-interacting protein 3 isoform X1	1:Experimental evidence at protein level	3.46	1.0000	0.9988	0.00000000000000	1	1	1	1	1	1	0	0	0	11C(57.0215),13C(57.0215)		
tr|A0A8M3AQG4|A0A8M3AQG4_DANRE	A0A8M3AQG4	A0A8M3AQG4_DANRE	myh14	2065	false	false	Danio rerio	myosin-10 isoform X1	1:Experimental evidence at protein level	0.44	1.0000	0.9990	0.00000000000000	1	0	0	1	0	0	905566.44	0	0			
tr|A0A8M3ATS9|A0A8M3ATS9_DANRE	A0A8M3ATS9	A0A8M3ATS9_DANRE	ncam1a	1010	false	false	Danio rerio	neural cell adhesion molecule 1 isoform X1	1:Experimental evidence at protein level	6.24	1.0000	0.9990	0.00000000000000	4	4	4	4	4	4	3130872.2	3130872.2	3130872.2			
tr|A0A8M3AU51|A0A8M3AU51_DANRE	A0A8M3AU51	A0A8M3AU51_DANRE	dbn1	590	false	false	Danio rerio	drebrin isoform X1	1:Experimental evidence at protein level	4.24	1.0000	0.9990	0.00000000000000	2	2	2	2	2	2	1622995.4	1622995.4	1622995.4			
tr|A0A8M3AWP8|A0A8M3AWP8_DANRE	A0A8M3AWP8	A0A8M3AWP8_DANRE	zgc:109965	608	false	false	Danio rerio	uncharacterized protein LOC619266 isoform X1	3:Protein inferred from homology	1.81	1.0000	0.9973	0.00000000000000	1	1	1	1	1	1	793783.0	793783.0	793783.0			
tr|A0A8M3AWS2|A0A8M3AWS2_DANRE	A0A8M3AWS2	A0A8M3AWS2_DANRE	cltca	1685	false	false	Danio rerio	Clathrin heavy chain	1:Experimental evidence at protein level	5.70	1.0000	0.9990	0.00000000000000	9	1	9	10	1	10	4722584.0	877764.0	4722584.0	6C(57.0215)		
tr|A0A8M3AXB0|A0A8M3AXB0_DANRE	A0A8M3AXB0	A0A8M3AXB0_DANRE	camk2b	537	false	false	Danio rerio	calcium/calmodulin-dependent protein kinase	1:Experimental evidence at protein level	4.66	1.0000	0.9990	0.00000000000000	2	0	0	2	0	0	2414463.5	0	0			
tr|A0A8M3AXL2|A0A8M3AXL2_DANRE	A0A8M3AXL2	A0A8M3AXL2_DANRE	hcfc1a	1802	false	false	Danio rerio	host cell factor C1a isoform X1	1:Experimental evidence at protein level	2.28	1.0000	0.9990	0.00000000000000	2	0	2	2	0	2	7260124.5	0	7260124.5	3C(57.0215),9C(57.0215)		
tr|A0A8M3AYA7|A0A8M3AYA7_DANRE	A0A8M3AYA7	A0A8M3AYA7_DANRE	elavl3	366	false	false	Danio rerio	ELAV-like protein	1:Experimental evidence at protein level	1.91	1.0000	0.9990	0.00000000000000	1	0	0	1	0	0	186582.47	0	0			
tr|A0A8M3AYX3|A0A8M3AYX3_DANRE	A0A8M3AYX3	A0A8M3AYX3_DANRE	atp6v0a1b	868	false	false	Danio rerio	V-type proton ATPase subunit a	1:Experimental evidence at protein level	6.11	1.0000	0.9990	0.00000000000000	5	4	5	6	5	6	1.994794E7	1.9819442E7	1.994794E7	6M(15.9949),6M(15.9949),7M(15.9949)		
tr|A0A8M3B020|A0A8M3B020_DANRE	A0A8M3B020	A0A8M3B020_DANRE	eif4g1a	1640	false	false	Danio rerio	eukaryotic translation initiation factor 4 gamma 1 isoform X1	1:Experimental evidence at protein level	0.61	1.0000	0.9988	0.00000000000000	1	0	1	1	0	1	418765.28	0	418765.28			
tr|A0A8M3B2G2|A0A8M3B2G2_DANRE	A0A8M3B2G2	A0A8M3B2G2_DANRE	LOC563561	582	false	false	Danio rerio	myc box-dependent-interacting protein 1-like isoform X1	1:Experimental evidence at protein level	2.92	1.0000	0.9990	0.00000000000000	1	1	1	1	1	1	0	0	0			
tr|A0A8M3B3F1|A0A8M3B3F1_DANRE	A0A8M3B3F1	A0A8M3B3F1_DANRE	epb41a	670	false	false	Danio rerio	Protein 4.1	1:Experimental evidence at protein level	1.94	1.0000	0.9990	0.00000000000000	1	1	1	1	1	1	999899.94	999899.94	999899.94	9C(57.0215)		
tr|A0A8M3B3P8|A0A8M3B3P8_DANRE	A0A8M3B3P8	A0A8M3B3P8_DANRE	adrbk2	701	false	false	Danio rerio	G protein-coupled receptor kinase	1:Experimental evidence at protein level	1.28	1.0000	0.9985	0.00000000000000	1	1	1	1	1	1	744879.4	744879.4	744879.4			
tr|A0A8M3B3U9|A0A8M3B3U9_DANRE	A0A8M3B3U9	A0A8M3B3U9_DANRE	si:ch1073-153i20.4	201	false	false	Danio rerio	histone H1-like	3:Protein inferred from homology	33.83	1.0000	0.9990	0.00000000000000	12	1	1	20	3	3	3.3625264E8	3032518.0	3032518.0	N-term(42.0106),N-term(42.0106)		
tr|A0A8M3BA62|A0A8M3BA62_DANRE	A0A8M3BA62	A0A8M3BA62_DANRE	myh10	2014	false	false	Danio rerio	myosin-10 isoform X1	1:Experimental evidence at protein level	2.18	1.0000	0.9990	0.00000000000000	4	2	3	4	2	3	1804979.5	687490.94	1164597.8			
tr|A0A8M3BB23|A0A8M3BB23_DANRE	A0A8M3BB23	A0A8M3BB23_DANRE	tjp1a	1734	false	false	Danio rerio	tight junction protein ZO-1 isoform X1	1:Experimental evidence at protein level	0.63	1.0000	0.9990	0.00000000000000	1	1	1	1	1	1	698812.9	698812.9	698812.9			
tr|A0A8M3BBK0|A0A8M3BBK0_DANRE	A0A8M3BBK0	A0A8M3BBK0_DANRE	gcn1	2669	false	false	Danio rerio	eIF-2-alpha kinase activator GCN1	1:Experimental evidence at protein level	0.41	1.0000	0.9990	0.00000000000000	1	1	1	1	1	1	611569.3	611569.3	611569.3			
tr|A0A8M6YVI4|A0A8M6YVI4_DANRE	A0A8M6YVI4	A0A8M6YVI4_DANRE	srsf10a	227	false	false	Danio rerio	serine/arginine-rich splicing factor 10-like isoform X1	4:Protein predicted	7.05	1.0000	0.9990	0.00000000000000	1	1	1	1	1	1	756535.44	756535.44	756535.44			
tr|A0A8M6YX38|A0A8M6YX38_DANRE	A0A8M6YX38	A0A8M6YX38_DANRE	wdr7	1470	false	false	Danio rerio	WD repeat-containing protein 7	1:Experimental evidence at protein level	0.88	1.0000	0.9971	0.00000000000000	1	1	1	1	1	1	347528.9	347528.9	347528.9			
tr|A0A8M6YYI1|A0A8M6YYI1_DANRE	A0A8M6YYI1	A0A8M6YYI1_DANRE	si:dkey-261m9.12	199	false	false	Danio rerio	histone H1-like	1:Experimental evidence at protein level	34.67	1.0000	0.9990	0.00000000000000	13	3	6	22	3	10	5.699239E8	3.0942656E7	3.15887744E8	N-term(42.0106),N-term(42.0106),N-term(42.0106),N-term(42.0106)		
tr|A0A8M6Z1M4|A0A8M6Z1M4_DANRE	A0A8M6Z1M4	A0A8M6Z1M4_DANRE	LOC570405	242	false	false	Danio rerio	histone H3-like	3:Protein inferred from homology	44.63	1.0000	0.9990	0.00000000000000	24	0	24	38	0	38	5.10052992E8	0	5.10052992E8	5M(15.9949),5M(15.9949),5M(15.9949),6M(15.9949),6M(15.9949),6M(15.9949)		
tr|A0A8M6Z1T1|A0A8M6Z1T1_DANRE	A0A8M6Z1T1	A0A8M6Z1T1_DANRE	znf576.2	2676	false	false	Danio rerio	zinc finger protein 576, tandem duplicate 2 isoform X1	1:Experimental evidence at protein level	0.78	1.0000	0.9990	0.00000000000000	1	1	1	1	1	1	0	0	0			
tr|A0A8M6Z292|A0A8M6Z292_DANRE	A0A8M6Z292	A0A8M6Z292_DANRE	nme2b.1	164	false	false	Danio rerio	Nucleoside diphosphate kinase	1:Experimental evidence at protein level	46.34	1.0000	0.9990	0.00000000000000	5	3	5	8	5	8	1.8485026E7	1.587526E7	1.8485026E7	2C(57.0215),2M(15.9949),4C(57.0215)		
tr|A0A8M6Z2B4|A0A8M6Z2B4_DANRE	A0A8M6Z2B4	A0A8M6Z2B4_DANRE	ckba	385	false	false	Danio rerio	creatine kinase	1:Experimental evidence at protein level	16.10	1.0000	0.9927	0.00027901785714	4	0	0	4	0	0	1.0571012E7	0	0			
tr|A0A8M6Z3P2|A0A8M6Z3P2_DANRE	A0A8M6Z3P2	A0A8M6Z3P2_DANRE	zgc:153867	209	false	false	Danio rerio	myosin light chain alkali, smooth-muscle isoform isoform X4	1:Experimental evidence at protein level	6.22	1.0000	0.9990	0.00000000000000	1	0	1	1	0	1	1493193.5	0	1493193.5			
tr|A0A8M6Z447|A0A8M6Z447_DANRE	A0A8M6Z447	A0A8M6Z447_DANRE	LOC100333227	786	false	false	Danio rerio	carnitine O-palmitoyltransferase	1:Experimental evidence at protein level	1.02	1.0000	0.9989	0.00000000000000	1	1	1	1	1	1	992129.75	992129.75	992129.75			
tr|A0A8M6Z7Z5|A0A8M6Z7Z5_DANRE	A0A8M6Z7Z5	A0A8M6Z7Z5_DANRE	LOC569982	200	false	false	Danio rerio	histone H1-like	3:Protein inferred from homology	33.00	1.0000	0.9990	0.00000000000000	9	0	9	16	0	16	5.9666052E7	0	5.9666052E7	N-term(42.0106),N-term(42.0106),N-term(42.0106)		tr|A4QN90|A4QN90_DANRE
tr|A0A8M9NZA4|A0A8M9NZA4_DANRE	A0A8M9NZA4	A0A8M9NZA4_DANRE	gnb4a	340	false	false	Danio rerio	guanine nucleotide-binding protein subunit beta-4	1:Experimental evidence at protein level	2.94	1.0000	0.9990	0.00000000000000	1	0	0	1	0	0	420604.6	0	0			
tr|A0A8M9P5U9|A0A8M9P5U9_DANRE	A0A8M9P5U9	A0A8M9P5U9_DANRE	epb41l3a	1177	false	false	Danio rerio	band 4.1-like protein 3 isoform X4	1:Experimental evidence at protein level	1.36	1.0000	0.9988	0.00000000000000	1	1	1	1	1	1	0	0	0	11C(57.0215)		
tr|A0A8M9P606|A0A8M9P606_DANRE	A0A8M9P606	A0A8M9P606_DANRE	vapa	121	false	false	Danio rerio	VAMP (Vesicle-associated membrane protein)-associated protein A	1:Experimental evidence at protein level	13.22	1.0000	0.9989	0.00000000000000	1	1	1	1	1	1	0	0	0	N-term(42.0106)		
tr|A0A8M9PEX3|A0A8M9PEX3_DANRE	A0A8M9PEX3	A0A8M9PEX3_DANRE	nsfa	747	false	false	Danio rerio	Vesicle-fusing ATPase	1:Experimental evidence at protein level	5.76	1.0000	0.9990	0.00000000000000	3	1	3	3	1	3	4477449.0	1645556.9	4477449.0	19C(57.0215),5C(57.0215)		
tr|A0A8M9PG19|A0A8M9PG19_DANRE	A0A8M9PG19	A0A8M9PG19_DANRE	tnikb	1450	false	false	Danio rerio	TRAF2 and NCK-interacting protein kinase isoform X1	1:Experimental evidence at protein level	0.83	1.0000	0.9986	0.00000000000000	1	0	1	1	0	1	1666349.5	0	1666349.5			
tr|A0A8M9PJ56|A0A8M9PJ56_DANRE	A0A8M9PJ56	A0A8M9PJ56_DANRE	dnm3b	542	false	false	Danio rerio	dynamin-2	1:Experimental evidence at protein level	3.14	1.0000	0.9990	0.00000000000000	1	0	0	1	0	0	0	0	0			
tr|A0A8M9PJL9|A0A8M9PJL9_DANRE	A0A8M9PJL9	A0A8M9PJL9_DANRE	dnm1a	854	false	false	Danio rerio	dynamin GTPase	1:Experimental evidence at protein level	4.33	1.0000	0.9990	0.00000000000000	2	0	2	2	0	2	2340268.5	0	2340268.5	10C(57.0215),20C(57.0215)		
tr|A0A8M9PJW6|A0A8M9PJW6_DANRE	A0A8M9PJW6	A0A8M9PJW6_DANRE	wu:fd14a01	1936	false	false	Danio rerio	myosin heavy chain, fast skeletal muscle	1:Experimental evidence at protein level	34.61	1.0000	0.9990	0.00000000000000	67	7	23	94	7	29	1.3108612E8	4342253.5	1.01915984E8	1C(57.0215),22M(15.9949),27M(15.9949),3C(57.0215),4M(15.9949),6M(15.9949),7M(15.9949),7M(15.9949)		
tr|A0A8M9PKU7|A0A8M9PKU7_DANRE	A0A8M9PKU7	A0A8M9PKU7_DANRE	atp1b2a	293	false	false	Danio rerio	Sodium/potassium-transporting ATPase subunit beta	1:Experimental evidence at protein level	4.10	1.0000	0.9990	0.00000000000000	1	1	1	1	1	1	350133.0	350133.0	350133.0			
tr|A0A8M9PM01|A0A8M9PM01_DANRE	A0A8M9PM01	A0A8M9PM01_DANRE	rbfox2	425	false	false	Danio rerio	RNA binding protein fox-1 homolog	1:Experimental evidence at protein level	2.59	1.0000	0.9990	0.00000000000000	1	0	0	1	0	0	0	0	0			
tr|A0A8M9PNP6|A0A8M9PNP6_DANRE	A0A8M9PNP6	A0A8M9PNP6_DANRE	capn3a	736	false	false	Danio rerio	Calpain-3	1:Experimental evidence at protein level	5.30	1.0000	0.9990	0.00000000000000	2	2	2	2	2	2	0	0	0			
tr|A0A8M9PP44|A0A8M9PP44_DANRE	A0A8M9PP44	A0A8M9PP44_DANRE	LOC100538266	178	false	false	Danio rerio	Nucleoside diphosphate kinase	3:Protein inferred from homology	5.62	1.0000	0.9990	0.00000000000000	1	0	1	1	0	1	916851.7	0	916851.7			tr|Q6PC37|Q6PC37_DANRE
tr|A0A8M9PPQ8|A0A8M9PPQ8_DANRE	A0A8M9PPQ8	A0A8M9PPQ8_DANRE	myo5aa	1854	false	false	Danio rerio	unconventional myosin-Va isoform X11	1:Experimental evidence at protein level	0.38	1.0000	0.9989	0.00000000000000	1	1	1	1	1	1	983598.7	983598.7	983598.7			
tr|A0A8M9PQF2|A0A8M9PQF2_DANRE	A0A8M9PQF2	A0A8M9PQF2_DANRE	spna2	2501	false	false	Danio rerio	spectrin alpha chain, non-erythrocytic 1 isoform X2	1:Experimental evidence at protein level	0.52	1.0000	0.9990	0.00000000000000	1	0	1	1	0	1	1433668.6	0	1433668.6			
tr|A0A8M9PQY4|A0A8M9PQY4_DANRE	A0A8M9PQY4	A0A8M9PQY4_DANRE	hcfc1b	1993	false	false	Danio rerio	host cell factor 1	1:Experimental evidence at protein level	4.37	1.0000	0.9990	0.00000000000000	4	2	2	4	2	2	1.1039326E7	3779200.8	3779200.8			
tr|A0A8M9PR47|A0A8M9PR47_DANRE	A0A8M9PR47	A0A8M9PR47_DANRE	LOC100329813	1938	false	false	Danio rerio	Myosin-7	1:Experimental evidence at protein level	13.78	1.0000	0.9976	0.00000000000000	24	0	0	30	0	0	7.3771552E7	0	0			
tr|A0A8M9PSZ1|A0A8M9PSZ1_DANRE	A0A8M9PSZ1	A0A8M9PSZ1_DANRE	tardbpl	396	false	false	Danio rerio	TAR DNA-binding protein 43	1:Experimental evidence at protein level	3.03	1.0000	0.9990	0.00000000000000	1	0	0	1	0	0	2823347.5	0	0			
tr|A0A8M9PTL3|A0A8M9PTL3_DANRE	A0A8M9PTL3	A0A8M9PTL3_DANRE	si:ch211-243g18.2	458	false	false	Danio rerio	uncharacterized protein LOC559906 isoform X1	1:Experimental evidence at protein level	1.53	1.0000	0.9990	0.00000000000000	1	0	0	1	0	0	4424996.0	0	0			
tr|A0A8M9PVC1|A0A8M9PVC1_DANRE	A0A8M9PVC1	A0A8M9PVC1_DANRE	celf5a	552	false	false	Danio rerio	CUGBP Elav-like family member 5 isoform X1	3:Protein inferred from homology	1.81	1.0000	0.9980	0.00000000000000	1	0	0	1	0	0	516139.28	0	0			
tr|A0A8M9PVN0|A0A8M9PVN0_DANRE	A0A8M9PVN0	A0A8M9PVN0_DANRE	LOC100537594	1085	false	false	Danio rerio	myosin heavy chain, fast skeletal muscle-like	1:Experimental evidence at protein level	15.02	1.0000	0.9802	0.00161987041037	15	0	0	21	0	0	1.01915984E8	0	0			
tr|A0A8M9PWI4|A0A8M9PWI4_DANRE	A0A8M9PWI4	A0A8M9PWI4_DANRE	atp2b3b	1297	false	false	Danio rerio	Calcium-transporting ATPase	1:Experimental evidence at protein level	1.70	1.0000	0.9990	0.00000000000000	2	0	2	2	0	2	1160390.0	0	1160390.0	1M(15.9949)		
tr|A0A8M9PZU3|A0A8M9PZU3_DANRE	A0A8M9PZU3	A0A8M9PZU3_DANRE	prkacaa	389	false	false	Danio rerio	cAMP-dependent protein kinase	1:Experimental evidence at protein level	3.08	1.0000	0.9990	0.00000000000000	1	0	1	1	0	1	1808161.6	0	1808161.6			tr|Q6DBV8|Q6DBV8_DANRE
tr|A0A8M9Q0P4|A0A8M9Q0P4_DANRE	A0A8M9Q0P4	A0A8M9Q0P4_DANRE	acin1a	1951	false	false	Danio rerio	apoptotic chromatin condensation inducer in the nucleus isoform X1	1:Experimental evidence at protein level	0.92	1.0000	0.9990	0.00000000000000	1	1	1	1	1	1	0	0	0	4C(57.0215)		
tr|A0A8M9Q103|A0A8M9Q103_DANRE	A0A8M9Q103	A0A8M9Q103_DANRE	si:ch211-59d13.2	1135	false	false	Danio rerio	solute carrier family 12 member 5 isoform X1	1:Experimental evidence at protein level	4.14	1.0000	0.9990	0.00000000000000	4	2	4	5	2	5	4.6840144E7	0	4.6840144E7	11M(15.9949),6M(15.9949),9M(15.9949)		
tr|A0A8M9Q3H8|A0A8M9Q3H8_DANRE	A0A8M9Q3H8	A0A8M9Q3H8_DANRE	camk2b1	693	false	false	Danio rerio	calcium/calmodulin-dependent protein kinase	1:Experimental evidence at protein level	3.61	1.0000	0.9990	0.00000000000000	2	0	0	2	0	0	2414463.5	0	0			
tr|A0A8M9Q5E9|A0A8M9Q5E9_DANRE	A0A8M9Q5E9	A0A8M9Q5E9_DANRE	smarcc2	1036	false	false	Danio rerio	SWI/SNF complex subunit SMARCC2	1:Experimental evidence at protein level	1.16	1.0000	0.9990	0.00000000000000	1	0	0	1	0	0	0	0	0			
tr|A0A8M9Q636|A0A8M9Q636_DANRE	A0A8M9Q636	A0A8M9Q636_DANRE	tuba7l	468	false	false	Danio rerio	Tubulin alpha chain	1:Experimental evidence at protein level	29.70	1.0000	0.9990	0.00000000000000	13	0	0	19	0	0	1.01850904E8	0	0			
tr|A0A8M9Q700|A0A8M9Q700_DANRE	A0A8M9Q700	A0A8M9Q700_DANRE	pycr1b	362	false	false	Danio rerio	Pyrroline-5-carboxylate reductase	1:Experimental evidence at protein level	3.31	1.0000	0.9990	0.00000000000000	1	1	1	1	1	1	263117.47	263117.47	263117.47			
tr|A0A8M9Q812|A0A8M9Q812_DANRE	A0A8M9Q812	A0A8M9Q812_DANRE	huwe1	4569	false	false	Danio rerio	HECT-type E3 ubiquitin transferase	1:Experimental evidence at protein level	0.22	1.0000	0.9990	0.00000000000000	1	1	1	1	1	1	785791.1	785791.1	785791.1	6C(57.0215)		
tr|A0A8M9QCY6|A0A8M9QCY6_DANRE	A0A8M9QCY6	A0A8M9QCY6_DANRE	hnrnpa1a	445	false	false	Danio rerio	heterogeneous nuclear ribonucleoprotein A1 isoform X1	1:Experimental evidence at protein level	3.60	1.0000	0.9990	0.00000000000000	1	1	1	1	1	1	0	0	0			
tr|A0A8M9QDP5|A0A8M9QDP5_DANRE	A0A8M9QDP5	A0A8M9QDP5_DANRE	dynll1	137	false	false	Danio rerio	Dynein light chain	1:Experimental evidence at protein level	8.03	1.0000	0.9990	0.00000000000000	1	0	1	1	0	1	0	0	0	7C(57.0215)		
tr|A0A8M9QEC8|A0A8M9QEC8_DANRE	A0A8M9QEC8	A0A8M9QEC8_DANRE	myhc3	1937	false	false	Danio rerio	Myosin, heavy polypeptide 1.2, skeletal muscle	3:Protein inferred from homology	45.38	1.0000	0.9990	0.00000000000000	97	0	1	135	0	1	1.3108612E8	0	404919.38			
tr|A0A8M9QF30|A0A8M9QF30_DANRE	A0A8M9QF30	A0A8M9QF30_DANRE	cltcl1	1606	false	false	Danio rerio	Clathrin heavy chain	1:Experimental evidence at protein level	2.43	1.0000	0.9988	0.00000000000000	3	0	0	3	0	0	1018326.0	0	0			
tr|A0A8M9QFE6|A0A8M9QFE6_DANRE	A0A8M9QFE6	A0A8M9QFE6_DANRE	myh11a	1983	false	false	Danio rerio	myosin-11 isoform X1	1:Experimental evidence at protein level	0.81	1.0000	0.9990	0.00000000000000	2	0	0	2	0	0	1382673.2	0	0			
tr|A0A8M9QFN8|A0A8M9QFN8_DANRE	A0A8M9QFN8	A0A8M9QFN8_DANRE	map4k4	1006	false	false	Danio rerio	mitogen-activated protein kinase kinase kinase kinase 4 isoform X1	1:Experimental evidence at protein level	1.19	1.0000	0.9987	0.00000000000000	1	0	0	1	0	0	1666349.5	0	0			
tr|A0A8M9QGA6|A0A8M9QGA6_DANRE	A0A8M9QGA6	A0A8M9QGA6_DANRE	ttn.1	28035	false	false	Danio rerio	titin isoform X1	1:Experimental evidence at protein level	0.08	1.0000	0.9979	0.00000000000000	1	1	1	1	1	1	0	0	0	10M(15.9949)		
tr|A0A8M9QGP0|A0A8M9QGP0_DANRE	A0A8M9QGP0	A0A8M9QGP0_DANRE	ntm	380	false	false	Danio rerio	neurotrimin isoform X1	4:Protein predicted	4.74	1.0000	0.9990	0.00000000000000	1	1	1	1	1	1	0	0	0			
tr|A0A8M9QHC3|A0A8M9QHC3_DANRE	A0A8M9QHC3	A0A8M9QHC3_DANRE	slc4a5	1088	false	false	Danio rerio	Anion exchange protein	3:Protein inferred from homology	1.01	1.0000	0.9988	0.00000000000000	1	1	1	1	1	1	1159997.2	1159997.2	1159997.2			
tr|A0A8M9QHY1|A0A8M9QHY1_DANRE	A0A8M9QHY1	A0A8M9QHY1_DANRE	slc4a10a	1211	false	false	Danio rerio	Anion exchange protein	1:Experimental evidence at protein level	0.91	1.0000	0.9990	0.00000000000000	1	1	1	2	2	2	1160021.6	1160021.6	1160021.6	9M(15.9949)		
tr|A0A8M9QK76|A0A8M9QK76_DANRE	A0A8M9QK76	A0A8M9QK76_DANRE	camk2g2	637	false	false	Danio rerio	calcium/calmodulin-dependent protein kinase	1:Experimental evidence at protein level	5.18	1.0000	0.9990	0.00000000000000	3	1	1	3	1	1	2720166.0	305702.47	305702.47	N-term(42.0106),6C(57.0215)		
tr|A0A8M9QKG2|A0A8M9QKG2_DANRE	A0A8M9QKG2	A0A8M9QKG2_DANRE	ttn.2	31468	false	false	Danio rerio	titin	1:Experimental evidence at protein level	0.04	1.0000	0.9990	0.00000000000000	1	1	1	1	1	1	0	0	0			
tr|A0A8N7T7N7|A0A8N7T7N7_DANRE	A0A8N7T7N7	A0A8N7T7N7_DANRE	apoba	4418	false	false	Danio rerio	apolipoprotein B-100	1:Experimental evidence at protein level	1.20	1.0000	0.9989	0.00000000000000	4	4	4	4	4	4	3611476.2	3611476.2	3611476.2			
tr|A0A8N7T837|A0A8N7T837_DANRE	A0A8N7T837	A0A8N7T837_DANRE	larsb	1176	false	false	Danio rerio	leucine--tRNA ligase	1:Experimental evidence at protein level	3.06	1.0000	0.9990	0.00000000000000	3	2	3	3	2	3	814420.56	814420.56	814420.56			
tr|A0A8N7TAM0|A0A8N7TAM0_DANRE	A0A8N7TAM0	A0A8N7TAM0_DANRE	sf3b1	1315	false	false	Danio rerio	splicing factor 3B subunit 1 isoform X1	1:Experimental evidence at protein level	0.76	1.0000	0.9990	0.00000000000000	1	1	1	1	1	1	0	0	0	2C(57.0215)		
tr|A0A8N7TBR8|A0A8N7TBR8_DANRE	A0A8N7TBR8	A0A8N7TBR8_DANRE	si:dkey-222f2.1	438	false	false	Danio rerio	keratin, type II cytoskeletal 8 isoform X1	1:Experimental evidence at protein level	2.51	1.0000	0.9989	0.00000000000000	1	0	0	1	0	0	2865913.5	0	0			
tr|A0A8N7TEC8|A0A8N7TEC8_DANRE	A0A8N7TEC8	A0A8N7TEC8_DANRE	tkta	628	false	false	Danio rerio	transketolase-like	1:Experimental evidence at protein level	12.26	1.0000	0.9990	0.00000000000000	5	5	5	5	5	5	9259377.0	9259377.0	9259377.0	11M(15.9949),18C(57.0215),4C(57.0215)		
tr|A0A8N7UVM4|A0A8N7UVM4_DANRE	A0A8N7UVM4	A0A8N7UVM4_DANRE	eef2l2	861	false	false	Danio rerio	elongation factor 2	1:Experimental evidence at protein level	5.57	1.0000	0.9989	0.00000000000000	4	0	0	4	0	0	2.983618E7	0	0			
tr|A0A8N7UVS8|A0A8N7UVS8_DANRE	A0A8N7UVS8	A0A8N7UVS8_DANRE	bfsp1	622	false	false	Danio rerio	Filensin	1:Experimental evidence at protein level	1.77	1.0000	0.9972	0.00000000000000	1	1	1	1	1	1	1200181.1	1200181.1	1200181.1			
tr|A0A8N7UYB5|A0A8N7UYB5_DANRE	A0A8N7UYB5	A0A8N7UYB5_DANRE	top2b	1618	false	false	Danio rerio	DNA topoisomerase 2	1:Experimental evidence at protein level	0.49	1.0000	0.9990	0.00000000000000	1	0	1	1	0	1	1761718.1	0	1761718.1	2C(57.0215)		
tr|A0A8N7UZD7|A0A8N7UZD7_DANRE	A0A8N7UZD7	A0A8N7UZD7_DANRE	elavl1b	360	false	false	Danio rerio	ELAV-like protein	1:Experimental evidence at protein level	1.94	1.0000	0.9990	0.00000000000000	1	0	1	1	0	1	186582.47	0	186582.47			
tr|A0A8N7UZX7|A0A8N7UZX7_DANRE	A0A8N7UZX7	A0A8N7UZX7_DANRE	slc1a2b	562	false	false	Danio rerio	Amino acid transporter	1:Experimental evidence at protein level	1.96	1.0000	0.9990	0.00000000000000	1	0	1	1	0	1	521419.53	0	521419.53	1C(57.0215)		
tr|A1L1Y0|A1L1Y0_DANRE	A1L1Y0	A1L1Y0_DANRE	trp2	513	false	false	Danio rerio	Dct protein	2:Experimental evidence at transcript level	6.82	1.0000	0.9990	0.00000000000000	3	3	3	3	3	3	1801735.2	1801735.2	1801735.2	2C(57.0215),3C(57.0215),5C(57.0215),8C(57.0215)		
tr|A1L257|A1L257_DANRE	A1L257	A1L257_DANRE	zgc:158660	322	false	false	Danio rerio	Sidoreflexin	1:Experimental evidence at protein level	7.45	1.0000	0.9990	0.00000000000000	2	2	2	2	2	2	156005.03	156005.03	156005.03	1C(57.0215)		
tr|A2AWE1|A2AWE1_DANRE	A2AWE1	A2AWE1_DANRE	hm:zehl0637	199	false	false	Danio rerio	Peroxiredoxin-1	1:Experimental evidence at protein level	38.19	1.0000	0.9990	0.00000000000000	7	3	5	9	4	6	6.7092176E7	9027554.0	1.2316486E7	3M(15.9949),N-term(42.0106)		
tr|A2BGE0|A2BGE0_DANRE	A2BGE0	A2BGE0_DANRE	si:rp71-10d23.3	605	false	false	Danio rerio	Si:rp71-10d23.3	1:Experimental evidence at protein level	7.93	1.0000	0.9990	0.00000000000000	4	2	2	4	2	2	2285530.8	511994.7	511994.7	10C(57.0215)		
tr|A2BGX6|A2BGX6_DANRE	A2BGX6	A2BGX6_DANRE	myhc4	1935	false	false	Danio rerio	Myosin heavy chain 4	1:Experimental evidence at protein level	39.79	1.0000	0.9973	0.00000000000000	83	0	0	118	0	0	1.3108612E8	0	0			
tr|A2BHA3|A2BHA3_DANRE	A2BHA3	A2BHA3_DANRE	CK-M	381	false	false	Danio rerio	creatine kinase	1:Experimental evidence at protein level	5.51	1.0000	0.9990	0.00000000000000	2	1	1	2	1	1	5034820.0	0	0	2C(57.0215)		
tr|A2RUX2|A2RUX2_DANRE	A2RUX2	A2RUX2_DANRE	zgc:158293	435	false	false	Danio rerio	Zgc:158293 protein	1:Experimental evidence at protein level	2.76	1.0000	0.9987	0.00000000000000	1	1	1	1	1	1	0	0	0			
tr|A2RV23|A2RV23_DANRE	A2RV23	A2RV23_DANRE	zgc:158677	689	false	false	Danio rerio	Zgc:158677 protein	2:Experimental evidence at transcript level	1.02	1.0000	0.9990	0.00000000000000	1	1	1	1	1	1	2277816.5	2277816.5	2277816.5			
tr|A3FG33|A3FG33_DANRE	A3FG33	A3FG33_DANRE	wu:fa20e05	2480	false	false	Danio rerio	Alpha II-spectrin	2:Experimental evidence at transcript level	0.52	1.0000	0.9989	0.00000000000000	1	0	0	1	0	0	1433668.6	0	0			
tr|A3KPI6|A3KPI6_DANRE	A3KPI6	A3KPI6_DANRE	si:ch211-288g17.3	378	false	false	Danio rerio	Si:ch211-288g17.3	4:Protein predicted	10.32	1.0000	0.9990	0.00000000000000	4	4	4	4	4	4	5326667.0	5326667.0	5326667.0	5C(57.0215)		
tr|A4IG19|A4IG19_DANRE	A4IG19	A4IG19_DANRE	pygb	843	false	false	Danio rerio	Alpha-1,4 glucan phosphorylase	1:Experimental evidence at protein level	4.27	1.0000	0.9967	0.00000000000000	3	0	0	3	0	0	6867937.0	0	0			
tr|A4JYK9|A4JYK9_DANRE	A4JYK9	A4JYK9_DANRE	iglon5	332	false	false	Danio rerio	Zgc:110372	1:Experimental evidence at protein level	5.12	1.0000	0.9990	0.00000000000000	1	1	1	1	1	1	1716421.5	1716421.5	1716421.5			
tr|A5A5E1|A5A5E1_DANRE	A5A5E1	A5A5E1_DANRE	zgc:194528	1253	false	false	Danio rerio	Cytoplasmic FMR1-interacting protein	1:Experimental evidence at protein level	0.88	1.0000	0.9989	0.00000000000000	1	1	1	1	1	1	0	0	0			
tr|A5PMV7|A5PMV7_DANRE	A5PMV7	A5PMV7_DANRE	ppp2r1ba	589	false	false	Danio rerio	Protein phosphatase 2, regulatory subunit A, beta a	4:Protein predicted	2.21	1.0000	0.9990	0.00000000000000	1	0	1	1	0	1	0	0	0	10C(57.0215),4C(57.0215)		
tr|A5WWJ4|A5WWJ4_DANRE	A5WWJ4	A5WWJ4_DANRE	matn1	489	false	false	Danio rerio	Matrilin 1	4:Protein predicted	2.66	1.0000	0.9990	0.00000000000000	1	1	1	1	1	1	221883.1	221883.1	221883.1			
tr|A7E2K4|A7E2K4_DANRE	A7E2K4	A7E2K4_DANRE	rplp2l	114	false	false	Danio rerio	60S acidic ribosomal protein P2	1:Experimental evidence at protein level	11.40	1.0000	0.9990	0.00000000000000	1	1	1	1	1	1	2074156.4	2074156.4	2074156.4			
tr|A7E2K5|A7E2K5_DANRE	A7E2K5	A7E2K5_DANRE	crybb1l2	221	false	false	Danio rerio	Zgc:171773 protein	1:Experimental evidence at protein level	50.68	1.0000	0.9990	0.00000000000000	12	10	12	24	20	24	1.45631536E8	5.855528E7	1.45631536E8	11C(57.0215),11C(57.0215),11C(57.0215),14M(15.9949),11C(57.0215),4M(15.9949),11M(15.9949),12M(15.9949),1M(15.9949),1M(15.9949),1M(15.9949),2C(57.0215),2C(57.0215),2C(57.0215),2M(15.9949),5M(15.9949),8C(57.0215),8C(57.0215),9C(57.0215)		
tr|A7E2K7|A7E2K7_DANRE	A7E2K7	A7E2K7_DANRE	crygm2d12	173	false	false	Danio rerio	Crystallin, gamma M2d12	1:Experimental evidence at protein level	14.45	1.0000	0.9990	0.00000000000000	2	0	2	2	0	2	7629789.0	0	7629789.0	16C(57.0215)		
tr|A7E2K8|A7E2K8_DANRE	A7E2K8	A7E2K8_DANRE	crygm2d14	175	false	false	Danio rerio	Crystallin, gamma M2d14	1:Experimental evidence at protein level	12.00	1.0000	0.9990	0.00000000000000	2	0	0	3	0	0	5017490.5	0	0			
tr|A7MCL7|A7MCL7_DANRE	A7MCL7	A7MCL7_DANRE	MGC174082	100	false	false	Danio rerio	Cystatin 14a, tandem duplicate 2	1:Experimental evidence at protein level	12.00	1.0000	0.9990	0.00000000000000	1	1	1	1	1	1	0	0	0			
tr|A7MCR1|A7MCR1_DANRE	A7MCR1	A7MCR1_DANRE	fb78f10	273	false	false	Danio rerio	Cytochrome b-c1 complex subunit Rieske, mitochondrial	1:Experimental evidence at protein level	15.02	1.0000	0.9990	0.00000000000000	2	2	2	2	2	2	6300505.0	6300505.0	6300505.0			
tr|A7YY99|A7YY99_DANRE	A7YY99	A7YY99_DANRE	atp5ia	71	false	false	Danio rerio	ATP synthase subunit e, mitochondrial	1:Experimental evidence at protein level	32.39	1.0000	0.9990	0.00000000000000	2	2	2	2	2	2	1.4696826E7	1.4696826E7	1.4696826E7			
tr|A8E4S8|A8E4S8_DANRE	A8E4S8	A8E4S8_DANRE	si:ch211-212n6.17	173	false	false	Danio rerio	Crystallin, gamma M2d10	1:Experimental evidence at protein level	33.53	1.0000	0.9990	0.00000000000000	6	0	0	8	0	0	1.2975023E7	0	0			
tr|A8E5J9|A8E5J9_DANRE	A8E5J9	A8E5J9_DANRE	ckmt2	413	false	false	Danio rerio	creatine kinase	1:Experimental evidence at protein level	8.23	1.0000	0.9990	0.00000000000000	3	0	0	4	0	0	8440717.0	0	0			
tr|A8E5L0|A8E5L0_DANRE	A8E5L0	A8E5L0_DANRE	zgc:64204	380	false	false	Danio rerio	creatine kinase	1:Experimental evidence at protein level	12.11	1.0000	0.9990	0.00000000000000	3	1	1	3	1	1	7004079.0	362989.3	362989.3			
tr|A8KB78|A8KB78_DANRE	A8KB78	A8KB78_DANRE	rps23	143	false	false	Danio rerio	40S ribosomal protein S23	1:Experimental evidence at protein level	27.97	1.0000	0.9990	0.00000000000000	3	3	3	3	3	3	2927730.5	2927730.5	2927730.5	10C(57.0215),11C(57.0215)		
tr|A8KBJ5|A8KBJ5_DANRE	A8KBJ5	A8KBJ5_DANRE	si:ch211-113a14.27	136	false	false	Danio rerio	Histone H3	1:Experimental evidence at protein level	55.15	1.0000	0.9990	0.00000000000000	8	1	1	9	1	1	2.28379424E8	0	0	27C(57.0215),7M(15.9949)		
tr|A8KC22|A8KC22_DANRE	A8KC22	A8KC22_DANRE	hnrnpl	522	false	false	Danio rerio	Heterogeneous nuclear ribonucleoprotein L2	1:Experimental evidence at protein level	8.43	1.0000	0.9990	0.00000000000000	4	0	0	4	0	0	5446417.0	0	0			
tr|A8WGA6|A8WGA6_DANRE	A8WGA6	A8WGA6_DANRE	tnnt3b	284	false	false	Danio rerio	Tnnt3b protein	1:Experimental evidence at protein level	6.69	1.0000	0.9990	0.00000000000000	2	2	2	2	2	2	7238690.5	7238690.5	7238690.5			
tr|A8WGC6|A8WGC6_DANRE	A8WGC6	A8WGC6_DANRE	atp5b	517	false	false	Danio rerio	ATP synthase subunit beta	1:Experimental evidence at protein level	44.49	1.0000	0.9990	0.00000000000000	15	15	15	18	18	18	2.3085032E7	2.3085032E7	2.3085032E7	2M(15.9949),5M(15.9949)		
tr|A9C3T0|A9C3T0_DANRE	A9C3T0	A9C3T0_DANRE	prkar2aa	397	false	false	Danio rerio	protein kinase, cAMP-dependent, regulatory, type II, alpha A	3:Protein inferred from homology	2.77	1.0000	0.9990	0.00000000000000	1	1	1	1	1	1	518439.0	518439.0	518439.0	1C(57.0215)		
tr|B0JYH6|B0JYH6_DANRE	B0JYH6	B0JYH6_DANRE	pvrl1b	541	false	false	Danio rerio	Nectin 1b	1:Experimental evidence at protein level	6.65	1.0000	0.9990	0.00000000000000	3	3	3	4	4	4	2803209.5	2803209.5	2803209.5	1M(15.9949)		
tr|B0R0V8|B0R0V8_DANRE	B0R0V8	B0R0V8_DANRE	chunp6890	481	false	false	Danio rerio	V-type proton ATPase subunit H	1:Experimental evidence at protein level	4.78	1.0000	0.9990	0.00000000000000	1	1	1	1	1	1	2177114.2	2177114.2	2177114.2			
tr|B0R1D0|B0R1D0_DANRE	B0R1D0	B0R1D0_DANRE	CH211-265P12.8	418	false	false	Danio rerio	26S protease regulatory subunit 6B	1:Experimental evidence at protein level	4.78	1.0000	0.9990	0.00000000000000	1	1	1	1	1	1	909426.1	909426.1	909426.1			
tr|B0S6P0|B0S6P0_DANRE	B0S6P0	B0S6P0_DANRE	crygm2d9	173	false	false	Danio rerio	Crystallin, gamma M2d9	3:Protein inferred from homology	23.12	1.0000	0.9990	0.00000000000000	5	0	3	7	0	4	1.2975023E7	0	7533999.0	1M(15.9949),1M(15.9949)		
tr|B0S730|B0S730_DANRE	B0S730	B0S730_DANRE	wu:fj78b08	298	false	false	Danio rerio	ADP/ATP translocase	1:Experimental evidence at protein level	25.50	1.0000	0.9990	0.00000000000000	6	0	0	7	0	0	1.3972108E7	0	0			
tr|B0UYN4|B0UYN4_DANRE	B0UYN4	B0UYN4_DANRE	zgc:162944	224	false	false	Danio rerio	Zgc:162944	1:Experimental evidence at protein level	6.70	1.0000	0.9990	0.00000000000000	1	1	1	1	1	1	313009.28	313009.28	313009.28			
tr|B2CQD3|B2CQD3_DANRE	B2CQD3	B2CQD3_DANRE	npm2	182	false	false	Danio rerio	Nucleophosmin/nucleoplasmin, 2b	1:Experimental evidence at protein level	25.27	1.0000	0.9990	0.00000000000000	3	3	3	5	5	5	9018466.0	9018466.0	9018466.0	2M(15.9949),2M(15.9949),3C(57.0215),2M(15.9949),3C(57.0215),3C(57.0215),3C(57.0215)		
tr|B3DFN3|B3DFN3_DANRE	B3DFN3	B3DFN3_DANRE	fc15d06	583	false	false	Danio rerio	Lamin-B2	1:Experimental evidence at protein level	15.78	1.0000	0.9990	0.00000000000000	12	12	12	12	12	12	2.645407E7	2.645407E7	2.645407E7			
tr|B3DG31|B3DG31_DANRE	B3DG31	B3DG31_DANRE	si:rp71-45k5.4	234	false	false	Danio rerio	Proteasome subunit alpha type	2:Experimental evidence at transcript level	8.97	1.0000	0.9990	0.00000000000000	1	0	1	1	0	1	0	0	0			tr|Q4VBR8|Q4VBR8_DANRE
tr|B3DGI9|B3DGI9_DANRE	B3DGI9	B3DGI9_DANRE	timm8b	95	false	false	Danio rerio	Mitochondrial import inner membrane translocase subunit	1:Experimental evidence at protein level	23.16	1.0000	0.9990	0.00000000000000	2	2	2	2	2	2	2985673.8	2985673.8	2985673.8	4C(57.0215),8C(57.0215)		
tr|B3DKL0|B3DKL0_DANRE	B3DKL0	B3DKL0_DANRE	wu:fi76g09	590	false	false	Danio rerio	Bifunctional purine biosynthesis protein ATIC	1:Experimental evidence at protein level	2.37	1.0000	0.9990	0.00000000000000	1	1	1	1	1	1	0	0	0			
tr|B5M4A7|B5M4A7_DANRE	B5M4A7	B5M4A7_DANRE	cryba1c	206	false	false	Danio rerio	BetaA1c-crystallin	1:Experimental evidence at protein level	5.83	1.0000	0.9990	0.00000000000000	1	0	0	2	0	0	7046474.0	0	0			
tr|B6IDE1|B6IDE1_DANRE	B6IDE1	B6IDE1_DANRE	smyhc2	1939	false	false	Danio rerio	slow Myosin heavy chain 2	1:Experimental evidence at protein level	16.35	1.0000	0.9990	0.00000000000000	28	0	0	34	0	0	7.3422448E7	0	0			
tr|B8A516|B8A516_DANRE	B8A516	B8A516_DANRE	fb22g06	449	false	false	Danio rerio	Tubulin alpha chain	1:Experimental evidence at protein level	53.01	1.0000	0.9990	0.00000000000000	22	0	1	34	0	1	1.56314784E8	0	2.1089282E7			
tr|B8A552|B8A552_DANRE	B8A552	B8A552_DANRE	smarca5	1035	false	false	Danio rerio	SWI/SNF-related matrix-associated actin-dependent regulator of chromatin subfamily A member 5	3:Protein inferred from homology	3.29	1.0000	0.9990	0.00000000000000	3	1	3	3	1	3	4484107.5	767737.25	4484107.5	9C(57.0215),9C(57.0215)		
tr|B8A568|B8A568_DANRE	B8A568	B8A568_DANRE	myhz1.1	1937	false	false	Danio rerio	Myosin, heavy polypeptide 1.1, skeletal muscle	1:Experimental evidence at protein level	44.55	1.0000	0.9990	0.00000000000000	96	0	15	134	0	22	1.3108612E8	0	3.7984124E7	5M(15.9949),6M(15.9949),N-term(42.0106),N-term(42.0106),6M(15.9949)		
tr|B8A569|B8A569_DANRE	B8A569	B8A569_DANRE	ns:zf-e68	1937	false	false	Danio rerio	Myosin, heavy polypeptide 1.3, skeletal muscle	1:Experimental evidence at protein level	42.95	1.0000	0.9990	0.00000000000000	91	0	12	127	0	18	1.3108612E8	0	2.8941236E7	9M(15.9949),9M(15.9949)		
tr|E7EXT3|E7EXT3_DANRE	E7EXT3	E7EXT3_DANRE	zgc:63642	842	false	false	Danio rerio	Alpha-1,4 glucan phosphorylase	1:Experimental evidence at protein level	4.28	1.0000	0.9990	0.00000000000000	3	0	3	3	0	3	6867937.0	0	6867937.0			
tr|E7F354|E7F354_DANRE	E7F354	E7F354_DANRE	ywhag2	247	false	false	Danio rerio	14-3-3 protein gamma-1	1:Experimental evidence at protein level	6.88	1.0000	0.9990	0.00000000000000	2	0	1	2	0	1	3869382.0	0	268457.06	N-term(42.0106)		
tr|E7F3J2|E7F3J2_DANRE	E7F3J2	E7F3J2_DANRE	hnrnpua	760	false	false	Danio rerio	Heterogeneous nuclear ribonucleoprotein Ua	4:Protein predicted	1.18	1.0000	0.9990	0.00000000000000	1	0	0	1	0	0	351782.12	0	0			
tr|E7F8M1|E7F8M1_DANRE	E7F8M1	E7F8M1_DANRE	crybb1l1	219	false	false	Danio rerio	Crystallin, beta B1,-like 1	1:Experimental evidence at protein level	47.95	1.0000	0.9990	0.00000000000000	13	11	11	19	15	15	1.26617544E8	3.2167016E7	3.2167016E7	1C(57.0215),1C(57.0215),2C(57.0215),2C(57.0215),2C(57.0215),2C(57.0215),2M(15.9949),4M(15.9949),5M(15.9949),8C(57.0215),8C(57.0215)		
tr|E7FCD8|E7FCD8_DANRE	E7FCD8	E7FCD8_DANRE	atp6v1ab	617	false	false	Danio rerio	H(+)-transporting two-sector ATPase	1:Experimental evidence at protein level	2.43	1.0000	0.9990	0.00000000000000	1	0	0	1	0	0	0	0	0			
tr|E7FD91|E7FD91_DANRE	E7FD91	E7FD91_DANRE	ddx6	484	false	false	Danio rerio	RNA helicase	1:Experimental evidence at protein level	2.07	1.0000	0.9964	0.00000000000000	1	0	1	1	0	1	0	0	0	4C(57.0215)		
tr|E9QBD0|E9QBD0_DANRE	E9QBD0	E9QBD0_DANRE	dcamkl1	770	false	false	Danio rerio	Doublecortin-like kinase 1a	1:Experimental evidence at protein level	4.81	1.0000	0.9990	0.00000000000000	3	3	3	3	3	3	4854892.0	4854892.0	4854892.0	12C(57.0215)		
tr|E9QF07|E9QF07_DANRE	E9QF07	E9QF07_DANRE	myh7bb	1935	false	false	Danio rerio	Myosin, heavy chain 7B, cardiac muscle, beta b	3:Protein inferred from homology	3.62	1.0000	0.9946	0.00000000000000	8	0	0	11	0	0	4.6455232E7	0	0			
tr|F1Q6F9|F1Q6F9_DANRE	F1Q6F9	F1Q6F9_DANRE	sltm	983	false	false	Danio rerio	SAFB-like transcription modulator	4:Protein predicted	4.07	1.0000	0.9990	0.00000000000000	2	2	2	3	3	3	2160850.2	2160850.2	2160850.2	19M(15.9949)		
tr|F1Q7N8|F1Q7N8_DANRE	F1Q7N8	F1Q7N8_DANRE	si:dkey-28b4.8	1056	false	false	Danio rerio	Calcium-transporting ATPase	1:Experimental evidence at protein level	9.75	1.0000	0.9990	0.00000000000000	7	3	4	8	4	5	7571481.5	5908278.0	7571481.5	16C(57.0215),16C(57.0215),3M(15.9949)		
tr|F1Q9K1|F1Q9K1_DANRE	F1Q9K1	F1Q9K1_DANRE	smarcc1a	1089	false	false	Danio rerio	SWI/SNF complex subunit SMARCC1 isoform X1	4:Protein predicted	1.10	1.0000	0.9990	0.00000000000000	1	0	1	1	0	1	0	0	0			
tr|F1Q9P4|F1Q9P4_DANRE	F1Q9P4	F1Q9P4_DANRE	napbb	295	false	false	Danio rerio	N-ethylmaleimide-sensitive factor attachment protein, beta b	3:Protein inferred from homology	8.47	1.0000	0.9990	0.00000000000000	2	0	1	2	0	1	5717617.0	0	986613.94			
tr|F1QCC0|F1QCC0_DANRE	F1QCC0	F1QCC0_DANRE	tnni2b.1	176	false	false	Danio rerio	Troponin I type 2b (skeletal, fast), tandem duplicate 1	1:Experimental evidence at protein level	13.64	1.0000	0.9990	0.00000000000000	1	1	1	2	2	2	0	0	0			
tr|F1QCE9|F1QCE9_DANRE	F1QCE9	F1QCE9_DANRE	ndufab1	153	false	false	Danio rerio	Acyl carrier protein	1:Experimental evidence at protein level	7.19	1.0000	0.9990	0.00000000000000	1	1	1	1	1	1	2777029.5	2777029.5	2777029.5			
tr|F1QFJ8|F1QFJ8_DANRE	F1QFJ8	F1QFJ8_DANRE	fb19a06	407	false	false	Danio rerio	heterogeneous nuclear ribonucleoprotein H1, like	1:Experimental evidence at protein level	5.41	1.0000	0.9990	0.00000000000000	2	2	2	2	2	2	3964053.5	3964053.5	3964053.5	6C(57.0215),N-term(42.0106)		
tr|F1QFK9|F1QFK9_DANRE	F1QFK9	F1QFK9_DANRE	fc22d10	431	false	false	Danio rerio	Cleavage stimulation factor 50 kDa subunit	1:Experimental evidence at protein level	2.32	1.0000	0.9990	0.00000000000000	1	1	1	1	1	1	5662067.0	5662067.0	5662067.0	5C(57.0215),6C(57.0215)		
tr|F1QFV6|F1QFV6_DANRE	F1QFV6	F1QFV6_DANRE	rpl28l	138	false	false	Danio rerio	60S ribosomal protein L28	1:Experimental evidence at protein level	24.64	1.0000	0.9990	0.00000000000000	3	3	3	4	4	4	3918250.5	3918250.5	3918250.5	N-term(42.0106),N-term(42.0106),8M(15.9949)		
tr|F1QGG3|F1QGG3_DANRE	F1QGG3	F1QGG3_DANRE	nsfb	747	false	false	Danio rerio	Vesicle-fusing ATPase	1:Experimental evidence at protein level	4.42	1.0000	0.9983	0.00000000000000	2	0	0	2	0	0	2831892.0	0	0			
tr|F1QGP8|F1QGP8_DANRE	F1QGP8	F1QGP8_DANRE	hmgb3a	213	false	false	Danio rerio	High mobility group box 3a	4:Protein predicted	27.23	1.0000	0.9990	0.00000000000000	7	7	7	10	10	10	3.3723844E7	3.3723844E7	3.3723844E7	10C(57.0215),11C(57.0215)		
tr|F1QHC4|F1QHC4_DANRE	F1QHC4	F1QHC4_DANRE	lmnb1	588	false	false	Danio rerio	Lamin B1	1:Experimental evidence at protein level	11.22	1.0000	0.9990	0.00000000000000	5	5	5	6	6	6	1.0554585E7	1.0554585E7	1.0554585E7	11M(15.9949)		
tr|F1QLZ5|F1QLZ5_DANRE	F1QLZ5	F1QLZ5_DANRE	LOC108179061	401	false	false	Danio rerio	SIN3-HDAC complex-associated factor,-like	4:Protein predicted	5.24	1.0000	0.9988	0.00000000000000	2	2	2	2	2	2	1931707.2	1931707.2	1931707.2			
tr|F1QM86|F1QM86_DANRE	F1QM86	F1QM86_DANRE	cbx1a	212	false	false	Danio rerio	Chromobox homolog 1a (HP1 beta homolog Drosophila)	1:Experimental evidence at protein level	8.02	1.0000	0.9990	0.00000000000000	1	1	1	1	1	1	1677999.4	1677999.4	1677999.4			
tr|F1QNF2|F1QNF2_DANRE	F1QNF2	F1QNF2_DANRE	cbx3a	177	false	false	Danio rerio	Chromobox homolog 3a (HP1 gamma homolog, Drosophila)	4:Protein predicted	6.78	1.0000	0.9990	0.00000000000000	1	1	1	1	1	1	1131744.5	1131744.5	1131744.5	6C(57.0215)		
tr|F1QS28|F1QS28_DANRE	F1QS28	F1QS28_DANRE	hnrnpa0a	305	false	false	Danio rerio	Heterogeneous nuclear ribonucleoprotein A0a	4:Protein predicted	4.59	1.0000	0.9990	0.00000000000000	1	1	1	1	1	1	3276781.8	3276781.8	3276781.8	4C(57.0215)		
tr|F1QV31|F1QV31_DANRE	F1QV31	F1QV31_DANRE	ckii	566	false	false	Danio rerio	keratin 5	1:Experimental evidence at protein level	5.30	1.0000	0.9990	0.00000000000000	4	0	0	4	0	0	4202692.5	0	0			
tr|F1QVX3|F1QVX3_DANRE	F1QVX3	F1QVX3_DANRE	myhb	1937	false	false	Danio rerio	Myosin, heavy chain b	1:Experimental evidence at protein level	25.76	1.0000	0.9990	0.00000000000000	51	10	45	70	12	63	1.3108612E8	7911219.0	9.1564528E7	1M(15.9949),4M(15.9949),4M(15.9949),5M(15.9949),9M(15.9949),9M(15.9949)		
tr|F1QWU4|F1QWU4_DANRE	F1QWU4	F1QWU4_DANRE	myl6	164	false	false	Danio rerio	Myosin, light chain 6, alkali, smooth muscle and non-muscle	4:Protein predicted	7.93	1.0000	0.9990	0.00000000000000	1	0	0	1	0	0	1493193.5	0	0			
tr|F1QZ83|F1QZ83_DANRE	F1QZ83	F1QZ83_DANRE	ubtf	735	false	false	Danio rerio	Upstream-binding transcription factor	1:Experimental evidence at protein level	2.31	1.0000	0.9990	0.00000000000000	1	1	1	1	1	1	561286.94	561286.94	561286.94			
tr|F1QZW1|F1QZW1_DANRE	F1QZW1	F1QZW1_DANRE	myh7	1938	false	false	Danio rerio	Myosin heavy chain 7	1:Experimental evidence at protein level	12.59	1.0000	0.9988	0.00000000000000	22	1	1	29	1	1	8.0763408E7	562327.8	562327.8			
tr|F1R0A8|F1R0A8_DANRE	F1R0A8	F1R0A8_DANRE	syn2a	463	false	false	Danio rerio	Synapsin IIa	3:Protein inferred from homology	2.16	1.0000	0.9990	0.00000000000000	1	1	1	1	1	1	0	0	0			
tr|F1R2E0|F1R2E0_DANRE	F1R2E0	F1R2E0_DANRE	si:ch211-197g15.1	715	false	false	Danio rerio	Heterogeneous nuclear ribonucleoprotein M	1:Experimental evidence at protein level	1.26	1.0000	0.9990	0.00000000000000	1	1	1	1	1	1	3801546.5	3801546.5	3801546.5			
tr|F1R412|F1R412_DANRE	F1R412	F1R412_DANRE	tpm4a	284	false	false	Danio rerio	Tropomyosin 4a	3:Protein inferred from homology	19.01	1.0000	0.9990	0.00000000000000	6	0	0	10	0	0	6.8815344E7	0	0			
tr|F1R6C7|F1R6C7_DANRE	F1R6C7	F1R6C7_DANRE	myha	1933	false	false	Danio rerio	Myosin, heavy chain a	3:Protein inferred from homology	37.87	1.0000	0.9982	0.00000000000000	79	0	0	113	0	0	1.3108612E8	0	0			
tr|F1R9V3|F1R9V3_DANRE	F1R9V3	F1R9V3_DANRE	hspa8b	647	false	false	Danio rerio	Heat shock protein family A (Hsp70) member 8b	3:Protein inferred from homology	11.90	1.0000	0.9990	0.00000000000000	5	0	0	5	0	0	1.5911461E7	0	0			
tr|F1RBT2|F1RBT2_DANRE	F1RBT2	F1RBT2_DANRE	chd4b	1953	false	false	Danio rerio	DNA helicase	1:Experimental evidence at protein level	0.82	1.0000	0.9990	0.00000000000000	1	1	1	1	1	1	0	0	0			
tr|F1RCB6|F1RCB6_DANRE	F1RCB6	F1RCB6_DANRE	actc1a	377	false	false	Danio rerio	Actin alpha cardiac muscle 1a	1:Experimental evidence at protein level	22.81	1.0000	0.9990	0.00000000000000	6	0	1	9	0	1	5.3848892E7	0	0	12M(15.9949),2C(57.0215)		
tr|F6NZ76|F6NZ76_DANRE	F6NZ76	F6NZ76_DANRE	tomm5	51	false	false	Danio rerio	Translocase of outer mitochondrial membrane 5 homolog (yeast)	3:Protein inferred from homology	39.22	1.0000	0.9988	0.00000000000000	2	2	2	3	3	3	5429798.0	5429798.0	5429798.0	1M(15.9949)		
tr|F8W2P1|F8W2P1_DANRE	F8W2P1	F8W2P1_DANRE	arl8a	186	false	false	Danio rerio	ADP-ribosylation factor-like 8A	4:Protein predicted	14.52	1.0000	0.9989	0.00000000000000	2	1	2	3	2	3	694871.6	694871.6	694871.6	3C(57.0215),4C(57.0215),9C(57.0215)		
tr|F8W442|F8W442_DANRE	F8W442	F8W442_DANRE	gnao1a	354	false	false	Danio rerio	Guanine nucleotide-binding protein (G protein), alpha-activating activity polypeptide O, a	4:Protein predicted	27.40	1.0000	0.9990	0.00000000000000	7	5	6	8	6	7	8.3813936E7	4951933.5	4951933.5	10C(57.0215),2M(15.9949)		
tr|I3IRW7|I3IRW7_DANRE	I3IRW7	I3IRW7_DANRE	fj82a01	500	false	false	Danio rerio	4-aminobutyrate aminotransferase, mitochondrial	1:Experimental evidence at protein level	4.20	1.0000	0.9990	0.00000000000000	1	1	1	1	1	1	0	0	0			
tr|M1EVR1|M1EVR1_DANRE	M1EVR1	M1EVR1_DANRE	SLC12A5	1117	false	false	Danio rerio	Potassium/chloride cotransporter kcc2	2:Experimental evidence at transcript level	3.31	1.0000	0.9990	0.00000000000000	3	0	1	4	0	1	4.8526232E7	0	1686088.8	9M(15.9949)		
tr|O93548|O93548_DANRE	O93548	O93548_DANRE	hbbe1.3	147	false	false	Danio rerio	Embryonic 1 beta-globin	1:Experimental evidence at protein level	16.33	1.0000	0.9990	0.00000000000000	2	2	2	2	2	2	8697457.0	8697457.0	8697457.0			
tr|Q05AL9|Q05AL9_DANRE	Q05AL9	Q05AL9_DANRE	wu:fa91c11	431	false	false	Danio rerio	Zgc:153629	1:Experimental evidence at protein level	1.62	1.0000	0.9990	0.00000000000000	1	0	0	1	0	0	4424996.0	0	0			
tr|Q08BA1|Q08BA1_DANRE	Q08BA1	Q08BA1_DANRE	atp5a1	551	false	false	Danio rerio	ATP synthase subunit alpha	1:Experimental evidence at protein level	29.04	1.0000	0.9990	0.00000000000000	13	13	13	15	15	15	2.6259E7	2.6259E7	2.6259E7	3C(57.0215),3C(57.0215),3C(57.0215)		
tr|Q08BR1|Q08BR1_DANRE	Q08BR1	Q08BR1_DANRE	zgc:152914	176	false	false	Danio rerio	Protein Dr1	1:Experimental evidence at protein level	7.95	1.0000	0.9990	0.00000000000000	1	1	1	1	1	1	2092874.6	2092874.6	2092874.6	N-term(42.0106)		
tr|Q08C42|Q08C42_DANRE	Q08C42	Q08C42_DANRE	zgc:153661	71	false	false	Danio rerio	ATP synthase subunit e, mitochondrial	1:Experimental evidence at protein level	36.62	1.0000	0.9990	0.00000000000000	3	3	3	4	4	4	1.3540487E7	1.3540487E7	1.3540487E7			
tr|Q15I86|Q15I86_DANRE	Q15I86	Q15I86_DANRE	crygEM2-2	174	false	false	Danio rerio	Crystallin gamma EM2-2	2:Experimental evidence at transcript level	10.92	1.0000	0.9990	0.00000000000000	2	0	1	2	0	1	9788924.0	0	3212341.5			
tr|Q1ECY0|Q1ECY0_DANRE	Q1ECY0	Q1ECY0_DANRE	wu:fj24g11	825	false	false	Danio rerio	Silver homolog (Mouse) a	2:Experimental evidence at transcript level	1.33	1.0000	0.9988	0.00000000000000	1	1	1	1	1	1	0	0	0			
tr|Q1JQ71|Q1JQ71_DANRE	Q1JQ71	Q1JQ71_DANRE	silverb	616	false	false	Danio rerio	Silver homolog (Mouse) b	2:Experimental evidence at transcript level	8.12	1.0000	0.9990	0.00000000000000	3	3	3	3	3	3	1.1272915E7	1.1272915E7	1.1272915E7			
tr|Q1LUD3|Q1LUD3_DANRE	Q1LUD3	Q1LUD3_DANRE	rcv2b	191	false	false	Danio rerio	Recoverin 3	1:Experimental evidence at protein level	15.18	1.0000	0.9990	0.00000000000000	2	2	2	3	3	3	1.0800772E7	1.0800772E7	1.0800772E7			
tr|Q1LW94|Q1LW94_DANRE	Q1LW94	Q1LW94_DANRE	pals2b	539	false	false	Danio rerio	MAGUK p55 subfamily member 6	1:Experimental evidence at protein level	2.78	1.0000	0.9990	0.00000000000000	1	0	1	1	0	1	534798.56	0	534798.56	12M(15.9949),9C(57.0215)		
tr|Q1LWH1|Q1LWH1_DANRE	Q1LWH1	Q1LWH1_DANRE	im:6906552	146	false	false	Danio rerio	40S ribosomal protein S16	1:Experimental evidence at protein level	29.45	1.0000	0.9990	0.00000000000000	5	5	5	6	6	6	1.608144E7	1.608144E7	1.608144E7			
tr|Q1LXJ7|Q1LXJ7_DANRE	Q1LXJ7	Q1LXJ7_DANRE	cyt1l	429	false	false	Danio rerio	type I cytokeratin, enveloping layer, like	1:Experimental evidence at protein level	1.63	1.0000	0.9990	0.00000000000000	1	0	0	1	0	0	4424996.0	0	0			
tr|Q2LDA1|Q2LDA1_DANRE	Q2LDA1	Q2LDA1_DANRE	col2a1	1491	false	false	Danio rerio	Collagen type II, alpha 1	1:Experimental evidence at protein level	0.80	1.0000	0.9990	0.00000000000000	1	0	1	1	0	1	171388.78	0	171388.78			
tr|Q2LEK1|Q2LEK1_DANRE	Q2LEK1	Q2LEK1_DANRE	fk70a07	4643	false	false	Danio rerio	Dynein cytoplasmic 1 heavy chain 1	1:Experimental evidence at protein level	0.75	1.0000	0.9990	0.00000000000000	3	3	3	3	3	3	3190709.0	3190709.0	3190709.0			
tr|Q32PS6|Q32PS6_DANRE	Q32PS6	Q32PS6_DANRE	zgc:152722	557	false	false	Danio rerio	Myelin expression factor 2	1:Experimental evidence at protein level	1.80	1.0000	0.9990	0.00000000000000	1	1	1	1	1	1	2208428.2	2208428.2	2208428.2			
tr|Q32PT3|Q32PT3_DANRE	Q32PT3	Q32PT3_DANRE	zgc:123215	213	false	false	Danio rerio	Zgc:123215	1:Experimental evidence at protein level	32.86	1.0000	0.9990	0.00000000000000	10	10	10	13	13	13	3.4288156E7	3.4288156E7	3.4288156E7	10C(57.0215),10C(57.0215),11C(57.0215),11C(57.0215),13C(57.0215)		
tr|Q32PV2|Q32PV2_DANRE	Q32PV2	Q32PV2_DANRE	zgc:112538	478	false	false	Danio rerio	calcium/calmodulin-dependent protein kinase	1:Experimental evidence at protein level	2.51	1.0000	0.9990	0.00000000000000	1	0	0	1	0	0	1558672.1	0	0			
tr|Q32Q51|Q32Q51_DANRE	Q32Q51	Q32Q51_DANRE	zgc:123327	127	false	false	Danio rerio	60S ribosomal protein L22	1:Experimental evidence at protein level	10.24	1.0000	0.9990	0.00000000000000	1	1	1	1	1	1	0	0	0			
tr|Q3B732|Q3B732_DANRE	Q3B732	Q3B732_DANRE	zgc:123210	76	false	false	Danio rerio	High mobility group nucleosomal-binding domain 2	1:Experimental evidence at protein level	52.63	1.0000	0.9990	0.00000000000000	3	3	3	4	4	4	7.4284432E7	7.4284432E7	7.4284432E7			
tr|Q3B750|Q3B750_DANRE	Q3B750	Q3B750_DANRE	zgc:123330	90	false	false	Danio rerio	Cytochrome b-c1 complex subunit 6	1:Experimental evidence at protein level	20.00	1.0000	0.9990	0.00000000000000	1	1	1	2	2	2	2.2652298E7	2.2652298E7	2.2652298E7	7C(57.0215),7C(57.0215)		
tr|Q45FX9|Q45FX9_DANRE	Q45FX9	Q45FX9_DANRE	cryba22	197	false	false	Danio rerio	BetaA2-2-crystallin	1:Experimental evidence at protein level	88.32	1.0000	0.9990	0.00000000000000	16	10	16	25	17	25	1.19277488E8	5.26164E7	1.19277488E8	10M(15.9949),6C(57.0215),17C(57.0215),4M(15.9949),5C(57.0215),17C(57.0215),5C(57.0215),17M(15.9949),1C(57.0215),1C(57.0215),1M(15.9949),1M(15.9949),2C(57.0215),8C(57.0215),2C(57.0215),8C(57.0215),2C(57.0215),8C(57.0215),5C(57.0215),5C(57.0215),5M(15.9949),6C(57.0215),N-term(42.0106)		
tr|Q49HN0|Q49HN0_DANRE	Q49HN0	Q49HN0_DANRE	GRK1B	559	false	false	Danio rerio	G protein-coupled receptor kinase	1:Experimental evidence at protein level	2.33	1.0000	0.9989	0.00000000000000	1	1	1	1	1	1	0	0	0	11C(57.0215)		
tr|Q4KMI7|Q4KMI7_DANRE	Q4KMI7	Q4KMI7_DANRE	actc	377	false	false	Danio rerio	Actin, alpha 1b, skeletal muscle	1:Experimental evidence at protein level	19.36	1.0000	0.9990	0.00000000000000	7	0	1	10	0	1	4.7084084E7	0	8450788.0			
tr|Q4KMK4|Q4KMK4_DANRE	Q4KMK4	Q4KMK4_DANRE	wu:fj35g11	1023	false	false	Danio rerio	Sodium/potassium-transporting ATPase subunit alpha	1:Experimental evidence at protein level	13.10	1.0000	0.9990	0.00000000000000	12	0	0	16	0	0	6.0916792E7	0	0			
tr|Q4V8S2|Q4V8S2_DANRE	Q4V8S2	Q4V8S2_DANRE	rcv1a	203	false	false	Danio rerio	Recoverin a	1:Experimental evidence at protein level	73.89	1.0000	0.9990	0.00000000000000	8	6	7	9	7	8	8434354.0	8434354.0	8434354.0	5M(15.9949),7C(57.0215)		
tr|Q4V8S5|Q4V8S5_DANRE	Q4V8S5	Q4V8S5_DANRE	acbd7	88	false	false	Danio rerio	Acbd7 protein	1:Experimental evidence at protein level	18.18	1.0000	0.9990	0.00000000000000	1	1	1	1	1	1	1247799.2	1247799.2	1247799.2			
tr|Q4V914|Q4V914_DANRE	Q4V914	Q4V914_DANRE	zgc:114051	367	false	false	Danio rerio	Core histone macro-H2A	1:Experimental evidence at protein level	9.81	1.0000	0.9990	0.00000000000000	3	3	3	3	3	3	2826379.5	2826379.5	2826379.5			
tr|Q4V918|Q4V918_DANRE	Q4V918	Q4V918_DANRE	zgc:114044	255	false	false	Danio rerio	Proteasome subunit alpha type	1:Experimental evidence at protein level	12.16	1.0000	0.9990	0.00000000000000	2	2	2	2	2	2	474550.44	474550.44	474550.44	N-term(42.0106)		
tr|Q4VBI5|Q4VBI5_DANRE	Q4VBI5	Q4VBI5_DANRE	zgc:112340	101	false	false	Danio rerio	NADH dehydrogenase [ubiquinone] 1 alpha subcomplex subunit 2	1:Experimental evidence at protein level	13.86	1.0000	0.9990	0.00000000000000	1	1	1	1	1	1	431540.62	431540.62	431540.62	4C(57.0215)		
tr|Q4VBI6|Q4VBI6_DANRE	Q4VBI6	Q4VBI6_DANRE	tubb2a	449	false	false	Danio rerio	Tubulin beta chain	1:Experimental evidence at protein level	47.88	1.0000	0.9990	0.00000000000000	19	1	1	32	1	1	1.42480928E8	0	0			
tr|Q4VBU2|Q4VBU2_DANRE	Q4VBU2	Q4VBU2_DANRE	zgc:110021	176	false	false	Danio rerio	Crystallin, gamma MX,-like 2	1:Experimental evidence at protein level	12.50	1.0000	0.9990	0.00000000000000	1	1	1	1	1	1	969049.94	969049.94	969049.94	17C(57.0215),18C(57.0215),4C(57.0215),8C(57.0215)		
tr|Q4VBU7|Q4VBU7_DANRE	Q4VBU7	Q4VBU7_DANRE	zgc:114165	141	false	false	Danio rerio	Cytochrome c oxidase subunit 5A, mitochondrial	1:Experimental evidence at protein level	54.61	1.0000	0.9990	0.00000000000000	5	2	5	6	2	6	3.2329454E7	8322741.5	3.2329454E7	2M(15.9949)		
tr|Q4VBV1|Q4VBV1_DANRE	Q4VBV1	Q4VBV1_DANRE	im:6900881	111	false	false	Danio rerio	Cytochrome b-c1 complex subunit 7	1:Experimental evidence at protein level	27.93	1.0000	0.9990	0.00000000000000	3	3	3	3	3	3	6513249.0	6513249.0	6513249.0	6C(57.0215)		
tr|Q4VBV2|Q4VBV2_DANRE	Q4VBV2	Q4VBV2_DANRE	wu:fa18f12	84	false	false	Danio rerio	40S ribosomal protein S27	1:Experimental evidence at protein level	9.52	1.0000	0.9990	0.00000000000000	1	0	1	1	0	1	591944.2	0	591944.2	5C(57.0215)		
tr|Q502C8|Q502C8_DANRE	Q502C8	Q502C8_DANRE	zgc:112318	162	false	false	Danio rerio	Peroxiredoxin-5	1:Experimental evidence at protein level	11.73	1.0000	0.9990	0.00000000000000	1	1	1	1	1	1	0	0	0			
tr|Q502E4|Q502E4_DANRE	Q502E4	Q502E4_DANRE	DKEYP-88A5.2	168	false	false	Danio rerio	NADH dehydrogenase [ubiquinone] iron-sulfur protein 4, mitochondrial	1:Experimental evidence at protein level	5.95	1.0000	0.9990	0.00000000000000	1	1	1	1	1	1	343777.97	343777.97	343777.97			
tr|Q502J1|Q502J1_DANRE	Q502J1	Q502J1_DANRE	zgc:112161	295	false	false	Danio rerio	Zgc:112161	1:Experimental evidence at protein level	4.75	1.0000	0.9990	0.00000000000000	1	0	1	1	0	1	4731003.0	0	4731003.0	10C(57.0215)		
tr|Q502P6|Q502P6_DANRE	Q502P6	Q502P6_DANRE	zgc:111955	106	false	false	Danio rerio	NADH dehydrogenase [ubiquinone] iron-sulfur protein 5	1:Experimental evidence at protein level	16.98	1.0000	0.9990	0.00000000000000	1	1	1	1	1	1	0	0	0			
tr|Q502Q7|Q502Q7_DANRE	Q502Q7	Q502Q7_DANRE	plasticin	442	false	false	Danio rerio	Peripherin	2:Experimental evidence at transcript level	2.49	1.0000	0.9980	0.00000000000000	1	0	0	1	0	0	421199.8	0	0			
tr|Q503J3|Q503J3_DANRE	Q503J3	Q503J3_DANRE	zgc:110551	360	false	false	Danio rerio	Zgc:110551	1:Experimental evidence at protein level	3.33	1.0000	0.9990	0.00000000000000	1	1	1	1	1	1	1108001.9	1108001.9	1108001.9	N-term(42.0106)		
tr|Q503M9|Q503M9_DANRE	Q503M9	Q503M9_DANRE	zgc:110425	195	false	false	Danio rerio	Zgc:110425	1:Experimental evidence at protein level	14.87	1.0000	0.9989	0.00000000000000	6	1	1	10	1	1	3.1068448E8	1.5657606E7	1.5657606E7			
tr|Q504B1|Q504B1_DANRE	Q504B1	Q504B1_DANRE	zgc:109973	123	false	false	Danio rerio	Activated RNA polymerase II transcriptional coactivator p15	1:Experimental evidence at protein level	21.95	1.0000	0.9990	0.00000000000000	3	3	3	2	2	2	8398090.0	8398090.0	8398090.0			
tr|Q52JI7|Q52JI7_DANRE	Q52JI7	Q52JI7_DANRE	zgc:109979	196	false	false	Danio rerio	Beta A4-crystallin	1:Experimental evidence at protein level	75.51	1.0000	0.9990	0.00000000000000	12	12	12	23	23	23	5.8412016E7	5.8412016E7	5.8412016E7	13M(15.9949),16C(57.0215),14M(15.9949),17C(57.0215),16C(57.0215),17C(57.0215),1M(15.9949),1M(15.9949),9C(57.0215),1M(15.9949),9C(57.0215),6C(57.0215),6C(57.0215),6M(15.9949),8C(57.0215),8C(57.0215),8C(57.0215),8C(57.0215),8C(57.0215),8C(57.0215),9C(57.0215),9C(57.0215)		
tr|Q52PJ7|Q52PJ7_DANRE	Q52PJ7	Q52PJ7_DANRE	CRMP-5a	564	false	false	Danio rerio	Collapsin response mediator protein 5.1	1:Experimental evidence at protein level	7.27	1.0000	0.9990	0.00000000000000	3	1	3	3	1	3	2768666.0	981593.25	2768666.0			
tr|Q52PJ8|Q52PJ8_DANRE	Q52PJ8	Q52PJ8_DANRE	crmp5.2	568	false	false	Danio rerio	Collapsin response mediator protein 5.2	1:Experimental evidence at protein level	4.05	1.0000	0.9990	0.00000000000000	2	0	0	2	0	0	1787072.6	0	0			
tr|Q52WY2|Q52WY2_DANRE	Q52WY2	Q52WY2_DANRE	wu:fj62g06	191	false	false	Danio rerio	Cell division control protein 42 homolog	1:Experimental evidence at protein level	5.24	1.0000	0.9990	0.00000000000000	1	0	1	1	0	1	738694.8	0	738694.8	4C(57.0215)		
tr|Q566S4|Q566S4_DANRE	Q566S4	Q566S4_DANRE	zgc:112520	255	false	false	Danio rerio	NADH dehydrogenase [ubiquinone] iron-sulfur protein 3, mitochondrial	1:Experimental evidence at protein level	20.39	1.0000	0.9990	0.00000000000000	3	3	3	3	3	3	812883.9	812883.9	812883.9			
tr|Q566W6|Q566W6_DANRE	Q566W6	Q566W6_DANRE	wu:fj10g10	185	false	false	Danio rerio	Zgc:112425	1:Experimental evidence at protein level	32.43	1.0000	0.9990	0.00000000000000	3	3	3	4	4	4	3210862.2	3210862.2	3210862.2	20M(15.9949),N-term(42.0106)		
tr|Q567D9|Q567D9_DANRE	Q567D9	Q567D9_DANRE	cryba1l	199	false	false	Danio rerio	Crystallin, beta A1, like	1:Experimental evidence at protein level	51.76	1.0000	0.9990	0.00000000000000	8	7	8	15	13	15	5.0945584E7	5.0945584E7	5.0945584E7	13C(57.0215),14C(57.0215),1C(57.0215),8C(57.0215),9C(57.0215),1M(15.9949),2M(15.9949),9C(57.0215),2M(15.9949),9C(57.0215),4M(15.9949),6C(57.0215),6C(57.0215),9C(57.0215),9C(57.0215)		
tr|Q567E8|Q567E8_DANRE	Q567E8	Q567E8_DANRE	zgc:112098	377	false	false	Danio rerio	Acta1a protein	2:Experimental evidence at transcript level	25.46	1.0000	0.9990	0.00000000000000	8	0	0	11	0	0	4.7084084E7	0	0			
tr|Q567N5|Q567N5_DANRE	Q567N5	Q567N5_DANRE	wu:fa93h05	265	false	false	Danio rerio	60S ribosomal protein L6	1:Experimental evidence at protein level	11.70	1.0000	0.9990	0.00000000000000	2	2	2	2	2	2	5568464.5	5568464.5	5568464.5			
tr|Q567Y2|Q567Y2_DANRE	Q567Y2	Q567Y2_DANRE	rgr1	295	false	false	Danio rerio	RPE-retinal G protein-coupled receptor	1:Experimental evidence at protein level	9.83	1.0000	0.9989	0.00000000000000	2	2	2	3	3	3	6643443.5	6643443.5	6643443.5			
tr|Q567Y4|Q567Y4_DANRE	Q567Y4	Q567Y4_DANRE	wu:fb10b03	175	false	false	Danio rerio	NADH dehydrogenase [ubiquinone] 1 beta subcomplex subunit 9	1:Experimental evidence at protein level	34.86	1.0000	0.9989	0.00000000000000	4	4	4	4	4	4	6167931.0	6167931.0	6167931.0	16C(57.0215),4C(57.0215),N-term(42.0106)		
tr|Q568D0|Q568D0_DANRE	Q568D0	Q568D0_DANRE	histh1l	201	false	false	Danio rerio	Zgc:110380	1:Experimental evidence at protein level	26.87	1.0000	0.9990	0.00000000000000	8	8	8	11	11	11	2.8991064E7	2.8991064E7	2.8991064E7	N-term(42.0106),N-term(42.0106),N-term(42.0106)		
tr|Q568U3|Q568U3_DANRE	Q568U3	Q568U3_DANRE	si:dkeyp-113d7.5	430	false	false	Danio rerio	Zgc:109868	1:Experimental evidence at protein level	1.63	1.0000	0.9990	0.00000000000000	1	0	0	1	0	0	4424996.0	0	0			
tr|Q58EI3|Q58EI3_DANRE	Q58EI3	Q58EI3_DANRE	fc21c08	457	false	false	Danio rerio	MICOS complex subunit	1:Experimental evidence at protein level	3.50	1.0000	0.9987	0.00000000000000	1	1	1	2	2	2	0	0	0			
tr|Q58ER0|Q58ER0_DANRE	Q58ER0	Q58ER0_DANRE	rbm39b	539	false	false	Danio rerio	RNA binding motif protein 39b isoform X1	1:Experimental evidence at protein level	2.04	1.0000	0.9990	0.00000000000000	1	1	1	1	1	1	387939.6	387939.6	387939.6			
tr|Q5BJ17|Q5BJ17_DANRE	Q5BJ17	Q5BJ17_DANRE	zgc:110766	448	false	false	Danio rerio	Elongation factor Tu	1:Experimental evidence at protein level	2.01	1.0000	0.9990	0.00000000000000	1	1	1	1	1	1	5320214.0	5320214.0	5320214.0			
tr|Q5BJA2|Q5BJA2_DANRE	Q5BJA2	Q5BJA2_DANRE	zgc:114172	116	false	false	Danio rerio	NADH dehydrogenase [ubiquinone] 1 alpha subcomplex subunit 5	1:Experimental evidence at protein level	62.93	1.0000	0.9990	0.00000000000000	6	6	6	7	7	7	7547986.0	7547986.0	7547986.0			
tr|Q5BJB9|Q5BJB9_DANRE	Q5BJB9	Q5BJB9_DANRE	cb718	250	false	false	Danio rerio	Prdx3 protein	1:Experimental evidence at protein level	10.40	1.0000	0.9990	0.00000000000000	2	2	2	2	2	2	3399990.5	3399990.5	3399990.5			
tr|Q5BU17|Q5BU17_DANRE	Q5BU17	Q5BU17_DANRE	ctbp2l	860	false	false	Danio rerio	C-terminal-binding protein 2	2:Experimental evidence at transcript level	6.40	1.0000	0.9990	0.00000000000000	4	1	1	4	1	1	5762881.5	1960079.0	1960079.0			
tr|Q5BU19|Q5BU19_DANRE	Q5BU19	Q5BU19_DANRE	wu:fb96g03	1147	false	false	Danio rerio	C-terminal-binding protein 2 isoform 1	1:Experimental evidence at protein level	4.80	1.0000	0.9990	0.00000000000000	4	2	3	4	2	3	5130037.5	3436298.5	4405273.0			
tr|Q5CZQ1|Q5CZQ1_DANRE	Q5CZQ1	Q5CZQ1_DANRE	im:7138781	255	false	false	Danio rerio	Tyrosine 3-monooxygenase/tryptophan 5-monooxygenase activation protein, epsilon polypeptide 2	1:Experimental evidence at protein level	3.14	1.0000	0.9990	0.00000000000000	1	0	0	1	0	0	3600925.0	0	0			
tr|Q5FVD1|Q5FVD1_DANRE	Q5FVD1	Q5FVD1_DANRE	zgc:92612	201	false	false	Danio rerio	Zgc:92612	1:Experimental evidence at protein level	28.86	1.0000	0.9990	0.00000000000000	4	4	4	5	5	5	7067719.5	7067719.5	7067719.5			
tr|Q5RG12|Q5RG12_DANRE	Q5RG12	Q5RG12_DANRE	hsp90a2	734	false	false	Danio rerio	Heat shock protein 90-alpha 2	1:Experimental evidence at protein level	1.77	1.0000	0.9990	0.00000000000000	1	0	0	1	0	0	0	0	0			
tr|Q5RGB5|Q5RGB5_DANRE	Q5RGB5	Q5RGB5_DANRE	rab3a	220	false	false	Danio rerio	Ras-related protein Rab-3	1:Experimental evidence at protein level	25.91	1.0000	0.9990	0.00000000000000	5	1	5	5	1	5	2.248476E7	1.1388601E7	2.248476E7	6C(57.0215)		
tr|Q5RHQ7|Q5RHQ7_DANRE	Q5RHQ7	Q5RHQ7_DANRE	hnrnpub	796	false	false	Danio rerio	Heterogeneous nuclear ribonucleoprotein Ub	4:Protein predicted	3.52	1.0000	0.9990	0.00000000000000	2	1	2	2	1	2	908707.6	556925.5	908707.6	1M(15.9949),2C(57.0215)		
tr|Q5RKM9|Q5RKM9_DANRE	Q5RKM9	Q5RKM9_DANRE	zgc:66314	967	false	false	Danio rerio	Alpha-1,4 glucan phosphorylase	1:Experimental evidence at protein level	4.34	1.0000	0.9990	0.00000000000000	2	1	1	2	1	1	3639371.8	0	0			
tr|Q5RKP9|Q5RKP9_DANRE	Q5RKP9	Q5RKP9_DANRE	zgc:101761	359	false	false	Danio rerio	Guanine nucleotide-binding protein (G protein), alpha 11b (Gq class)	1:Experimental evidence at protein level	3.06	1.0000	0.9990	0.00000000000000	1	0	1	1	0	1	1182601.9	0	1182601.9			
tr|Q5TZ27|Q5TZ27_DANRE	Q5TZ27	Q5TZ27_DANRE	syt1	419	false	false	Danio rerio	Synaptotagmin	1:Experimental evidence at protein level	5.25	1.0000	0.9990	0.00000000000000	1	1	1	1	1	1	789592.9	789592.9	789592.9			
tr|Q5U3E1|Q5U3E1_DANRE	Q5U3E1	Q5U3E1_DANRE	zgc:103679	215	false	false	Danio rerio	Novel protein similar to vertebrate Ras family	1:Experimental evidence at protein level	20.47	1.0000	0.9990	0.00000000000000	4	1	4	4	1	4	6814194.0	2494240.5	6814194.0	N-term(42.0106)		
tr|Q5XJ12|Q5XJ12_DANRE	Q5XJ12	Q5XJ12_DANRE	crs	682	false	false	Danio rerio	Stress-70 protein, mitochondrial	1:Experimental evidence at protein level	1.76	1.0000	0.9990	0.00000000000000	1	1	1	1	1	1	1437052.4	1437052.4	1437052.4			
tr|Q5XJJ3|Q5XJJ3_DANRE	Q5XJJ3	Q5XJJ3_DANRE	fj08b08	252	false	false	Danio rerio	ATP synthase subunit b	1:Experimental evidence at protein level	5.16	1.0000	0.9990	0.00000000000000	1	1	1	1	1	1	0	0	0	6M(15.9949)		
tr|Q5XJS8|Q5XJS8_DANRE	Q5XJS8	Q5XJS8_DANRE	hadh2	260	false	false	Danio rerio	3-hydroxyacyl-CoA dehydrogenase type-2	1:Experimental evidence at protein level	5.77	1.0000	0.9990	0.00000000000000	1	1	1	2	2	2	620725.06	620725.06	620725.06	2M(15.9949)		
tr|Q5XJU2|Q5XJU2_DANRE	Q5XJU2	Q5XJU2_DANRE	zgc:101566	126	false	false	Danio rerio	Zgc:101566	1:Experimental evidence at protein level	7.94	1.0000	0.9976	0.00000000000000	1	1	1	1	1	1	688394.6	688394.6	688394.6			
tr|Q5XTN0|Q5XTN0_DANRE	Q5XTN0	Q5XTN0_DANRE	zgc:109980	175	false	false	Danio rerio	Crygmx protein	1:Experimental evidence at protein level	40.57	1.0000	0.9990	0.00000000000000	6	6	6	6	6	6	5631011.5	5631011.5	5631011.5	12M(15.9949),14C(57.0215),14C(57.0215),8M(15.9949),14C(57.0215),8M(15.9949),N-term(42.0106)		
tr|Q642H5|Q642H5_DANRE	Q642H5	Q642H5_DANRE	ppp2r1b	589	false	false	Danio rerio	Protein phosphatase 2 (Formerly 2A), regulatory subunit A, beta isoform	1:Experimental evidence at protein level	2.21	1.0000	0.9990	0.00000000000000	1	0	0	1	0	0	0	0	0			
tr|Q642Z0|Q642Z0_DANRE	Q642Z0	Q642Z0_DANRE	cb279	994	false	false	Danio rerio	Calcium-transporting ATPase	1:Experimental evidence at protein level	19.11	1.0000	0.9990	0.00000000000000	16	8	16	18	9	18	2.559662E7	2.4874132E7	2.559662E7	10C(57.0215),11C(57.0215),16C(57.0215),16C(57.0215),3M(15.9949),1M(15.9949),2M(15.9949),2M(15.9949),6C(57.0215),6C(57.0215),9C(57.0215)		
tr|Q66IB6|Q66IB6_DANRE	Q66IB6	Q66IB6_DANRE	hmgb2	214	false	false	Danio rerio	High mobility group box 2B	1:Experimental evidence at protein level	40.19	1.0000	0.9990	0.00000000000000	10	10	10	15	15	15	5.028748E7	5.028748E7	5.028748E7	10C(57.0215),11C(57.0215),11C(57.0215),11C(57.0215),13M(15.9949),13M(15.9949)		
tr|Q6AZB2|Q6AZB2_DANRE	Q6AZB2	Q6AZB2_DANRE	fj36f06	525	false	false	Danio rerio	Succinyl-CoA:3-ketoacid-coenzyme A transferase	1:Experimental evidence at protein level	2.67	1.0000	0.9990	0.00000000000000	1	1	1	1	1	1	953540.7	953540.7	953540.7	1M(15.9949)		
tr|Q6AZC1|Q6AZC1_DANRE	Q6AZC1	Q6AZC1_DANRE	wu:fa14g03	406	false	false	Danio rerio	26S protease regulatory subunit 8 (Fragment)	1:Experimental evidence at protein level	7.88	1.0000	0.9990	0.00000000000000	2	2	2	2	2	2	2840247.2	2840247.2	2840247.2			
tr|Q6DC49|Q6DC49_DANRE	Q6DC49	Q6DC49_DANRE	tuba8l3a	450	false	false	Danio rerio	Tubulin alpha chain	2:Experimental evidence at transcript level	54.44	1.0000	0.9990	0.00000000000000	20	0	3	30	0	9	1.56314784E8	0	1.27776144E8	2M(15.9949),4C(57.0215),5C(57.0215),2M(15.9949),4C(57.0215),5C(57.0215),2M(15.9949),4C(57.0215),5C(57.0215),3C(57.0215),3C(57.0215),3C(57.0215),4M(15.9949),3C(57.0215),4M(15.9949),4C(57.0215),5C(57.0215),4C(57.0215),5C(57.0215)		
tr|Q6DGE4|Q6DGE4_DANRE	Q6DGE4	Q6DGE4_DANRE	hm:zeh0659	526	false	false	Danio rerio	5,6-dihydroxyindole-2-carboxylic acid oxidase precursor	1:Experimental evidence at protein level	1.71	1.0000	0.9990	0.00000000000000	1	1	1	1	1	1	187407.28	187407.28	187407.28	2C(57.0215)		
tr|Q6DGJ6|Q6DGJ6_DANRE	Q6DGJ6	Q6DGJ6_DANRE	prdx1	197	false	false	Danio rerio	Peroxiredoxin-1	1:Experimental evidence at protein level	51.78	1.0000	0.9990	0.00000000000000	11	9	11	14	11	14	7.7489256E7	3.4136332E7	7.7489256E7	7M(15.9949),8M(15.9949)		
tr|Q6DGL0|Q6DGL0_DANRE	Q6DGL0	Q6DGL0_DANRE	zgc:92872	182	false	false	Danio rerio	60S ribosomal protein L18	1:Experimental evidence at protein level	3.85	1.0000	0.9990	0.00000000000000	1	1	1	1	1	1	453426.12	453426.12	453426.12			
tr|Q6DGL9|Q6DGL9_DANRE	Q6DGL9	Q6DGL9_DANRE	si:dkey-1f1.2	70	false	false	Danio rerio	60S ribosomal protein L38	1:Experimental evidence at protein level	17.14	1.0000	0.9989	0.00000000000000	1	1	1	1	1	1	6752761.5	6752761.5	6752761.5			
tr|Q6DGM0|Q6DGM0_DANRE	Q6DGM0	Q6DGM0_DANRE	zgc:92859	110	false	false	Danio rerio	60S ribosomal protein L35a	1:Experimental evidence at protein level	7.27	1.0000	0.9960	0.00000000000000	1	1	1	2	2	2	933779.1	933779.1	933779.1	2M(15.9949)		
tr|Q6DGV5|Q6DGV5_DANRE	Q6DGV5	Q6DGV5_DANRE	zgc:92757	201	false	false	Danio rerio	RAB10, member RAS oncogene family	1:Experimental evidence at protein level	29.85	1.0000	0.9989	0.00000000000000	5	3	3	5	3	3	1.2412019E7	1667847.6	1667847.6			
tr|Q6DGX6|Q6DGX6_DANRE	Q6DGX6	Q6DGX6_DANRE	crygEM2-8	175	false	false	Danio rerio	Crystallin gamma EM2-8	1:Experimental evidence at protein level	9.14	1.0000	0.9990	0.00000000000000	2	0	1	3	0	2	8381732.0	0	1805148.9	8M(15.9949)		
tr|Q6DGX8|Q6DGX8_DANRE	Q6DGX8	Q6DGX8_DANRE	zgc:92726	262	false	false	Danio rerio	Proteasome subunit alpha type	1:Experimental evidence at protein level	5.73	1.0000	0.9990	0.00000000000000	1	1	1	1	1	1	281223.6	281223.6	281223.6			
tr|Q6DGY0|Q6DGY0_DANRE	Q6DGY0	Q6DGY0_DANRE	zgc:92724	174	false	false	Danio rerio	Zgc:92724	1:Experimental evidence at protein level	16.67	1.0000	0.9990	0.00000000000000	3	0	3	6	0	6	4975386.0	0	4975386.0	15M(15.9949),4C(57.0215),8C(57.0215),15M(15.9949),4C(57.0215),8C(57.0215),4C(57.0215),5M(15.9949),8C(57.0215),4C(57.0215),5M(15.9949),8C(57.0215),4C(57.0215),8C(57.0215)		
tr|Q6DGY4|Q6DGY4_DANRE	Q6DGY4	Q6DGY4_DANRE	cryba1b	198	false	false	Danio rerio	Crystallin, beta A1b	1:Experimental evidence at protein level	53.54	1.0000	0.9990	0.00000000000000	8	8	8	12	12	12	4.5885904E7	4.5885904E7	4.5885904E7	10C(57.0215),6M(15.9949),8C(57.0215),10C(57.0215),8C(57.0215),11C(57.0215),11C(57.0215),1M(15.9949),6C(57.0215),4C(57.0215),5C(57.0215),5C(57.0215)		
tr|Q6DGY8|Q6DGY8_DANRE	Q6DGY8	Q6DGY8_DANRE	zgc:92716	246	false	false	Danio rerio	Proteasome subunit alpha type	1:Experimental evidence at protein level	5.28	1.0000	0.9990	0.00000000000000	1	0	0	1	0	0	652577.6	0	0			
tr|Q6DGZ8|Q6DGZ8_DANRE	Q6DGZ8	Q6DGZ8_DANRE	zgc:92706	232	false	false	Danio rerio	Crystallin, beta B1	1:Experimental evidence at protein level	69.83	1.0000	0.9990	0.00000000000000	17	17	17	27	27	27	1.4140408E8	1.4140408E8	1.4140408E8	12C(57.0215),1M(15.9949),8C(57.0215),12C(57.0215),1M(15.9949),8C(57.0215),12C(57.0215),8C(57.0215),12C(57.0215),8C(57.0215),9M(15.9949),12C(57.0215),8C(57.0215),9M(15.9949),14M(15.9949),2C(57.0215),30C(57.0215),17C(57.0215),17C(57.0215),1M(15.9949),18C(57.0215),8C(57.0215),2C(57.0215),2C(57.0215),2C(57.0215),2C(57.0215),30C(57.0215),3M(15.9949),3M(15.9949),6C(57.0215),6C(57.0215),6C(57.0215),6C(57.0215),7M(15.9949),8C(57.0215)		
tr|Q6DH00|Q6DH00_DANRE	Q6DH00	Q6DH00_DANRE	zgc:92704	67	false	false	Danio rerio	Guanine nucleotide-binding protein subunit gamma	2:Experimental evidence at transcript level	19.40	1.0000	0.9990	0.00000000000000	1	1	1	1	1	1	399852.22	399852.22	399852.22			
tr|Q6DH07|Q6DH07_DANRE	Q6DH07	Q6DH07_DANRE	arr3l	357	false	false	Danio rerio	Arrestin 3, retinal (X-arrestin), like	1:Experimental evidence at protein level	24.93	1.0000	0.9990	0.00000000000000	8	7	8	11	10	11	1.6264718E7	1.6264718E7	1.6264718E7	2C(57.0215)		
tr|Q6DH12|Q6DH12_DANRE	Q6DH12	Q6DH12_DANRE	crygm2d13	173	false	false	Danio rerio	Crystallin, gamma M2d13	1:Experimental evidence at protein level	9.83	1.0000	0.9990	0.00000000000000	1	1	1	2	2	2	430981.7	430981.7	430981.7	15M(15.9949),4C(57.0215),8C(57.0215),4C(57.0215),8C(57.0215)		
tr|Q6DH55|Q6DH55_DANRE	Q6DH55	Q6DH55_DANRE	zgc:92641	340	false	false	Danio rerio	Guanine nucleotide binding protein (G protein), beta polypeptide 3, like	2:Experimental evidence at transcript level	9.12	1.0000	0.9990	0.00000000000000	2	2	2	2	2	2	3937616.8	3937616.8	3937616.8	11C(57.0215),2C(57.0215)		
tr|Q6DHB6|Q6DHB6_DANRE	Q6DHB6	Q6DHB6_DANRE	wu:fa97a07	466	false	false	Danio rerio	Zgc:92533	1:Experimental evidence at protein level	1.50	1.0000	0.9990	0.00000000000000	1	0	0	1	0	0	4424996.0	0	0			
tr|Q6DHE6|Q6DHE6_DANRE	Q6DHE6	Q6DHE6_DANRE	kars	602	false	false	Danio rerio	Lysine--tRNA ligase	1:Experimental evidence at protein level	1.83	1.0000	0.9990	0.00000000000000	1	1	1	1	1	1	732334.06	732334.06	732334.06			
tr|Q6DHJ0|Q6DHJ0_DANRE	Q6DHJ0	Q6DHJ0_DANRE	sfrs5b	285	false	false	Danio rerio	Serine and arginine-rich-splicing factor 5b	1:Experimental evidence at protein level	3.16	1.0000	0.9990	0.00000000000000	1	0	0	1	0	0	2810698.2	0	0			
tr|Q6DHJ2|Q6DHJ2_DANRE	Q6DHJ2	Q6DHJ2_DANRE	rab3a	220	false	false	Danio rerio	Ras-related protein Rab-3	1:Experimental evidence at protein level	25.91	1.0000	0.9986	0.00000000000000	5	2	2	5	2	2	9572994.0	3487868.0	3487868.0	6C(57.0215)		
tr|Q6DHL6|Q6DHL6_DANRE	Q6DHL6	Q6DHL6_DANRE	wu:fa92e06	249	false	false	Danio rerio	40S ribosomal protein S6	1:Experimental evidence at protein level	30.12	1.0000	0.9990	0.00000000000000	6	6	6	6	6	6	6714702.5	6714702.5	6714702.5	10C(57.0215),12C(57.0215),1M(15.9949),2C(57.0215)		
tr|Q6DHS3|Q6DHS3_DANRE	Q6DHS3	Q6DHS3_DANRE	wu:fa92b05	204	false	false	Danio rerio	Ribosomal protein L15	1:Experimental evidence at protein level	17.16	1.0000	0.9990	0.00000000000000	3	3	3	4	4	4	1.2674427E7	1.2674427E7	1.2674427E7			
tr|Q6DI34|Q6DI34_DANRE	Q6DI34	Q6DI34_DANRE	wu:fb75h08	619	false	false	Danio rerio	Delta(14)-sterol reductase LBR	1:Experimental evidence at protein level	5.33	1.0000	0.9990	0.00000000000000	2	2	2	2	2	2	935095.75	935095.75	935095.75			
tr|Q6DRD1|Q6DRD1_DANRE	Q6DRD1	Q6DRD1_DANRE	atp5o	209	false	false	Danio rerio	ATP synthase subunit O, mitochondrial	1:Experimental evidence at protein level	19.62	1.0000	0.9990	0.00000000000000	3	3	3	4	4	4	2912045.0	2912045.0	2912045.0			
tr|Q6DRD2|Q6DRD2_DANRE	Q6DRD2	Q6DRD2_DANRE	wu:fc85c10	389	false	false	Danio rerio	26S protease regulatory subunit 10B	1:Experimental evidence at protein level	3.08	1.0000	0.9990	0.00000000000000	1	1	1	1	1	1	0	0	0			
tr|Q6DRK5|Q6DRK5_DANRE	Q6DRK5	Q6DRK5_DANRE	wu:fb13c12	1224	false	false	Danio rerio	Coatomer subunit alpha	1:Experimental evidence at protein level	1.23	1.0000	0.9990	0.00000000000000	1	1	1	1	1	1	1439174.8	1439174.8	1439174.8			
tr|Q6DRM3|Q6DRM3_DANRE	Q6DRM3	Q6DRM3_DANRE	rpl9	193	false	false	Danio rerio	60S ribosomal protein L9	1:Experimental evidence at protein level	18.65	1.0000	0.9990	0.00000000000000	2	2	2	2	2	2	7786131.0	7786131.0	7786131.0			
tr|Q6DRM9|Q6DRM9_DANRE	Q6DRM9	Q6DRM9_DANRE	im:7158706	1233	false	false	Danio rerio	Structural maintenance of chromosomes protein	1:Experimental evidence at protein level	3.24	1.0000	0.9990	0.00000000000000	3	0	3	3	0	3	309242.9	0	309242.9			
tr|Q6DRN7|Q6DRN7_DANRE	Q6DRN7	Q6DRN7_DANRE	zgc:111817	139	false	false	Danio rerio	60S ribosomal protein L14	1:Experimental evidence at protein level	25.90	1.0000	0.9990	0.00000000000000	5	5	5	7	7	7	1.4879618E7	1.4879618E7	1.4879618E7	7C(57.0215),7C(57.0215)		
tr|Q6IMW6|Q6IMW6_DANRE	Q6IMW6	Q6IMW6_DANRE	fb14f11	151	false	false	Danio rerio	40S ribosomal protein S13	1:Experimental evidence at protein level	19.21	1.0000	0.9989	0.00000000000000	3	3	3	3	3	3	9040938.0	9040938.0	9040938.0			
tr|Q6IQ57|Q6IQ57_DANRE	Q6IQ57	Q6IQ57_DANRE	zgc:86940	168	false	false	Danio rerio	Translocon-associated protein subunit delta	1:Experimental evidence at protein level	6.55	1.0000	0.9989	0.00000000000000	1	1	1	1	1	1	1.0993982E7	1.0993982E7	1.0993982E7			
tr|Q6IQ71|Q6IQ71_DANRE	Q6IQ71	Q6IQ71_DANRE	zgc:86924	203	false	false	Danio rerio	Chromobox homolog 1b (HP1 beta homolog Drosophila)	2:Experimental evidence at transcript level	8.87	1.0000	0.9990	0.00000000000000	2	2	2	2	2	2	2644414.5	2644414.5	2644414.5			
tr|Q6IQ89|Q6IQ89_DANRE	Q6IQ89	Q6IQ89_DANRE	zgc:86898	308	false	false	Danio rerio	Zgc:86898	1:Experimental evidence at protein level	8.44	1.0000	0.9990	0.00000000000000	2	2	2	2	2	2	4883116.0	4883116.0	4883116.0			
tr|Q6IQI4|Q6IQI4_DANRE	Q6IQI4	Q6IQI4_DANRE	crygEM2-6	174	false	false	Danio rerio	Crystallin gamma EM2-6	1:Experimental evidence at protein level	32.18	1.0000	0.9983	0.00000000000000	5	0	0	7	0	0	1.4382216E7	0	0			
tr|Q6IQI6|Q6IQI6_DANRE	Q6IQI6	Q6IQI6_DANRE	zgc:86748	178	false	false	Danio rerio	60S ribosomal protein L11	1:Experimental evidence at protein level	15.73	1.0000	0.9990	0.00000000000000	3	3	3	3	3	3	7456941.5	7456941.5	7456941.5	2C(57.0215),6C(57.0215),3C(57.0215),7C(57.0215)		
tr|Q6IQI7|Q6IQI7_DANRE	Q6IQI7	Q6IQI7_DANRE	cpn10	100	false	false	Danio rerio	10 kDa heat shock protein, mitochondrial isoform 1	1:Experimental evidence at protein level	29.00	1.0000	0.9990	0.00000000000000	2	2	2	2	2	2	5257573.5	5257573.5	5257573.5			
tr|Q6IQL7|Q6IQL7_DANRE	Q6IQL7	Q6IQL7_DANRE	wu:fb18b07	371	false	false	Danio rerio	Peptidylprolyl isomerase D	1:Experimental evidence at protein level	3.23	1.0000	0.9990	0.00000000000000	1	1	1	1	1	1	798362.56	798362.56	798362.56			
tr|Q6IQL9|Q6IQL9_DANRE	Q6IQL9	Q6IQL9_DANRE	actc2	377	false	false	Danio rerio	Novel actin protein	2:Experimental evidence at transcript level	25.46	1.0000	0.9990	0.00000000000000	8	0	0	11	0	0	4.7084084E7	0	0			
tr|Q6IQP4|Q6IQP4_DANRE	Q6IQP4	Q6IQP4_DANRE	rap1a	185	false	false	Danio rerio	small monomeric GTPase	1:Experimental evidence at protein level	19.46	1.0000	0.9990	0.00000000000000	2	0	2	2	0	2	7459847.0	0	7459847.0			
tr|Q6IQP5|Q6IQP5_DANRE	Q6IQP5	Q6IQP5_DANRE	wu:fi32b03	432	false	false	Danio rerio	phosphopyruvate hydratase	1:Experimental evidence at protein level	9.72	1.0000	0.9990	0.00000000000000	3	2	3	3	2	3	3976410.2	1072329.1	3976410.2	14C(57.0215),14C(57.0215)		
tr|Q6IQQ0|Q6IQQ0_DANRE	Q6IQQ0	Q6IQQ0_DANRE	wu:fb13h07	160	false	false	Danio rerio	60S ribosomal protein L21	1:Experimental evidence at protein level	9.38	1.0000	0.9990	0.00000000000000	1	1	1	1	1	1	5600829.5	5600829.5	5600829.5			
tr|Q6IQU2|Q6IQU2_DANRE	Q6IQU2	Q6IQU2_DANRE	cryba2	197	false	false	Danio rerio	Beta A2-crystallin	1:Experimental evidence at protein level	85.28	1.0000	0.9990	0.00000000000000	17	11	11	24	16	16	1.08580816E8	3.5195616E7	3.5195616E7	10M(15.9949),6C(57.0215),12M(15.9949),17C(57.0215),5C(57.0215),16M(15.9949),3C(57.0215),3C(57.0215),3M(15.9949),6C(57.0215),3M(15.9949),7C(57.0215),6C(57.0215),7C(57.0215)		
tr|Q6IQU9|Q6IQU9_DANRE	Q6IQU9	Q6IQU9_DANRE	hm:zeh0438	126	false	false	Danio rerio	Zgc:86599	1:Experimental evidence at protein level	41.27	1.0000	0.9990	0.00000000000000	5	4	5	7	6	7	2.0560012E7	2.0560012E7	2.0560012E7	4C(57.0215),6C(57.0215),4C(57.0215),6C(57.0215),5C(57.0215),7C(57.0215)		
tr|Q6IQX1|Q6IQX1_DANRE	Q6IQX1	Q6IQX1_DANRE	sb:cb38	1935	false	false	Danio rerio	Myosin, heavy polypeptide 2, fast muscle-specific	1:Experimental evidence at protein level	41.45	1.0000	0.9990	0.00000000000000	88	3	30	124	5	39	1.3108612E8	9204456.0	6.5985928E7	4M(15.9949),4M(15.9949),5M(15.9949),N-term(42.0106),N-term(42.0106),6M(15.9949)		
tr|Q6JAA4|Q6JAA4_DANRE	Q6JAA4	Q6JAA4_DANRE	im:7152666	798	false	false	Danio rerio	CCCTC-binding factor	1:Experimental evidence at protein level	3.01	1.0000	0.9990	0.00000000000000	2	2	2	2	2	2	5423966.5	5423966.5	5423966.5	13C(57.0215),13C(57.0215),2C(57.0215)		
tr|Q6NUU2|Q6NUU2_DANRE	Q6NUU2	Q6NUU2_DANRE	zgc:85935	619	false	false	Danio rerio	Splicing factor proline/glutamine rich (Polypyrimidine tract binding protein associated)	1:Experimental evidence at protein level	2.58	1.0000	0.9990	0.00000000000000	1	1	1	1	1	1	0	0	0			
tr|Q6NUV2|Q6NUV2_DANRE	Q6NUV2	Q6NUV2_DANRE	zgc:66109	392	false	false	Danio rerio	S-antigen; retina and pineal gland (arrestin) a	1:Experimental evidence at protein level	6.12	1.0000	0.9990	0.00000000000000	1	1	1	1	1	1	1525941.9	1525941.9	1525941.9			
tr|Q6NV07|Q6NV07_DANRE	Q6NV07	Q6NV07_DANRE	wu:fb34a06	736	false	false	Danio rerio	DNA replication licensing factor MCM5	1:Experimental evidence at protein level	1.77	1.0000	0.9986	0.00000000000000	1	1	1	1	1	1	258870.12	258870.12	258870.12			
tr|Q6NVI6|Q6NVI6_DANRE	Q6NVI6	Q6NVI6_DANRE	unm_tf212	541	false	false	Danio rerio	T-complex protein 1 subunit epsilon	1:Experimental evidence at protein level	6.28	1.0000	0.9990	0.00000000000000	2	2	2	2	2	2	2507593.5	2507593.5	2507593.5	7C(57.0215),N-term(42.0106)		
tr|Q6NW90|Q6NW90_DANRE	Q6NW90	Q6NW90_DANRE	Tubb5	444	false	false	Danio rerio	Tubulin beta chain	1:Experimental evidence at protein level	65.32	1.0000	0.9990	0.00000000000000	27	2	9	46	4	14	3.1894448E8	1.3081252E7	2.62942992E8	11M(15.9949),11M(15.9949),17M(15.9949),23C(57.0215),1M(15.9949),1M(15.9949),1M(15.9949),23C(57.0215),23C(57.0215),26C(57.0215)		
tr|Q6NWC1|Q6NWC1_DANRE	Q6NWC1	Q6NWC1_DANRE	VDAC1	283	false	false	Danio rerio	Vdac1 protein	1:Experimental evidence at protein level	49.12	1.0000	0.9990	0.00000000000000	11	11	11	12	12	12	3.1551722E7	3.1551722E7	3.1551722E7	N-term(42.0106)		
tr|Q6NWC3|Q6NWC3_DANRE	Q6NWC3	Q6NWC3_DANRE	fc94f01	280	false	false	Danio rerio	40S ribosomal protein S2	1:Experimental evidence at protein level	7.86	1.0000	0.9990	0.00000000000000	2	2	2	2	2	2	3805202.5	3805202.5	3805202.5	2C(57.0215)		
tr|Q6NWI0|Q6NWI0_DANRE	Q6NWI0	Q6NWI0_DANRE	tuba8l	449	false	false	Danio rerio	Tubulin alpha chain	1:Experimental evidence at protein level	23.61	1.0000	0.9990	0.00000000000000	9	0	0	10	0	0	9.4275672E7	0	0			
tr|Q6NWI5|Q6NWI5_DANRE	Q6NWI5	Q6NWI5_DANRE	si:dkey-57m14.1	566	false	false	Danio rerio	methylcrotonoyl-CoA carboxylase	1:Experimental evidence at protein level	2.47	1.0000	0.9990	0.00000000000000	1	1	1	1	1	1	235667.02	235667.02	235667.02			
tr|Q6NWK3|Q6NWK3_DANRE	Q6NWK3	Q6NWK3_DANRE	hm:zeh1094	211	false	false	Danio rerio	RAN-binding protein 1	1:Experimental evidence at protein level	6.16	1.0000	0.9990	0.00000000000000	1	1	1	1	1	1	956578.75	956578.75	956578.75			
tr|Q6NX10|Q6NX10_DANRE	Q6NX10	Q6NX10_DANRE	fa22e07	298	false	false	Danio rerio	ADP/ATP translocase	1:Experimental evidence at protein level	26.51	1.0000	0.9989	0.00000000000000	7	0	0	7	0	0	3.84264E7	0	0			
tr|Q6NX86|Q6NX86_DANRE	Q6NX86	Q6NX86_DANRE	HMGB1	205	false	false	Danio rerio	High mobility group box 1a	1:Experimental evidence at protein level	33.66	1.0000	0.9990	0.00000000000000	9	7	9	12	9	12	3.2123262E7	3.1229282E7	3.2123262E7	10C(57.0215),10C(57.0215),11C(57.0215),11C(57.0215),11C(57.0215),1M(15.9949),13C(57.0215),3M(15.9949)		
tr|Q6NYA1|Q6NYA1_DANRE	Q6NYA1	Q6NYA1_DANRE	fd36h02	309	false	false	Danio rerio	Heterogeneous nuclear ribonucleoprotein A/Bb	1:Experimental evidence at protein level	2.59	1.0000	0.9990	0.00000000000000	1	0	0	1	0	0	436239.97	0	0			
tr|Q6NYF7|Q6NYF7_DANRE	Q6NYF7	Q6NYF7_DANRE	atp5j	112	false	false	Danio rerio	ATP synthase-coupling factor 6, mitochondrial	1:Experimental evidence at protein level	22.32	1.0000	0.9990	0.00000000000000	2	2	2	2	2	2	1623035.2	1623035.2	1623035.2			
tr|Q6NYQ7|Q6NYQ7_DANRE	Q6NYQ7	Q6NYQ7_DANRE	wu:fa20d10	1079	false	false	Danio rerio	proton-translocating NAD(P)(+) transhydrogenase	1:Experimental evidence at protein level	8.62	1.0000	0.9990	0.00000000000000	6	4	6	6	4	6	6974053.0	6974053.0	6974053.0	14C(57.0215)		
tr|Q6NYU8|Q6NYU8_DANRE	Q6NYU8	Q6NYU8_DANRE	hnrpab	340	false	false	Danio rerio	Heterogeneous Nuclear ribonucleoprotein a/b	1:Experimental evidence at protein level	15.59	1.0000	0.9990	0.00000000000000	4	3	4	4	3	4	6041849.5	6041850.0	6041849.5	18M(15.9949),7C(57.0215)		
tr|Q6NYV1|Q6NYV1_DANRE	Q6NYV1	Q6NYV1_DANRE	zgc:65867	503	false	false	Danio rerio	26S proteasome non-ATPase regulatory subunit 3	1:Experimental evidence at protein level	2.39	1.0000	0.9990	0.00000000000000	1	1	1	1	1	1	0	0	0			
tr|Q6NYV3|Q6NYV3_DANRE	Q6NYV3	Q6NYV3_DANRE	zgc:65861	199	false	false	Danio rerio	H1.0 linker histone	1:Experimental evidence at protein level	6.03	1.0000	0.9990	0.00000000000000	1	1	1	1	1	1	0	0	0	N-term(42.0106)		
tr|Q6NYW8|Q6NYW8_DANRE	Q6NYW8	Q6NYW8_DANRE	hnrpa0	314	false	false	Danio rerio	Heterogeneous nuclear ribonucleoprotein A0	1:Experimental evidence at protein level	5.10	1.0000	0.9990	0.00000000000000	1	1	1	1	1	1	408614.2	408614.2	408614.2			
tr|Q6NZT9|Q6NZT9_DANRE	Q6NZT9	Q6NZT9_DANRE	zgc:55876	220	false	false	Danio rerio	Serine and arginine-rich-splicing factor 2b	1:Experimental evidence at protein level	7.73	1.0000	0.9990	0.00000000000000	1	0	0	1	0	0	564434.0	0	0			
tr|Q6P025|Q6P025_DANRE	Q6P025	Q6P025_DANRE	gnb3	338	false	false	Danio rerio	Gnb3 protein	1:Experimental evidence at protein level	68.64	1.0000	0.9990	0.00000000000000	15	15	15	23	23	23	9.3155152E7	9.3155152E7	9.3155152E7	10C(57.0215),12C(57.0215),21M(15.9949),27C(57.0215),11C(57.0215),11C(57.0215),11C(57.0215),11C(57.0215),12C(57.0215),11C(57.0215),12C(57.0215),11M(15.9949),12C(57.0215),14C(57.0215),3C(57.0215),12C(57.0215),14C(57.0215),3C(57.0215),14C(57.0215),15C(57.0215),14C(57.0215),15C(57.0215),16C(57.0215),16C(57.0215),16C(57.0215),25C(57.0215),5M(15.9949),7C(57.0215),25C(57.0215),7C(57.0215),2M(15.9949),4M(15.9949),7C(57.0215),4M(15.9949),7C(57.0215),7C(57.0215),7C(57.0215),9C(57.0215),9C(57.0215)		
tr|Q6P0T0|Q6P0T0_DANRE	Q6P0T0	Q6P0T0_DANRE	ndufs8	210	false	false	Danio rerio	NADH dehydrogenase [ubiquinone] iron-sulfur protein 8, mitochondrial	1:Experimental evidence at protein level	14.29	1.0000	0.9990	0.00000000000000	2	2	2	3	3	3	9856594.0	9856594.0	9856594.0	2C(57.0215),6C(57.0215),2C(57.0215),6C(57.0215)		
tr|Q6P102|Q6P102_DANRE	Q6P102	Q6P102_DANRE	hm:zehn0976	245	false	false	Danio rerio	Tyrosine 3-monooxygenase/tryptophan 5-monooxygenase activation protein, beta polypeptide-like	1:Experimental evidence at protein level	8.98	1.0000	0.9990	0.00000000000000	2	1	1	2	1	1	4240907.0	639982.06	639982.06			
tr|Q6P1J5|Q6P1J5_DANRE	Q6P1J5	Q6P1J5_DANRE	fk58f09	159	false	false	Danio rerio	ATP synthase F1 subunit delta	1:Experimental evidence at protein level	18.24	1.0000	0.9990	0.00000000000000	1	1	1	1	1	1	1.1077848E7	1.1077848E7	1.1077848E7			
tr|Q6P271|Q6P271_DANRE	Q6P271	Q6P271_DANRE	atp1a3b	1023	false	false	Danio rerio	Sodium/potassium-transporting ATPase subunit alpha	1:Experimental evidence at protein level	16.42	1.0000	0.9990	0.00000000000000	16	4	16	20	4	20	6.0916792E7	8740740.0	6.0916792E7	1C(57.0215),6C(57.0215),3M(15.9949),3M(15.9949),5C(57.0215),5C(57.0215),7C(57.0215),8M(15.9949),9C(57.0215)		
tr|Q6P2M0|Q6P2M0_DANRE	Q6P2M0	Q6P2M0_DANRE	wu:fa93g12	148	false	false	Danio rerio	60S ribosomal protein L27a	1:Experimental evidence at protein level	29.05	1.0000	0.9990	0.00000000000000	3	3	3	3	3	3	4862249.0	4862249.0	4862249.0	8C(57.0215)		
tr|Q6P3J5|Q6P3J5_DANRE	Q6P3J5	Q6P3J5_DANRE	EEF2	858	false	false	Danio rerio	Eukaryotic Translation Elongation factor 2B	1:Experimental evidence at protein level	14.92	1.0000	0.9990	0.00000000000000	11	7	11	11	7	11	3.0424736E7	7524186.0	3.0424736E7	5C(57.0215),6C(57.0215),7C(57.0215),7C(57.0215)		
tr|Q6P4P8|Q6P4P8_DANRE	Q6P4P8	Q6P4P8_DANRE	zgc:73085	852	false	false	Danio rerio	Phosphodiesterase	1:Experimental evidence at protein level	8.57	1.0000	0.9990	0.00000000000000	5	4	5	5	4	5	3062025.0	1635936.6	3062025.0	10C(57.0215),1M(15.9949),3C(57.0215),11C(57.0215),11C(57.0215),18C(57.0215),9M(15.9949)		
tr|Q6P5L2|Q6P5L2_DANRE	Q6P5L2	Q6P5L2_DANRE	zgc:77734	87	false	false	Danio rerio	Diazepam-binding inhibitor (GABA receptor modulator, acyl-CoA binding protein)	1:Experimental evidence at protein level	18.39	1.0000	0.9990	0.00000000000000	1	1	1	1	1	1	1068183.4	1068183.4	1068183.4			
tr|Q6P5L5|Q6P5L5_DANRE	Q6P5L5	Q6P5L5_DANRE	nduf8	188	false	false	Danio rerio	NADH dehydrogenase [ubiquinone] 1 beta subcomplex subunit 8, mitochondrial	1:Experimental evidence at protein level	14.36	1.0000	0.9962	0.00000000000000	2	2	2	2	2	2	3291256.0	3291256.0	3291256.0			
tr|Q6P5M5|Q6P5M5_DANRE	Q6P5M5	Q6P5M5_DANRE	DKEY-238C7.11	180	false	false	Danio rerio	ADP-ribosylation factor	2:Experimental evidence at transcript level	11.11	1.0000	0.9990	0.00000000000000	1	0	1	1	0	1	0	0	0			tr|Q7ZUW4|Q7ZUW4_DANRE
tr|Q6P5M9|Q6P5M9_DANRE	Q6P5M9	Q6P5M9_DANRE	tubb2c	445	false	false	Danio rerio	Tubulin beta chain	1:Experimental evidence at protein level	72.36	1.0000	0.9990	0.00000000000000	29	0	2	51	0	3	3.1894448E8	0	8771370.0			
tr|Q6P6E0|Q6P6E0_DANRE	Q6P6E0	Q6P6E0_DANRE	zgc:77946	103	false	false	Danio rerio	ATP synthase subunit	1:Experimental evidence at protein level	35.92	1.0000	0.9982	0.00000000000000	3	3	3	3	3	3	2.8585238E7	2.8585238E7	2.8585238E7			
tr|Q6P6E2|Q6P6E2_DANRE	Q6P6E2	Q6P6E2_DANRE	wu:fa91f03	115	false	false	Danio rerio	40S ribosomal protein S26	1:Experimental evidence at protein level	7.83	1.0000	0.9990	0.00000000000000	1	0	1	1	0	1	707351.1	0	707351.1			tr|Q6PBZ2|Q6PBZ2_DANRE
tr|Q6P6E5|Q6P6E5_DANRE	Q6P6E5	Q6P6E5_DANRE	zgc:77820	120	false	false	Danio rerio	NADH dehydrogenase [ubiquinone] 1 beta subcomplex subunit 7	1:Experimental evidence at protein level	50.00	1.0000	0.9976	0.00000000000000	3	3	3	3	3	3	7497768.0	7497768.0	7497768.0	2M(15.9949),6C(57.0215)		
tr|Q6P6E7|Q6P6E7_DANRE	Q6P6E7	Q6P6E7_DANRE	zgc:77758	119	false	false	Danio rerio	40S ribosomal protein S20	1:Experimental evidence at protein level	31.09	1.0000	0.9986	0.00000000000000	5	5	5	6	6	6	9942254.0	9942254.0	9942254.0	2C(57.0215),N-term(42.0106)		
tr|Q6P937|Q6P937_DANRE	Q6P937	Q6P937_DANRE	wu:fb61d08	235	false	false	Danio rerio	Clathrin light chain	1:Experimental evidence at protein level	17.87	1.0000	0.9990	0.00000000000000	3	2	3	4	3	4	3878101.0	3366272.5	3878101.0	2C(57.0215)		
tr|Q6P967|Q6P967_DANRE	Q6P967	Q6P967_DANRE	zgc:73153	354	false	false	Danio rerio	Zgc:73153	1:Experimental evidence at protein level	16.10	1.0000	0.9990	0.00000000000000	5	4	4	7	6	6	5226052.0	5108720.0	5108720.0	10C(57.0215),1M(15.9949),1M(15.9949)		
tr|Q6P969|Q6P969_DANRE	Q6P969	Q6P969_DANRE	zgc:73138	462	false	false	Danio rerio	Elongation factor 1-alpha	1:Experimental evidence at protein level	10.61	1.0000	0.9990	0.00000000000000	5	0	0	7	0	0	2.9572582E7	0	0			
tr|Q6P972|Q6P972_DANRE	Q6P972	Q6P972_DANRE	zgc:73108	451	false	false	Danio rerio	Tubulin alpha chain	1:Experimental evidence at protein level	44.79	1.0000	0.9990	0.00000000000000	18	2	15	28	2	19	1.5000552E8	1.1024451E7	8.9269784E7	11M(15.9949),15C(57.0215),22M(15.9949),2C(57.0215),5M(15.9949),7C(57.0215),8C(57.0215),8C(57.0215),8M(15.9949),8M(15.9949),8M(15.9949),8M(15.9949),9C(57.0215)		
tr|Q6PBH6|Q6PBH6_DANRE	Q6PBH6	Q6PBH6_DANRE	zgc:73404	474	false	false	Danio rerio	Ubiquinol-cytochrome c reductase core protein I	1:Experimental evidence at protein level	8.65	1.0000	0.9990	0.00000000000000	3	2	3	3	2	3	3103250.2	348038.66	3103250.2	11C(57.0215),19C(57.0215)		
tr|Q6PBI0|Q6PBI0_DANRE	Q6PBI0	Q6PBI0_DANRE	SUCLA2	466	false	false	Danio rerio	Succinate--CoA ligase [ADP-forming] subunit beta, mitochondrial	1:Experimental evidence at protein level	3.65	1.0000	0.9990	0.00000000000000	2	2	2	2	2	2	1800087.6	1800087.6	1800087.6	15C(57.0215),9C(57.0215),2C(57.0215),8C(57.0215)		
tr|Q6PBJ8|Q6PBJ8_DANRE	Q6PBJ8	Q6PBJ8_DANRE	zgc:73373	108	false	false	Danio rerio	peptidylprolyl isomerase	1:Experimental evidence at protein level	57.41	1.0000	0.9990	0.00000000000000	5	4	5	5	4	5	6631215.0	6631215.0	6631215.0	3C(57.0215),5C(57.0215),5C(57.0215),5C(57.0215),5C(57.0215)		
tr|Q6PBM0|Q6PBM0_DANRE	Q6PBM0	Q6PBM0_DANRE	wu:fb39a11	355	false	false	Danio rerio	NADH dehydrogenase [ubiquinone] 1 alpha subcomplex subunit 10, mitochondrial	1:Experimental evidence at protein level	12.68	1.0000	0.9990	0.00000000000000	3	3	3	3	3	3	5509349.0	5509349.0	5509349.0			
tr|Q6PBM9|Q6PBM9_DANRE	Q6PBM9	Q6PBM9_DANRE	arr3	362	false	false	Danio rerio	Arrestin 3, retinal (X-arrestin)	1:Experimental evidence at protein level	3.59	1.0000	0.9990	0.00000000000000	1	1	1	1	1	1	684723.8	684723.8	684723.8			
tr|Q6PBR4|Q6PBR4_DANRE	Q6PBR4	Q6PBR4_DANRE	gngt2	69	false	false	Danio rerio	Guanine nucleotide-binding protein subunit gamma	2:Experimental evidence at transcript level	17.39	1.0000	0.9990	0.00000000000000	1	0	0	1	0	0	2951177.0	0	0			
tr|Q6PBR5|Q6PBR5_DANRE	Q6PBR5	Q6PBR5_DANRE	wu:fa12a02	118	false	false	Danio rerio	V-type proton ATPase subunit G	1:Experimental evidence at protein level	70.34	1.0000	0.9990	0.00000000000000	9	9	9	11	11	11	4.260688E7	4.260688E7	4.260688E7	1M(15.9949),3C(57.0215),1M(15.9949),3C(57.0215),N-term(42.0106),N-term(42.0106),N-term(42.0106)		
tr|Q6PBW6|Q6PBW6_DANRE	Q6PBW6	Q6PBW6_DANRE	wu:fc58a11	535	false	false	Danio rerio	T-complex protein 1 subunit beta	1:Experimental evidence at protein level	5.05	1.0000	0.9990	0.00000000000000	2	2	2	2	2	2	2439788.8	2439788.8	2439788.8			
tr|Q6PBW7|Q6PBW7_DANRE	Q6PBW7	Q6PBW7_DANRE	zgc:73211	146	false	false	Danio rerio	40S ribosomal protein S19	1:Experimental evidence at protein level	19.86	1.0000	0.9988	0.00000000000000	3	3	3	4	4	4	7536656.0	7536656.0	7536656.0	5C(57.0215),5C(57.0215)		
tr|Q6PBW8|Q6PBW8_DANRE	Q6PBW8	Q6PBW8_DANRE	zgc:73210	232	false	false	Danio rerio	palmitoyl-protein hydrolase	1:Experimental evidence at protein level	4.74	1.0000	0.9990	0.00000000000000	1	1	1	1	1	1	475168.4	475168.4	475168.4			
tr|Q6PBX1|Q6PBX1_DANRE	Q6PBX1	Q6PBX1_DANRE	zgc:73206	159	false	false	Danio rerio	Peptidyl-prolyl cis-trans isomerase	1:Experimental evidence at protein level	7.55	1.0000	0.9990	0.00000000000000	1	1	1	1	1	1	626297.06	626297.06	626297.06	N-term(42.0106)		
tr|Q6PBX8|Q6PBX8_DANRE	Q6PBX8	Q6PBX8_DANRE	zgc:73198	244	false	false	Danio rerio	NADH dehydrogenase [ubiquinone] flavoprotein 2, mitochondrial	1:Experimental evidence at protein level	18.03	1.0000	0.9990	0.00000000000000	2	2	2	2	2	2	1805155.9	1805155.9	1805155.9	3C(57.0215)		
tr|Q6PBY6|Q6PBY6_DANRE	Q6PBY6	Q6PBY6_DANRE	TOM70	578	false	false	Danio rerio	Translocase of outer mitochondrial membrane 70 homolog A (Yeast)	1:Experimental evidence at protein level	4.67	1.0000	0.9990	0.00000000000000	2	2	2	2	2	2	651613.25	651613.25	651613.25	1C(57.0215),9C(57.0215),N-term(42.0106)		
tr|Q6PBZ1|Q6PBZ1_DANRE	Q6PBZ1	Q6PBZ1_DANRE	zgc:86667	266	false	false	Danio rerio	60S ribosomal protein L7a	1:Experimental evidence at protein level	24.44	1.0000	0.9990	0.00000000000000	6	6	6	8	8	8	3.894156E7	3.894156E7	3.894156E7			
tr|Q6PC06|Q6PC06_DANRE	Q6PC06	Q6PC06_DANRE	ahcyl2	591	false	false	Danio rerio	Adenosylhomocysteinase-like 2b	1:Experimental evidence at protein level	1.35	1.0000	0.9990	0.00000000000000	1	0	0	1	0	0	876946.7	0	0			
tr|Q6PC13|Q6PC13_DANRE	Q6PC13	Q6PC13_DANRE	phb2	302	false	false	Danio rerio	Prohibitin	1:Experimental evidence at protein level	11.92	1.0000	0.9990	0.00000000000000	2	2	2	2	2	2	3784179.2	3784179.2	3784179.2			
tr|Q6PC16|Q6PC16_DANRE	Q6PC16	Q6PC16_DANRE	zgc:86843	170	false	false	Danio rerio	NADH dehydrogenase [ubiquinone] 1 beta subcomplex subunit 10	1:Experimental evidence at protein level	37.65	1.0000	0.9989	0.00000000000000	4	4	4	4	4	4	4215514.0	4215514.0	4215514.0	15C(57.0215),21M(15.9949),8C(57.0215)		
tr|Q6PC22|Q6PC22_DANRE	Q6PC22	Q6PC22_DANRE	zgc:73139	172	false	false	Danio rerio	NADH dehydrogenase [ubiquinone] 1 alpha subcomplex subunit 8	1:Experimental evidence at protein level	14.53	1.0000	0.9990	0.00000000000000	1	1	1	1	1	1	1293193.9	1293193.9	1293193.9			
tr|Q6PC38|Q6PC38_DANRE	Q6PC38	Q6PC38_DANRE	rcv2a	193	false	false	Danio rerio	Recoverin	1:Experimental evidence at protein level	31.09	1.0000	0.9990	0.00000000000000	4	3	4	5	4	5	1.1288656E7	1.0503386E7	1.1288656E7			
tr|Q6PC53|Q6PC53_DANRE	Q6PC53	Q6PC53_DANRE	ppial	164	false	false	Danio rerio	Peptidyl-prolyl cis-trans isomerase	1:Experimental evidence at protein level	26.22	1.0000	0.9990	0.00000000000000	4	4	4	5	5	5	4.9064672E7	4.9064672E7	4.9064672E7			
tr|Q6PC77|Q6PC77_DANRE	Q6PC77	Q6PC77_DANRE	atp5h	161	false	false	Danio rerio	ATP synthase subunit d, mitochondrial	1:Experimental evidence at protein level	49.69	1.0000	0.9990	0.00000000000000	5	5	5	6	6	6	1.1063989E7	1.1063989E7	1.1063989E7	2M(15.9949)		
tr|Q6PC80|Q6PC80_DANRE	Q6PC80	Q6PC80_DANRE	chunp6933	204	false	false	Danio rerio	40S ribosomal protein S5 isoform X1	1:Experimental evidence at protein level	14.22	1.0000	0.9990	0.00000000000000	3	3	3	4	4	4	2.66676E7	2.66676E7	2.66676E7	10C(57.0215),5C(57.0215),5C(57.0215),9C(57.0215),9C(57.0215)		
tr|Q6PC90|Q6PC90_DANRE	Q6PC90	Q6PC90_DANRE	fa95a02	132	false	false	Danio rerio	40S ribosomal protein S12	1:Experimental evidence at protein level	20.45	1.0000	0.9990	0.00000000000000	2	2	2	2	2	2	6761548.5	6761548.5	6761548.5	11C(57.0215),5C(57.0215),8C(57.0215)		
tr|Q6PC95|Q6PC95_DANRE	Q6PC95	Q6PC95_DANRE	zgc:73046	449	false	false	Danio rerio	Tubulin alpha chain	1:Experimental evidence at protein level	37.42	1.0000	0.9989	0.00000000000000	14	1	1	22	1	1	1.56314784E8	0	0	15C(57.0215),22M(15.9949)		
tr|Q6PE34|Q6PE34_DANRE	Q6PE34	Q6PE34_DANRE	fj33a08	444	false	false	Danio rerio	Tubulin beta chain	1:Experimental evidence at protein level	61.49	1.0000	0.9990	0.00000000000000	22	2	3	34	2	4	2.84392768E8	4401353.0	1.1303788E7			
tr|Q6PEI6|Q6PEI6_DANRE	Q6PEI6	Q6PEI6_DANRE	wu:fc20c11	782	false	false	Danio rerio	Aconitate hydratase, mitochondrial	1:Experimental evidence at protein level	9.85	1.0000	0.9990	0.00000000000000	5	5	5	6	6	6	3937852.0	3937852.0	3937852.0	7C(57.0215)		
tr|Q6PEI9|Q6PEI9_DANRE	Q6PEI9	Q6PEI9_DANRE	col1a3	1449	false	false	Danio rerio	Collagen, type I, alpha 3	1:Experimental evidence at protein level	1.52	1.0000	0.9983	0.00000000000000	1	1	1	1	1	1	282104.34	282104.34	282104.34			
tr|Q6PFM3|Q6PFM3_DANRE	Q6PFM3	Q6PFM3_DANRE	wu:fj94c07	682	false	false	Danio rerio	Solute carrier family 25 (Mitochondrial carrier, Aralar), member 12	1:Experimental evidence at protein level	5.43	1.0000	0.9990	0.00000000000000	3	2	3	3	2	3	2308328.0	1936205.2	2308328.0			
tr|Q6PFQ5|Q6PFQ5_DANRE	Q6PFQ5	Q6PFQ5_DANRE	zgc:66119	1025	false	false	Danio rerio	RNA cytidine acetyltransferase	1:Experimental evidence at protein level	0.68	1.0000	0.9990	0.00000000000000	1	1	1	1	1	1	198446.52	198446.52	198446.52			
tr|Q6PFS4|Q6PFS4_DANRE	Q6PFS4	Q6PFS4_DANRE	wu:fd16e04	757	false	false	Danio rerio	MICOS complex subunit MIC60	1:Experimental evidence at protein level	2.77	1.0000	0.9990	0.00000000000000	1	1	1	2	2	2	6966381.0	6966381.0	6966381.0			
tr|Q6PFT7|Q6PFT7_DANRE	Q6PFT7	Q6PFT7_DANRE	wu:fb08h08	142	false	false	Danio rerio	Coactosin-like 1	1:Experimental evidence at protein level	12.68	1.0000	0.9990	0.00000000000000	1	1	1	1	1	1	1194078.1	1194078.1	1194078.1			
tr|Q6PGX4|Q6PGX4_DANRE	Q6PGX4	Q6PGX4_DANRE	zgc:63663	647	false	false	Danio rerio	Heat shock cognate 70	1:Experimental evidence at protein level	14.06	1.0000	0.9990	0.00000000000000	6	0	1	6	0	1	1.8769574E7	0	1.1126647E7			
tr|Q6PH46|Q6PH46_DANRE	Q6PH46	Q6PH46_DANRE	zgc:77192	533	false	false	Danio rerio	T-complex protein 1 subunit delta	1:Experimental evidence at protein level	5.25	1.0000	0.9990	0.00000000000000	2	2	2	2	2	2	1197650.8	1197650.8	1197650.8			
tr|Q6PHI8|Q6PHI8_DANRE	Q6PHI8	Q6PHI8_DANRE	TKT	625	false	false	Danio rerio	Tkt protein	1:Experimental evidence at protein level	21.60	1.0000	0.9990	0.00000000000000	8	8	8	9	9	9	8115458.0	8115458.0	8115458.0	19C(57.0215),1C(57.0215),20C(57.0215),5C(57.0215),5C(57.0215)		
tr|Q6PHJ8|Q6PHJ8_DANRE	Q6PHJ8	Q6PHJ8_DANRE	myl9l	172	false	false	Danio rerio	Myosin, light chain 12, genome duplicate 1	1:Experimental evidence at protein level	5.81	1.0000	0.9990	0.00000000000000	1	1	1	1	1	1	2506465.0	2506465.0	2506465.0			
tr|Q6Q417|Q6Q417_DANRE	Q6Q417	Q6Q417_DANRE	rpl7	246	false	false	Danio rerio	60S ribosomal protein L7	1:Experimental evidence at protein level	4.47	1.0000	0.9990	0.00000000000000	1	1	1	1	1	1	981430.44	981430.44	981430.44			
tr|Q6Q418|Q6Q418_DANRE	Q6Q418	Q6Q418_DANRE	zgc:110350	403	false	false	Danio rerio	60S ribosomal protein L3	1:Experimental evidence at protein level	21.59	1.0000	0.9990	0.00000000000000	5	5	5	5	5	5	9888703.0	9888703.0	9888703.0	20M(15.9949),3C(57.0215)		
tr|Q6TGS5|Q6TGS5_DANRE	Q6TGS5	Q6TGS5_DANRE	zgc:76934	449	false	false	Danio rerio	Tubulin alpha chain	1:Experimental evidence at protein level	24.50	1.0000	0.9990	0.00000000000000	11	1	2	15	1	2	1.56314784E8	0	4.6358776E7	5M(15.9949),7C(57.0215),8C(57.0215)		
tr|Q6TGT9|Q6TGT9_DANRE	Q6TGT9	Q6TGT9_DANRE	SFRS5	259	false	false	Danio rerio	Splicing factor, arginine/serine-rich 5	1:Experimental evidence at protein level	17.76	1.0000	0.9990	0.00000000000000	5	4	5	5	4	5	4600947.0	2438246.0	4600947.0			
tr|Q6TGU0|Q6TGU0_DANRE	Q6TGU0	Q6TGU0_DANRE	SET	275	false	false	Danio rerio	Myeloid leukemia-associated SET translocation protein	1:Experimental evidence at protein level	18.18	1.0000	0.9990	0.00000000000000	5	3	5	5	3	5	1.5433791E7	5262777.0	1.5433791E7			
tr|Q6TH14|Q6TH14_DANRE	Q6TH14	Q6TH14_DANRE	ENO1	433	false	false	Danio rerio	phosphopyruvate hydratase	1:Experimental evidence at protein level	6.47	1.0000	0.9990	0.00000000000000	2	1	1	2	1	1	2904081.0	0	0			
tr|Q6TH32|Q6TH32_DANRE	Q6TH32	Q6TH32_DANRE	CFL2	165	false	false	Danio rerio	Cofilin-1	1:Experimental evidence at protein level	18.79	1.0000	0.9990	0.00000000000000	3	3	3	4	4	4	1.0739054E7	1.0739054E7	1.0739054E7			
tr|Q6TNR5|Q6TNR5_DANRE	Q6TNR5	Q6TNR5_DANRE	wu:fb13h02	164	false	false	Danio rerio	Peptidyl-prolyl cis-trans isomerase	1:Experimental evidence at protein level	18.29	1.0000	0.9990	0.00000000000000	3	3	3	3	3	3	1.8258726E7	1.8258726E7	1.8258726E7	3C(57.0215),6C(57.0215)		
tr|Q6TNT8|Q6TNT8_DANRE	Q6TNT8	Q6TNT8_DANRE	gnai2l	355	false	false	Danio rerio	Guanine nucleotide binding protein (G protein), alpha inhibiting activity polypeptide 2	1:Experimental evidence at protein level	5.35	1.0000	0.9985	0.00000000000000	2	0	0	3	0	0	8.275464E7	0	0			
tr|Q6TNV0|Q6TNV0_DANRE	Q6TNV0	Q6TNV0_DANRE	COX4I1	169	false	false	Danio rerio	Cytochrome c oxidase subunit 4	1:Experimental evidence at protein level	16.57	1.0000	0.9983	0.00000000000000	3	2	3	3	2	3	5727384.0	4131506.2	5727384.0			
tr|Q6TNW3|Q6TNW3_DANRE	Q6TNW3	Q6TNW3_DANRE	ABCE1	599	false	false	Danio rerio	ATP-binding cassette sub-family E member 1	1:Experimental evidence at protein level	2.00	1.0000	0.9990	0.00000000000000	1	1	1	1	1	1	583527.06	583527.06	583527.06			
tr|Q6YJK1|Q6YJK1_DANRE	Q6YJK1	Q6YJK1_DANRE	amhc	1936	false	false	Danio rerio	Atrial myosin heavy chain	1:Experimental evidence at protein level	8.11	1.0000	0.9858	0.00082712985939	12	0	0	14	0	0	4.4836624E7	0	0			
tr|Q7SXA3|Q7SXA3_DANRE	Q7SXA3	Q7SXA3_DANRE	zgc:66168	156	false	false	Danio rerio	Ubiquitin-40S ribosomal protein S27a	1:Experimental evidence at protein level	58.97	1.0000	0.9990	0.00000000000000	10	1	10	16	2	16	1.99524368E8	7133296.5	1.99524368E8	13M(15.9949),2C(57.0215),7C(57.0215),1C(57.0215),2C(57.0215),6C(57.0215),2C(57.0215),7C(57.0215)		
tr|Q7SXL4|Q7SXL4_DANRE	Q7SXL4	Q7SXL4_DANRE	ndpkz2	153	false	false	Danio rerio	Nucleoside diphosphate kinase	1:Experimental evidence at protein level	13.73	1.0000	0.9985	0.00000000000000	2	0	0	3	0	0	6701965.0	0	0			
tr|Q7SXM1|Q7SXM1_DANRE	Q7SXM1	Q7SXM1_DANRE	zgc:66195	86	false	false	Danio rerio	Cytochrome c oxidase subunit	1:Experimental evidence at protein level	26.74	1.0000	0.9990	0.00000000000000	2	2	2	2	2	2	3476145.5	3476145.5	3476145.5	2C(57.0215),7C(57.0215)		
tr|Q7SXN2|Q7SXN2_DANRE	Q7SXN2	Q7SXN2_DANRE	hnrpdl	296	false	false	Danio rerio	Heterogeneous Nuclear ribonucleoprotein D-like	1:Experimental evidence at protein level	5.41	1.0000	0.9990	0.00000000000000	2	2	2	2	2	2	4179035.0	4179035.0	4179035.0	3C(57.0215),3C(57.0215),4C(57.0215),4C(57.0215)		
tr|Q7SXN6|Q7SXN6_DANRE	Q7SXN6	Q7SXN6_DANRE	psma6a	246	false	false	Danio rerio	Proteasome subunit alpha type	1:Experimental evidence at protein level	5.28	1.0000	0.9990	0.00000000000000	1	0	1	1	0	1	652577.6	0	652577.6			
tr|Q7SXU3|Q7SXU3_DANRE	Q7SXU3	Q7SXU3_DANRE	aldh2a	516	false	false	Danio rerio	Aldehyde dehydrogenase 2 family (Mitochondrial)a	1:Experimental evidence at protein level	9.50	1.0000	0.9990	0.00000000000000	3	0	0	4	0	0	4025791.8	0	0			
tr|Q7SY46|Q7SY46_DANRE	Q7SY46	Q7SY46_DANRE	zgc:63516	617	false	false	Danio rerio	H(+)-transporting two-sector ATPase	1:Experimental evidence at protein level	5.19	1.0000	0.9990	0.00000000000000	2	1	2	2	1	2	0	0	0	12C(57.0215)		
tr|Q7SY50|Q7SY50_DANRE	Q7SY50	Q7SY50_DANRE	zgc:63505	355	false	false	Danio rerio	Zgc:63505	1:Experimental evidence at protein level	8.17	1.0000	0.9990	0.00000000000000	1	1	1	1	1	1	0	0	0			
tr|Q7SZD3|Q7SZD3_DANRE	Q7SZD3	Q7SZD3_DANRE	fi36d04	650	false	false	Danio rerio	78 kDa glucose-regulated protein	1:Experimental evidence at protein level	4.31	1.0000	0.9990	0.00000000000000	2	1	2	2	1	2	335550.72	0	335550.72			
tr|Q7SZS0|Q7SZS0_DANRE	Q7SZS0	Q7SZS0_DANRE	zgc:77372	248	false	false	Danio rerio	Serine and arginine-rich-splicing factor 10b	1:Experimental evidence at protein level	6.45	1.0000	0.9990	0.00000000000000	1	1	1	1	1	1	0	0	0			
tr|Q7T1J9|Q7T1J9_DANRE	Q7T1J9	Q7T1J9_DANRE	zgc:65936	166	false	false	Danio rerio	40S ribosomal protein S10	1:Experimental evidence at protein level	9.64	1.0000	0.9990	0.00000000000000	2	2	2	2	2	2	2.1925818E7	2.1925818E7	2.1925818E7	13M(15.9949)		
tr|Q7T1K0|Q7T1K0_DANRE	Q7T1K0	Q7T1K0_DANRE	zgc:65996	184	false	false	Danio rerio	60S ribosomal protein L17	1:Experimental evidence at protein level	13.59	1.0000	0.9990	0.00000000000000	2	2	2	2	2	2	2322841.5	2322841.5	2322841.5			
tr|Q7T2A0|Q7T2A0_DANRE	Q7T2A0	Q7T2A0_DANRE	zgc:64175	297	false	false	Danio rerio	Transformer 2 alpha homolog	1:Experimental evidence at protein level	4.71	1.0000	0.9990	0.00000000000000	1	1	1	1	1	1	0	0	0			
tr|Q7T2P7|Q7T2P7_DANRE	Q7T2P7	Q7T2P7_DANRE	cb195	371	false	false	Danio rerio	Glutamine synthetase	1:Experimental evidence at protein level	19.95	1.0000	0.9990	0.00000000000000	5	3	5	5	3	5	7628847.5	4520444.5	7628847.5	12C(57.0215),12C(57.0215),2C(57.0215),4M(15.9949),6C(57.0215),N-term(42.0106)		
tr|Q7T399|Q7T399_DANRE	Q7T399	Q7T399_DANRE	rhoae	193	false	false	Danio rerio	Ras homolog family member CA	1:Experimental evidence at protein level	5.70	1.0000	0.9987	0.00000000000000	1	0	0	1	0	0	7508763.5	0	0			
tr|Q7T3B1|Q7T3B1_DANRE	Q7T3B1	Q7T3B1_DANRE	zgc:63995	433	false	false	Danio rerio	26S protease regulatory subunit 7	1:Experimental evidence at protein level	4.39	1.0000	0.9990	0.00000000000000	1	1	1	2	2	2	366308.06	366308.06	366308.06			
tr|Q7T3D3|Q7T3D3_DANRE	Q7T3D3	Q7T3D3_DANRE	zgc:63957	354	false	false	Danio rerio	Guanine nucleotide-binding protein (G protein), alpha-inhibiting activity polypeptide 1	1:Experimental evidence at protein level	9.89	1.0000	0.9990	0.00000000000000	3	1	1	4	1	1	8.275464E7	0	0			
tr|Q7T3G2|Q7T3G2_DANRE	Q7T3G2	Q7T3G2_DANRE	zgc:63883	246	false	false	Danio rerio	14-3-3 protein eta	1:Experimental evidence at protein level	3.25	1.0000	0.9990	0.00000000000000	1	0	0	1	0	0	3600925.0	0	0			
tr|Q7T3T6|Q7T3T6_DANRE	Q7T3T6	Q7T3T6_DANRE	tnr	1350	false	false	Danio rerio	Tenascin-R	1:Experimental evidence at protein level	1.26	1.0000	0.9990	0.00000000000000	1	1	1	1	1	1	0	0	0	3C(57.0215),5C(57.0215)		
tr|Q7ZT21|Q7ZT21_DANRE	Q7ZT21	Q7ZT21_DANRE	hbae1.3	143	false	false	Danio rerio	Embryonic alpha globin e1	1:Experimental evidence at protein level	27.27	1.0000	0.9990	0.00000000000000	3	3	3	4	4	4	5097986.5	5097986.5	5097986.5	1M(15.9949)		
tr|Q7ZTH6|Q7ZTH6_DANRE	Q7ZTH6	Q7ZTH6_DANRE	fb14g10	471	false	false	Danio rerio	Hydroxyacyl-Coenzyme A dehydrogenase/3-ketoacyl-Coenzyme A thiolase/enoyl-Coenzyme A hydratase (Trifunctional protein), beta subunit	1:Experimental evidence at protein level	14.23	1.0000	0.9990	0.00000000000000	6	6	6	7	7	7	9296473.0	9296473.0	9296473.0			
tr|Q7ZTZ4|Q7ZTZ4_DANRE	Q7ZTZ4	Q7ZTZ4_DANRE	zgc:77130	317	false	false	Danio rerio	Fibrillarin	1:Experimental evidence at protein level	6.31	1.0000	0.9990	0.00000000000000	1	1	1	1	1	1	0	0	0	1M(15.9949)		
tr|Q7ZU48|Q7ZU48_DANRE	Q7ZU48	Q7ZU48_DANRE	hnrpa0l	302	false	false	Danio rerio	Hnrpa0l protein	1:Experimental evidence at protein level	5.30	1.0000	0.9990	0.00000000000000	1	1	1	1	1	1	812711.75	812711.75	812711.75			
tr|Q7ZU67|Q7ZU67_DANRE	Q7ZU67	Q7ZU67_DANRE	fb54c08	406	false	false	Danio rerio	ATP-dependent RNA helicase	1:Experimental evidence at protein level	7.39	1.0000	0.9989	0.00000000000000	2	0	0	2	0	0	2419294.8	0	0			
tr|Q7ZU93|Q7ZU93_DANRE	Q7ZU93	Q7ZU93_DANRE	zgc:56066	128	false	false	Danio rerio	Ribonucloprotein	1:Experimental evidence at protein level	14.06	1.0000	0.9990	0.00000000000000	1	0	0	1	0	0	471484.16	0	0			
tr|Q7ZUD3|Q7ZUD3_DANRE	Q7ZUD3	Q7ZUD3_DANRE	fc25b01	142	false	false	Danio rerio	Glia maturation factor	1:Experimental evidence at protein level	25.35	1.0000	0.9990	0.00000000000000	4	4	4	4	4	4	2314960.0	2314960.0	2314960.0	N-term(42.0106),7C(57.0215),N-term(42.0106),7C(57.0215)		
tr|Q7ZUG6|Q7ZUG6_DANRE	Q7ZUG6	Q7ZUG6_DANRE	fa93d05	117	false	false	Danio rerio	60S ribosomal protein L30	1:Experimental evidence at protein level	23.93	1.0000	0.9990	0.00000000000000	2	2	2	2	2	2	1.0094016E7	1.0094016E7	1.0094016E7	2C(57.0215),8C(57.0215)		
tr|Q7ZUI4|Q7ZUI4_DANRE	Q7ZUI4	Q7ZUI4_DANRE	TXN	108	false	false	Danio rerio	Thioredoxin	1:Experimental evidence at protein level	12.04	1.0000	0.9990	0.00000000000000	1	1	1	2	2	2	2476603.5	2476603.5	2476603.5	1M(15.9949)		
tr|Q7ZUM0|Q7ZUM0_DANRE	Q7ZUM0	Q7ZUM0_DANRE	ywhaq	245	false	false	Danio rerio	14-3-3 protein theta	1:Experimental evidence at protein level	3.27	1.0000	0.9990	0.00000000000000	1	0	0	1	0	0	3600925.0	0	0			
tr|Q7ZUM3|Q7ZUM3_DANRE	Q7ZUM3	Q7ZUM3_DANRE	wu:fc21e02	918	false	false	Danio rerio	hexokinase	1:Experimental evidence at protein level	1.31	1.0000	0.9990	0.00000000000000	1	1	1	1	1	1	1635592.9	1635592.9	1635592.9	11C(57.0215)		
tr|Q7ZUM5|Q7ZUM5_DANRE	Q7ZUM5	Q7ZUM5_DANRE	zgc:55743	840	false	false	Danio rerio	Heat shock 70 kDa protein 4	1:Experimental evidence at protein level	2.50	1.0000	0.9990	0.00000000000000	1	1	1	1	1	1	1.8921104E7	1.8921104E7	1.8921104E7	16M(15.9949)		
tr|Q7ZUN7|Q7ZUN7_DANRE	Q7ZUN7	Q7ZUN7_DANRE	fb37h03	417	false	false	Danio rerio	creatine kinase	1:Experimental evidence at protein level	6.24	1.0000	0.9990	0.00000000000000	1	1	1	1	1	1	0	0	0	4M(15.9949)		
tr|Q7ZUP6|Q7ZUP6_DANRE	Q7ZUP6	Q7ZUP6_DANRE	zgc:55485	449	false	false	Danio rerio	Isocitrate dehydrogenase [NADP]	1:Experimental evidence at protein level	37.64	1.0000	0.9990	0.00000000000000	14	14	14	21	21	21	2.0735988E7	2.0735988E7	2.0735988E7	11M(15.9949),2C(57.0215),12C(57.0215),5C(57.0215),12C(57.0215),5C(57.0215),14C(57.0215),1C(57.0215),1M(15.9949),2C(57.0215),5M(15.9949),9C(57.0215)		
tr|Q7ZUQ0|Q7ZUQ0_DANRE	Q7ZUQ0	Q7ZUQ0_DANRE	ARPC1A	370	false	false	Danio rerio	Actin-related protein 2/3 complex subunit	1:Experimental evidence at protein level	4.59	1.0000	0.9990	0.00000000000000	1	1	1	1	1	1	866185.9	866185.9	866185.9	N-term(42.0106),12C(57.0215)		
tr|Q7ZUR9|Q7ZUR9_DANRE	Q7ZUR9	Q7ZUR9_DANRE	wu:fa95e06	205	false	false	Danio rerio	60S ribosomal protein L13a	1:Experimental evidence at protein level	9.27	1.0000	0.9948	0.00000000000000	2	2	2	2	2	2	197702.95	197702.95	197702.95	1C(57.0215)		
tr|Q7ZUV5|Q7ZUV5_DANRE	Q7ZUV5	Q7ZUV5_DANRE	zgc:56049	201	false	false	Danio rerio	ZRAB1B, member RAS oncogene family a	1:Experimental evidence at protein level	21.39	1.0000	0.9990	0.00000000000000	3	0	2	3	0	2	1.1084848E7	0	6273272.5			
tr|Q7ZUY0|Q7ZUY0_DANRE	Q7ZUY0	Q7ZUY0_DANRE	seta	269	false	false	Danio rerio	SET nuclear proto-oncogene a	1:Experimental evidence at protein level	11.90	1.0000	0.9990	0.00000000000000	3	1	1	3	1	1	1.4925382E7	4323872.5	4323872.5			
tr|Q7ZUY9|Q7ZUY9_DANRE	Q7ZUY9	Q7ZUY9_DANRE	itm1	705	false	false	Danio rerio	dolichyl-diphosphooligosaccharide--protein glycotransferase	1:Experimental evidence at protein level	3.69	1.0000	0.9990	0.00000000000000	1	1	1	2	2	2	0	0	0			
tr|Q7ZUZ2|Q7ZUZ2_DANRE	Q7ZUZ2	Q7ZUZ2_DANRE	zgc:56317	376	false	false	Danio rerio	Actin related protein 1, centractin	1:Experimental evidence at protein level	9.31	1.0000	0.9990	0.00000000000000	2	2	2	2	2	2	848776.7	848776.7	848776.7			
tr|Q7ZUZ7|Q7ZUZ7_DANRE	Q7ZUZ7	Q7ZUZ7_DANRE	arf1l	181	false	false	Danio rerio	ADP-ribosylation factor	1:Experimental evidence at protein level	18.78	1.0000	0.9990	0.00000000000000	2	0	1	2	0	1	646597.94	0	646597.94			
tr|Q7ZV05|Q7ZV05_DANRE	Q7ZV05	Q7ZV05_DANRE	wu:fa91c09	159	false	false	Danio rerio	40S ribosomal protein S11	1:Experimental evidence at protein level	22.64	1.0000	0.9990	0.00000000000000	3	2	3	4	3	4	7006671.0	6407782.5	7006671.0	13C(57.0215),13C(57.0215),1C(57.0215)		
tr|Q7ZV13|Q7ZV13_DANRE	Q7ZV13	Q7ZV13_DANRE	sfrs2	225	false	false	Danio rerio	Serine and arginine-rich-splicing factor 2a	1:Experimental evidence at protein level	17.78	1.0000	0.9990	0.00000000000000	2	1	2	3	2	3	7664832.5	7100398.5	7664832.5	N-term(42.0106),N-term(42.0106),12M(15.9949)		
tr|Q7ZV16|Q7ZV16_DANRE	Q7ZV16	Q7ZV16_DANRE	zgc:86802	225	false	false	Danio rerio	Elongation factor 1-beta	1:Experimental evidence at protein level	4.00	1.0000	0.9990	0.00000000000000	1	1	1	1	1	1	417812.8	417812.8	417812.8			
tr|Q7ZV23|Q7ZV23_DANRE	Q7ZV23	Q7ZV23_DANRE	nhp2l1	128	false	false	Danio rerio	Ribonucloprotein	1:Experimental evidence at protein level	24.22	1.0000	0.9990	0.00000000000000	2	1	2	2	1	2	2887314.8	2415830.5	2887314.8			
tr|Q7ZV29|Q7ZV29_DANRE	Q7ZV29	Q7ZV29_DANRE	wu:fd59b07	417	false	false	Danio rerio	Phosphoglycerate kinase	1:Experimental evidence at protein level	3.60	1.0000	0.9990	0.00000000000000	1	1	1	1	1	1	671166.06	671166.06	671166.06			
tr|Q7ZV39|Q7ZV39_DANRE	Q7ZV39	Q7ZV39_DANRE	zgc:56235	281	false	false	Danio rerio	Zgc:56235	1:Experimental evidence at protein level	15.30	1.0000	0.9988	0.00000000000000	3	1	1	3	1	1	1.3808372E7	314152.06	314152.06			
tr|Q7ZV92|Q7ZV92_DANRE	Q7ZV92	Q7ZV92_DANRE	prp19	505	false	false	Danio rerio	Pre-mRNA-processing factor 19	1:Experimental evidence at protein level	7.92	1.0000	0.9990	0.00000000000000	2	2	2	2	2	2	0	0	0	9C(57.0215),N-term(42.0106),15C(57.0215),4C(57.0215)		
tr|Q7ZVB5|Q7ZVB5_DANRE	Q7ZVB5	Q7ZVB5_DANRE	SNRPD3	128	false	false	Danio rerio	Small nuclear ribonucleoprotein Sm D3	1:Experimental evidence at protein level	36.72	1.0000	0.9990	0.00000000000000	3	1	3	3	1	3	4700040.0	1196399.9	4700040.0	N-term(42.0106),19C(57.0215)		
tr|Q7ZVD9|Q7ZVD9_DANRE	Q7ZVD9	Q7ZVD9_DANRE	wu:fb13d09	245	false	false	Danio rerio	DNA-(apurinic or apyrimidinic site) lyase	1:Experimental evidence at protein level	26.94	1.0000	0.9990	0.00000000000000	6	6	6	7	7	7	2.480451E7	2.480451E7	2.480451E7	2M(15.9949),3C(57.0215)		
tr|Q7ZVF2|Q7ZVF2_DANRE	Q7ZVF2	Q7ZVF2_DANRE	fb11d08	372	false	false	Danio rerio	Glutamine synthetase	1:Experimental evidence at protein level	10.22	1.0000	0.9990	0.00000000000000	3	1	1	3	1	1	3971123.5	862720.6	862720.6	15M(15.9949),2C(57.0215)		
tr|Q7ZVF4|Q7ZVF4_DANRE	Q7ZVF4	Q7ZVF4_DANRE	zgc:86730	661	false	false	Danio rerio	Arginine--tRNA ligase, cytoplasmic	1:Experimental evidence at protein level	1.66	1.0000	0.9990	0.00000000000000	1	0	1	1	0	1	0	0	0			
tr|Q7ZVG1|Q7ZVG1_DANRE	Q7ZVG1	Q7ZVG1_DANRE	zgc:56036	397	false	false	Danio rerio	3-ketoacyl-CoA thiolase, mitochondrial	1:Experimental evidence at protein level	2.02	1.0000	0.9990	0.00000000000000	1	1	1	1	1	1	802608.56	802608.56	802608.56			
tr|Q7ZVI6|Q7ZVI6_DANRE	Q7ZVI6	Q7ZVI6_DANRE	fa93f03	450	false	false	Danio rerio	Tubulin alpha chain	1:Experimental evidence at protein level	58.00	1.0000	0.9990	0.00000000000000	19	1	1	26	1	1	1.56314784E8	1559771.5	1559771.5	15C(57.0215)		
tr|Q7ZVK8|Q7ZVK8_DANRE	Q7ZVK8	Q7ZVK8_DANRE	wu:fi06b09	392	false	false	Danio rerio	Mitogen-activated protein kinase	1:Experimental evidence at protein level	2.04	1.0000	0.9978	0.00000000000000	1	0	1	1	0	1	474713.72	0	474713.72	2C(57.0215)		
tr|Q7ZVL6|Q7ZVL6_DANRE	Q7ZVL6	Q7ZVL6_DANRE	sr:nyz175	721	false	false	Danio rerio	DNA replication licensing factor MCM7	1:Experimental evidence at protein level	3.88	1.0000	0.9990	0.00000000000000	2	2	2	2	2	2	3891241.0	3891241.0	3891241.0			
tr|Q7ZVQ3|Q7ZVQ3_DANRE	Q7ZVQ3	Q7ZVQ3_DANRE	zgc:55793	606	false	false	Danio rerio	WD repeat domain 1	1:Experimental evidence at protein level	6.11	1.0000	0.9990	0.00000000000000	2	2	2	2	2	2	1093860.1	1093860.1	1093860.1	2C(57.0215)		
tr|Q7ZVT2|Q7ZVT2_DANRE	Q7ZVT2	Q7ZVT2_DANRE	pkm2a	532	false	false	Danio rerio	Pyruvate kinase	1:Experimental evidence at protein level	2.44	1.0000	0.9990	0.00000000000000	1	1	1	1	1	1	1371525.2	1371525.2	1371525.2	6C(57.0215)		
tr|Q7ZVX4|Q7ZVX4_DANRE	Q7ZVX4	Q7ZVX4_DANRE	wu:fj47f07	215	false	false	Danio rerio	Ras-related protein Rab-14	1:Experimental evidence at protein level	5.12	1.0000	0.9967	0.00000000000000	1	0	0	1	0	0	4811575.0	0	0			
tr|Q7ZVY0|Q7ZVY0_DANRE	Q7ZVY0	Q7ZVY0_DANRE	fb73d10	386	false	false	Danio rerio	Cytotoxic granule-associated RNA binding protein 1	1:Experimental evidence at protein level	5.18	1.0000	0.9989	0.00000000000000	1	1	1	1	1	1	0	0	0	12C(57.0215),1M(15.9949)		
tr|Q7ZW01|Q7ZW01_DANRE	Q7ZW01	Q7ZW01_DANRE	fd02b12	445	false	false	Danio rerio	Tubulin beta chain	1:Experimental evidence at protein level	64.27	1.0000	0.9990	0.00000000000000	27	0	0	48	0	0	3.1894448E8	0	0			
tr|Q7ZW09|Q7ZW09_DANRE	Q7ZW09	Q7ZW09_DANRE	zgc:55429	536	false	false	Danio rerio	Heterogeneous Nuclear ribonucleoprotein L	2:Experimental evidence at transcript level	8.21	1.0000	0.9990	0.00000000000000	4	0	4	4	0	4	5446417.0	0	5446417.0	11C(57.0215),12C(57.0215),13C(57.0215),2C(57.0215),6C(57.0215),6C(57.0215)		
tr|Q7ZW20|Q7ZW20_DANRE	Q7ZW20	Q7ZW20_DANRE	fe38c12	255	false	false	Danio rerio	14-3-3 protein epsilon	1:Experimental evidence at protein level	7.45	1.0000	0.9990	0.00000000000000	2	1	1	2	1	1	4727020.0	1126095.1	1126095.1	N-term(42.0106)		
tr|Q7ZW72|Q7ZW72_DANRE	Q7ZW72	Q7ZW72_DANRE	zERK2	369	false	false	Danio rerio	Mitogen-activated protein kinase	1:Experimental evidence at protein level	2.17	1.0000	0.9979	0.00000000000000	1	0	0	1	0	0	474713.72	0	0			
tr|Q7ZW95|Q7ZW95_DANRE	Q7ZW95	Q7ZW95_DANRE	zgc:56659	375	false	false	Danio rerio	60S ribosomal protein L4	1:Experimental evidence at protein level	17.60	1.0000	0.9990	0.00000000000000	6	6	6	7	7	7	5227896.5	5227896.5	5227896.5	2C(57.0215),3C(57.0215),4C(57.0215),N-term(42.0106),2C(57.0215)		
tr|Q801U3|Q801U3_DANRE	Q801U3	Q801U3_DANRE	sfrs3a	174	false	false	Danio rerio	Serine and arginine-rich-splicing factor 3a	1:Experimental evidence at protein level	22.99	1.0000	0.9990	0.00000000000000	3	2	3	3	2	3	1.2448742E7	5075232.5	1.2448742E7			
tr|Q802C7|Q802C7_DANRE	Q802C7	Q802C7_DANRE	tardbp	412	false	false	Danio rerio	TAR DNA-binding protein 43	1:Experimental evidence at protein level	5.10	1.0000	0.9990	0.00000000000000	2	1	2	2	1	2	3645245.2	821897.75	3645245.2			
tr|Q802C9|Q802C9_DANRE	Q802C9	Q802C9_DANRE	wu:fd15g03	406	false	false	Danio rerio	ATP-dependent RNA helicase	1:Experimental evidence at protein level	10.59	1.0000	0.9990	0.00000000000000	3	1	2	3	1	2	2419294.8	0	204477.67			
tr|Q802U8|Q802U8_DANRE	Q802U8	Q802U8_DANRE	wu:fb12d01	192	false	false	Danio rerio	H1 histone family, member X	1:Experimental evidence at protein level	9.90	1.0000	0.9990	0.00000000000000	2	2	2	3	3	3	4571255.5	4571255.5	4571255.5			
tr|Q802Y1|Q802Y1_DANRE	Q802Y1	Q802Y1_DANRE	zgc:55809	366	false	false	Danio rerio	Serine and arginine-rich-splicing factor 4	1:Experimental evidence at protein level	2.46	1.0000	0.9989	0.00000000000000	1	0	0	1	0	0	2810698.2	0	0			
tr|Q802Z3|Q802Z3_DANRE	Q802Z3	Q802Z3_DANRE	zgc:55645	270	false	false	Danio rerio	Zgc:55645	1:Experimental evidence at protein level	7.04	1.0000	0.9990	0.00000000000000	1	1	1	2	2	2	2918431.5	2918431.5	2918431.5	7M(15.9949)		
tr|Q803B0|Q803B0_DANRE	Q803B0	Q803B0_DANRE	cb863	575	false	false	Danio rerio	60 kDa heat shock protein, mitochondrial	1:Experimental evidence at protein level	2.09	1.0000	0.9990	0.00000000000000	1	1	1	1	1	1	930045.44	930045.44	930045.44			
tr|Q803D1|Q803D1_DANRE	Q803D1	Q803D1_DANRE	arf1	180	false	false	Danio rerio	ADP-ribosylation factor	1:Experimental evidence at protein level	18.89	1.0000	0.9985	0.00000000000000	2	0	0	2	0	0	646597.94	0	0			
tr|Q803H1|Q803H1_DANRE	Q803H1	Q803H1_DANRE	rnpc2	523	false	false	Danio rerio	RNA-binding motif protein 39a	1:Experimental evidence at protein level	2.10	1.0000	0.9990	0.00000000000000	1	1	1	1	1	1	425713.34	425713.34	425713.34			
tr|Q803J3|Q803J3_DANRE	Q803J3	Q803J3_DANRE	cb75	212	false	false	Danio rerio	RAB2A, member RAS oncogene family	1:Experimental evidence at protein level	6.60	1.0000	0.9990	0.00000000000000	1	1	1	1	1	1	0	0	0			
tr|Q803K3|Q803K3_DANRE	Q803K3	Q803K3_DANRE	hnrpa1	422	false	false	Danio rerio	Heterogeneous nuclear ribonucleoprotein A1	1:Experimental evidence at protein level	3.79	1.0000	0.9990	0.00000000000000	1	1	1	1	1	1	0	0	0			
tr|Q803M8|Q803M8_DANRE	Q803M8	Q803M8_DANRE	ywhaz	245	false	false	Danio rerio	14-3-3 protein theta	1:Experimental evidence at protein level	3.27	1.0000	0.9990	0.00000000000000	1	0	0	1	0	0	3600925.0	0	0			
tr|Q803N2|Q803N2_DANRE	Q803N2	Q803N2_DANRE	wu:fb22e01	1216	false	false	Danio rerio	Structural maintenance of chromosomes protein	1:Experimental evidence at protein level	3.37	1.0000	0.9990	0.00000000000000	5	5	5	5	5	5	931365.3	931365.3	931365.3			
tr|Q803T5|Q803T5_DANRE	Q803T5	Q803T5_DANRE	AHCY	433	false	false	Danio rerio	Adenosylhomocysteinase	1:Experimental evidence at protein level	1.85	1.0000	0.9990	0.00000000000000	1	0	1	1	0	1	876946.7	0	876946.7			
tr|Q803T6|Q803T6_DANRE	Q803T6	Q803T6_DANRE	sh3gl2	347	false	false	Danio rerio	SH3 domain-containing GRB2-like 2a, endophilin A1	1:Experimental evidence at protein level	3.46	1.0000	0.9990	0.00000000000000	1	1	1	1	1	1	184634.25	184634.25	184634.25			
tr|Q803W0|Q803W0_DANRE	Q803W0	Q803W0_DANRE	ddx39b	427	false	false	Danio rerio	RNA helicase	1:Experimental evidence at protein level	10.30	1.0000	0.9990	0.00000000000000	4	1	4	4	1	4	5692424.0	3051719.8	5692424.0			
tr|Q803X6|Q803X6_DANRE	Q803X6	Q803X6_DANRE	wu:fb40a03	855	false	false	Danio rerio	Scaffold attachment factor B	1:Experimental evidence at protein level	1.87	1.0000	0.9990	0.00000000000000	1	1	1	1	1	1	0	0	0	N-term(42.0106)		
tr|Q8AWD0|Q8AWD0_DANRE	Q8AWD0	Q8AWD0_DANRE	wu:fa01a08	283	false	false	Danio rerio	Vdac2 protein	1:Experimental evidence at protein level	66.78	1.0000	0.9990	0.00000000000000	17	15	17	20	18	20	6.7562864E7	6.6102512E7	6.7562864E7	11M(15.9949),1M(15.9949),3M(15.9949),N-term(42.0106)		
tr|Q8AWW3|Q8AWW3_DANRE	Q8AWW3	Q8AWW3_DANRE	cb758	290	false	false	Danio rerio	Translocon-associated protein subunit alpha	1:Experimental evidence at protein level	11.03	1.0000	0.9990	0.00000000000000	2	2	2	2	2	2	4625165.0	4625165.0	4625165.0			
tr|Q8AY63|Q8AY63_DANRE	Q8AY63	Q8AY63_DANRE	ckb	381	false	false	Danio rerio	creatine kinase	1:Experimental evidence at protein level	47.51	1.0000	0.9990	0.00000000000000	19	14	19	21	16	21	1.5630656E7	1.3759244E7	1.5630656E7	11M(15.9949),11M(15.9949),12M(15.9949),2C(57.0215),2C(57.0215),2C(57.0215),3C(57.0215),8C(57.0215),3C(57.0215),8C(57.0215),5M(15.9949)		
tr|Q8AYB9|Q8AYB9_DANRE	Q8AYB9	Q8AYB9_DANRE	wu:fa12h07	598	false	false	Danio rerio	Dolichyl-diphosphooligosaccharide--protein glycosyltransferase subunit 1	1:Experimental evidence at protein level	19.23	1.0000	0.9990	0.00000000000000	7	7	7	7	7	7	4434353.5	4434353.5	4434353.5			
tr|Q8JHH4|Q8JHH4_DANRE	Q8JHH4	Q8JHH4_DANRE	atp6e	226	false	false	Danio rerio	V-type proton ATPase subunit E 1	1:Experimental evidence at protein level	10.18	1.0000	0.9990	0.00000000000000	2	2	2	2	2	2	1890746.5	1890746.5	1890746.5	N-term(42.0106)		
tr|Q8JHI0|Q8JHI0_DANRE	Q8JHI0	Q8JHI0_DANRE	SLC25A5	298	false	false	Danio rerio	ADP/ATP translocase	1:Experimental evidence at protein level	65.44	1.0000	0.9990	0.00000000000000	21	12	21	28	18	28	9.744004E7	9.744004E7	9.744004E7	12C(57.0215),12C(57.0215),5M(15.9949),12C(57.0215),5M(15.9949),13C(57.0215),13C(57.0215),6M(15.9949),13C(57.0215),6M(15.9949),18C(57.0215),20C(57.0215),23C(57.0215),2M(15.9949),2M(15.9949),2M(15.9949),2M(15.9949),8C(57.0215),N-term(42.0106)		
tr|Q8JHI7|Q8JHI7_DANRE	Q8JHI7	Q8JHI7_DANRE	wu:fj48b06	543	false	false	Danio rerio	T-complex protein 1 subunit gamma	1:Experimental evidence at protein level	4.24	1.0000	0.9990	0.00000000000000	2	2	2	2	2	2	1581794.9	1581794.9	1581794.9	6C(57.0215)		
tr|Q8QHA6|Q8QHA6_DANRE	Q8QHA6	Q8QHA6_DANRE	wu:fj51e01	509	false	false	Danio rerio	Vacuolar proton pump subunit B	1:Experimental evidence at protein level	8.64	1.0000	0.9990	0.00000000000000	3	1	3	3	1	3	4422537.0	0	4422537.0			
tr|Q8QHA7|Q8QHA7_DANRE	Q8QHA7	Q8QHA7_DANRE	vatB1	506	false	false	Danio rerio	Vacuolar proton pump subunit B	1:Experimental evidence at protein level	4.94	1.0000	0.9990	0.00000000000000	2	0	0	2	0	0	4422537.0	0	0			
tr|Q8UUZ6|Q8UUZ6_DANRE	Q8UUZ6	Q8UUZ6_DANRE	wu:fc06h04	173	false	false	Danio rerio	Alpha A crystallin	1:Experimental evidence at protein level	24.28	1.0000	0.9990	0.00000000000000	2	2	2	2	2	2	0	0	0	14C(57.0215),25C(57.0215)		
tr|Q8UVG7|Q8UVG7_DANRE	Q8UVG7	Q8UVG7_DANRE	H-FABP	133	false	false	Danio rerio	Fatty acid-binding protein 3, muscle and heart	1:Experimental evidence at protein level	39.85	1.0000	0.9990	0.00000000000000	4	3	3	5	4	4	3685013.8	3685013.8	3685013.8	N-term(42.0106)		
tr|Q90WX5|Q90WX5_DANRE	Q90WX5	Q90WX5_DANRE	gnat2	354	false	false	Danio rerio	Cone transducin alpha subunit	1:Experimental evidence at protein level	47.18	1.0000	0.9990	0.00000000000000	13	10	13	15	11	15	1.00998896E8	2.7468556E7	1.00998896E8	11C(57.0215),11C(57.0215),13M(15.9949),13M(15.9949),1M(15.9949),2C(57.0215),6C(57.0215),6C(57.0215),8C(57.0215),8C(57.0215)		
tr|Q90XH2|Q90XH2_DANRE	Q90XH2	Q90XH2_DANRE	meis1	388	false	false	Danio rerio	Myeloid ecotropic viral integration 1	1:Experimental evidence at protein level	5.67	1.0000	0.9990	0.00000000000000	2	0	2	2	0	2	0	0	0			
tr|Q9DDU5|Q9DDU5_DANRE	Q9DDU5	Q9DDU5_DANRE	gstp1	208	false	false	Danio rerio	Glutathione S-transferase	1:Experimental evidence at protein level	5.29	1.0000	0.9990	0.00000000000000	1	1	1	2	2	2	0	0	0	N-term(42.0106)		
tr|Q9DEU1|Q9DEU1_DANRE	Q9DEU1	Q9DEU1_DANRE	zgc:92351	1025	false	false	Danio rerio	Sodium/potassium-transporting ATPase subunit alpha	1:Experimental evidence at protein level	10.44	1.0000	0.9990	0.00000000000000	9	0	0	12	0	0	6.0916792E7	0	0			
tr|Q9DGL6|Q9DGL6_DANRE	Q9DGL6	Q9DGL6_DANRE	atp1a1	1028	false	false	Danio rerio	Sodium/potassium-transporting ATPase subunit alpha	1:Experimental evidence at protein level	14.79	1.0000	0.9990	0.00000000000000	12	2	4	15	2	4	6.0916792E7	2219056.5	3859716.0	1C(57.0215),5C(57.0215),6C(57.0215)		
tr|Q9I8N9|Q9I8N9_DANRE	Q9I8N9	Q9I8N9_DANRE	B-FABP	132	false	false	Danio rerio	Brain-type fatty acid-binding protein	1:Experimental evidence at protein level	21.21	1.0000	0.9990	0.00000000000000	2	1	2	2	1	2	1343035.1	1343035.1	1343035.1			
tr|Q9I8U7|Q9I8U7_DANRE	Q9I8U7	Q9I8U7_DANRE	zgc:109832	151	false	false	Danio rerio	Fast skeletal muscle myosin light polypeptide 3	1:Experimental evidence at protein level	5.96	1.0000	0.9990	0.00000000000000	1	0	0	1	0	0	589293.0	0	0			
tr|Q9I8U8|Q9I8U8_DANRE	Q9I8U8	Q9I8U8_DANRE	tnnc	160	false	false	Danio rerio	Fast skeletal muscle troponin C	1:Experimental evidence at protein level	18.12	1.0000	0.9990	0.00000000000000	2	1	2	3	1	3	2178791.0	1709924.8	2178791.0	5M(15.9949)		
tr|Q9I9P6|Q9I9P6_DANRE	Q9I9P6	Q9I9P6_DANRE	zgc:92909	288	false	false	Danio rerio	Syntaxin-1B	1:Experimental evidence at protein level	10.07	1.0000	0.9990	0.00000000000000	2	2	2	3	3	3	3317179.0	3317179.0	3317179.0	6M(15.9949)		
tr|Q9PWD8|Q9PWD8_DANRE	Q9PWD8	Q9PWD8_DANRE	wu:fa03a08	429	false	false	Danio rerio	Type I cytokeratin	1:Experimental evidence at protein level	1.63	1.0000	0.9990	0.00000000000000	1	0	0	1	0	0	4424996.0	0	0			
tr|Q9YHX5|Q9YHX5_DANRE	Q9YHX5	Q9YHX5_DANRE	cb28	455	false	false	Danio rerio	Vimentin	1:Experimental evidence at protein level	2.42	1.0000	0.9990	0.00000000000000	1	0	1	1	0	1	421199.8	0	421199.8			
tr|R4GDZ5|R4GDZ5_DANRE	R4GDZ5	R4GDZ5_DANRE	myh7ba	1938	false	false	Danio rerio	Myosin, heavy chain 7B, cardiac muscle, beta A	3:Protein inferred from homology	3.87	1.0000	0.9936	0.00000000000000	7	0	0	8	0	0	1.3233638E7	0	0			
tr|R4GE15|R4GE15_DANRE	R4GE15	R4GE15_DANRE	si:ch211-113a14.29	124	false	false	Danio rerio	Histone H2B	3:Protein inferred from homology	70.16	1.0000	0.9990	0.00000000000000	14	0	14	23	0	23	3.3114432E9	0	3.3114432E9	13M(15.9949),2M(15.9949),2M(15.9949),5M(15.9949),5M(15.9949),5M(15.9949)		
tr|U3JAH9|U3JAH9_DANRE	U3JAH9	U3JAH9_DANRE	bub3	338	false	false	Danio rerio	BUB3 mitotic checkpoint protein	4:Protein predicted	9.76	1.0000	0.9990	0.00000000000000	2	1	2	2	1	2	0	0	0			
tr|X1WFI9|X1WFI9_DANRE	X1WFI9	X1WFI9_DANRE	hmgb1b	197	false	false	Danio rerio	High mobility group box 1b	1:Experimental evidence at protein level	27.92	1.0000	0.9990	0.00000000000000	6	4	4	9	6	6	1.7766152E7	1.1745382E7	1.1745382E7	10C(57.0215),10C(57.0215)		
tr|X1WHN7|X1WHN7_DANRE	X1WHN7	X1WHN7_DANRE	cdc73	530	false	false	Danio rerio	Cell division cycle 73, Paf1/RNA polymerase II complex component, homolog (S. cerevisiae)	3:Protein inferred from homology	1.89	1.0000	0.9987	0.00000000000000	1	1	1	1	1	1	848236.2	848236.2	848236.2			
sp|Q6NUX8|RHOAA_DANRE	Q6NUX8	RHOAA_DANRE	rhoaa	193	false	false	Danio rerio	Rho-related GTP-binding protein RhoA-A	1:Experimental evidence at protein level	13.47	0.9999	0.9990	0.00000000000000	2	0	0	2	0	0	9652027.0	0	0			sp|Q7T2E8|RHOAC_DANRE
tr|A0A8M1NVL4|A0A8M1NVL4_DANRE	A0A8M1NVL4	A0A8M1NVL4_DANRE	ndufs7	217	false	false	Danio rerio	NADH dehydrogenase [ubiquinone] iron-sulfur protein 7, mitochondrial	1:Experimental evidence at protein level	6.45	0.9999	0.9989	0.00000000000000	1	1	1	1	1	1	0	0	0			
tr|A0A8M1P8M6|A0A8M1P8M6_DANRE	A0A8M1P8M6	A0A8M1P8M6_DANRE	ypel5	121	false	false	Danio rerio	Protein yippee-like	1:Experimental evidence at protein level	9.92	0.9999	0.9989	0.00000000000000	1	1	1	1	1	1	188153.3	188153.3	188153.3			
tr|A0A8M2B261|A0A8M2B261_DANRE	A0A8M2B261	A0A8M2B261_DANRE	inpp5kb	526	false	false	Danio rerio	inositol-polyphosphate 5-phosphatase	3:Protein inferred from homology	2.09	0.9999	0.9988	0.00000000000000	1	0	1	1	0	1	0	0	0			
tr|A0A8M2B7W6|A0A8M2B7W6_DANRE	A0A8M2B7W6	A0A8M2B7W6_DANRE	LOC103909414	200	false	false	Danio rerio	serine protease HTRA2, mitochondrial-like isoform X1	3:Protein inferred from homology	6.50	0.9999	0.9987	0.00000000000000	1	0	1	1	0	1	178864.62	0	178864.62			tr|A0A8M2B858|A0A8M2B858_DANRE, tr|A0A8M6YUP2|A0A8M6YUP2_DANRE, tr|A0A8M6Z3U6|A0A8M6Z3U6_DANRE, tr|A0A8M9PBC7|A0A8M9PBC7_DANRE, tr|A0A8M9PDK3|A0A8M9PDK3_DANRE, tr|A0A8M9PIN3|A0A8M9PIN3_DANRE, tr|A0A8M9PLT5|A0A8M9PLT5_DANRE, tr|A0A8M9PLU5|A0A8M9PLU5_DANRE, tr|A0A8M9PLU9|A0A8M9PLU9_DANRE, tr|A0A8M9PMV6|A0A8M9PMV6_DANRE, tr|A0A8M9PQU3|A0A8M9PQU3_DANRE, tr|A0A8M9PTZ3|A0A8M9PTZ3_DANRE, tr|A0A8M9PYY8|A0A8M9PYY8_DANRE, tr|A0A8M9Q065|A0A8M9Q065_DANRE, tr|A0A8M9Q128|A0A8M9Q128_DANRE, tr|A0A8M9Q3F7|A0A8M9Q3F7_DANRE, tr|A0A8M9QAR7|A0A8M9QAR7_DANRE, tr|A0A8M9QC71|A0A8M9QC71_DANRE, tr|A0A8M9QCM4|A0A8M9QCM4_DANRE, tr|A0A8M9QCV4|A0A8M9QCV4_DANRE, tr|A0A8M9QG75|A0A8M9QG75_DANRE, tr|A0A8M9QG79|A0A8M9QG79_DANRE, tr|A0A8M9QKF1|A0A8M9QKF1_DANRE, tr|A0A8M9QLE8|A0A8M9QLE8_DANRE, tr|A0A8M9QP02|A0A8M9QP02_DANRE, tr|A7MC74|A7MC74_DANRE, tr|A9JSY1|A9JSY1_DANRE
tr|A0A8M3ASQ6|A0A8M3ASQ6_DANRE	A0A8M3ASQ6	A0A8M3ASQ6_DANRE	slc4a4a	1146	false	false	Danio rerio	Anion exchange protein	1:Experimental evidence at protein level	2.27	0.9999	0.9985	0.00000000000000	2	1	2	2	1	2	1817184.8	884345.9	1817184.8			
tr|A0JME0|A0JME0_DANRE	A0JME0	A0JME0_DANRE	zgc:152965	176	false	false	Danio rerio	28S ribosomal protein S28, mitochondrial	1:Experimental evidence at protein level	6.25	0.9999	0.9985	0.00000000000000	1	1	1	1	1	1	0	0	0			
tr|B0UXR9|B0UXR9_DANRE	B0UXR9	B0UXR9_DANRE	hsp70.1	643	false	false	Danio rerio	Heat shock cognate 70-kd protein, tandem duplicate 2	3:Protein inferred from homology	5.91	0.9999	0.9983	0.00000000000000	3	0	0	3	0	0	2461539.0	0	0			tr|B0UXS6|B0UXS6_DANRE, tr|Q6PH56|Q6PH56_DANRE
tr|F1QEJ5|F1QEJ5_DANRE	F1QEJ5	F1QEJ5_DANRE	zgc:92848	82	false	false	Danio rerio	Cytochrome b-c1 complex subunit 8	1:Experimental evidence at protein level	26.83	0.9999	0.9980	0.00000000000000	3	3	3	3	3	3	3856516.2	3856516.2	3856516.2			
tr|Q15I82|Q15I82_DANRE	Q15I82	Q15I82_DANRE	crygem2-7	173	false	false	Danio rerio	Crystallin gamma EM2-7	2:Experimental evidence at transcript level	43.35	0.9999	0.9989	0.00000000000000	7	0	0	12	0	0	1.4339574E7	0	0			
tr|Q4ZHG3|Q4ZHG3_DANRE	Q4ZHG3	Q4ZHG3_DANRE	crygM2a	181	false	false	Danio rerio	Crystallin, gamma M2A	1:Experimental evidence at protein level	6.63	0.9999	0.9990	0.00000000000000	2	0	0	2	0	0	1805686.2	0	0			
tr|Q6PBN3|Q6PBN3_DANRE	Q6PBN3	Q6PBN3_DANRE	rds4	342	false	false	Danio rerio	Peripherin 2B (retinal degeneration, slow)	2:Experimental evidence at transcript level	2.92	0.9999	0.9980	0.00000000000000	1	1	1	2	2	2	2515085.0	2515085.0	2515085.0	4M(15.9949)		
tr|Q7ZVM7|Q7ZVM7_DANRE	Q7ZVM7	Q7ZVM7_DANRE	wu:fi46h07	822	false	false	Danio rerio	V-type proton ATPase subunit a	1:Experimental evidence at protein level	1.34	0.9999	0.9977	0.00000000000000	1	1	1	1	1	1	348598.7	348598.7	348598.7			
tr|Q8JIZ3|Q8JIZ3_DANRE	Q8JIZ3	Q8JIZ3_DANRE	crx	281	false	false	Danio rerio	Cone-rod homeobox	2:Experimental evidence at transcript level	4.27	0.9999	0.9990	0.00000000000000	1	1	1	1	1	1	0	0	0			
tr|Q90Z34|Q90Z34_DANRE	Q90Z34	Q90Z34_DANRE	cb712	292	false	false	Danio rerio	Sodium/potassium-transporting ATPase subunit beta	1:Experimental evidence at protein level	4.11	0.9999	0.9988	0.00000000000000	1	1	1	1	1	1	0	0	0			
sp|F1R4C4|PIS4A_DANRE	F1R4C4	PIS4A_DANRE	pias4a	505	false	false	Danio rerio	E3 SUMO-protein ligase PIAS4-A	2:Experimental evidence at transcript level	2.57	0.9998	0.9987	0.00000000000000	1	1	1	1	1	1	0	0	0			
sp|Q6NY98|MCE1_DANRE	Q6NY98	MCE1_DANRE	rngtt	598	false	false	Danio rerio	mRNA-capping enzyme	2:Experimental evidence at transcript level	1.51	0.9998	0.9961	0.00000000000000	1	1	1	1	1	1	1208668.8	1208668.8	1208668.8			
sp|Q7ZWJ7|RL34_DANRE	Q7ZWJ7	RL34_DANRE	rpl34	117	false	false	Danio rerio	60S ribosomal protein L34	1:Experimental evidence at protein level	6.84	0.9998	0.9933	0.00000000000000	1	1	1	1	1	1	3615634.0	3615634.0	3615634.0			
tr|A0A8M2B8T5|A0A8M2B8T5_DANRE	A0A8M2B8T5	A0A8M2B8T5_DANRE	srsf6a	400	false	false	Danio rerio	serine/arginine-rich splicing factor 6a isoform X1	1:Experimental evidence at protein level	4.50	0.9998	0.9989	0.00000000000000	2	1	1	2	1	1	3323370.5	512672.3	512672.3			
tr|D7RVR8|D7RVR8_DANRE	D7RVR8	D7RVR8_DANRE	slc1a2a	548	false	false	Danio rerio	Amino acid transporter	2:Experimental evidence at transcript level	2.01	0.9998	0.9988	0.00000000000000	1	0	0	1	0	0	521419.53	0	0			
tr|Q08C80|Q08C80_DANRE	Q08C80	Q08C80_DANRE	fj41e11	444	false	false	Danio rerio	Tubulin beta chain	1:Experimental evidence at protein level	68.47	0.9998	0.9979	0.00000000000000	27	0	0	46	0	0	2.84392768E8	0	0			
tr|Q498W6|Q498W6_DANRE	Q498W6	Q498W6_DANRE	zgc:112053	146	false	false	Danio rerio	NADH dehydrogenase [ubiquinone] 1 alpha subcomplex subunit 12	1:Experimental evidence at protein level	5.48	0.9998	0.9990	0.00000000000000	1	1	1	1	1	1	1279966.9	1279966.9	1279966.9			
tr|Q6DH22|Q6DH22_DANRE	Q6DH22	Q6DH22_DANRE	wu:fb64c10	291	false	false	Danio rerio	Retinal pigment epithelium retinal G protein receptor-2	1:Experimental evidence at protein level	6.19	0.9998	0.9965	0.00000000000000	1	1	1	1	1	1	1999134.2	1999134.2	1999134.2			
tr|Q7ZUG4|Q7ZUG4_DANRE	Q7ZUG4	Q7ZUG4_DANRE	rab5al	216	false	false	Danio rerio	RAB5A, member RAS oncogene family like	1:Experimental evidence at protein level	23.61	0.9998	0.9990	0.00000000000000	4	0	4	5	0	5	5922819.0	0	5922819.0	7M(15.9949)		
tr|Q7ZWC6|Q7ZWC6_DANRE	Q7ZWC6	Q7ZWC6_DANRE	zgc:56547	309	false	false	Danio rerio	Zgc:56547	2:Experimental evidence at transcript level	3.24	0.9998	0.9981	0.00000000000000	1	1	1	1	1	1	352540.16	352540.16	352540.16			
sp|Q6DHM9|RHOAB_DANRE	Q6DHM9	RHOAB_DANRE	rhoab	193	false	false	Danio rerio	Rho-related GTP-binding protein RhoA-B	1:Experimental evidence at protein level	19.69	0.9997	0.9990	0.00000000000000	3	1	3	3	1	3	9963766.0	311739.06	9963766.0	3C(57.0215),9C(57.0215),9C(57.0215)		
tr|A0A8M1P9E6|A0A8M1P9E6_DANRE	A0A8M1P9E6	A0A8M1P9E6_DANRE	ly6pge	122	false	false	Danio rerio	uncharacterized protein LOC569792 precursor	4:Protein predicted	10.66	0.9997	0.9988	0.00000000000000	1	1	1	1	1	1	831618.3	831618.3	831618.3	2C(57.0215),9C(57.0215)		
tr|A0A8M1Q6T5|A0A8M1Q6T5_DANRE	A0A8M1Q6T5	A0A8M1Q6T5_DANRE	si:ch211-113a14.18	199	false	false	Danio rerio	histone H1-like	3:Protein inferred from homology	34.67	0.9997	0.9989	0.00000000000000	13	0	1	22	0	1	6.0162842E8	0	8.300152E7			tr|A0A8N7TAZ2|A0A8N7TAZ2_DANRE, tr|A0A8N7UY69|A0A8N7UY69_DANRE
tr|A0A8M2BEB4|A0A8M2BEB4_DANRE	A0A8M2BEB4	A0A8M2BEB4_DANRE	atp2b3a	1299	false	false	Danio rerio	Calcium-transporting ATPase	1:Experimental evidence at protein level	1.69	0.9997	0.9989	0.00000000000000	2	0	1	2	0	1	597387.1	0	273003.84			
tr|A1L2A6|A1L2A6_DANRE	A1L2A6	A1L2A6_DANRE	zgc:158742	352	false	false	Danio rerio	Zgc:158742	2:Experimental evidence at transcript level	3.41	0.9997	0.9990	0.00000000000000	1	0	0	1	0	0	506625.56	0	0			
tr|A7MC89|A7MC89_DANRE	A7MC89	A7MC89_DANRE	si:ch211-55g3.6	175	false	false	Danio rerio	Crystallin, gamma M2d16	2:Experimental evidence at transcript level	26.86	0.9997	0.9990	0.00000000000000	4	0	0	7	0	0	5728349.0	0	0			
tr|B8A688|B8A688_DANRE	B8A688	B8A688_DANRE	fa08f12	524	false	false	Danio rerio	Si:ch211-198a12.6	1:Experimental evidence at protein level	1.72	0.9997	0.9972	0.00000000000000	1	1	1	1	1	1	1108847.2	1108847.2	1108847.2			
tr|Q6DGY6|Q6DGY6_DANRE	Q6DGY6	Q6DGY6_DANRE	SEC63-like	751	false	false	Danio rerio	SEC63-like (S. cerevisiae)	1:Experimental evidence at protein level	1.46	0.9997	0.9985	0.00000000000000	1	1	1	1	1	1	0	0	0			
tr|A0A8M2BG62|A0A8M2BG62_DANRE	A0A8M2BG62	A0A8M2BG62_DANRE	cltb	226	false	false	Danio rerio	Clathrin light chain	3:Protein inferred from homology	3.10	0.9996	0.9984	0.00000000000000	1	0	0	1	0	0	511828.38	0	0			
tr|Q7SXU7|Q7SXU7_DANRE	Q7SXU7	Q7SXU7_DANRE	bat1	435	false	false	Danio rerio	RNA helicase	1:Experimental evidence at protein level	2.53	0.9996	0.9978	0.00000000000000	2	0	0	2	0	0	847836.56	0	0			
tr|Q7T383|Q7T383_DANRE	Q7T383	Q7T383_DANRE	rala	206	false	false	Danio rerio	small monomeric GTPase	1:Experimental evidence at protein level	5.34	0.9995	0.9980	0.00000000000000	1	0	1	2	0	2	817685.7	0	817685.7	3M(15.9949)		
tr|A0A8M1NE33|A0A8M1NE33_DANRE	A0A8M1NE33	A0A8M1NE33_DANRE	si:ch211-199o1.2	639	false	false	Danio rerio	Heat shock protein family A (Hsp70) member 1B	1:Experimental evidence at protein level	3.76	0.9994	0.9839	0.00109080992637	2	0	0	2	0	0	1840239.0	0	0			
tr|A0A8N7T6V1|A0A8N7T6V1_DANRE	A0A8N7T6V1	A0A8N7T6V1_DANRE	si:dkey-183i3.5	650	false	false	Danio rerio	thread biopolymer filament subunit alpha	1:Experimental evidence at protein level	1.08	0.9994	0.9953	0.00000000000000	1	0	0	1	0	0	283739.06	0	0			
tr|Q7ZZ56|Q7ZZ56_DANRE	Q7ZZ56	Q7ZZ56_DANRE	si:bz1g13.4	399	false	false	Danio rerio	Phosphatidylinositol 3,4,5-trisphosphate 3-phosphatase and dual-specificity protein phosphatase PTEN	2:Experimental evidence at transcript level	2.51	0.9992	0.9949	0.00000000000000	1	1	1	1	1	1	795520.94	795520.94	795520.94	N-term(42.0106)		
sp|P12081|HARS1_HUMAN	P12081	HARS1_HUMAN	HARS1	509	false	false	Homo sapiens	Histidine--tRNA ligase, cytoplasmic	1:Experimental evidence at protein level	1.38	0.9991	0.9893	0.00027901785714	1	1	1	1	1	1	5380878.0	5380878.0	5380878.0			
tr|A0A8M3AZ36|A0A8M3AZ36_DANRE	A0A8M3AZ36	A0A8M3AZ36_DANRE	arfgef1	1870	false	false	Danio rerio	brefeldin A-inhibited guanine nucleotide-exchange protein 1 isoform X1	1:Experimental evidence at protein level	0.53	0.9991	0.9941	0.00000000000000	1	0	1	1	0	1	0	0	0	4C(57.0215)		
tr|Q5BL99|Q5BL99_DANRE	Q5BL99	Q5BL99_DANRE	dynll2b	89	false	false	Danio rerio	Dynein light chain	1:Experimental evidence at protein level	12.36	0.9990	0.9990	0.00000000000000	1	0	0	1	0	0	0	0	0			
sp|Q15323|K1H1_HUMAN	Q15323	K1H1_HUMAN	KRT31	416	false	false	Homo sapiens	Keratin, type I cuticular Ha1	1:Experimental evidence at protein level	1.68	0.9988	0.9987	0.00000000000000	1	0	0	1	0	0	4424996.0	0	0			
tr|A0A8M1NSV3|A0A8M1NSV3_DANRE	A0A8M1NSV3	A0A8M1NSV3_DANRE	lmf2b	713	false	false	Danio rerio	Lipase maturation factor	1:Experimental evidence at protein level	3.51	0.9988	0.9986	0.00000000000000	1	1	1	1	1	1	0	0	0			
tr|Q6IQ56|Q6IQ56_DANRE	Q6IQ56	Q6IQ56_DANRE	zgc:86943	127	false	false	Danio rerio	Small nuclear ribonucleoprotein Sm D3	1:Experimental evidence at protein level	29.13	0.9987	0.9987	0.00000000000000	2	0	0	2	0	0	3503640.0	0	0			
sp|Q14532|K1H2_HUMAN	Q14532	K1H2_HUMAN	KRT32	448	false	false	Homo sapiens	Keratin, type I cuticular Ha2	1:Experimental evidence at protein level	4.02	0.9986	0.9733	0.00342736620090	2	0	1	2	0	1	4.2871576E7	0	3.844658E7			
tr|Q7T2B5|Q7T2B5_DANRE	Q7T2B5	Q7T2B5_DANRE	wu:fj66f02	512	false	false	Danio rerio	Adenosylhomocysteinase	1:Experimental evidence at protein level	1.56	0.9986	0.9985	0.00000000000000	1	0	0	1	0	0	876946.7	0	0			
tr|Q7ZWI5|Q7ZWI5_DANRE	Q7ZWI5	Q7ZWI5_DANRE	gnai2	347	false	false	Danio rerio	Guanine nucleotide binding protein (G protein), alpha inhibiting activity polypeptide 2	1:Experimental evidence at protein level	5.48	0.9983	0.9982	0.00000000000000	2	0	0	3	0	0	8.275464E7	0	0			
sp|Q5PRA2|DHTK1_DANRE	Q5PRA2	DHTK1_DANRE	dhtkd1	920	false	false	Danio rerio	2-oxoadipate dehydrogenase complex component E1	2:Experimental evidence at transcript level	1.09	0.9981	0.9984	0.00000000000000	1	1	1	1	1	1	0	0	0	8C(57.0215)		
tr|A0A8M9Q2I8|A0A8M9Q2I8_DANRE	A0A8M9Q2I8	A0A8M9Q2I8_DANRE	LOC101884341	535	false	false	Danio rerio	adhesion G protein-coupled receptor L1-like	4:Protein predicted	2.24	0.9980	0.9987	0.00000000000000	1	1	1	1	1	1	0	0	0			
tr|Q803J5|Q803J5_DANRE	Q803J5	Q803J5_DANRE	prkrir	748	false	false	Danio rerio	Prkrir protein	1:Experimental evidence at protein level	1.47	0.9979	0.9940	0.00000000000000	1	1	1	1	1	1	0	0	0	4C(57.0215),9C(57.0215)		
tr|A2RV44|A2RV44_DANRE	A2RV44	A2RV44_DANRE	wu:fb58f07	486	false	false	Danio rerio	Zgc:158846 protein	2:Experimental evidence at transcript level	4.12	0.9978	0.9490	0.00907944514502	3	0	0	3	0	0	3760788.5	0	0			
tr|A8WFS0|A8WFS0_DANRE	A8WFS0	A8WFS0_DANRE	LOC560210	643	false	false	Danio rerio	LOC560210 protein	2:Experimental evidence at transcript level	5.91	0.9975	0.9901	0.00027901785714	3	0	0	3	0	0	2461539.0	0	0			
tr|Q5M9N3|Q5M9N3_DANRE	Q5M9N3	Q5M9N3_DANRE	sfrs6b	355	false	false	Danio rerio	Splicing factor, arginine/serine-rich 6b	1:Experimental evidence at protein level	5.07	0.9974	0.9972	0.00000000000000	2	1	1	2	1	1	3029062.5	218364.3	218364.3			
tr|L0S5L0|L0S5L0_DANRE	L0S5L0	L0S5L0_DANRE	im:6788778	1493	false	false	Danio rerio	Collagen type II, alpha-1b	2:Experimental evidence at transcript level	0.80	0.9970	0.9988	0.00000000000000	1	0	0	1	0	0	171388.78	0	0			
tr|Q1L986|Q1L986_DANRE	Q1L986	Q1L986_DANRE	rab3b	217	false	false	Danio rerio	RAB3B, member RAS oncogene family (Fragment)	1:Experimental evidence at protein level	17.51	0.9968	0.9950	0.00000000000000	4	1	1	4	1	1	1.370025E7	2066309.8	2066309.8	6C(57.0215)		
tr|E7FBI4|E7FBI4_DANRE	E7FBI4	E7FBI4_DANRE	zgc:56630	185	false	false	Danio rerio	small monomeric GTPase	1:Experimental evidence at protein level	19.46	0.9967	0.9965	0.00000000000000	2	0	0	2	0	0	7459847.0	0	0			
tr|Q7ZUL8|Q7ZUL8_DANRE	Q7ZUL8	Q7ZUL8_DANRE	zgc:55558	187	false	false	Danio rerio	small monomeric GTPase	1:Experimental evidence at protein level	29.95	0.9967	0.9966	0.00000000000000	5	1	1	5	1	1	4409511.0	0	0	7C(57.0215)		
tr|B2CZB8|B2CZB8_DANRE	B2CZB8	B2CZB8_DANRE	PMCA2	1253	false	false	Danio rerio	Calcium-transporting ATPase	1:Experimental evidence at protein level	0.88	0.9962	0.9960	0.00000000000000	1	0	0	1	0	0	324383.3	0	0			
tr|Q9YH61|Q9YH61_DANRE	Q9YH61	Q9YH61_DANRE	gsk3a	440	false	false	Danio rerio	[tau protein] kinase	1:Experimental evidence at protein level	2.05	0.9959	0.9975	0.00000000000000	1	0	1	1	0	1	343015.7	0	343015.7			
tr|Q6DGU2|Q6DGU2_DANRE	Q6DGU2	Q6DGU2_DANRE	zgc:92772	218	false	false	Danio rerio	RAB11B, member RAS oncogene family, b	2:Experimental evidence at transcript level	14.68	0.9956	0.9990	0.00000000000000	3	0	0	3	0	0	4319954.0	0	0			tr|Q802D1|Q802D1_DANRE
tr|B2CZB7|B2CZB7_DANRE	B2CZB7	B2CZB7_DANRE	atp2b1b	1240	false	false	Danio rerio	Calcium-transporting ATPase	2:Experimental evidence at transcript level	1.77	0.9954	0.9990	0.00000000000000	2	0	0	2	0	0	1160390.0	0	0			
tr|A0A8M1PZ01|A0A8M1PZ01_DANRE	A0A8M1PZ01	A0A8M1PZ01_DANRE	gnas	419	false	false	Danio rerio	guanine nucleotide-binding protein G(S) subunit alpha isoform X1	1:Experimental evidence at protein level	2.63	0.9953	0.9984	0.00000000000000	1	0	0	1	0	0	8.0000768E7	0	0			tr|A0A8M2BLF1|A0A8M2BLF1_DANRE
tr|F1QE25|F1QE25_DANRE	F1QE25	F1QE25_DANRE	naa15a	867	false	false	Danio rerio	N-alpha-acetyltransferase 15, NatA auxiliary subunit	1:Experimental evidence at protein level	1.50	0.9953	0.9950	0.00000000000000	1	1	1	1	1	1	0	0	0			
tr|Q90WX6|Q90WX6_DANRE	Q90WX6	Q90WX6_DANRE	wu:fk56e06	350	false	false	Danio rerio	Guanine nucleotide-binding protein (G protein), alpha transducing activity polypeptide 1	1:Experimental evidence at protein level	8.00	0.9950	0.9989	0.00000000000000	3	0	0	4	0	0	9.1717704E7	0	0			
tr|A0A8M2BEV5|A0A8M2BEV5_DANRE	A0A8M2BEV5	A0A8M2BEV5_DANRE	rab3c	224	false	false	Danio rerio	Ras-related protein Rab-3	1:Experimental evidence at protein level	13.39	0.9947	0.9988	0.00000000000000	3	0	0	3	0	0	1.3700249E7	0	0			
tr|Q5EB15|Q5EB15_DANRE	Q5EB15	Q5EB15_DANRE	zgc:110738	470	false	false	Danio rerio	Peptidase (Mitochondrial processing) beta	1:Experimental evidence at protein level	1.91	0.9946	0.9981	0.00000000000000	1	0	0	1	0	0	2755211.5	0	0			
tr|Q7ZVP2|Q7ZVP2_DANRE	Q7ZVP2	Q7ZVP2_DANRE	wu:fi16g01	221	false	false	Danio rerio	RAB5C, member RAS oncogene family	1:Experimental evidence at protein level	14.48	0.9946	0.9988	0.00000000000000	3	0	0	3	0	0	3385575.2	0	0			
tr|E7FA22|E7FA22_DANRE	E7FA22	E7FA22_DANRE	si:ch211-251p5.5	173	false	false	Danio rerio	Protein tyrosine phosphatase 4A3b	1:Experimental evidence at protein level	12.14	0.9945	0.9972	0.00000000000000	1	1	1	1	1	1	1251594.6	1251594.6	1251594.6			
tr|Q58EC1|Q58EC1_DANRE	Q58EC1	Q58EC1_DANRE	im:6971267	434	false	false	Danio rerio	Snx4 protein	1:Experimental evidence at protein level	4.38	0.9939	0.9973	0.00000000000000	1	1	1	1	1	1	0	0	0	17M(15.9949)		
tr|Q642J1|Q642J1_DANRE	Q642J1	Q642J1_DANRE	zgc:103752	108	false	false	Danio rerio	peptidylprolyl isomerase	1:Experimental evidence at protein level	15.74	0.9932	0.9985	0.00000000000000	1	0	0	1	0	0	585244.94	0	0			
tr|A0A8M9QDG2|A0A8M9QDG2_DANRE	A0A8M9QDG2	A0A8M9QDG2_DANRE	mink1	1314	false	false	Danio rerio	misshapen-like kinase 1 isoform X1	1:Experimental evidence at protein level	0.91	0.9930	0.9985	0.00000000000000	1	0	0	1	0	0	1666349.5	0	0			
tr|Q90X33|Q90X33_DANRE	Q90X33	Q90X33_DANRE	atp[a]1A1	1024	false	false	Danio rerio	Sodium/potassium-transporting ATPase subunit alpha	1:Experimental evidence at protein level	9.38	0.9927	0.9715	0.00367261280168	7	0	0	10	0	0	5.4302168E7	0	0			
sp|Q6TEN1|RAP1B_DANRE	Q6TEN1	RAP1B_DANRE	rap1b	184	false	false	Danio rerio	Ras-related protein Rap-1b	2:Experimental evidence at transcript level	19.57	0.9922	0.9918	0.00027901785714	2	0	0	2	0	0	7459847.0	0	0			
tr|Q1RLQ4|Q1RLQ4_DANRE	Q1RLQ4	Q1RLQ4_DANRE	fa96d06	440	false	false	Danio rerio	C-terminal-binding protein 1	1:Experimental evidence at protein level	5.23	0.9919	0.9916	0.00027901785714	2	0	0	2	0	0	3558593.0	0	0			
tr|E7F293|E7F293_DANRE	E7F293	E7F293_DANRE	celf3b	442	false	false	Danio rerio	CUGBP Elav-like family member 3	3:Protein inferred from homology	2.26	0.9917	0.9982	0.00000000000000	1	0	0	1	0	0	516139.28	0	0			
tr|A0A8M9QIA6|A0A8M9QIA6_DANRE	A0A8M9QIA6	A0A8M9QIA6_DANRE	LOC110439971	90	false	false	Danio rerio	histone H2B 1/2-like	3:Protein inferred from homology	40.00	0.9916	0.9575	0.00793447658050	5	0	0	7	0	0	2.08210074E9	0	0			
sp|Q6PE18|P4K2A_DANRE	Q6PE18	P4K2A_DANRE	pi4k2a	447	false	false	Danio rerio	Phosphatidylinositol 4-kinase type 2-alpha	2:Experimental evidence at transcript level	2.01	0.9909	0.9890	0.00027901785714	1	1	1	1	1	1	0	0	0			
tr|Q6DC00|Q6DC00_DANRE	Q6DC00	Q6DC00_DANRE	zgc:100851	322	false	false	Danio rerio	Sidoreflexin	1:Experimental evidence at protein level	4.35	0.9904	0.9842	0.00109080992637	1	1	1	1	1	1	496591.38	496591.38	496591.38	N-term(42.0106)		
tr|Q6NWK7|Q6NWK7_DANRE	Q6NWK7	Q6NWK7_DANRE	tuba1	451	false	false	Danio rerio	Tubulin alpha chain	2:Experimental evidence at transcript level	58.09	0.9901	0.9990	0.00000000000000	23	0	0	35	0	0	1.56314784E8	0	0			
tr|A0A8M1N038|A0A8M1N038_DANRE	A0A8M1N038	A0A8M1N038_DANRE	elavl2	389	false	false	Danio rerio	ELAV-like protein	1:Experimental evidence at protein level	1.80	0.9900	0.9978	0.00000000000000	1	0	0	1	0	0	186582.47	0	0			
tr|A9JTC8|A9JTC8_DANRE	A9JTC8	A9JTC8_DANRE	gnai3	354	false	false	Danio rerio	Gnai3 protein	1:Experimental evidence at protein level	5.37	0.9873	0.9990	0.00000000000000	2	0	0	3	0	0	8.275464E7	0	0			
tr|A4QN79|A4QN79_DANRE	A4QN79	A4QN79_DANRE	si:dkey-251i10.1	299	false	false	Danio rerio	ADP/ATP translocase	1:Experimental evidence at protein level	19.06	0.9872	0.9866	0.00082712985939	6	0	0	7	0	0	3.570312E7	0	0			
tr|Q6P977|Q6P977_DANRE	Q6P977	Q6P977_DANRE	zgc:73061	213	false	false	Danio rerio	RAB42, member RAS oncogene family a	2:Experimental evidence at transcript level	9.86	0.9819	0.9960	0.00000000000000	2	1	1	2	1	1	4811575.0	0	0	N-term(42.0106)		
tr|Q7ZUW5|Q7ZUW5_DANRE	Q7ZUW5	Q7ZUW5_DANRE	rab5a	216	false	false	Danio rerio	RAB5A, member RAS oncogene family	1:Experimental evidence at protein level	23.61	0.9819	0.9811	0.00135244793075	4	0	0	5	0	0	5922819.0	0	0			
tr|Q6NYT9|Q6NYT9_DANRE	Q6NYT9	Q6NYT9_DANRE	cb828	289	false	false	Danio rerio	Orthodenticle homolog 5	2:Experimental evidence at transcript level	4.15	0.9812	0.9990	0.00000000000000	1	1	1	1	1	1	0	0	0			
tr|Q6Q416|Q6Q416_DANRE	Q6Q416	Q6Q416_DANRE	zgc:110139	155	false	false	Danio rerio	60S ribosomal protein L23a	1:Experimental evidence at protein level	8.39	0.9811	0.9990	0.00000000000000	1	1	1	1	1	1	208422.56	208422.56	208422.56			
tr|Q4V8Q5|Q4V8Q5_DANRE	Q4V8Q5	Q4V8Q5_DANRE	sfrs7	178	false	false	Danio rerio	Serine and arginine-rich-splicing factor 7b	1:Experimental evidence at protein level	5.06	0.9806	0.9957	0.00000000000000	1	0	0	1	0	0	7373510.0	0	0			
tr|Q6DGB3|Q6DGB3_DANRE	Q6DGB3	Q6DGB3_DANRE	zgc:100889	201	false	false	Danio rerio	RAB30, member RAS oncogene family	2:Experimental evidence at transcript level	10.95	0.9806	0.9989	0.00000000000000	2	1	1	2	1	1	4811575.0	0	0	7C(57.0215)		
tr|A0A8M1RND7|A0A8M1RND7_DANRE	A0A8M1RND7	A0A8M1RND7_DANRE	mapkap1	527	false	false	Danio rerio	Target of rapamycin complex 2 subunit MAPKAP1	1:Experimental evidence at protein level	2.66	0.9805	0.9989	0.00000000000000	1	1	1	1	1	1	0	0	0	N-term(42.0106)		
tr|Q7ZTT0|Q7ZTT0_DANRE	Q7ZTT0	Q7ZTT0_DANRE	zgc:56685	140	false	false	Danio rerio	Histone H2A	1:Experimental evidence at protein level	11.43	0.9800	0.9905	0.00027901785714	2	0	0	2	0	0	1.77776282E9	0	0			
tr|A0A8M2BIC0|A0A8M2BIC0_DANRE	A0A8M2BIC0	A0A8M2BIC0_DANRE	LOC101884937	684	false	false	Danio rerio	adhesion G protein-coupled receptor L1-like	4:Protein predicted	1.61	0.9798	0.9929	0.00000000000000	1	1	1	1	1	1	0	0	0			
tr|Q7ZTT8|Q7ZTT8_DANRE	Q7ZTT8	Q7ZTT8_DANRE	ndufa4l	82	false	false	Danio rerio	NADH dehydrogenase (Ubiquinone) 1 alpha subcomplex 4, like	1:Experimental evidence at protein level	12.20	0.9784	0.9988	0.00000000000000	1	1	1	1	1	1	879660.1	879660.1	879660.1			
tr|X1WCQ3|X1WCQ3_DANRE	X1WCQ3	X1WCQ3_DANRE	sv2bb	687	false	false	Danio rerio	Synaptic vesicle glycoprotein 2Bb	1:Experimental evidence at protein level	2.62	0.9783	0.9988	0.00000000000000	1	1	1	1	1	1	1759163.2	1759163.2	1759163.2	12C(57.0215)		
tr|A0A8M2BKX2|A0A8M2BKX2_DANRE	A0A8M2BKX2	A0A8M2BKX2_DANRE	kdm3b	1824	false	false	Danio rerio	Lysine-specific demethylase	1:Experimental evidence at protein level	0.55	0.9760	0.9726	0.00342736620090	1	1	1	1	1	1	252469.95	252469.95	252469.95	N-term(42.0106)		
sp|Q6DHC1|RB18B_DANRE	Q6DHC1	RB18B_DANRE	rab18b	205	false	false	Danio rerio	Ras-related protein Rab-18-B	2:Experimental evidence at transcript level	5.37	0.9723	0.9985	0.00000000000000	1	0	1	1	0	1	644858.5	0	644858.5			tr|Q6P129|Q6P129_DANRE
tr|Q7ZSZ0|Q7ZSZ0_DANRE	Q7ZSZ0	Q7ZSZ0_DANRE	rab1a	201	false	false	Danio rerio	RAB1A, member RAS oncogene family	2:Experimental evidence at transcript level	10.95	0.9720	0.9758	0.00265533722783	2	0	0	2	0	0	1.1084848E7	0	0			
sp|P61485|RL36A_DANRE	P61485	RL36A_DANRE	rpl36a	106	false	false	Danio rerio	60S ribosomal protein L36a	1:Experimental evidence at protein level	8.49	0.9639	0.9980	0.00000000000000	1	1	1	1	1	1	483658.9	483658.9	483658.9	3C(57.0215),8C(57.0215)		
sp|A7MBS7|THS7A_DANRE	A7MBS7	THS7A_DANRE	thsd7aa	1686	false	false	Danio rerio	Thrombospondin type-1 domain-containing protein 7A	1:Experimental evidence at protein level	1.48	0.9443	0.9812	0.00135244793075	1	1	1	1	1	1	0	0	0	14C(57.0215),18C(57.0215),3C(57.0215)		
tr|A0A2R8Q7B6|A0A2R8Q7B6_DANRE	A0A2R8Q7B6	A0A2R8Q7B6_DANRE	tanc2a	1995	false	false	Danio rerio	Tetratricopeptide repeat, ankyrin repeat and coiled-coil-containing 2a	4:Protein predicted	1.20	0.9304	0.9690	0.00417645523362	2	1	2	2	1	2	1854998.1	0	1854998.1			
tr|A0A8M3APQ1|A0A8M3APQ1_DANRE	A0A8M3APQ1	A0A8M3APQ1_DANRE	kif1ab	1799	false	false	Danio rerio	kinesin-like protein KIF1A isoform X1	3:Protein inferred from homology	0.83	0.9207	0.9984	0.00000000000000	1	0	1	1	0	1	429391.22	0	429391.22			tr|A0A8M9QG12|A0A8M9QG12_DANRE
sp|A4VCH4|VP35L_DANRE	A4VCH4	VP35L_DANRE	vps35l	963	false	false	Danio rerio	VPS35 endosomal protein-sorting factor-like	2:Experimental evidence at transcript level	1.45	0.9079	0.9630	0.00721277691911	1	1	1	1	1	1	0	0	0			
tr|Q0P4E8|Q0P4E8_DANRE	Q0P4E8	Q0P4E8_DANRE	zgc:152998	55	false	false	Danio rerio	Mitochondrial import receptor subunit TOM7 homolog	1:Experimental evidence at protein level	25.45	0.9019	0.9942	0.00000000000000	1	1	1	1	1	1	0	0	0			
tr|B1B5D9|B1B5D9_DANRE	B1B5D9	B1B5D9_DANRE	nSMase2	684	false	false	Danio rerio	sphingomyelin phosphodiesterase	2:Experimental evidence at transcript level	2.63	0.8999	0.9940	0.00000000000000	1	1	1	1	1	1	0	0	0	10C(57.0215),3C(57.0215)		
tr|A0A8M6Z2N0|A0A8M6Z2N0_DANRE	A0A8M6Z2N0	A0A8M6Z2N0_DANRE	LOC100536182	551	false	false	Danio rerio	E3 ubiquitin/ISG15 ligase TRIM25-like	4:Protein predicted	2.00	0.8886	0.9746	0.00291159343568	1	0	0	1	0	0	0	0	0			
tr|Q7T366|Q7T366_DANRE	Q7T366	Q7T366_DANRE	wu:fc33b02	212	false	false	Danio rerio	Golgi SNAP receptor complex member 2	1:Experimental evidence at protein level	4.72	0.8812	0.9928	0.00027901785714	1	1	1	1	1	1	457455.75	457455.75	457455.75			
tr|E7FG54|E7FG54_DANRE	E7FG54	E7FG54_DANRE	myl2a	169	false	false	Danio rerio	Myosin regulatory light chain 2a	1:Experimental evidence at protein level	10.65	0.8416	0.9605	0.00721277691911	1	0	0	1	0	0	0	0	0			
sp|Q68EK7|RAB4B_DANRE	Q68EK7	RAB4B_DANRE	rab4b	213	false	false	Danio rerio	Ras-related protein Rab-4B	2:Experimental evidence at transcript level	5.16	0.8391	0.9898	0.00027901785714	1	0	0	1	0	0	4811575.0	0	0			sp|Q6PHI9|RAB4A_DANRE
tr|A0A8M1NS15|A0A8M1NS15_DANRE	A0A8M1NS15	A0A8M1NS15_DANRE	si:dkey-37o8.1	458	false	false	Danio rerio	Elongation factor 1-alpha	1:Experimental evidence at protein level	1.97	0.8319	0.9577	0.00793447658050	1	0	0	1	0	0	8740121.0	0	0			
tr|A0A8M3BF01|A0A8M3BF01_DANRE	A0A8M3BF01	A0A8M3BF01_DANRE	rab9b	202	false	false	Danio rerio	RAB9B, member RAS oncogene family	3:Protein inferred from homology	5.45	0.8011	0.9868	0.00082712985939	1	0	1	1	0	1	388079.6	0	388079.6			tr|Q0P458|Q0P458_DANRE
tr|A4FVJ5|A4FVJ5_DANRE	A4FVJ5	A4FVJ5_DANRE	fj64c01	377	false	false	Danio rerio	Guanine nucleotide binding protein (G protein), alpha 13b	1:Experimental evidence at protein level	2.92	0.7796	0.9850	0.00082712985939	1	0	0	1	0	0	8.0000768E7	0	0			
tr|A0A8M1RT23|A0A8M1RT23_DANRE	A0A8M1RT23	A0A8M1RT23_DANRE	LOC100537809	744	false	false	Danio rerio	ATP-binding cassette sub-family D member 2	4:Protein predicted	1.61	0.6989	0.9773	0.00213106020245	1	0	1	1	0	1	0	0	0			tr|A0A8M2BLU3|A0A8M2BLU3_DANRE
tr|A0A8M1QLP7|A0A8M1QLP7_DANRE	A0A8M1QLP7	A0A8M1QLP7_DANRE	nup188	1732	false	false	Danio rerio	nucleoporin NUP188 homolog	1:Experimental evidence at protein level	0.52	0.6943	0.9768	0.00213106020245	1	1	1	1	1	1	0	0	0			
tr|Q7ZUJ3|Q7ZUJ3_DANRE	Q7ZUJ3	Q7ZUJ3_DANRE	zgc:86614	127	false	false	Danio rerio	Mitochondrial pyruvate carrier	1:Experimental evidence at protein level	7.87	0.6936	0.9768	0.00213106020245	1	1	1	1	1	1	348712.44	348712.44	348712.44	8M(15.9949)		
tr|A0A8M1RT70|A0A8M1RT70_DANRE	A0A8M1RT70	A0A8M1RT70_DANRE	nlrc5	1746	false	false	Danio rerio	protein NLRC5 isoform X1	4:Protein predicted	1.66	0.6430	0.9709	0.00367261280168	1	1	1	1	1	1	0	0	0	5C(57.0215)		
tr|A0A8M9QEL8|A0A8M9QEL8_DANRE	A0A8M9QEL8	A0A8M9QEL8_DANRE	si:ch211-48m9.1	1145	false	false	Danio rerio	Anion exchange protein	3:Protein inferred from homology	0.96	0.6079	0.9664	0.00598023920957	1	1	1	1	1	1	0	0	0			
sp|A0A2R8Q3S9|CLCC1_DANRE	A0A2R8Q3S9	CLCC1_DANRE	clcc1	609	false	false	Danio rerio	Chloride channel CLIC-like protein 1	2:Experimental evidence at transcript level	2.79	0.5820	0.9627	0.00721277691911	1	1	1	1	1	1	0	0	0			
sp|A3KGT9|GPT3L_DANRE	A3KGT9	GPT3L_DANRE	agpat9l	443	false	false	Danio rerio	Glycerol-3-phosphate acyltransferase 3-like	3:Protein inferred from homology	2.93	0.5819	0.9627	0.00721277691911	1	1	1	1	1	1	3198046.8	3198046.8	3198046.8			
tr|A5PLC1|A5PLC1_DANRE	A5PLC1	A5PLC1_DANRE	kdelc2	518	false	false	Danio rerio	KDEL motif-containing protein 2	1:Experimental evidence at protein level	2.51	0.5779	0.9621	0.00721277691911	1	1	1	1	1	1	211824.05	211824.05	211824.05			
sp|Q4V8S9|BORC7_DANRE	Q4V8S9	BORC7_DANRE	borcs7	103	false	false	Danio rerio	BLOC-1-related complex subunit 7	3:Protein inferred from homology	9.71	0.5659	0.9603	0.00721277691911	1	1	1	1	1	1	146563.67	146563.67	146563.67			
sp|Q568T5|CHODL_DANRE	Q568T5	CHODL_DANRE	chodl	296	false	false	Danio rerio	Chondrolectin	2:Experimental evidence at transcript level	5.41	0.5452	0.9570	0.00793447658050	1	1	1	1	1	1	596743.8	596743.8	596743.8	11C(57.0215),3C(57.0215)		
tr|A0A8M9QPJ3|A0A8M9QPJ3_DANRE	A0A8M9QPJ3	A0A8M9QPJ3_DANRE	gabrp	464	false	false	Danio rerio	Gamma-aminobutyric acid type A receptor subunit pi	3:Protein inferred from homology	2.16	0.5175	0.9522	0.00885851683118	1	1	1	1	1	1	6780492.5	6780492.5	6780492.5			
tr|A0A8M9Q6E6|A0A8M9Q6E6_DANRE	A0A8M9Q6E6	A0A8M9Q6E6_DANRE	LOC103908715	742	false	false	Danio rerio	verrucotoxin subunit beta-like	4:Protein predicted	1.62	0.4978	0.9484	0.00907944514502	1	1	1	1	1	1	240655.89	240655.89	240655.89			
tr|A0JMP2|A0JMP2_DANRE	A0JMP2	A0JMP2_DANRE	zgc:154091	361	false	false	Danio rerio	Protein phosphatase, Mg2+/Mn2+-dependent, 1La	1:Experimental evidence at protein level	2.77	0.4916	0.9472	0.00931989924433	1	1	1	1	1	1	0	0	0			
