Protein	Protein ID	Entry Name	Gene	Length	Is Decoy	Is Contaminant	Organism	Protein Description	Protein Existence	Coverage	Protein Probability	Top Peptide Probability	Protein Qvalue	Total Peptides	Unique Peptides	Razor Peptides	Total Spectral Count	Unique Spectral Count	Razor Spectral Count	Total Intensity	Unique Intensity	Razor Intensity	Razor Assigned Modifications	Razor Observed Modifications	Indistinguishable Proteins
sp|A3QK16|ERLN2_DANRE	A3QK16	ERLN2_DANRE	erlin2	331	false	false	Danio rerio	Erlin-2	2:Experimental evidence at transcript level	3.02	1.0000	0.9988	0.00000000000000	1	0	0	1	0	0	1188511.1	0	0			
sp|F1QGH7|CTNB1_DANRE	F1QGH7	CTNB1_DANRE	ctnnb1	780	false	false	Danio rerio	Catenin beta-1	1:Experimental evidence at protein level	3.08	1.0000	0.9990	0.00000000000000	2	0	2	2	0	2	1250832.5	0	1250832.5	5C(57.0215)		
sp|F1QGH9|PS11B_DANRE	F1QGH9	PS11B_DANRE	psmd11b	422	false	false	Danio rerio	26S proteasome non-ATPase regulatory subunit 11B	2:Experimental evidence at transcript level	4.27	1.0000	0.9983	0.00000000000000	2	2	2	2	2	2	1.0705415E7	1.0705415E7	1.0705415E7	4M(15.9949),N-term(42.0106)		
sp|O57521|HS90B_DANRE	O57521	HS90B_DANRE	hsp90ab1	725	false	false	Danio rerio	Heat shock protein HSP 90-beta	1:Experimental evidence at protein level	5.52	1.0000	0.9990	0.00000000000000	3	1	3	3	1	3	2.6344904E7	0	2.6344904E7			
sp|O77727|K1C15_SHEEP	O77727	K1C15_SHEEP	KRT15	453	false	false	Ovis aries	Keratin, type I cytoskeletal 15	2:Experimental evidence at transcript level	16.56	1.0000	0.9990	0.00000000000000	9	4	4	11	4	4	7.3953632E8	1.6239878E7	1.6239878E7	5M(15.9949)		
sp|P00760|TRY1_BOVIN	P00760	TRY1_BOVIN	PRSS1	246	false	false	Bos taurus	Serine protease 1	1:Experimental evidence at protein level	17.89	1.0000	0.9990	0.00000000000000	2	2	2	3	3	3	2.412144E7	2.412144E7	2.412144E7	12C(57.0215),23C(57.0215)		
sp|P00761|TRYP_PIG	P00761	TRYP_PIG		231	false	false	Sus scrofa	Trypsin	1:Experimental evidence at protein level	51.52	1.0000	0.9990	0.00000000000000	10	10	10	15	15	15	1.77637709E9	1.77637709E9	1.77637709E9	12C(57.0215),12C(57.0215),17M(15.9949),17M(15.9949),2C(57.0215),2C(57.0215),2C(57.0215),9C(57.0215),2C(57.0215),9C(57.0215),37M(15.9949),9C(57.0215)		
sp|P00883|ALDOA_RABIT	P00883	ALDOA_RABIT	ALDOA	364	false	false	Oryctolagus cuniculus	Fructose-bisphosphate aldolase A	1:Experimental evidence at protein level	7.14	1.0000	0.9977	0.00000000000000	1	0	0	1	0	0	2869374.0	0	0			
sp|P02662|CASA1_BOVIN	P02662	CASA1_BOVIN	CSN1S1	214	false	false	Bos taurus	Alpha-S1-casein	1:Experimental evidence at protein level	10.28	1.0000	0.9990	0.00000000000000	2	2	2	2	2	2	1182756.6	1182756.6	1182756.6			
sp|P02768|ALBU_HUMAN	P02768	ALBU_HUMAN	ALB	609	false	false	Homo sapiens	Albumin	1:Experimental evidence at protein level	25.62	1.0000	0.9989	0.00000000000000	15	8	8	19	8	8	2.16276193E10	1.0004611E7	1.0004611E7	10C(57.0215),11C(57.0215),13C(57.0215),5C(57.0215),6C(57.0215),14C(57.0215),22C(57.0215),30C(57.0215),3C(57.0215)		
sp|P02769|ALBU_BOVIN	P02769	ALBU_BOVIN	ALB	607	false	false	Bos taurus	Albumin	1:Experimental evidence at protein level	92.42	1.0000	0.9990	0.00000000000000	107	100	107	198	187	198	3.767561E10	3.2442583E10	3.767561E10	10C(57.0215),11C(57.0215),10C(57.0215),11C(57.0215),10C(57.0215),18C(57.0215),9C(57.0215),10C(57.0215),18C(57.0215),9C(57.0215),10C(57.0215),18C(57.0215),9C(57.0215),10C(57.0215),18C(57.0215),9C(57.0215),10C(57.0215),1C(57.0215),2C(57.0215),10C(57.0215),1C(57.0215),2C(57.0215),10C(57.0215),1C(57.0215),2C(57.0215),10C(57.0215),20C(57.0215),6M(15.9949),9C(57.0215),10C(57.0215),20C(57.0215),9C(57.0215),10C(57.0215),20C(57.0215),9C(57.0215),10C(57.0215),2C(57.0215),3C(57.0215),10C(57.0215),2C(57.0215),3C(57.0215),10C(57.0215),2C(57.0215),3C(57.0215),10C(57.0215),2C(57.0215),3C(57.0215),10C(57.0215),2C(57.0215),3C(57.0215),10C(57.0215),6M(15.9949),9C(57.0215),10C(57.0215),6M(15.9949),9C(57.0215),10C(57.0215),6M(15.9949),9C(57.0215),10C(57.0215),9C(57.0215),10C(57.0215),9C(57.0215),10C(57.0215),9C(57.0215),10C(57.0215),9C(57.0215),10C(57.0215),9C(57.0215),10C(57.0215),9C(57.0215),10M(15.9949),12C(57.0215),1C(57.0215),2C(57.0215),10M(15.9949),12C(57.0215),1C(57.0215),2C(57.0215),11C(57.0215),11C(57.0215),11C(57.0215),11C(57.0215),24C(57.0215),2C(57.0215),11C(57.0215),24C(57.0215),2C(57.0215),11C(57.0215),2C(57.0215),11C(57.0215),2C(57.0215),11M(15.9949),14C(57.0215),15C(57.0215),11M(15.9949),14C(57.0215),15C(57.0215),12C(57.0215),13C(57.0215),12C(57.0215),13C(57.0215),12C(57.0215),13C(57.0215),21C(57.0215),12C(57.0215),13C(57.0215),21C(57.0215),12C(57.0215),1C(57.0215),2C(57.0215),12C(57.0215),1C(57.0215),2C(57.0215),12C(57.0215),1C(57.0215),2C(57.0215),12C(57.0215),1C(57.0215),2C(57.0215),12C(57.0215),21C(57.0215),12C(57.0215),21C(57.0215),13C(57.0215),14C(57.0215),13C(57.0215),14C(57.0215),22C(57.0215),13C(57.0215),14C(57.0215),22C(57.0215),13C(57.0215),14C(57.0215),22C(57.0215),3M(15.9949),13C(57.0215),14C(57.0215),22C(57.0215),3M(15.9949),13C(57.0215),5C(57.0215),6C(57.0215),13C(57.0215),5C(57.0215),6C(57.0215),13C(57.0215),5C(57.0215),6C(57.0215),13C(57.0215),5C(57.0215),6C(57.0215),13C(57.0215),5C(57.0215),6C(57.0215),14C(57.0215),14C(57.0215),14C(57.0215),14C(57.0215),14C(57.0215),14C(57.0215),14C(57.0215),14C(57.0215),15C(57.0215),14C(57.0215),15C(57.0215),14C(57.0215),15C(57.0215),14C(57.0215),15C(57.0215),16C(57.0215),5C(57.0215),6C(57.0215),16C(57.0215),5C(57.0215),6C(57.0215),17C(57.0215),8C(57.0215),9C(57.0215),17C(57.0215),8C(57.0215),9C(57.0215),1C(57.0215),1C(57.0215),1C(57.0215),2C(57.0215),1C(57.0215),2C(57.0215),1C(57.0215),2C(57.0215),1M(15.9949),3C(57.0215),1M(15.9949),3C(57.0215),21C(57.0215),21C(57.0215),21C(57.0215),21C(57.0215),22C(57.0215),23C(57.0215),24C(57.0215),23C(57.0215),24C(57.0215),32C(57.0215),24C(57.0215),24C(57.0215),25C(57.0215),2C(57.0215),2C(57.0215),2C(57.0215),2C(57.0215),3C(57.0215),2C(57.0215),3C(57.0215),30C(57.0215),3C(57.0215),3C(57.0215),3C(57.0215),3C(57.0215),3C(57.0215),3C(57.0215),3C(57.0215),3C(57.0215),3C(57.0215),3C(57.0215),3C(57.0215),3C(57.0215),3C(57.0215),3C(57.0215),3C(57.0215),3C(57.0215),3C(57.0215),3C(57.0215),3C(57.0215),3C(57.0215),3C(57.0215),3C(57.0215),3C(57.0215),3M(15.9949),3M(15.9949),4C(57.0215),5C(57.0215),4C(57.0215),5C(57.0215),4C(57.0215),5C(57.0215),4C(57.0215),5C(57.0215),5C(57.0215),6C(57.0215),5C(57.0215),6C(57.0215),6C(57.0215),6C(57.0215),6C(57.0215),6C(57.0215),6C(57.0215),8C(57.0215),8C(57.0215),8C(57.0215),8C(57.0215),9C(57.0215),8C(57.0215),9C(57.0215),9C(57.0215),9C(57.0215),9C(57.0215),9C(57.0215),9C(57.0215),9C(57.0215),9C(57.0215),9C(57.0215),9C(57.0215),9C(57.0215),9C(57.0215),9C(57.0215),9C(57.0215)		
sp|P04264|K2C1_HUMAN	P04264	K2C1_HUMAN	KRT1	644	false	false	Homo sapiens	Keratin, type II cytoskeletal 1	1:Experimental evidence at protein level	67.55	1.0000	0.9990	0.00000000000000	43	39	43	65	60	65	9.9875238E8	5.9934816E8	9.9875238E8	1M(15.9949),5C(57.0215),1M(15.9949),5C(57.0215),4C(57.0215),4C(57.0215),5C(57.0215),5M(15.9949),6M(15.9949),7M(15.9949),9M(15.9949),9M(15.9949)		
sp|P07339|CATD_HUMAN	P07339	CATD_HUMAN	CTSD	412	false	false	Homo sapiens	Cathepsin D	1:Experimental evidence at protein level	2.67	1.0000	0.9990	0.00000000000000	2	1	2	1	0	1	1042567.75	686425.44	1042567.75			
sp|P09211|GSTP1_HUMAN	P09211	GSTP1_HUMAN	GSTP1	210	false	false	Homo sapiens	Glutathione S-transferase P	1:Experimental evidence at protein level	14.76	1.0000	0.9989	0.00000000000000	2	2	2	2	2	2	2596902.8	2596902.8	2596902.8			
sp|P10599|THIO_HUMAN	P10599	THIO_HUMAN	TXN	105	false	false	Homo sapiens	Thioredoxin	1:Experimental evidence at protein level	26.67	1.0000	0.9990	0.00000000000000	2	2	2	2	2	2	853004.56	853004.56	853004.56	24C(57.0215),27C(57.0215)		
sp|P13104|TPM1_DANRE	P13104	TPM1_DANRE	tpma	284	false	false	Danio rerio	Tropomyosin alpha-1 chain	2:Experimental evidence at transcript level	25.35	1.0000	0.9990	0.00000000000000	7	1	7	8	1	8	2.5689932E7	0	2.5689932E7			
sp|P13645|K1C10_HUMAN	P13645	K1C10_HUMAN	KRT10	584	false	false	Homo sapiens	Keratin, type I cytoskeletal 10	1:Experimental evidence at protein level	61.47	1.0000	0.9990	0.00000000000000	37	30	37	61	52	61	8.9063942E8	8.9063942E8	8.9063942E8	10C(57.0215),11M(15.9949),11M(15.9949),14M(15.9949),26C(57.0215),26M(15.9949),2C(57.0215),3M(15.9949),5C(57.0215),5C(57.0215),5M(15.9949),5M(15.9949),5M(15.9949),5M(15.9949),5M(15.9949),6M(15.9949),7C(57.0215)		
sp|P35527|K1C9_HUMAN	P35527	K1C9_HUMAN	KRT9	623	false	false	Homo sapiens	Keratin, type I cytoskeletal 9	1:Experimental evidence at protein level	67.58	1.0000	0.9990	0.00000000000000	31	30	30	40	39	39	2.98771808E8	1.91661312E8	1.91661312E8	15M(15.9949),2C(57.0215),7M(15.9949),3M(15.9949),5C(57.0215),5C(57.0215),5M(15.9949),5M(15.9949),5M(15.9949),5M(15.9949),8M(15.9949)		
sp|P35908|K22E_HUMAN	P35908	K22E_HUMAN	KRT2	639	false	false	Homo sapiens	Keratin, type II cytoskeletal 2 epidermal	1:Experimental evidence at protein level	84.04	1.0000	0.9990	0.00000000000000	49	44	46	75	69	71	8.5127219E8	3.97661696E8	3.97661696E8	10M(15.9949),23M(15.9949),23M(15.9949),6M(15.9949),7C(57.0215),7M(15.9949),7M(15.9949),7M(15.9949),7M(15.9949),8C(57.0215),8C(57.0215),9M(15.9949),N-term(42.0106),2C(57.0215),6C(57.0215)		
sp|P61626|LYSC_HUMAN	P61626	LYSC_HUMAN	LYZ	148	false	false	Homo sapiens	Lysozyme C	1:Experimental evidence at protein level	27.03	1.0000	0.9990	0.00000000000000	2	2	2	2	2	2	5076215.5	5076215.5	5076215.5	12C(57.0215),26C(57.0215),8C(57.0215)		
sp|P62084|RS7_DANRE	P62084	RS7_DANRE	rps7	194	false	false	Danio rerio	40S ribosomal protein S7	1:Experimental evidence at protein level	6.19	1.0000	0.9990	0.00000000000000	1	1	1	1	1	1	2158460.8	2158460.8	2158460.8			
sp|P62247|RS8_DANRE	P62247	RS8_DANRE	rps8	208	false	false	Danio rerio	40S ribosomal protein S8	1:Experimental evidence at protein level	17.79	1.0000	0.9990	0.00000000000000	3	2	3	3	2	3	5414652.5	3843745.5	5414652.5			
sp|P62937|PPIA_HUMAN	P62937	PPIA_HUMAN	PPIA	165	false	false	Homo sapiens	Peptidyl-prolyl cis-trans isomerase A	1:Experimental evidence at protein level	7.27	1.0000	0.9990	0.00000000000000	1	1	1	1	1	1	5109337.0	5109337.0	5109337.0			
sp|P68871|HBB_HUMAN	P68871	HBB_HUMAN	HBB	147	false	false	Homo sapiens	Hemoglobin subunit beta	1:Experimental evidence at protein level	12.93	1.0000	0.9986	0.00000000000000	2	2	2	2	2	2	2343949.2	2343949.2	2343949.2			
sp|P79735|RAN_DANRE	P79735	RAN_DANRE	ran	215	false	false	Danio rerio	GTP-binding nuclear protein Ran	2:Experimental evidence at transcript level	6.51	1.0000	0.9990	0.00000000000000	1	1	1	1	1	1	648536.7	648536.7	648536.7			
sp|Q06830|PRDX1_HUMAN	Q06830	PRDX1_HUMAN	PRDX1	199	false	false	Homo sapiens	Peroxiredoxin-1	1:Experimental evidence at protein level	16.58	1.0000	0.9984	0.00000000000000	3	1	1	4	1	1	1.4471559E7	2264520.5	2264520.5			
sp|Q1LVE8|SF3B3_DANRE	Q1LVE8	SF3B3_DANRE	sf3b3	1217	false	false	Danio rerio	Splicing factor 3B subunit 3	2:Experimental evidence at transcript level	0.99	1.0000	0.9990	0.00000000000000	1	1	1	1	1	1	1422080.2	1422080.2	1422080.2			
sp|Q58EE9|GFAP_DANRE	Q58EE9	GFAP_DANRE	gfap	444	false	false	Danio rerio	Glial fibrillary acidic protein	1:Experimental evidence at protein level	4.05	1.0000	0.9990	0.00000000000000	2	0	0	2	0	0	4.042822E7	0	0			
sp|Q58EG2|ERLN1_DANRE	Q58EG2	ERLN1_DANRE	erlin1	342	false	false	Danio rerio	Erlin-1	2:Experimental evidence at transcript level	6.43	1.0000	0.9989	0.00000000000000	2	1	2	2	1	2	2476502.5	1287991.2	2476502.5			
sp|Q5MJ86|G3P2_DANRE	Q5MJ86	G3P2_DANRE	gapdh-2	335	false	false	Danio rerio	Glyceraldehyde-3-phosphate dehydrogenase 2	2:Experimental evidence at transcript level	15.52	1.0000	0.9990	0.00000000000000	3	3	3	4	4	4	7289702.0	7289702.0	7289702.0	13C(57.0215),13C(57.0215)		
sp|Q5PRD0|143BA_DANRE	Q5PRD0	143BA_DANRE	ywhaba	244	false	false	Danio rerio	14-3-3 protein beta/alpha-A	2:Experimental evidence at transcript level	3.28	1.0000	0.9990	0.00000000000000	1	0	1	1	0	1	7240772.0	0	7240772.0			
sp|Q5RGV1|IMDH3_DANRE	Q5RGV1	IMDH3_DANRE	impdh1b	514	false	false	Danio rerio	Inosine-5'-monophosphate dehydrogenase 1b	2:Experimental evidence at transcript level	2.14	1.0000	0.9990	0.00000000000000	1	0	1	1	0	1	2181404.2	0	2181404.2			
sp|Q5TZ66|SN25A_DANRE	Q5TZ66	SN25A_DANRE	snap25a	204	false	false	Danio rerio	Synaptosomal-associated protein 25-A	2:Experimental evidence at transcript level	14.22	1.0000	0.9990	0.00000000000000	2	0	0	4	0	0	5269433.0	0	0			
sp|Q5XJ10|G3P_DANRE	Q5XJ10	G3P_DANRE	gapdh	333	false	false	Danio rerio	Glyceraldehyde-3-phosphate dehydrogenase	2:Experimental evidence at transcript level	4.20	1.0000	0.9990	0.00000000000000	1	1	1	1	1	1	1047837.8	1047837.8	1047837.8			
sp|Q6DGJ3|TIM13_DANRE	Q6DGJ3	TIM13_DANRE	timm13	95	false	false	Danio rerio	Mitochondrial import inner membrane translocase subunit Tim13	3:Protein inferred from homology	14.74	1.0000	0.9990	0.00000000000000	1	1	1	1	1	1	1575156.0	1575156.0	1575156.0			
sp|Q6DGY7|CRGNB_DANRE	Q6DGY7	CRGNB_DANRE	crygnb	183	false	false	Danio rerio	Gamma-crystallin N-B	2:Experimental evidence at transcript level	6.01	1.0000	0.9990	0.00000000000000	1	1	1	1	1	1	0	0	0	6C(57.0215)		
sp|Q6NWF6|K2C8_DANRE	Q6NWF6	K2C8_DANRE	krt8	520	false	false	Danio rerio	Keratin, type II cytoskeletal 8	1:Experimental evidence at protein level	8.85	1.0000	0.9990	0.00000000000000	7	1	2	7	1	2	1.47606496E8	0	1.0717828E8	6M(15.9949)		
sp|Q6NYA0|SRS1B_DANRE	Q6NYA0	SRS1B_DANRE	srsf1b	245	false	false	Danio rerio	Serine/arginine-rich splicing factor 1B	2:Experimental evidence at transcript level	13.06	1.0000	0.9986	0.00000000000000	3	0	0	3	0	0	1415533.0	0	0			
sp|Q6NYE2|RCC2_DANRE	Q6NYE2	RCC2_DANRE	rcc2	495	false	false	Danio rerio	Protein RCC2 homolog	2:Experimental evidence at transcript level	2.22	1.0000	0.9990	0.00000000000000	1	1	1	1	1	1	622388.2	622388.2	622388.2			
sp|Q6NYS8|OST48_DANRE	Q6NYS8	OST48_DANRE	ddost	441	false	false	Danio rerio	Dolichyl-diphosphooligosaccharide--protein glycosyltransferase 48 kDa subunit	2:Experimental evidence at transcript level	2.49	1.0000	0.9990	0.00000000000000	1	1	1	1	1	1	631446.4	631446.4	631446.4			
sp|Q6NZ06|ILF2_DANRE	Q6NZ06	ILF2_DANRE	ilf2	387	false	false	Danio rerio	Interleukin enhancer-binding factor 2 homolog	2:Experimental evidence at transcript level	2.84	1.0000	0.9990	0.00000000000000	1	1	1	1	1	1	283488.88	283488.88	283488.88			
sp|Q6P026|BAF_DANRE	Q6P026	BAF_DANRE	banf1	90	false	false	Danio rerio	Barrier-to-autointegration factor	1:Experimental evidence at protein level	40.00	1.0000	0.9990	0.00000000000000	3	3	3	4	4	4	5683753.0	5683753.0	5683753.0	3M(15.9949),3M(15.9949),5C(57.0215),8C(57.0215)		
sp|Q6P0G6|MYL1_DANRE	Q6P0G6	MYL1_DANRE	myl1	190	false	false	Danio rerio	Myosin, light chain 1, alkali; skeletal, fast	2:Experimental evidence at transcript level	4.21	1.0000	0.9990	0.00000000000000	1	0	1	1	0	1	1236358.1	0	1236358.1			
sp|Q6P3H7|RBBP4_DANRE	Q6P3H7	RBBP4_DANRE	rbbp4	424	false	false	Danio rerio	Histone-binding protein RBBP4	2:Experimental evidence at transcript level	3.30	1.0000	0.9990	0.00000000000000	1	1	1	1	1	1	0	0	0	N-term(42.0106)		
sp|Q6PBK3|RS28_DANRE	Q6PBK3	RS28_DANRE	rps28	69	false	false	Danio rerio	40S ribosomal protein S28	1:Experimental evidence at protein level	23.19	1.0000	0.9990	0.00000000000000	2	2	2	2	2	2	347709.28	347709.28	347709.28			
sp|Q6PBW5|RP65A_DANRE	Q6PBW5	RP65A_DANRE	rpe65a	531	false	false	Danio rerio	Retinoid isomerohydrolase	2:Experimental evidence at transcript level	3.20	1.0000	0.9990	0.00000000000000	1	1	1	1	1	1	731598.25	731598.25	731598.25			
sp|Q6PBY1|RS3A_DANRE	Q6PBY1	RS3A_DANRE	rps3a	267	false	false	Danio rerio	40S ribosomal protein S3a	1:Experimental evidence at protein level	6.37	1.0000	0.9990	0.00000000000000	1	1	1	1	1	1	768713.7	768713.7	768713.7			
sp|Q6PC54|SN25B_DANRE	Q6PC54	SN25B_DANRE	snap25b	203	false	false	Danio rerio	Synaptosomal-associated protein 25-B	2:Experimental evidence at transcript level	14.29	1.0000	0.9990	0.00000000000000	2	0	2	4	0	4	5269433.0	0	5269433.0	2M(15.9949),4M(15.9949),4M(15.9949)		
sp|Q6PGV1|VA0D1_DANRE	Q6PGV1	VA0D1_DANRE	atp6v0d1	350	false	false	Danio rerio	V-type proton ATPase subunit d 1	1:Experimental evidence at protein level	3.14	1.0000	0.9990	0.00000000000000	1	1	1	1	1	1	1799080.8	1799080.8	1799080.8			
sp|Q6PH57|GBB1_DANRE	Q6PH57	GBB1_DANRE	gnb1	340	false	false	Danio rerio	Guanine nucleotide-binding protein G(I)/G(S)/G(T) subunit beta-1	2:Experimental evidence at transcript level	10.88	1.0000	0.9990	0.00000000000000	3	0	3	3	0	3	4821081.5	0	4821081.5	7C(57.0215),N-term(42.0106),N-term(42.0106)		
sp|Q6PI20|H33_DANRE	Q6PI20	H33_DANRE	h3f3d	136	false	false	Danio rerio	Histone H3.3	2:Experimental evidence at transcript level	32.35	1.0000	0.9990	0.00000000000000	8	0	0	8	0	0	2.19743488E9	0	0			
sp|Q6PI52|CALM_DANRE	Q6PI52	CALM_DANRE	calm3b	149	false	false	Danio rerio	Calmodulin	2:Experimental evidence at transcript level	20.13	1.0000	0.9990	0.00000000000000	3	3	3	4	4	4	1.8830242E7	1.8830242E7	1.8830242E7	N-term(42.0106),N-term(42.0106),N-term(42.0106)		
sp|Q71PD7|H2AV_DANRE	Q71PD7	H2AV_DANRE	h2az2a	128	false	false	Danio rerio	Histone H2A.V	2:Experimental evidence at transcript level	31.25	1.0000	0.9990	0.00000000000000	5	0	4	5	0	4	2.64706202E9	0	1.4247976E8			tr|Q0Z946|Q0Z946_DANRE
sp|Q7SXP4|SRS1A_DANRE	Q7SXP4	SRS1A_DANRE	srsf1a	257	false	false	Danio rerio	Serine/arginine-rich splicing factor 1A	2:Experimental evidence at transcript level	12.45	1.0000	0.9990	0.00000000000000	3	0	3	3	0	3	1415533.0	0	1415533.0	6C(57.0215)		
sp|Q7T356|143BB_DANRE	Q7T356	143BB_DANRE	ywhabb	242	false	false	Danio rerio	14-3-3 protein beta/alpha-B	2:Experimental evidence at transcript level	3.31	1.0000	0.9990	0.00000000000000	1	0	0	1	0	0	7240772.0	0	0			
sp|Q7ZTS4|K1C18_DANRE	Q7ZTS4	K1C18_DANRE	krt18	431	false	false	Danio rerio	Keratin, type I cytoskeletal 18	1:Experimental evidence at protein level	3.71	1.0000	0.9990	0.00000000000000	2	1	1	2	1	1	2.44049808E8	1.1158177E7	1.1158177E7	1M(15.9949)		
sp|Q7ZTY4|RBBP7_DANRE	Q7ZTY4	RBBP7_DANRE	rbbp7	426	false	false	Danio rerio	Histone-binding protein RBBP7	2:Experimental evidence at transcript level	3.05	1.0000	0.9990	0.00000000000000	1	1	1	1	1	1	0	0	0	N-term(42.0106)		
sp|Q7ZU29|NUP93_DANRE	Q7ZU29	NUP93_DANRE	dye	820	false	false	Danio rerio	Nuclear pore complex protein Nup93	2:Experimental evidence at transcript level	1.34	1.0000	0.9989	0.00000000000000	1	1	1	1	1	1	305562.4	305562.4	305562.4			
sp|Q7ZUY3|H2AX_DANRE	Q7ZUY3	H2AX_DANRE	h2ax	142	false	false	Danio rerio	Histone H2AX	2:Experimental evidence at transcript level	34.51	1.0000	0.9990	0.00000000000000	5	0	5	9	0	9	3.76171494E9	0	3.76171494E9			tr|A0A8M2BA83|A0A8M2BA83_DANRE, tr|A0A8M3ATV1|A0A8M3ATV1_DANRE, tr|A0A8N7TAW0|A0A8N7TAW0_DANRE, tr|A4FVM2|A4FVM2_DANRE, tr|E7EXD7|E7EXD7_DANRE, tr|E7F5W3|E7F5W3_DANRE, tr|F1QTL1|F1QTL1_DANRE, tr|Q4FZZ7|Q4FZZ7_DANRE, tr|Q561S9|Q561S9_DANRE, tr|Q5XJK2|Q5XJK2_DANRE
sp|Q7ZV82|RL27_DANRE	Q7ZV82	RL27_DANRE	rpl27	136	false	false	Danio rerio	60S ribosomal protein L27	1:Experimental evidence at protein level	6.62	1.0000	0.9988	0.00000000000000	1	1	1	1	1	1	1147347.2	1147347.2	1147347.2			
sp|Q7ZVF9|ACTB2_DANRE	Q7ZVF9	ACTB2_DANRE	actbb	375	false	false	Danio rerio	Actin, cytoplasmic 2	1:Experimental evidence at protein level	74.67	1.0000	0.9990	0.00000000000000	19	1	19	29	1	29	1.3169856E8	441877.9	1.3169856E8	10M(15.9949),16C(57.0215),1C(57.0215),5M(15.9949),6M(15.9949),7M(15.9949),8M(15.9949),N-term(42.0106),16C(57.0215)		
sp|Q7ZVI7|ACTB1_DANRE	Q7ZVI7	ACTB1_DANRE	actba	375	false	false	Danio rerio	Actin, cytoplasmic 1	1:Experimental evidence at protein level	74.67	1.0000	0.9990	0.00000000000000	19	1	1	29	1	1	1.3169856E8	0	0	N-term(42.0106),16C(57.0215)		
sp|Q803F6|RSSA_DANRE	Q803F6	RSSA_DANRE	rpsa	308	false	false	Danio rerio	40S ribosomal protein SA	1:Experimental evidence at protein level	5.84	1.0000	0.9990	0.00000000000000	1	1	1	1	1	1	3208834.2	3208834.2	3208834.2			
sp|Q8JGR4|RL24_DANRE	Q8JGR4	RL24_DANRE	rpl24	157	false	false	Danio rerio	60S ribosomal protein L24	2:Experimental evidence at transcript level	5.73	1.0000	0.9990	0.00000000000000	1	1	1	1	1	1	0	0	0			
sp|Q8JGS9|RS18_DANRE	Q8JGS9	RS18_DANRE	rps18	152	false	false	Danio rerio	40S ribosomal protein S18	1:Experimental evidence at protein level	8.55	1.0000	0.9989	0.00000000000000	1	1	1	1	1	1	681106.7	681106.7	681106.7	N-term(42.0106)		
sp|Q8JH70|ALDCB_DANRE	Q8JH70	ALDCB_DANRE	aldocb	363	false	false	Danio rerio	Fructose-bisphosphate aldolase C-B	2:Experimental evidence at transcript level	11.02	1.0000	0.9990	0.00000000000000	2	1	2	2	1	2	4172177.8	1302803.8	4172177.8			
sp|Q90473|HSP7C_DANRE	Q90473	HSP7C_DANRE	hspa8	649	false	false	Danio rerio	Heat shock cognate 71 kDa protein	2:Experimental evidence at transcript level	14.79	1.0000	0.9990	0.00000000000000	7	0	6	8	0	7	4.2414252E7	0	4.2414252E7	14C(57.0215)		
sp|Q92005|EF1A_DANRE	Q92005	EF1A_DANRE	eef1a	462	false	false	Danio rerio	Elongation factor 1-alpha	2:Experimental evidence at transcript level	8.44	1.0000	0.9990	0.00000000000000	3	2	3	6	4	6	1.4497227E7	8259097.0	1.4497227E7			
sp|Q9NSB2|KRT84_HUMAN	Q9NSB2	KRT84_HUMAN	KRT84	600	false	false	Homo sapiens	Keratin, type II cuticular Hb4	2:Experimental evidence at transcript level	2.67	1.0000	0.9982	0.00000000000000	3	0	0	3	0	0	1.11179376E8	0	0			
sp|Q9PV90|RLA0_DANRE	Q9PV90	RLA0_DANRE	rplp0	319	false	false	Danio rerio	60S acidic ribosomal protein P0	2:Experimental evidence at transcript level	3.76	1.0000	0.9990	0.00000000000000	1	1	1	1	1	1	412106.75	412106.75	412106.75			
sp|Q9PVK4|LDHBA_DANRE	Q9PVK4	LDHBA_DANRE	ldhba	334	false	false	Danio rerio	L-lactate dehydrogenase B-A chain	2:Experimental evidence at transcript level	3.59	1.0000	0.9990	0.00000000000000	1	0	1	1	0	1	1450753.8	0	1450753.8			
sp|Q9PVK5|LDHA_DANRE	Q9PVK5	LDHA_DANRE	ldha	333	false	false	Danio rerio	L-lactate dehydrogenase A chain	2:Experimental evidence at transcript level	3.60	1.0000	0.9990	0.00000000000000	1	0	0	1	0	0	1450753.8	0	0			
sp|Q9W6A9|OP1S1_DANRE	Q9W6A9	OP1S1_DANRE	opn1sw1	336	false	false	Danio rerio	Opsin-1, short-wave-sensitive 1	1:Experimental evidence at protein level	12.50	1.0000	0.9990	0.00000000000000	3	3	3	3	3	3	1.75442E7	1.75442E7	1.75442E7	10C(57.0215),3C(57.0215),3C(57.0215)		
tr|A0A0R4IBX9|A0A0R4IBX9_DANRE	A0A0R4IBX9	A0A0R4IBX9_DANRE	si:ch73-1a9.3	87	false	false	Danio rerio	Si:ch73-1a9.3	3:Protein inferred from homology	32.18	1.0000	0.9990	0.00000000000000	4	4	4	5	5	5	1.25049616E8	1.25049616E8	1.25049616E8			
tr|A0A0R4IC20|A0A0R4IC20_DANRE	A0A0R4IC20	A0A0R4IC20_DANRE	si:ch211-276i12.9	167	false	false	Danio rerio	Si:ch211-276i12.9	4:Protein predicted	10.18	1.0000	0.9990	0.00000000000000	1	0	1	1	0	1	0	0	0			
tr|A0A0R4IFJ7|A0A0R4IFJ7_DANRE	A0A0R4IFJ7	A0A0R4IFJ7_DANRE	fi14g08	417	false	false	Danio rerio	creatine kinase	1:Experimental evidence at protein level	27.82	1.0000	0.9990	0.00000000000000	7	5	7	8	5	8	1.355343E7	1.355343E7	1.355343E7	4M(15.9949)		
tr|A0A0R4IM99|A0A0R4IM99_DANRE	A0A0R4IM99	A0A0R4IM99_DANRE	tpm2	284	false	false	Danio rerio	Tropomyosin 2 (beta)	3:Protein inferred from homology	16.90	1.0000	0.9990	0.00000000000000	5	0	1	6	0	1	2.3075684E7	0	725445.4			
tr|A0A0R4INI3|A0A0R4INI3_DANRE	A0A0R4INI3	A0A0R4INI3_DANRE	smyhc1	1938	false	false	Danio rerio	Slow myosin heavy chain 1	1:Experimental evidence at protein level	6.60	1.0000	0.9990	0.00000000000000	10	2	2	12	2	2	2.6742232E7	0	0			
tr|A0A0R4IWN8|A0A0R4IWN8_DANRE	A0A0R4IWN8	A0A0R4IWN8_DANRE	si:ch73-281n10.2	93	false	false	Danio rerio	Si:ch73-281n10.2	3:Protein inferred from homology	31.18	1.0000	0.9990	0.00000000000000	2	2	2	2	2	2	3360354.5	3360354.5	3360354.5			
tr|A0A1L6UW63|A0A1L6UW63_DANRE	A0A1L6UW63	A0A1L6UW63_DANRE	zgc:171719	284	false	false	Danio rerio	Tropomyosin 1-1	1:Experimental evidence at protein level	15.85	1.0000	0.9990	0.00000000000000	5	0	0	6	0	0	2.3077256E7	0	0			
tr|A0A1L6UW65|A0A1L6UW65_DANRE	A0A1L6UW65	A0A1L6UW65_DANRE	tmp4	284	false	false	Danio rerio	Tropomyosin 4-2alpha	2:Experimental evidence at transcript level	16.90	1.0000	0.9990	0.00000000000000	5	0	0	6	0	0	2.5689932E7	0	0			
tr|A0A2R8Q650|A0A2R8Q650_DANRE	A0A2R8Q650	A0A2R8Q650_DANRE	tpm3	284	false	false	Danio rerio	Tropomyosin 3	3:Protein inferred from homology	20.42	1.0000	0.9990	0.00000000000000	6	0	0	7	0	0	2.3077256E7	0	0			
tr|A0A2R8QLH1|A0A2R8QLH1_DANRE	A0A2R8QLH1	A0A2R8QLH1_DANRE	rab41	211	false	false	Danio rerio	RAB41, member RAS oncogene family	4:Protein predicted	5.21	1.0000	0.9980	0.00000000000000	1	0	0	1	0	0	1391867.0	0	0			
tr|A0A8M1N2G4|A0A8M1N2G4_DANRE	A0A8M1N2G4	A0A8M1N2G4_DANRE	snrpg	76	false	false	Danio rerio	Small nuclear ribonucleoprotein G	1:Experimental evidence at protein level	17.11	1.0000	0.9990	0.00000000000000	1	1	1	1	1	1	865079.44	865079.44	865079.44			
tr|A0A8M1N5K7|A0A8M1N5K7_DANRE	A0A8M1N5K7	A0A8M1N5K7_DANRE	c1qbp	270	false	false	Danio rerio	Complement component 1 Q subcomponent-binding protein, mitochondrial	1:Experimental evidence at protein level	3.70	1.0000	0.9990	0.00000000000000	1	1	1	1	1	1	758965.0	758965.0	758965.0			
tr|A0A8M1N5M5|A0A8M1N5M5_DANRE	A0A8M1N5M5	A0A8M1N5M5_DANRE	tubb6	447	false	false	Danio rerio	Tubulin beta chain	1:Experimental evidence at protein level	7.16	1.0000	0.9990	0.00000000000000	3	0	0	3	0	0	6755594.5	0	0			
tr|A0A8M1N7Z8|A0A8M1N7Z8_DANRE	A0A8M1N7Z8	A0A8M1N7Z8_DANRE	tubb2b	472	false	false	Danio rerio	Tubulin beta chain	1:Experimental evidence at protein level	44.92	1.0000	0.9990	0.00000000000000	16	2	16	20	2	20	2.335851E7	6279070.5	2.335851E7	11M(15.9949),12C(57.0215),12C(57.0215),23C(57.0215),4C(57.0215),5M(15.9949),8M(15.9949)		
tr|A0A8M1NBP6|A0A8M1NBP6_DANRE	A0A8M1NBP6	A0A8M1NBP6_DANRE	myh7l	1936	false	false	Danio rerio	myosin heavy chain 7-like	1:Experimental evidence at protein level	5.11	1.0000	0.9977	0.00000000000000	9	0	0	10	0	0	2.3773672E7	0	0			
tr|A0A8M1NFX8|A0A8M1NFX8_DANRE	A0A8M1NFX8	A0A8M1NFX8_DANRE	krtt1c19e	473	false	false	Danio rerio	keratin type 1 c19e	1:Experimental evidence at protein level	1.90	1.0000	0.9990	0.00000000000000	2	0	0	2	0	0	2.0546024E8	0	0			
tr|A0A8M1NR42|A0A8M1NR42_DANRE	A0A8M1NR42	A0A8M1NR42_DANRE	si:ch211-251b21.1	458	false	false	Danio rerio	Glutamate receptor	1:Experimental evidence at protein level	7.21	1.0000	0.9990	0.00000000000000	2	2	2	2	2	2	458419.7	458419.7	458419.7			
tr|A0A8M1P5N6|A0A8M1P5N6_DANRE	A0A8M1P5N6	A0A8M1P5N6_DANRE	krt4	497	false	false	Danio rerio	keratin 4	1:Experimental evidence at protein level	7.44	1.0000	0.9990	0.00000000000000	6	0	1	6	0	1	1.47606496E8	0	4001095.8			
tr|A0A8M1P8J0|A0A8M1P8J0_DANRE	A0A8M1P8J0	A0A8M1P8J0_DANRE	drada	1381	false	false	Danio rerio	Adenosine deaminase RNA-specific	1:Experimental evidence at protein level	0.80	1.0000	0.9990	0.00000000000000	1	1	1	1	1	1	1179060.5	1179060.5	1179060.5			
tr|A0A8M1P8U9|A0A8M1P8U9_DANRE	A0A8M1P8U9	A0A8M1P8U9_DANRE	si:ch211-114n24.6	451	false	false	Danio rerio	Tubulin alpha chain	3:Protein inferred from homology	45.68	1.0000	0.9990	0.00000000000000	14	0	6	18	0	7	5.9118576E7	0	3.7836504E7	15C(57.0215),8C(57.0215),9C(57.0215)		
tr|A0A8M1P8Z3|A0A8M1P8Z3_DANRE	A0A8M1P8Z3	A0A8M1P8Z3_DANRE	ddx39aa	427	false	false	Danio rerio	RNA helicase	1:Experimental evidence at protein level	4.68	1.0000	0.9990	0.00000000000000	2	0	0	2	0	0	4679372.0	0	0			
tr|A0A8M1PA74|A0A8M1PA74_DANRE	A0A8M1PA74	A0A8M1PA74_DANRE	desma	488	false	false	Danio rerio	desmin isoform 2	1:Experimental evidence at protein level	2.25	1.0000	0.9990	0.00000000000000	1	0	1	1	0	1	5972833.0	0	5972833.0	1M(15.9949)		
tr|A0A8M1PFC4|A0A8M1PFC4_DANRE	A0A8M1PFC4	A0A8M1PFC4_DANRE	npm1a	279	false	false	Danio rerio	Nucleophosmin	1:Experimental evidence at protein level	10.04	1.0000	0.9990	0.00000000000000	1	1	1	1	1	1	312343.28	312343.28	312343.28	15C(57.0215)		
tr|A0A8M1PUI6|A0A8M1PUI6_DANRE	A0A8M1PUI6	A0A8M1PUI6_DANRE	si:dkey-23a13.9	201	false	false	Danio rerio	histone H1-like	3:Protein inferred from homology	29.35	1.0000	0.9990	0.00000000000000	8	0	1	11	0	2	6.6226995E8	0	1.1153808E7	N-term(42.0106)		tr|A0A8N7TF89|A0A8N7TF89_DANRE, tr|A0A8N7URG1|A0A8N7URG1_DANRE
tr|A0A8M1RLA4|A0A8M1RLA4_DANRE	A0A8M1RLA4	A0A8M1RLA4_DANRE	si:ch73-36p18.1	204	false	false	Danio rerio	histone H1-like	3:Protein inferred from homology	30.39	1.0000	0.9990	0.00000000000000	9	0	4	11	0	4	6.4611891E8	0	1.79276848E8			tr|A0A8M1RS22|A0A8M1RS22_DANRE
tr|A0A8M1RSM5|A0A8M1RSM5_DANRE	A0A8M1RSM5	A0A8M1RSM5_DANRE	si:ch73-368j24.12	201	false	false	Danio rerio	histone H1-like	3:Protein inferred from homology	30.85	1.0000	0.9990	0.00000000000000	9	0	8	13	0	12	6.6226995E8	0	6.6226995E8	N-term(42.0106),N-term(42.0106),N-term(42.0106)		tr|A0A8M2BG38|A0A8M2BG38_DANRE
tr|A0A8M2B1U6|A0A8M2B1U6_DANRE	A0A8M2B1U6	A0A8M2B1U6_DANRE	dpysl2b	643	false	false	Danio rerio	dihydropyrimidinase-related protein 2 isoform X1	1:Experimental evidence at protein level	1.71	1.0000	0.9990	0.00000000000000	1	1	1	1	1	1	358399.72	358399.72	358399.72			
tr|A0A8M2B296|A0A8M2B296_DANRE	A0A8M2B296	A0A8M2B296_DANRE	cct8	558	false	false	Danio rerio	T-complex protein 1 subunit theta	1:Experimental evidence at protein level	2.15	1.0000	0.9990	0.00000000000000	1	1	1	1	1	1	4251959.0	4251959.0	4251959.0			
tr|A0A8M2B2Q3|A0A8M2B2Q3_DANRE	A0A8M2B2Q3	A0A8M2B2Q3_DANRE	atp2a1l	993	false	false	Danio rerio	Calcium-transporting ATPase	1:Experimental evidence at protein level	4.83	1.0000	0.9982	0.00000000000000	4	1	1	4	1	1	3543946.5	0	0	9C(57.0215)		
tr|A0A8M2B343|A0A8M2B343_DANRE	A0A8M2B343	A0A8M2B343_DANRE	rps24	133	false	false	Danio rerio	40S ribosomal protein S24	1:Experimental evidence at protein level	9.02	1.0000	0.9990	0.00000000000000	1	1	1	1	1	1	0	0	0			
tr|A0A8M2B3J4|A0A8M2B3J4_DANRE	A0A8M2B3J4	A0A8M2B3J4_DANRE	cltcb	1685	false	false	Danio rerio	Clathrin heavy chain	1:Experimental evidence at protein level	1.78	1.0000	0.9990	0.00000000000000	2	0	0	2	0	0	3384227.5	0	0			
tr|A0A8M2B3U1|A0A8M2B3U1_DANRE	A0A8M2B3U1	A0A8M2B3U1_DANRE	actn1	924	false	false	Danio rerio	alpha-actinin-1 isoform X5	1:Experimental evidence at protein level	2.81	1.0000	0.9990	0.00000000000000	2	0	0	2	0	0	0	0	0			
tr|A0A8M2B465|A0A8M2B465_DANRE	A0A8M2B465	A0A8M2B465_DANRE	u2af2a	470	false	false	Danio rerio	Splicing factor U2AF subunit	1:Experimental evidence at protein level	1.70	1.0000	0.9990	0.00000000000000	1	0	1	1	0	1	1000905.2	0	1000905.2	N-term(42.0106)		
tr|A0A8M2B848|A0A8M2B848_DANRE	A0A8M2B848	A0A8M2B848_DANRE	atp2a2b	1041	false	false	Danio rerio	Calcium-transporting ATPase	1:Experimental evidence at protein level	2.21	1.0000	0.9990	0.00000000000000	2	0	0	2	0	0	1316128.9	0	0			
tr|A0A8M2BB12|A0A8M2BB12_DANRE	A0A8M2BB12	A0A8M2BB12_DANRE	phb	309	false	false	Danio rerio	Prohibitin	1:Experimental evidence at protein level	14.56	1.0000	0.9990	0.00000000000000	4	4	4	4	4	4	3438821.2	3438821.2	3438821.2			
tr|A0A8M2BB25|A0A8M2BB25_DANRE	A0A8M2BB25	A0A8M2BB25_DANRE	atp6v0a1a	840	false	false	Danio rerio	V-type proton ATPase subunit a	1:Experimental evidence at protein level	1.07	1.0000	0.9990	0.00000000000000	1	0	0	1	0	0	1289683.1	0	0			
tr|A0A8M2BCL1|A0A8M2BCL1_DANRE	A0A8M2BCL1	A0A8M2BCL1_DANRE	gnb2	344	false	false	Danio rerio	guanine nucleotide-binding protein G(I)/G(S)/G(T) subunit beta-2 isoform X1	1:Experimental evidence at protein level	3.20	1.0000	0.9990	0.00000000000000	1	0	0	1	0	0	1480323.6	0	0			
tr|A0A8M2BEA2|A0A8M2BEA2_DANRE	A0A8M2BEA2	A0A8M2BEA2_DANRE	vdac3	319	false	false	Danio rerio	voltage-dependent anion-selective channel protein 3 isoform X1	1:Experimental evidence at protein level	14.42	1.0000	0.9990	0.00000000000000	4	4	4	4	4	4	1.3072863E7	1.3072863E7	1.3072863E7			
tr|A0A8M2BGP7|A0A8M2BGP7_DANRE	A0A8M2BGP7	A0A8M2BGP7_DANRE	hp1bp3	595	false	false	Danio rerio	heterochromatin protein 1-binding protein 3 isoform X1	1:Experimental evidence at protein level	7.90	1.0000	0.9990	0.00000000000000	4	4	4	5	5	5	2.154834E7	2.154834E7	2.154834E7	12C(57.0215),12C(57.0215)		
tr|A0A8M2BI26|A0A8M2BI26_DANRE	A0A8M2BI26	A0A8M2BI26_DANRE	si:dkey-108k21.21	271	false	false	Danio rerio	histone H1-like	1:Experimental evidence at protein level	17.71	1.0000	0.9990	0.00000000000000	8	1	1	10	1	1	6.4611891E8	8462791.0	8462791.0			
tr|A0A8M2BKD3|A0A8M2BKD3_DANRE	A0A8M2BKD3	A0A8M2BKD3_DANRE	npm1b	316	false	false	Danio rerio	Nucleophosmin	1:Experimental evidence at protein level	8.86	1.0000	0.9990	0.00000000000000	1	1	1	1	1	1	0	0	0			
tr|A0A8M3APD8|A0A8M3APD8_DANRE	A0A8M3APD8	A0A8M3APD8_DANRE	wu:fb14d09	516	false	false	Danio rerio	aldehyde dehydrogenase, mitochondrial	3:Protein inferred from homology	1.55	1.0000	0.9990	0.00000000000000	1	0	1	1	0	1	911672.94	0	911672.94			tr|Q6TH48|Q6TH48_DANRE
tr|A0A8M3ASC8|A0A8M3ASC8_DANRE	A0A8M3ASC8	A0A8M3ASC8_DANRE	u2af2b	480	false	false	Danio rerio	Splicing factor U2AF subunit	1:Experimental evidence at protein level	1.67	1.0000	0.9990	0.00000000000000	1	0	0	1	0	0	1000905.2	0	0			
tr|A0A8M3ATS9|A0A8M3ATS9_DANRE	A0A8M3ATS9	A0A8M3ATS9_DANRE	ncam1a	1010	false	false	Danio rerio	neural cell adhesion molecule 1 isoform X1	1:Experimental evidence at protein level	3.66	1.0000	0.9990	0.00000000000000	3	3	3	3	3	3	761040.5	761040.5	761040.5	12C(57.0215),4C(57.0215)		
tr|A0A8M3AWS2|A0A8M3AWS2_DANRE	A0A8M3AWS2	A0A8M3AWS2_DANRE	cltca	1685	false	false	Danio rerio	Clathrin heavy chain	1:Experimental evidence at protein level	1.78	1.0000	0.9990	0.00000000000000	2	0	2	2	0	2	3384227.5	0	3384227.5			
tr|A0A8M3AWW3|A0A8M3AWW3_DANRE	A0A8M3AWW3	A0A8M3AWW3_DANRE	kpnb3	1093	false	false	Danio rerio	importin-5 isoform X1	1:Experimental evidence at protein level	0.82	1.0000	0.9990	0.00000000000000	1	1	1	1	1	1	968266.7	968266.7	968266.7			
tr|A0A8M3AYX3|A0A8M3AYX3_DANRE	A0A8M3AYX3	A0A8M3AYX3_DANRE	atp6v0a1b	868	false	false	Danio rerio	V-type proton ATPase subunit a	1:Experimental evidence at protein level	4.49	1.0000	0.9990	0.00000000000000	3	2	3	3	2	3	4586322.0	3296639.0	4586322.0			
tr|A0A8M3AZ76|A0A8M3AZ76_DANRE	A0A8M3AZ76	A0A8M3AZ76_DANRE	fubp1	662	false	false	Danio rerio	far upstream element-binding protein 1 isoform X4	1:Experimental evidence at protein level	1.36	1.0000	0.9990	0.00000000000000	1	0	1	1	0	1	834053.1	0	834053.1			
tr|A0A8M3B3U9|A0A8M3B3U9_DANRE	A0A8M3B3U9	A0A8M3B3U9_DANRE	si:ch1073-153i20.4	201	false	false	Danio rerio	histone H1-like	3:Protein inferred from homology	29.35	1.0000	0.9990	0.00000000000000	8	0	0	11	0	0	6.6226995E8	0	0			
tr|A0A8M3BDW6|A0A8M3BDW6_DANRE	A0A8M3BDW6	A0A8M3BDW6_DANRE	sptbn1	2363	false	false	Danio rerio	Spectrin beta chain	1:Experimental evidence at protein level	0.42	1.0000	0.9990	0.00000000000000	1	1	1	1	1	1	655083.3	655083.3	655083.3			
tr|A0A8M6YYI1|A0A8M6YYI1_DANRE	A0A8M6YYI1	A0A8M6YYI1_DANRE	si:dkey-261m9.12	199	false	false	Danio rerio	histone H1-like	1:Experimental evidence at protein level	30.15	1.0000	0.9990	0.00000000000000	10	3	5	15	3	8	5.802425E8	2.6728188E7	1.08208104E8	N-term(42.0106),N-term(42.0106),N-term(42.0106)		
tr|A0A8M6Z1M4|A0A8M6Z1M4_DANRE	A0A8M6Z1M4	A0A8M6Z1M4_DANRE	LOC570405	242	false	false	Danio rerio	histone H3-like	3:Protein inferred from homology	44.21	1.0000	0.9990	0.00000000000000	21	0	21	39	0	39	4.15291469E9	0	4.15291469E9	5M(15.9949),5M(15.9949),5M(15.9949),5M(15.9949),5M(15.9949),6M(15.9949),6M(15.9949),6M(15.9949),6M(15.9949)		
tr|A0A8M6Z292|A0A8M6Z292_DANRE	A0A8M6Z292	A0A8M6Z292_DANRE	nme2b.1	164	false	false	Danio rerio	Nucleoside diphosphate kinase	1:Experimental evidence at protein level	12.80	1.0000	0.9990	0.00000000000000	2	0	2	2	0	2	0	0	0	4C(57.0215)		
tr|A0A8M6Z2B4|A0A8M6Z2B4_DANRE	A0A8M6Z2B4	A0A8M6Z2B4_DANRE	ckba	385	false	false	Danio rerio	creatine kinase	1:Experimental evidence at protein level	7.79	1.0000	0.9927	0.00027901785714	2	0	0	3	0	0	3616587.2	0	0			
tr|A0A8M6Z3P2|A0A8M6Z3P2_DANRE	A0A8M6Z3P2	A0A8M6Z3P2_DANRE	zgc:153867	209	false	false	Danio rerio	myosin light chain alkali, smooth-muscle isoform isoform X4	1:Experimental evidence at protein level	10.05	1.0000	0.9990	0.00000000000000	2	0	1	2	0	1	2593409.5	0	1357051.5			
tr|A0A8M6Z7Z5|A0A8M6Z7Z5_DANRE	A0A8M6Z7Z5	A0A8M6Z7Z5_DANRE	LOC569982	200	false	false	Danio rerio	histone H1-like	3:Protein inferred from homology	29.50	1.0000	0.9990	0.00000000000000	9	0	9	11	0	11	2.32009696E8	0	2.32009696E8	N-term(42.0106),N-term(42.0106),N-term(42.0106)		tr|A4QN90|A4QN90_DANRE
tr|A0A8M9PJW6|A0A8M9PJW6_DANRE	A0A8M9PJW6	A0A8M9PJW6_DANRE	wu:fd14a01	1936	false	false	Danio rerio	myosin heavy chain, fast skeletal muscle	1:Experimental evidence at protein level	17.82	1.0000	0.9990	0.00000000000000	29	0	5	34	0	5	2.7780816E7	0	1.2860754E7	5M(15.9949)		
tr|A0A8M9PR47|A0A8M9PR47_DANRE	A0A8M9PR47	A0A8M9PR47_DANRE	LOC100329813	1938	false	false	Danio rerio	Myosin-7	1:Experimental evidence at protein level	4.80	1.0000	0.9976	0.00000000000000	8	0	0	10	0	0	2.6742232E7	0	0			
tr|A0A8M9PTL3|A0A8M9PTL3_DANRE	A0A8M9PTL3	A0A8M9PTL3_DANRE	si:ch211-243g18.2	458	false	false	Danio rerio	uncharacterized protein LOC559906 isoform X1	1:Experimental evidence at protein level	1.53	1.0000	0.9990	0.00000000000000	1	0	0	1	0	0	2.32891632E8	0	0			
tr|A0A8M9PVN0|A0A8M9PVN0_DANRE	A0A8M9PVN0	A0A8M9PVN0_DANRE	LOC100537594	1085	false	false	Danio rerio	myosin heavy chain, fast skeletal muscle-like	1:Experimental evidence at protein level	9.03	1.0000	0.9802	0.00161987041037	6	0	0	6	0	0	1.2860754E7	0	0			
tr|A0A8M9Q103|A0A8M9Q103_DANRE	A0A8M9Q103	A0A8M9Q103_DANRE	si:ch211-59d13.2	1135	false	false	Danio rerio	solute carrier family 12 member 5 isoform X1	1:Experimental evidence at protein level	0.97	1.0000	0.9990	0.00000000000000	1	0	1	1	0	1	1821811.9	0	1821811.9			
tr|A0A8M9Q636|A0A8M9Q636_DANRE	A0A8M9Q636	A0A8M9Q636_DANRE	tuba7l	468	false	false	Danio rerio	Tubulin alpha chain	1:Experimental evidence at protein level	23.29	1.0000	0.9990	0.00000000000000	8	0	0	11	0	0	3.8319968E7	0	0			
tr|A0A8M9QCY6|A0A8M9QCY6_DANRE	A0A8M9QCY6	A0A8M9QCY6_DANRE	hnrnpa1a	445	false	false	Danio rerio	heterogeneous nuclear ribonucleoprotein A1 isoform X1	1:Experimental evidence at protein level	3.82	1.0000	0.9990	0.00000000000000	2	2	2	2	2	2	2919749.2	2919749.2	2919749.2			
tr|A0A8M9QEC8|A0A8M9QEC8_DANRE	A0A8M9QEC8	A0A8M9QEC8_DANRE	myhc3	1937	false	false	Danio rerio	Myosin, heavy polypeptide 1.2, skeletal muscle	3:Protein inferred from homology	21.53	1.0000	0.9990	0.00000000000000	36	0	0	41	0	0	2.7780816E7	0	0			
tr|A0A8M9QH30|A0A8M9QH30_DANRE	A0A8M9QH30	A0A8M9QH30_DANRE	wu:fb53f05	923	false	false	Danio rerio	Actinin, alpha 4	1:Experimental evidence at protein level	2.82	1.0000	0.9990	0.00000000000000	2	0	2	2	0	2	0	0	0			
tr|A0A8N7TBR8|A0A8N7TBR8_DANRE	A0A8N7TBR8	A0A8N7TBR8_DANRE	si:dkey-222f2.1	438	false	false	Danio rerio	keratin, type II cytoskeletal 8 isoform X1	1:Experimental evidence at protein level	5.94	1.0000	0.9989	0.00000000000000	3	0	0	3	0	0	4.1267664E7	0	0			
tr|A0A8N7TEC8|A0A8N7TEC8_DANRE	A0A8N7TEC8	A0A8N7TEC8_DANRE	tkta	628	false	false	Danio rerio	transketolase-like	1:Experimental evidence at protein level	3.50	1.0000	0.9990	0.00000000000000	2	2	2	2	2	2	1600930.8	1600930.8	1600930.8			
tr|A0A8N7UVM4|A0A8N7UVM4_DANRE	A0A8N7UVM4	A0A8N7UVM4_DANRE	eef2l2	861	false	false	Danio rerio	elongation factor 2	1:Experimental evidence at protein level	3.95	1.0000	0.9989	0.00000000000000	2	0	0	2	0	0	2089083.5	0	0			
tr|A0A8N7UYB5|A0A8N7UYB5_DANRE	A0A8N7UYB5	A0A8N7UYB5_DANRE	top2b	1618	false	false	Danio rerio	DNA topoisomerase 2	1:Experimental evidence at protein level	1.55	1.0000	0.9990	0.00000000000000	2	1	2	2	1	2	769254.2	769254.2	769254.2			
tr|A1L223|A1L223_DANRE	A1L223	A1L223_DANRE	fc63e02	204	false	false	Danio rerio	Cbx5 protein	1:Experimental evidence at protein level	5.88	1.0000	0.9990	0.00000000000000	1	0	1	1	0	1	1107704.1	0	1107704.1	1C(57.0215),1C(57.0215)		
tr|A2AWE1|A2AWE1_DANRE	A2AWE1	A2AWE1_DANRE	hm:zehl0637	199	false	false	Danio rerio	Peroxiredoxin-1	1:Experimental evidence at protein level	29.65	1.0000	0.9990	0.00000000000000	5	1	3	7	1	4	2.7890916E7	1188885.2	1.3395924E7			
tr|A2BGX6|A2BGX6_DANRE	A2BGX6	A2BGX6_DANRE	myhc4	1935	false	false	Danio rerio	Myosin heavy chain 4	1:Experimental evidence at protein level	20.72	1.0000	0.9973	0.00000000000000	35	0	0	40	0	0	2.7780816E7	0	0			
tr|A2BHA3|A2BHA3_DANRE	A2BHA3	A2BHA3_DANRE	CK-M	381	false	false	Danio rerio	creatine kinase	1:Experimental evidence at protein level	3.41	1.0000	0.9990	0.00000000000000	1	0	0	2	0	0	3616587.2	0	0			
tr|A3KPI6|A3KPI6_DANRE	A3KPI6	A3KPI6_DANRE	si:ch211-288g17.3	378	false	false	Danio rerio	Si:ch211-288g17.3	4:Protein predicted	8.47	1.0000	0.9990	0.00000000000000	3	3	3	3	3	3	2.0847576E7	2.0847576E7	2.0847576E7	N-term(42.0106)		
tr|A4QP67|A4QP67_DANRE	A4QP67	A4QP67_DANRE	wu:fa28b06	314	false	false	Danio rerio	Hnrnpd protein	1:Experimental evidence at protein level	4.46	1.0000	0.9990	0.00000000000000	1	1	1	1	1	1	612453.3	612453.3	612453.3			
tr|A5A4L9|A5A4L9_DANRE	A5A4L9	A5A4L9_DANRE	DUF140	1033	false	false	Danio rerio	FACT complex subunit	1:Experimental evidence at protein level	1.16	1.0000	0.9990	0.00000000000000	1	1	1	1	1	1	0	0	0			
tr|A5PMV7|A5PMV7_DANRE	A5PMV7	A5PMV7_DANRE	ppp2r1ba	589	false	false	Danio rerio	Protein phosphatase 2, regulatory subunit A, beta a	4:Protein predicted	2.04	1.0000	0.9990	0.00000000000000	1	0	1	1	0	1	333688.38	0	333688.38			
tr|A7E2K5|A7E2K5_DANRE	A7E2K5	A7E2K5_DANRE	crybb1l2	221	false	false	Danio rerio	Zgc:171773 protein	1:Experimental evidence at protein level	9.95	1.0000	0.9990	0.00000000000000	2	1	2	2	1	2	3636796.2	583940.75	3636796.2	2C(57.0215)		
tr|A7MCR1|A7MCR1_DANRE	A7MCR1	A7MCR1_DANRE	fb78f10	273	false	false	Danio rerio	Cytochrome b-c1 complex subunit Rieske, mitochondrial	1:Experimental evidence at protein level	4.40	1.0000	0.9990	0.00000000000000	1	1	1	1	1	1	975180.9	975180.9	975180.9			
tr|A8E5J9|A8E5J9_DANRE	A8E5J9	A8E5J9_DANRE	ckmt2	413	false	false	Danio rerio	creatine kinase	1:Experimental evidence at protein level	7.26	1.0000	0.9990	0.00000000000000	2	0	0	3	0	0	2292978.5	0	0			
tr|A8E5L0|A8E5L0_DANRE	A8E5L0	A8E5L0_DANRE	zgc:64204	380	false	false	Danio rerio	creatine kinase	1:Experimental evidence at protein level	3.42	1.0000	0.9990	0.00000000000000	1	0	0	2	0	0	3616587.2	0	0			
tr|A8KB78|A8KB78_DANRE	A8KB78	A8KB78_DANRE	rps23	143	false	false	Danio rerio	40S ribosomal protein S23	1:Experimental evidence at protein level	18.88	1.0000	0.9990	0.00000000000000	1	1	1	1	1	1	786213.4	786213.4	786213.4	10C(57.0215)		
tr|A8KBJ5|A8KBJ5_DANRE	A8KBJ5	A8KBJ5_DANRE	si:ch211-113a14.27	136	false	false	Danio rerio	Histone H3	1:Experimental evidence at protein level	55.88	1.0000	0.9990	0.00000000000000	9	1	1	9	1	1	2.19743488E9	0	0	27C(57.0215)		
tr|A8KC22|A8KC22_DANRE	A8KC22	A8KC22_DANRE	hnrnpl	522	false	false	Danio rerio	Heterogeneous nuclear ribonucleoprotein L2	1:Experimental evidence at protein level	2.49	1.0000	0.9990	0.00000000000000	1	0	0	1	0	0	0	0	0			
tr|A8WGC6|A8WGC6_DANRE	A8WGC6	A8WGC6_DANRE	atp5b	517	false	false	Danio rerio	ATP synthase subunit beta	1:Experimental evidence at protein level	32.11	1.0000	0.9990	0.00000000000000	11	11	11	13	13	13	1.1895717E7	1.1895717E7	1.1895717E7	2M(15.9949)		
tr|B0JYH6|B0JYH6_DANRE	B0JYH6	B0JYH6_DANRE	pvrl1b	541	false	false	Danio rerio	Nectin 1b	1:Experimental evidence at protein level	3.70	1.0000	0.9990	0.00000000000000	2	2	2	2	2	2	388388.88	388388.88	388388.88			
tr|B0S730|B0S730_DANRE	B0S730	B0S730_DANRE	wu:fj78b08	298	false	false	Danio rerio	ADP/ATP translocase	1:Experimental evidence at protein level	4.03	1.0000	0.9990	0.00000000000000	1	0	0	1	0	0	1549083.8	0	0			
tr|B3DFN3|B3DFN3_DANRE	B3DFN3	B3DFN3_DANRE	fc15d06	583	false	false	Danio rerio	Lamin-B2	1:Experimental evidence at protein level	32.76	1.0000	0.9990	0.00000000000000	17	15	17	16	14	16	3.5945544E7	3.3982892E7	3.5945544E7	1C(57.0215)		
tr|B3DGI9|B3DGI9_DANRE	B3DGI9	B3DGI9_DANRE	timm8b	95	false	false	Danio rerio	Mitochondrial import inner membrane translocase subunit	1:Experimental evidence at protein level	23.16	1.0000	0.9990	0.00000000000000	2	2	2	2	2	2	620433.7	620433.7	620433.7	4C(57.0215),8C(57.0215)		
tr|B3DKC5|B3DKC5_DANRE	B3DKC5	B3DKC5_DANRE	cb948	659	false	false	Danio rerio	Lamin A	1:Experimental evidence at protein level	2.73	1.0000	0.9990	0.00000000000000	2	1	1	2	1	1	509859.3	509859.3	509859.3			
tr|B6IDE1|B6IDE1_DANRE	B6IDE1	B6IDE1_DANRE	smyhc2	1939	false	false	Danio rerio	slow Myosin heavy chain 2	1:Experimental evidence at protein level	4.80	1.0000	0.9990	0.00000000000000	8	0	0	10	0	0	2.6742232E7	0	0			
tr|B8A516|B8A516_DANRE	B8A516	B8A516_DANRE	fb22g06	449	false	false	Danio rerio	Tubulin alpha chain	1:Experimental evidence at protein level	51.22	1.0000	0.9990	0.00000000000000	15	0	1	20	0	1	5.9499224E7	0	6344096.5			
tr|B8A552|B8A552_DANRE	B8A552	B8A552_DANRE	smarca5	1035	false	false	Danio rerio	SWI/SNF-related matrix-associated actin-dependent regulator of chromatin subfamily A member 5	3:Protein inferred from homology	0.87	1.0000	0.9990	0.00000000000000	1	0	1	1	0	1	0	0	0			
tr|B8A568|B8A568_DANRE	B8A568	B8A568_DANRE	myhz1.1	1937	false	false	Danio rerio	Myosin, heavy polypeptide 1.1, skeletal muscle	1:Experimental evidence at protein level	21.53	1.0000	0.9990	0.00000000000000	36	0	2	41	0	2	2.7780816E7	0	524153.88			
tr|B8A569|B8A569_DANRE	B8A569	B8A569_DANRE	ns:zf-e68	1937	false	false	Danio rerio	Myosin, heavy polypeptide 1.3, skeletal muscle	1:Experimental evidence at protein level	20.08	1.0000	0.9990	0.00000000000000	32	0	5	37	0	7	2.6742232E7	0	1.4800574E7	9M(15.9949)		
tr|B8JLJ8|B8JLJ8_DANRE	B8JLJ8	B8JLJ8_DANRE	wu:fc19f05	431	false	false	Danio rerio	Heterogeneous nuclear ribonucleoprotein K	1:Experimental evidence at protein level	3.94	1.0000	0.9990	0.00000000000000	1	1	1	1	1	1	0	0	0			
tr|E7F354|E7F354_DANRE	E7F354	E7F354_DANRE	ywhag2	247	false	false	Danio rerio	14-3-3 protein gamma-1	1:Experimental evidence at protein level	3.24	1.0000	0.9990	0.00000000000000	1	0	0	1	0	0	7240772.0	0	0			
tr|E7F8M1|E7F8M1_DANRE	E7F8M1	E7F8M1_DANRE	crybb1l1	219	false	false	Danio rerio	Crystallin, beta B1,-like 1	1:Experimental evidence at protein level	5.48	1.0000	0.9990	0.00000000000000	1	0	0	1	0	0	3052855.5	0	0			
tr|E9QF07|E9QF07_DANRE	E9QF07	E9QF07_DANRE	myh7bb	1935	false	false	Danio rerio	Myosin, heavy chain 7B, cardiac muscle, beta b	3:Protein inferred from homology	3.72	1.0000	0.9946	0.00000000000000	6	0	0	7	0	0	1.9588136E7	0	0			
tr|F1Q7N8|F1Q7N8_DANRE	F1Q7N8	F1Q7N8_DANRE	si:dkey-28b4.8	1056	false	false	Danio rerio	Calcium-transporting ATPase	1:Experimental evidence at protein level	2.84	1.0000	0.9990	0.00000000000000	2	0	0	2	0	0	3543946.5	0	0			
tr|F1Q9P4|F1Q9P4_DANRE	F1Q9P4	F1Q9P4_DANRE	napbb	295	false	false	Danio rerio	N-ethylmaleimide-sensitive factor attachment protein, beta b	3:Protein inferred from homology	3.73	1.0000	0.9990	0.00000000000000	1	0	1	1	0	1	0	0	0			
tr|F1QCC9|F1QCC9_DANRE	F1QCC9	F1QCC9_DANRE	syt5b	446	false	false	Danio rerio	Synaptotagmin Vb	4:Protein predicted	2.91	1.0000	0.9990	0.00000000000000	1	1	1	1	1	1	527829.3	527829.3	527829.3			
tr|F1QFJ8|F1QFJ8_DANRE	F1QFJ8	F1QFJ8_DANRE	fb19a06	407	false	false	Danio rerio	heterogeneous nuclear ribonucleoprotein H1, like	1:Experimental evidence at protein level	3.19	1.0000	0.9990	0.00000000000000	1	1	1	1	1	1	380792.0	380792.0	380792.0	6C(57.0215)		
tr|F1QFV6|F1QFV6_DANRE	F1QFV6	F1QFV6_DANRE	rpl28l	138	false	false	Danio rerio	60S ribosomal protein L28	1:Experimental evidence at protein level	7.97	1.0000	0.9990	0.00000000000000	1	1	1	1	1	1	929795.75	929795.75	929795.75	N-term(42.0106)		
tr|F1QGP8|F1QGP8_DANRE	F1QGP8	F1QGP8_DANRE	hmgb3a	213	false	false	Danio rerio	High mobility group box 3a	4:Protein predicted	12.21	1.0000	0.9990	0.00000000000000	3	3	3	3	3	3	1.003623E7	1.003623E7	1.003623E7	11C(57.0215)		
tr|F1QHC4|F1QHC4_DANRE	F1QHC4	F1QHC4_DANRE	lmnb1	588	false	false	Danio rerio	Lamin B1	1:Experimental evidence at protein level	17.52	1.0000	0.9990	0.00000000000000	9	6	7	9	6	7	2.0782834E7	1.3770714E7	1.3770714E7			
tr|F1QNF2|F1QNF2_DANRE	F1QNF2	F1QNF2_DANRE	cbx3a	177	false	false	Danio rerio	Chromobox homolog 3a (HP1 gamma homolog, Drosophila)	4:Protein predicted	6.78	1.0000	0.9990	0.00000000000000	1	0	0	1	0	0	1107704.1	0	0			
tr|F1QV31|F1QV31_DANRE	F1QV31	F1QV31_DANRE	ckii	566	false	false	Danio rerio	keratin 5	1:Experimental evidence at protein level	8.66	1.0000	0.9990	0.00000000000000	7	1	1	7	1	1	1.47606496E8	0	0			
tr|F1QVX3|F1QVX3_DANRE	F1QVX3	F1QVX3_DANRE	myhb	1937	false	false	Danio rerio	Myosin, heavy chain b	1:Experimental evidence at protein level	10.84	1.0000	0.9990	0.00000000000000	20	0	18	23	0	21	2.7780816E7	0	2.7780816E7			
tr|F1QWU4|F1QWU4_DANRE	F1QWU4	F1QWU4_DANRE	myl6	164	false	false	Danio rerio	Myosin, light chain 6, alkali, smooth muscle and non-muscle	4:Protein predicted	12.80	1.0000	0.9990	0.00000000000000	2	0	0	2	0	0	2593409.5	0	0			
tr|F1QYK9|F1QYK9_DANRE	F1QYK9	F1QYK9_DANRE	zgc:103467	174	false	false	Danio rerio	Myosin, light chain 9a, regulatory	4:Protein predicted	6.32	1.0000	0.9984	0.00000000000000	1	0	0	1	0	0	0	0	0			
tr|F1QZW1|F1QZW1_DANRE	F1QZW1	F1QZW1_DANRE	myh7	1938	false	false	Danio rerio	Myosin heavy chain 7	1:Experimental evidence at protein level	5.31	1.0000	0.9988	0.00000000000000	9	0	0	11	0	0	2.6742232E7	0	0			
tr|F1R412|F1R412_DANRE	F1R412	F1R412_DANRE	tpm4a	284	false	false	Danio rerio	Tropomyosin 4a	3:Protein inferred from homology	9.86	1.0000	0.9990	0.00000000000000	3	0	0	4	0	0	2.0507634E7	0	0			
tr|F1R6C7|F1R6C7_DANRE	F1R6C7	F1R6C7_DANRE	myha	1933	false	false	Danio rerio	Myosin, heavy chain a	3:Protein inferred from homology	18.73	1.0000	0.9982	0.00000000000000	30	0	0	35	0	0	2.6742232E7	0	0			
tr|F1R9C6|F1R9C6_DANRE	F1R9C6	F1R9C6_DANRE	zgc:86841	303	false	false	Danio rerio	Prohibitin	1:Experimental evidence at protein level	6.93	1.0000	0.9989	0.00000000000000	2	0	0	2	0	0	1314795.2	0	0			
tr|F1R9V3|F1R9V3_DANRE	F1R9V3	F1R9V3_DANRE	hspa8b	647	false	false	Danio rerio	Heat shock protein family A (Hsp70) member 8b	3:Protein inferred from homology	10.82	1.0000	0.9990	0.00000000000000	6	1	1	7	1	1	4.2414252E7	1034002.1	1034002.1			
tr|F1RCB6|F1RCB6_DANRE	F1RCB6	F1RCB6_DANRE	actc1a	377	false	false	Danio rerio	Actin alpha cardiac muscle 1a	1:Experimental evidence at protein level	49.60	1.0000	0.9990	0.00000000000000	14	0	5	22	0	6	1.4602368E8	0	4.983172E7	10M(15.9949),2C(57.0215)		
tr|F8W442|F8W442_DANRE	F8W442	F8W442_DANRE	gnao1a	354	false	false	Danio rerio	Guanine nucleotide-binding protein (G protein), alpha-activating activity polypeptide O, a	4:Protein predicted	9.04	1.0000	0.9990	0.00000000000000	3	1	2	3	1	2	1.2500676E7	1086065.2	3204934.5	10C(57.0215)		
tr|M1EVR1|M1EVR1_DANRE	M1EVR1	M1EVR1_DANRE	SLC12A5	1117	false	false	Danio rerio	Potassium/chloride cotransporter kcc2	2:Experimental evidence at transcript level	0.98	1.0000	0.9990	0.00000000000000	1	0	0	1	0	0	1821811.9	0	0			
tr|O93548|O93548_DANRE	O93548	O93548_DANRE	hbbe1.3	147	false	false	Danio rerio	Embryonic 1 beta-globin	1:Experimental evidence at protein level	14.29	1.0000	0.9990	0.00000000000000	2	1	2	2	1	2	875636.75	875636.75	875636.75	1C(57.0215)		
tr|Q05AL9|Q05AL9_DANRE	Q05AL9	Q05AL9_DANRE	wu:fa91c11	431	false	false	Danio rerio	Zgc:153629	1:Experimental evidence at protein level	6.26	1.0000	0.9990	0.00000000000000	5	0	2	5	0	2	4.38351872E8	0	1.3012718E7			
tr|Q08BA1|Q08BA1_DANRE	Q08BA1	Q08BA1_DANRE	atp5a1	551	false	false	Danio rerio	ATP synthase subunit alpha	1:Experimental evidence at protein level	15.25	1.0000	0.9990	0.00000000000000	5	5	5	5	5	5	1.6547042E7	1.6547042E7	1.6547042E7			
tr|Q1JQ71|Q1JQ71_DANRE	Q1JQ71	Q1JQ71_DANRE	silverb	616	false	false	Danio rerio	Silver homolog (Mouse) b	2:Experimental evidence at transcript level	5.84	1.0000	0.9990	0.00000000000000	2	2	2	2	2	2	2261434.2	2261434.2	2261434.2			
tr|Q1LUD3|Q1LUD3_DANRE	Q1LUD3	Q1LUD3_DANRE	rcv2b	191	false	false	Danio rerio	Recoverin 3	1:Experimental evidence at protein level	9.42	1.0000	0.9990	0.00000000000000	1	1	1	2	2	2	855448.94	855448.94	855448.94			
tr|Q1LXJ7|Q1LXJ7_DANRE	Q1LXJ7	Q1LXJ7_DANRE	cyt1l	429	false	false	Danio rerio	type I cytokeratin, enveloping layer, like	1:Experimental evidence at protein level	1.63	1.0000	0.9990	0.00000000000000	1	0	0	1	0	0	2.32891632E8	0	0			
tr|Q2YDR5|Q2YDR5_DANRE	Q2YDR5	Q2YDR5_DANRE	actn2	895	false	false	Danio rerio	Actinin, alpha 2	1:Experimental evidence at protein level	1.56	1.0000	0.9990	0.00000000000000	1	0	0	1	0	0	0	0	0			
tr|Q32PT3|Q32PT3_DANRE	Q32PT3	Q32PT3_DANRE	zgc:123215	213	false	false	Danio rerio	Zgc:123215	1:Experimental evidence at protein level	30.99	1.0000	0.9990	0.00000000000000	9	9	9	12	12	12	4.4919768E7	4.4919768E7	4.4919768E7	10C(57.0215),10C(57.0215),11C(57.0215),11C(57.0215)		
tr|Q3B732|Q3B732_DANRE	Q3B732	Q3B732_DANRE	zgc:123210	76	false	false	Danio rerio	High mobility group nucleosomal-binding domain 2	1:Experimental evidence at protein level	17.11	1.0000	0.9990	0.00000000000000	1	1	1	2	2	2	7.5484656E7	7.5484656E7	7.5484656E7			
tr|Q45FX9|Q45FX9_DANRE	Q45FX9	Q45FX9_DANRE	cryba22	197	false	false	Danio rerio	BetaA2-2-crystallin	1:Experimental evidence at protein level	4.06	1.0000	0.9990	0.00000000000000	1	0	1	1	0	1	1011366.25	0	1011366.25			
tr|Q4KMI7|Q4KMI7_DANRE	Q4KMI7	Q4KMI7_DANRE	actc	377	false	false	Danio rerio	Actin, alpha 1b, skeletal muscle	1:Experimental evidence at protein level	44.83	1.0000	0.9990	0.00000000000000	15	0	4	24	0	6	1.27482584E8	0	4.8197484E7	14M(15.9949),14M(15.9949)		
tr|Q4KMK4|Q4KMK4_DANRE	Q4KMK4	Q4KMK4_DANRE	wu:fj35g11	1023	false	false	Danio rerio	Sodium/potassium-transporting ATPase subunit alpha	1:Experimental evidence at protein level	5.38	1.0000	0.9990	0.00000000000000	4	0	0	4	0	0	1.328743E7	0	0			
tr|Q4V914|Q4V914_DANRE	Q4V914	Q4V914_DANRE	zgc:114051	367	false	false	Danio rerio	Core histone macro-H2A	1:Experimental evidence at protein level	8.99	1.0000	0.9990	0.00000000000000	3	2	3	3	2	3	1.5792583E7	8442978.0	1.5792583E7			
tr|Q4V918|Q4V918_DANRE	Q4V918	Q4V918_DANRE	zgc:114044	255	false	false	Danio rerio	Proteasome subunit alpha type	1:Experimental evidence at protein level	4.71	1.0000	0.9990	0.00000000000000	1	1	1	1	1	1	1711869.6	1711869.6	1711869.6			
tr|Q4VBI6|Q4VBI6_DANRE	Q4VBI6	Q4VBI6_DANRE	tubb2a	449	false	false	Danio rerio	Tubulin beta chain	1:Experimental evidence at protein level	28.51	1.0000	0.9990	0.00000000000000	10	0	0	12	0	0	2.2251684E7	0	0			
tr|Q4VBU7|Q4VBU7_DANRE	Q4VBU7	Q4VBU7_DANRE	zgc:114165	141	false	false	Danio rerio	Cytochrome c oxidase subunit 5A, mitochondrial	1:Experimental evidence at protein level	7.09	1.0000	0.9990	0.00000000000000	1	1	1	1	1	1	0	0	0			
tr|Q502Q7|Q502Q7_DANRE	Q502Q7	Q502Q7_DANRE	plasticin	442	false	false	Danio rerio	Peripherin	2:Experimental evidence at transcript level	2.49	1.0000	0.9980	0.00000000000000	1	0	0	1	0	0	0	0	0			
tr|Q503M9|Q503M9_DANRE	Q503M9	Q503M9_DANRE	zgc:110425	195	false	false	Danio rerio	Zgc:110425	1:Experimental evidence at protein level	13.85	1.0000	0.9989	0.00000000000000	5	1	1	7	1	1	5.6471686E8	2.5586008E7	2.5586008E7			
tr|Q504B1|Q504B1_DANRE	Q504B1	Q504B1_DANRE	zgc:109973	123	false	false	Danio rerio	Activated RNA polymerase II transcriptional coactivator p15	1:Experimental evidence at protein level	8.94	1.0000	0.9990	0.00000000000000	1	1	1	1	1	1	2641327.2	2641327.2	2641327.2			
tr|Q52JI7|Q52JI7_DANRE	Q52JI7	Q52JI7_DANRE	zgc:109979	196	false	false	Danio rerio	Beta A4-crystallin	1:Experimental evidence at protein level	6.12	1.0000	0.9990	0.00000000000000	1	1	1	1	1	1	0	0	0	8C(57.0215)		
tr|Q566S4|Q566S4_DANRE	Q566S4	Q566S4_DANRE	zgc:112520	255	false	false	Danio rerio	NADH dehydrogenase [ubiquinone] iron-sulfur protein 3, mitochondrial	1:Experimental evidence at protein level	4.31	1.0000	0.9990	0.00000000000000	1	1	1	1	1	1	468440.47	468440.47	468440.47			
tr|Q567E8|Q567E8_DANRE	Q567E8	Q567E8_DANRE	zgc:112098	377	false	false	Danio rerio	Acta1a protein	2:Experimental evidence at transcript level	55.97	1.0000	0.9990	0.00000000000000	16	0	1	25	0	1	1.27482584E8	0	1.3713435E7			
tr|Q567G0|Q567G0_DANRE	Q567G0	Q567G0_DANRE	fa19b06	198	false	false	Danio rerio	High-mobility group box 3b	1:Experimental evidence at protein level	4.55	1.0000	0.9990	0.00000000000000	1	1	1	1	1	1	0	0	0			
tr|Q567N5|Q567N5_DANRE	Q567N5	Q567N5_DANRE	wu:fa93h05	265	false	false	Danio rerio	60S ribosomal protein L6	1:Experimental evidence at protein level	6.79	1.0000	0.9990	0.00000000000000	2	2	2	2	2	2	2698005.2	2698005.2	2698005.2			
tr|Q568D0|Q568D0_DANRE	Q568D0	Q568D0_DANRE	histh1l	201	false	false	Danio rerio	Zgc:110380	1:Experimental evidence at protein level	30.35	1.0000	0.9990	0.00000000000000	9	8	8	13	12	12	1.22207424E8	1.22207424E8	1.22207424E8	N-term(42.0106)		
tr|Q568U3|Q568U3_DANRE	Q568U3	Q568U3_DANRE	si:dkeyp-113d7.5	430	false	false	Danio rerio	Zgc:109868	1:Experimental evidence at protein level	1.63	1.0000	0.9990	0.00000000000000	1	0	0	1	0	0	2.32891632E8	0	0			
tr|Q5BJA2|Q5BJA2_DANRE	Q5BJA2	Q5BJA2_DANRE	zgc:114172	116	false	false	Danio rerio	NADH dehydrogenase [ubiquinone] 1 alpha subcomplex subunit 5	1:Experimental evidence at protein level	8.62	1.0000	0.9990	0.00000000000000	1	1	1	1	1	1	1.0794091E7	1.0794091E7	1.0794091E7			
tr|Q5CZQ1|Q5CZQ1_DANRE	Q5CZQ1	Q5CZQ1_DANRE	im:7138781	255	false	false	Danio rerio	Tyrosine 3-monooxygenase/tryptophan 5-monooxygenase activation protein, epsilon polypeptide 2	1:Experimental evidence at protein level	3.14	1.0000	0.9990	0.00000000000000	1	0	0	1	0	0	7240772.0	0	0			
tr|Q5FVD1|Q5FVD1_DANRE	Q5FVD1	Q5FVD1_DANRE	zgc:92612	201	false	false	Danio rerio	Zgc:92612	1:Experimental evidence at protein level	12.44	1.0000	0.9990	0.00000000000000	2	2	2	2	2	2	4646881.5	4646881.5	4646881.5			
tr|Q5RG12|Q5RG12_DANRE	Q5RG12	Q5RG12_DANRE	hsp90a2	734	false	false	Danio rerio	Heat shock protein 90-alpha 2	1:Experimental evidence at protein level	3.54	1.0000	0.9990	0.00000000000000	2	0	0	2	0	0	2.6344904E7	0	0			
tr|Q5RGB5|Q5RGB5_DANRE	Q5RGB5	Q5RGB5_DANRE	rab3a	220	false	false	Danio rerio	Ras-related protein Rab-3	1:Experimental evidence at protein level	8.64	1.0000	0.9990	0.00000000000000	2	0	2	2	0	2	2320514.8	0	2320514.8			
tr|Q5RKQ3|Q5RKQ3_DANRE	Q5RKQ3	Q5RKQ3_DANRE	zgc:101598	572	false	false	Danio rerio	Zgc:101598	1:Experimental evidence at protein level	1.57	1.0000	0.9990	0.00000000000000	1	0	0	1	0	0	834053.1	0	0			
tr|Q642H5|Q642H5_DANRE	Q642H5	Q642H5_DANRE	ppp2r1b	589	false	false	Danio rerio	Protein phosphatase 2 (Formerly 2A), regulatory subunit A, beta isoform	1:Experimental evidence at protein level	2.04	1.0000	0.9990	0.00000000000000	1	0	0	1	0	0	333688.38	0	0			
tr|Q642Z0|Q642Z0_DANRE	Q642Z0	Q642Z0_DANRE	cb279	994	false	false	Danio rerio	Calcium-transporting ATPase	1:Experimental evidence at protein level	3.82	1.0000	0.9990	0.00000000000000	3	0	3	3	0	3	3543946.5	0	3543946.5	10C(57.0215),11C(57.0215),10C(57.0215),11C(57.0215),7C(57.0215)		
tr|Q66IB6|Q66IB6_DANRE	Q66IB6	Q66IB6_DANRE	hmgb2	214	false	false	Danio rerio	High mobility group box 2B	1:Experimental evidence at protein level	21.03	1.0000	0.9990	0.00000000000000	5	5	5	6	6	6	2.0395334E7	2.0395334E7	2.0395334E7	10C(57.0215),10C(57.0215),11C(57.0215)		
tr|Q6DC49|Q6DC49_DANRE	Q6DC49	Q6DC49_DANRE	tuba8l3a	450	false	false	Danio rerio	Tubulin alpha chain	2:Experimental evidence at transcript level	37.11	1.0000	0.9990	0.00000000000000	12	0	2	15	0	4	4.7100572E7	0	1.680762E7	2M(15.9949),4C(57.0215),5C(57.0215),3C(57.0215),3C(57.0215),3C(57.0215),4M(15.9949),3C(57.0215),4M(15.9949)		
tr|Q6DGE4|Q6DGE4_DANRE	Q6DGE4	Q6DGE4_DANRE	hm:zeh0659	526	false	false	Danio rerio	5,6-dihydroxyindole-2-carboxylic acid oxidase precursor	1:Experimental evidence at protein level	2.09	1.0000	0.9990	0.00000000000000	1	1	1	1	1	1	281022.8	281022.8	281022.8	9C(57.0215)		
tr|Q6DGJ6|Q6DGJ6_DANRE	Q6DGJ6	Q6DGJ6_DANRE	prdx1	197	false	false	Danio rerio	Peroxiredoxin-1	1:Experimental evidence at protein level	40.61	1.0000	0.9990	0.00000000000000	7	5	7	9	6	9	2.2983804E7	8912349.0	2.2983804E7			
tr|Q6DGV5|Q6DGV5_DANRE	Q6DGV5	Q6DGV5_DANRE	zgc:92757	201	false	false	Danio rerio	RAB10, member RAS oncogene family	1:Experimental evidence at protein level	5.47	1.0000	0.9989	0.00000000000000	1	0	0	1	0	0	1391867.0	0	0			
tr|Q6DGY8|Q6DGY8_DANRE	Q6DGY8	Q6DGY8_DANRE	zgc:92716	246	false	false	Danio rerio	Proteasome subunit alpha type	1:Experimental evidence at protein level	5.28	1.0000	0.9990	0.00000000000000	1	0	0	1	0	0	0	0	0			
tr|Q6DGZ8|Q6DGZ8_DANRE	Q6DGZ8	Q6DGZ8_DANRE	zgc:92706	232	false	false	Danio rerio	Crystallin, beta B1	1:Experimental evidence at protein level	5.17	1.0000	0.9990	0.00000000000000	1	1	1	1	1	1	1560941.2	1560941.2	1560941.2			
tr|Q6DH07|Q6DH07_DANRE	Q6DH07	Q6DH07_DANRE	arr3l	357	false	false	Danio rerio	Arrestin 3, retinal (X-arrestin), like	1:Experimental evidence at protein level	12.32	1.0000	0.9990	0.00000000000000	3	3	3	3	3	3	5216133.0	5216133.0	5216133.0			
tr|Q6DHB6|Q6DHB6_DANRE	Q6DHB6	Q6DHB6_DANRE	wu:fa97a07	466	false	false	Danio rerio	Zgc:92533	1:Experimental evidence at protein level	1.50	1.0000	0.9990	0.00000000000000	1	0	0	1	0	0	2.32891632E8	0	0			
tr|Q6DHI9|Q6DHI9_DANRE	Q6DHI9	Q6DHI9_DANRE	psmb2	199	false	false	Danio rerio	Proteasome subunit beta	1:Experimental evidence at protein level	5.53	1.0000	0.9989	0.00000000000000	1	1	1	1	1	1	284103.4	284103.4	284103.4			
tr|Q6DHJ0|Q6DHJ0_DANRE	Q6DHJ0	Q6DHJ0_DANRE	sfrs5b	285	false	false	Danio rerio	Serine and arginine-rich-splicing factor 5b	1:Experimental evidence at protein level	3.16	1.0000	0.9990	0.00000000000000	1	0	0	1	0	0	4892716.5	0	0			
tr|Q6DHJ2|Q6DHJ2_DANRE	Q6DHJ2	Q6DHJ2_DANRE	rab3a	220	false	false	Danio rerio	Ras-related protein Rab-3	1:Experimental evidence at protein level	12.27	1.0000	0.9986	0.00000000000000	3	1	1	3	1	1	3144493.0	823978.2	823978.2	6C(57.0215)		
tr|Q6DHL6|Q6DHL6_DANRE	Q6DHL6	Q6DHL6_DANRE	wu:fa92e06	249	false	false	Danio rerio	40S ribosomal protein S6	1:Experimental evidence at protein level	3.21	1.0000	0.9990	0.00000000000000	1	1	1	1	1	1	3601124.5	3601124.5	3601124.5			
tr|Q6DRC1|Q6DRC1_DANRE	Q6DRC1	Q6DRC1_DANRE	snrpfl	86	false	false	Danio rerio	Sm protein F	1:Experimental evidence at protein level	15.12	1.0000	0.9990	0.00000000000000	1	1	1	1	1	1	0	0	0			
tr|Q6DRM9|Q6DRM9_DANRE	Q6DRM9	Q6DRM9_DANRE	im:7158706	1233	false	false	Danio rerio	Structural maintenance of chromosomes protein	1:Experimental evidence at protein level	0.81	1.0000	0.9990	0.00000000000000	1	0	1	1	0	1	536709.6	0	536709.6			
tr|Q6DRN7|Q6DRN7_DANRE	Q6DRN7	Q6DRN7_DANRE	zgc:111817	139	false	false	Danio rerio	60S ribosomal protein L14	1:Experimental evidence at protein level	15.83	1.0000	0.9990	0.00000000000000	2	2	2	2	2	2	6703565.0	6703565.0	6703565.0	1C(57.0215)		
tr|Q6GQM9|Q6GQM9_DANRE	Q6GQM9	Q6GQM9_DANRE	eno3	434	false	false	Danio rerio	phosphopyruvate hydratase	1:Experimental evidence at protein level	4.15	1.0000	0.9990	0.00000000000000	1	0	0	2	0	0	1519261.8	0	0			
tr|Q6IQ59|Q6IQ59_DANRE	Q6IQ59	Q6IQ59_DANRE	uqcrc2	454	false	false	Danio rerio	Ubiquinol-cytochrome c reductase core protein 2b	1:Experimental evidence at protein level	2.20	1.0000	0.9990	0.00000000000000	1	1	1	1	1	1	0	0	0			
tr|Q6IQI6|Q6IQI6_DANRE	Q6IQI6	Q6IQI6_DANRE	zgc:86748	178	false	false	Danio rerio	60S ribosomal protein L11	1:Experimental evidence at protein level	7.87	1.0000	0.9990	0.00000000000000	1	1	1	1	1	1	3010062.5	3010062.5	3010062.5			
tr|Q6IQL9|Q6IQL9_DANRE	Q6IQL9	Q6IQL9_DANRE	actc2	377	false	false	Danio rerio	Novel actin protein	2:Experimental evidence at transcript level	58.89	1.0000	0.9990	0.00000000000000	17	0	0	26	0	0	1.27482584E8	0	0			
tr|Q6IQP4|Q6IQP4_DANRE	Q6IQP4	Q6IQP4_DANRE	rap1a	185	false	false	Danio rerio	small monomeric GTPase	1:Experimental evidence at protein level	5.95	1.0000	0.9990	0.00000000000000	1	0	1	1	0	1	800288.5	0	800288.5			
tr|Q6IQP5|Q6IQP5_DANRE	Q6IQP5	Q6IQP5_DANRE	wu:fi32b03	432	false	false	Danio rerio	phosphopyruvate hydratase	1:Experimental evidence at protein level	8.56	1.0000	0.9990	0.00000000000000	2	1	2	3	1	3	3847613.2	2328351.5	3847613.2			
tr|Q6IQU2|Q6IQU2_DANRE	Q6IQU2	Q6IQU2_DANRE	cryba2	197	false	false	Danio rerio	Beta A2-crystallin	1:Experimental evidence at protein level	4.06	1.0000	0.9990	0.00000000000000	1	0	0	1	0	0	1011366.25	0	0			
tr|Q6IQU9|Q6IQU9_DANRE	Q6IQU9	Q6IQU9_DANRE	hm:zeh0438	126	false	false	Danio rerio	Zgc:86599	1:Experimental evidence at protein level	19.84	1.0000	0.9990	0.00000000000000	1	1	1	1	1	1	670883.75	670883.75	670883.75	4C(57.0215),6C(57.0215)		
tr|Q6IQX1|Q6IQX1_DANRE	Q6IQX1	Q6IQX1_DANRE	sb:cb38	1935	false	false	Danio rerio	Myosin, heavy polypeptide 2, fast muscle-specific	1:Experimental evidence at protein level	22.38	1.0000	0.9990	0.00000000000000	37	1	10	42	1	10	2.7780816E7	1169211.2	1.6623472E7			
tr|Q6NV11|Q6NV11_DANRE	Q6NV11	Q6NV11_DANRE	zgc:85677	101	false	false	Danio rerio	High mobility group AT-hook 1a	1:Experimental evidence at protein level	10.89	1.0000	0.9990	0.00000000000000	1	1	1	1	1	1	1723721.0	1723721.0	1723721.0	N-term(42.0106)		
tr|Q6NW56|Q6NW56_DANRE	Q6NW56	Q6NW56_DANRE	khdrbs1	370	false	false	Danio rerio	KH domain containing, RNA binding, signal transduction associated 1	1:Experimental evidence at protein level	2.16	1.0000	0.9990	0.00000000000000	1	1	1	1	1	1	1689534.5	1689534.5	1689534.5			
tr|Q6NW90|Q6NW90_DANRE	Q6NW90	Q6NW90_DANRE	Tubb5	444	false	false	Danio rerio	Tubulin beta chain	1:Experimental evidence at protein level	42.34	1.0000	0.9990	0.00000000000000	14	0	3	16	0	3	3.3041776E7	0	1.9315858E7	23C(57.0215)		
tr|Q6NWC1|Q6NWC1_DANRE	Q6NWC1	Q6NWC1_DANRE	VDAC1	283	false	false	Danio rerio	Vdac1 protein	1:Experimental evidence at protein level	33.92	1.0000	0.9990	0.00000000000000	6	6	6	6	6	6	1.617249E7	1.617249E7	1.617249E7	N-term(42.0106)		
tr|Q6NWC3|Q6NWC3_DANRE	Q6NWC3	Q6NWC3_DANRE	fc94f01	280	false	false	Danio rerio	40S ribosomal protein S2	1:Experimental evidence at protein level	11.79	1.0000	0.9990	0.00000000000000	3	3	3	3	3	3	4216574.5	4216574.5	4216574.5	2C(57.0215)		
tr|Q6NWI0|Q6NWI0_DANRE	Q6NWI0	Q6NWI0_DANRE	tuba8l	449	false	false	Danio rerio	Tubulin alpha chain	1:Experimental evidence at protein level	21.60	1.0000	0.9990	0.00000000000000	6	0	0	6	0	0	1.4462192E7	0	0			
tr|Q6NWK3|Q6NWK3_DANRE	Q6NWK3	Q6NWK3_DANRE	hm:zeh1094	211	false	false	Danio rerio	RAN-binding protein 1	1:Experimental evidence at protein level	5.21	1.0000	0.9990	0.00000000000000	1	1	1	1	1	1	2727926.5	2727926.5	2727926.5			
tr|Q6NX10|Q6NX10_DANRE	Q6NX10	Q6NX10_DANRE	fa22e07	298	false	false	Danio rerio	ADP/ATP translocase	1:Experimental evidence at protein level	10.74	1.0000	0.9989	0.00000000000000	3	0	0	3	0	0	3994332.5	0	0			
tr|Q6NX86|Q6NX86_DANRE	Q6NX86	Q6NX86_DANRE	HMGB1	205	false	false	Danio rerio	High mobility group box 1a	1:Experimental evidence at protein level	21.46	1.0000	0.9990	0.00000000000000	4	3	4	6	4	6	2.4346476E7	2.1630358E7	2.4346476E7	10C(57.0215),10C(57.0215),11C(57.0215),11C(57.0215),1M(15.9949)		
tr|Q6NYF7|Q6NYF7_DANRE	Q6NYF7	Q6NYF7_DANRE	atp5j	112	false	false	Danio rerio	ATP synthase-coupling factor 6, mitochondrial	1:Experimental evidence at protein level	12.50	1.0000	0.9990	0.00000000000000	1	1	1	1	1	1	2409442.2	2409442.2	2409442.2			
tr|Q6NYQ7|Q6NYQ7_DANRE	Q6NYQ7	Q6NYQ7_DANRE	wu:fa20d10	1079	false	false	Danio rerio	proton-translocating NAD(P)(+) transhydrogenase	1:Experimental evidence at protein level	1.02	1.0000	0.9990	0.00000000000000	1	0	1	1	0	1	0	0	0			
tr|Q6NYU8|Q6NYU8_DANRE	Q6NYU8	Q6NYU8_DANRE	hnrpab	340	false	false	Danio rerio	Heterogeneous Nuclear ribonucleoprotein a/b	1:Experimental evidence at protein level	7.06	1.0000	0.9990	0.00000000000000	2	2	2	2	2	2	3342689.0	3342689.0	3342689.0	7C(57.0215)		
tr|Q6NYV3|Q6NYV3_DANRE	Q6NYV3	Q6NYV3_DANRE	zgc:65861	199	false	false	Danio rerio	H1.0 linker histone	1:Experimental evidence at protein level	23.12	1.0000	0.9990	0.00000000000000	4	4	4	4	4	4	3.9101572E7	3.9101572E7	3.9101572E7	N-term(42.0106)		
tr|Q6NYW8|Q6NYW8_DANRE	Q6NYW8	Q6NYW8_DANRE	hnrpa0	314	false	false	Danio rerio	Heterogeneous nuclear ribonucleoprotein A0	1:Experimental evidence at protein level	5.10	1.0000	0.9990	0.00000000000000	1	1	1	1	1	1	0	0	0			
tr|Q6P025|Q6P025_DANRE	Q6P025	Q6P025_DANRE	gnb3	338	false	false	Danio rerio	Gnb3 protein	1:Experimental evidence at protein level	11.24	1.0000	0.9990	0.00000000000000	2	2	2	3	3	3	9445617.0	9445617.0	9445617.0	11C(57.0215),12C(57.0215),11C(57.0215),12C(57.0215),16C(57.0215)		
tr|Q6P0T0|Q6P0T0_DANRE	Q6P0T0	Q6P0T0_DANRE	ndufs8	210	false	false	Danio rerio	NADH dehydrogenase [ubiquinone] iron-sulfur protein 8, mitochondrial	1:Experimental evidence at protein level	5.71	1.0000	0.9990	0.00000000000000	1	1	1	1	1	1	578854.25	578854.25	578854.25			
tr|Q6P102|Q6P102_DANRE	Q6P102	Q6P102_DANRE	hm:zehn0976	245	false	false	Danio rerio	Tyrosine 3-monooxygenase/tryptophan 5-monooxygenase activation protein, beta polypeptide-like	1:Experimental evidence at protein level	8.98	1.0000	0.9990	0.00000000000000	2	1	1	2	1	1	7240772.0	0	0			
tr|Q6P271|Q6P271_DANRE	Q6P271	Q6P271_DANRE	atp1a3b	1023	false	false	Danio rerio	Sodium/potassium-transporting ATPase subunit alpha	1:Experimental evidence at protein level	7.23	1.0000	0.9990	0.00000000000000	6	2	6	6	2	6	1.328743E7	2421737.5	1.328743E7	5C(57.0215),7C(57.0215),9C(57.0215)		
tr|Q6P3J5|Q6P3J5_DANRE	Q6P3J5	Q6P3J5_DANRE	EEF2	858	false	false	Danio rerio	Eukaryotic Translation Elongation factor 2B	1:Experimental evidence at protein level	3.96	1.0000	0.9990	0.00000000000000	2	0	2	2	0	2	2089083.5	0	2089083.5	11C(57.0215),16C(57.0215)		
tr|Q6P4P8|Q6P4P8_DANRE	Q6P4P8	Q6P4P8_DANRE	zgc:73085	852	false	false	Danio rerio	Phosphodiesterase	1:Experimental evidence at protein level	1.17	1.0000	0.9990	0.00000000000000	1	0	1	1	0	1	1757621.8	0	1757621.8			
tr|Q6P5M9|Q6P5M9_DANRE	Q6P5M9	Q6P5M9_DANRE	tubb2c	445	false	false	Danio rerio	Tubulin beta chain	1:Experimental evidence at protein level	43.60	1.0000	0.9990	0.00000000000000	16	0	1	20	0	1	3.366156E7	0	2899345.0			
tr|Q6P6E0|Q6P6E0_DANRE	Q6P6E0	Q6P6E0_DANRE	zgc:77946	103	false	false	Danio rerio	ATP synthase subunit	1:Experimental evidence at protein level	8.74	1.0000	0.9982	0.00000000000000	1	1	1	1	1	1	893749.8	893749.8	893749.8			
tr|Q6P967|Q6P967_DANRE	Q6P967	Q6P967_DANRE	zgc:73153	354	false	false	Danio rerio	Zgc:73153	1:Experimental evidence at protein level	2.26	1.0000	0.9990	0.00000000000000	1	0	0	1	0	0	2118869.2	0	0			
tr|Q6P969|Q6P969_DANRE	Q6P969	Q6P969_DANRE	zgc:73138	462	false	false	Danio rerio	Elongation factor 1-alpha	1:Experimental evidence at protein level	8.87	1.0000	0.9990	0.00000000000000	2	0	1	3	0	1	6238130.0	0	0	11C(57.0215),2M(15.9949)		
tr|Q6P972|Q6P972_DANRE	Q6P972	Q6P972_DANRE	zgc:73108	451	false	false	Danio rerio	Tubulin alpha chain	1:Experimental evidence at protein level	37.03	1.0000	0.9990	0.00000000000000	10	0	8	14	0	10	4.6358532E7	0	3.5641448E7	18C(57.0215),23C(57.0215),2C(57.0215),8C(57.0215),8C(57.0215)		
tr|Q6PBJ8|Q6PBJ8_DANRE	Q6PBJ8	Q6PBJ8_DANRE	zgc:73373	108	false	false	Danio rerio	peptidylprolyl isomerase	1:Experimental evidence at protein level	12.96	1.0000	0.9990	0.00000000000000	1	1	1	1	1	1	1094326.5	1094326.5	1094326.5			
tr|Q6PBL4|Q6PBL4_DANRE	Q6PBL4	Q6PBL4_DANRE	zgc:73351	148	false	false	Danio rerio	DNA polymerase epsilon subunit 3	1:Experimental evidence at protein level	10.81	1.0000	0.9990	0.00000000000000	1	1	1	2	2	2	1676309.1	1676309.1	1676309.1	N-term(42.0106),N-term(42.0106)		
tr|Q6PBR5|Q6PBR5_DANRE	Q6PBR5	Q6PBR5_DANRE	wu:fa12a02	118	false	false	Danio rerio	V-type proton ATPase subunit G	1:Experimental evidence at protein level	22.88	1.0000	0.9990	0.00000000000000	2	2	2	2	2	2	1291360.2	1291360.2	1291360.2	N-term(42.0106)		
tr|Q6PBW6|Q6PBW6_DANRE	Q6PBW6	Q6PBW6_DANRE	wu:fc58a11	535	false	false	Danio rerio	T-complex protein 1 subunit beta	1:Experimental evidence at protein level	6.36	1.0000	0.9990	0.00000000000000	2	2	2	2	2	2	2298111.5	2298111.5	2298111.5			
tr|Q6PBZ1|Q6PBZ1_DANRE	Q6PBZ1	Q6PBZ1_DANRE	zgc:86667	266	false	false	Danio rerio	60S ribosomal protein L7a	1:Experimental evidence at protein level	6.02	1.0000	0.9990	0.00000000000000	1	1	1	1	1	1	2659814.5	2659814.5	2659814.5			
tr|Q6PC13|Q6PC13_DANRE	Q6PC13	Q6PC13_DANRE	phb2	302	false	false	Danio rerio	Prohibitin	1:Experimental evidence at protein level	6.95	1.0000	0.9990	0.00000000000000	2	0	2	2	0	2	1314795.2	0	1314795.2			
tr|Q6PC53|Q6PC53_DANRE	Q6PC53	Q6PC53_DANRE	ppial	164	false	false	Danio rerio	Peptidyl-prolyl cis-trans isomerase	1:Experimental evidence at protein level	17.68	1.0000	0.9990	0.00000000000000	3	3	3	4	4	4	7059772.0	7059772.0	7059772.0	1M(15.9949)		
tr|Q6PC77|Q6PC77_DANRE	Q6PC77	Q6PC77_DANRE	atp5h	161	false	false	Danio rerio	ATP synthase subunit d, mitochondrial	1:Experimental evidence at protein level	6.21	1.0000	0.9990	0.00000000000000	1	1	1	1	1	1	265388.75	265388.75	265388.75			
tr|Q6PC80|Q6PC80_DANRE	Q6PC80	Q6PC80_DANRE	chunp6933	204	false	false	Danio rerio	40S ribosomal protein S5 isoform X1	1:Experimental evidence at protein level	6.37	1.0000	0.9990	0.00000000000000	1	1	1	1	1	1	1142349.0	1142349.0	1142349.0	9C(57.0215),9C(57.0215)		
tr|Q6PC89|Q6PC89_DANRE	Q6PC89	Q6PC89_DANRE	zgc:73056	433	false	false	Danio rerio	phosphopyruvate hydratase	1:Experimental evidence at protein level	4.16	1.0000	0.9990	0.00000000000000	1	0	0	2	0	0	1519261.8	0	0			
tr|Q6PC95|Q6PC95_DANRE	Q6PC95	Q6PC95_DANRE	zgc:73046	449	false	false	Danio rerio	Tubulin alpha chain	1:Experimental evidence at protein level	27.39	1.0000	0.9989	0.00000000000000	8	0	0	11	0	0	3.4340528E7	0	0			
tr|Q6PE34|Q6PE34_DANRE	Q6PE34	Q6PE34_DANRE	fj33a08	444	false	false	Danio rerio	Tubulin beta chain	1:Experimental evidence at protein level	23.20	1.0000	0.9990	0.00000000000000	8	0	0	10	0	0	3.3041776E7	0	0			
tr|Q6PGX4|Q6PGX4_DANRE	Q6PGX4	Q6PGX4_DANRE	zgc:63663	647	false	false	Danio rerio	Heat shock cognate 70	1:Experimental evidence at protein level	13.29	1.0000	0.9990	0.00000000000000	7	1	1	8	1	1	4.4464896E7	3122967.8	3122967.8			
tr|Q6PH46|Q6PH46_DANRE	Q6PH46	Q6PH46_DANRE	zgc:77192	533	false	false	Danio rerio	T-complex protein 1 subunit delta	1:Experimental evidence at protein level	3.00	1.0000	0.9990	0.00000000000000	1	1	1	1	1	1	3129220.8	3129220.8	3129220.8			
tr|Q6PHJ8|Q6PHJ8_DANRE	Q6PHJ8	Q6PHJ8_DANRE	myl9l	172	false	false	Danio rerio	Myosin, light chain 12, genome duplicate 1	1:Experimental evidence at protein level	12.21	1.0000	0.9990	0.00000000000000	2	1	2	2	1	2	842056.7	842056.7	842056.7			
tr|Q6TGS5|Q6TGS5_DANRE	Q6TGS5	Q6TGS5_DANRE	zgc:76934	449	false	false	Danio rerio	Tubulin alpha chain	1:Experimental evidence at protein level	20.49	1.0000	0.9990	0.00000000000000	6	0	1	6	0	1	2.3242798E7	0	6555718.5			
tr|Q6TGT9|Q6TGT9_DANRE	Q6TGT9	Q6TGT9_DANRE	SFRS5	259	false	false	Danio rerio	Splicing factor, arginine/serine-rich 5	1:Experimental evidence at protein level	6.18	1.0000	0.9990	0.00000000000000	2	1	2	2	1	2	5902947.0	1010230.56	5902947.0			
tr|Q6TGU0|Q6TGU0_DANRE	Q6TGU0	Q6TGU0_DANRE	SET	275	false	false	Danio rerio	Myeloid leukemia-associated SET translocation protein	1:Experimental evidence at protein level	28.00	1.0000	0.9990	0.00000000000000	5	2	5	5	2	5	3.2728642E7	6513644.0	3.2728642E7			
tr|Q6TGV6|Q6TGV6_DANRE	Q6TGV6	Q6TGV6_DANRE	PSMA5	241	false	false	Danio rerio	Proteasome subunit alpha type	1:Experimental evidence at protein level	5.39	1.0000	0.9990	0.00000000000000	1	1	1	1	1	1	510932.84	510932.84	510932.84			
tr|Q6TNR5|Q6TNR5_DANRE	Q6TNR5	Q6TNR5_DANRE	wu:fb13h02	164	false	false	Danio rerio	Peptidyl-prolyl cis-trans isomerase	1:Experimental evidence at protein level	9.15	1.0000	0.9990	0.00000000000000	1	1	1	1	1	1	1607924.2	1607924.2	1607924.2			
tr|Q6TNT8|Q6TNT8_DANRE	Q6TNT8	Q6TNT8_DANRE	gnai2l	355	false	false	Danio rerio	Guanine nucleotide binding protein (G protein), alpha inhibiting activity polypeptide 2	1:Experimental evidence at protein level	5.35	1.0000	0.9985	0.00000000000000	2	0	0	2	0	0	9604163.0	0	0			
tr|Q6XG62|Q6XG62_DANRE	Q6XG62	Q6XG62_DANRE	s100a4a	95	false	false	Danio rerio	Protein S100	1:Experimental evidence at protein level	13.68	1.0000	0.9990	0.00000000000000	1	1	1	1	1	1	0	0	0			
tr|Q6YJK1|Q6YJK1_DANRE	Q6YJK1	Q6YJK1_DANRE	amhc	1936	false	false	Danio rerio	Atrial myosin heavy chain	1:Experimental evidence at protein level	3.67	1.0000	0.9858	0.00082712985939	6	0	0	7	0	0	2.3773672E7	0	0			
tr|Q7SXA3|Q7SXA3_DANRE	Q7SXA3	Q7SXA3_DANRE	zgc:66168	156	false	false	Danio rerio	Ubiquitin-40S ribosomal protein S27a	1:Experimental evidence at protein level	30.13	1.0000	0.9990	0.00000000000000	4	0	4	5	0	5	1.51256496E8	0	1.51256496E8			
tr|Q7SXL4|Q7SXL4_DANRE	Q7SXL4	Q7SXL4_DANRE	ndpkz2	153	false	false	Danio rerio	Nucleoside diphosphate kinase	1:Experimental evidence at protein level	13.73	1.0000	0.9985	0.00000000000000	2	0	0	2	0	0	0	0	0			
tr|Q7SXN6|Q7SXN6_DANRE	Q7SXN6	Q7SXN6_DANRE	psma6a	246	false	false	Danio rerio	Proteasome subunit alpha type	1:Experimental evidence at protein level	5.28	1.0000	0.9990	0.00000000000000	1	0	1	1	0	1	0	0	0			
tr|Q7SXU3|Q7SXU3_DANRE	Q7SXU3	Q7SXU3_DANRE	aldh2a	516	false	false	Danio rerio	Aldehyde dehydrogenase 2 family (Mitochondrial)a	1:Experimental evidence at protein level	1.55	1.0000	0.9990	0.00000000000000	1	0	0	1	0	0	911672.94	0	0			
tr|Q7SY46|Q7SY46_DANRE	Q7SY46	Q7SY46_DANRE	zgc:63516	617	false	false	Danio rerio	H(+)-transporting two-sector ATPase	1:Experimental evidence at protein level	1.62	1.0000	0.9990	0.00000000000000	1	1	1	1	1	1	545892.94	545892.94	545892.94			
tr|Q7SZD3|Q7SZD3_DANRE	Q7SZD3	Q7SZD3_DANRE	fi36d04	650	false	false	Danio rerio	78 kDa glucose-regulated protein	1:Experimental evidence at protein level	1.69	1.0000	0.9990	0.00000000000000	1	0	1	1	0	1	669466.44	0	669466.44			
tr|Q7SZP4|Q7SZP4_DANRE	Q7SZP4	Q7SZP4_DANRE	cb126	562	false	false	Danio rerio	Zgc:65851	1:Experimental evidence at protein level	1.60	1.0000	0.9990	0.00000000000000	1	0	0	1	0	0	0	0	0			
tr|Q7T1J9|Q7T1J9_DANRE	Q7T1J9	Q7T1J9_DANRE	zgc:65936	166	false	false	Danio rerio	40S ribosomal protein S10	1:Experimental evidence at protein level	5.42	1.0000	0.9990	0.00000000000000	1	1	1	1	1	1	0	0	0			
tr|Q7T1K0|Q7T1K0_DANRE	Q7T1K0	Q7T1K0_DANRE	zgc:65996	184	false	false	Danio rerio	60S ribosomal protein L17	1:Experimental evidence at protein level	8.70	1.0000	0.9990	0.00000000000000	1	1	1	1	1	1	936181.0	936181.0	936181.0			
tr|Q7T2P7|Q7T2P7_DANRE	Q7T2P7	Q7T2P7_DANRE	cb195	371	false	false	Danio rerio	Glutamine synthetase	1:Experimental evidence at protein level	9.97	1.0000	0.9990	0.00000000000000	2	2	2	2	2	2	0	0	0	N-term(42.0106)		
tr|Q7T334|Q7T334_DANRE	Q7T334	Q7T334_DANRE	zgc:64133	337	false	false	Danio rerio	Malate dehydrogenase	1:Experimental evidence at protein level	8.90	1.0000	0.9990	0.00000000000000	2	2	2	2	2	2	686925.6	686925.6	686925.6			
tr|Q7T368|Q7T368_DANRE	Q7T368	Q7T368_DANRE	wu:fc76a05	359	false	false	Danio rerio	Pyruvate dehydrogenase E1 component subunit beta	1:Experimental evidence at protein level	3.06	1.0000	0.9990	0.00000000000000	1	1	1	1	1	1	739315.4	739315.4	739315.4	5C(57.0215)		
tr|Q7T399|Q7T399_DANRE	Q7T399	Q7T399_DANRE	rhoae	193	false	false	Danio rerio	Ras homolog family member CA	1:Experimental evidence at protein level	4.66	1.0000	0.9987	0.00000000000000	1	0	0	1	0	0	1522829.9	0	0			
tr|Q7T3D3|Q7T3D3_DANRE	Q7T3D3	Q7T3D3_DANRE	zgc:63957	354	false	false	Danio rerio	Guanine nucleotide-binding protein (G protein), alpha-inhibiting activity polypeptide 1	1:Experimental evidence at protein level	5.37	1.0000	0.9990	0.00000000000000	2	0	0	2	0	0	9604163.0	0	0			
tr|Q7T3G2|Q7T3G2_DANRE	Q7T3G2	Q7T3G2_DANRE	zgc:63883	246	false	false	Danio rerio	14-3-3 protein eta	1:Experimental evidence at protein level	3.25	1.0000	0.9990	0.00000000000000	1	0	0	1	0	0	7240772.0	0	0			
tr|Q7T3L3|Q7T3L3_DANRE	Q7T3L3	Q7T3L3_DANRE	GP96	793	false	false	Danio rerio	Chaperone protein GP96	1:Experimental evidence at protein level	1.77	1.0000	0.9990	0.00000000000000	1	1	1	1	1	1	1526397.8	1526397.8	1526397.8			
tr|Q7ZU67|Q7ZU67_DANRE	Q7ZU67	Q7ZU67_DANRE	fb54c08	406	false	false	Danio rerio	ATP-dependent RNA helicase	1:Experimental evidence at protein level	2.46	1.0000	0.9989	0.00000000000000	1	0	0	1	0	0	6027842.5	0	0			
tr|Q7ZUG1|Q7ZUG1_DANRE	Q7ZUG1	Q7ZUG1_DANRE	wu:fa27c04	165	false	false	Danio rerio	60S ribosomal protein L12	1:Experimental evidence at protein level	18.79	1.0000	0.9990	0.00000000000000	2	2	2	2	2	2	0	0	0	11C(57.0215)		
tr|Q7ZUG6|Q7ZUG6_DANRE	Q7ZUG6	Q7ZUG6_DANRE	fa93d05	117	false	false	Danio rerio	60S ribosomal protein L30	1:Experimental evidence at protein level	10.26	1.0000	0.9990	0.00000000000000	1	1	1	1	1	1	401418.97	401418.97	401418.97	8C(57.0215)		
tr|Q7ZUK2|Q7ZUK2_DANRE	Q7ZUK2	Q7ZUK2_DANRE	wu:fj36b10	369	false	false	Danio rerio	General transcription factor IIA, 1	2:Experimental evidence at transcript level	2.98	1.0000	0.9988	0.00000000000000	1	1	1	1	1	1	247330.95	247330.95	247330.95			
tr|Q7ZUM0|Q7ZUM0_DANRE	Q7ZUM0	Q7ZUM0_DANRE	ywhaq	245	false	false	Danio rerio	14-3-3 protein theta	1:Experimental evidence at protein level	3.27	1.0000	0.9990	0.00000000000000	1	0	0	1	0	0	7240772.0	0	0			
tr|Q7ZUN7|Q7ZUN7_DANRE	Q7ZUN7	Q7ZUN7_DANRE	fb37h03	417	false	false	Danio rerio	creatine kinase	1:Experimental evidence at protein level	5.28	1.0000	0.9990	0.00000000000000	2	1	1	2	1	1	3894548.5	2800247.0	2800247.0			
tr|Q7ZUP6|Q7ZUP6_DANRE	Q7ZUP6	Q7ZUP6_DANRE	zgc:55485	449	false	false	Danio rerio	Isocitrate dehydrogenase [NADP]	1:Experimental evidence at protein level	14.70	1.0000	0.9990	0.00000000000000	6	6	6	6	6	6	1.024439E7	1.024439E7	1.024439E7	11M(15.9949),2C(57.0215)		
tr|Q7ZUV5|Q7ZUV5_DANRE	Q7ZUV5	Q7ZUV5_DANRE	zgc:56049	201	false	false	Danio rerio	ZRAB1B, member RAS oncogene family a	1:Experimental evidence at protein level	5.47	1.0000	0.9990	0.00000000000000	1	0	0	1	0	0	1391867.0	0	0			
tr|Q7ZUY0|Q7ZUY0_DANRE	Q7ZUY0	Q7ZUY0_DANRE	seta	269	false	false	Danio rerio	SET nuclear proto-oncogene a	1:Experimental evidence at protein level	18.59	1.0000	0.9990	0.00000000000000	3	0	0	3	0	0	2.883616E7	0	0			
tr|Q7ZUY9|Q7ZUY9_DANRE	Q7ZUY9	Q7ZUY9_DANRE	itm1	705	false	false	Danio rerio	dolichyl-diphosphooligosaccharide--protein glycotransferase	1:Experimental evidence at protein level	0.99	1.0000	0.9990	0.00000000000000	1	1	1	1	1	1	1113957.5	1113957.5	1113957.5			
tr|Q7ZV05|Q7ZV05_DANRE	Q7ZV05	Q7ZV05_DANRE	wu:fa91c09	159	false	false	Danio rerio	40S ribosomal protein S11	1:Experimental evidence at protein level	11.32	1.0000	0.9990	0.00000000000000	1	1	1	2	2	2	1461817.5	1461817.5	1461817.5	13C(57.0215),13C(57.0215)		
tr|Q7ZV13|Q7ZV13_DANRE	Q7ZV13	Q7ZV13_DANRE	sfrs2	225	false	false	Danio rerio	Serine and arginine-rich-splicing factor 2a	1:Experimental evidence at protein level	7.11	1.0000	0.9990	0.00000000000000	1	1	1	1	1	1	0	0	0	N-term(42.0106)		
tr|Q7ZV39|Q7ZV39_DANRE	Q7ZV39	Q7ZV39_DANRE	zgc:56235	281	false	false	Danio rerio	Zgc:56235	1:Experimental evidence at protein level	4.27	1.0000	0.9988	0.00000000000000	1	0	0	1	0	0	5164860.5	0	0			
tr|Q7ZV77|Q7ZV77_DANRE	Q7ZV77	Q7ZV77_DANRE	wu:fe05d10	261	false	false	Danio rerio	Proteasome subunit alpha type	1:Experimental evidence at protein level	3.83	1.0000	0.9990	0.00000000000000	1	1	1	1	1	1	1182568.4	1182568.4	1182568.4			
tr|Q7ZVB5|Q7ZVB5_DANRE	Q7ZVB5	Q7ZVB5_DANRE	SNRPD3	128	false	false	Danio rerio	Small nuclear ribonucleoprotein Sm D3	1:Experimental evidence at protein level	16.41	1.0000	0.9990	0.00000000000000	1	0	1	1	0	1	2529293.8	0	2529293.8	12C(57.0215),12C(57.0215)		
tr|Q7ZVD9|Q7ZVD9_DANRE	Q7ZVD9	Q7ZVD9_DANRE	wu:fb13d09	245	false	false	Danio rerio	DNA-(apurinic or apyrimidinic site) lyase	1:Experimental evidence at protein level	5.71	1.0000	0.9990	0.00000000000000	2	2	2	2	2	2	4795779.5	4795779.5	4795779.5			
tr|Q7ZVI6|Q7ZVI6_DANRE	Q7ZVI6	Q7ZVI6_DANRE	fa93f03	450	false	false	Danio rerio	Tubulin alpha chain	1:Experimental evidence at protein level	34.44	1.0000	0.9990	0.00000000000000	10	0	0	13	0	0	4.7100572E7	0	0			
tr|Q7ZVX4|Q7ZVX4_DANRE	Q7ZVX4	Q7ZVX4_DANRE	wu:fj47f07	215	false	false	Danio rerio	Ras-related protein Rab-14	1:Experimental evidence at protein level	5.12	1.0000	0.9967	0.00000000000000	1	0	0	1	0	0	1391867.0	0	0			
tr|Q7ZW01|Q7ZW01_DANRE	Q7ZW01	Q7ZW01_DANRE	fd02b12	445	false	false	Danio rerio	Tubulin beta chain	1:Experimental evidence at protein level	43.60	1.0000	0.9990	0.00000000000000	16	0	0	20	0	0	3.366156E7	0	0			
tr|Q7ZW09|Q7ZW09_DANRE	Q7ZW09	Q7ZW09_DANRE	zgc:55429	536	false	false	Danio rerio	Heterogeneous Nuclear ribonucleoprotein L	2:Experimental evidence at transcript level	2.43	1.0000	0.9990	0.00000000000000	1	0	1	1	0	1	0	0	0	6C(57.0215)		
tr|Q7ZW20|Q7ZW20_DANRE	Q7ZW20	Q7ZW20_DANRE	fe38c12	255	false	false	Danio rerio	14-3-3 protein epsilon	1:Experimental evidence at protein level	7.45	1.0000	0.9990	0.00000000000000	2	1	1	2	1	1	8430779.0	1190006.9	1190006.9	N-term(42.0106)		
tr|Q7ZW95|Q7ZW95_DANRE	Q7ZW95	Q7ZW95_DANRE	zgc:56659	375	false	false	Danio rerio	60S ribosomal protein L4	1:Experimental evidence at protein level	5.87	1.0000	0.9990	0.00000000000000	2	2	2	2	2	2	1902777.5	1902777.5	1902777.5	2C(57.0215)		
tr|Q802C9|Q802C9_DANRE	Q802C9	Q802C9_DANRE	wu:fd15g03	406	false	false	Danio rerio	ATP-dependent RNA helicase	1:Experimental evidence at protein level	2.46	1.0000	0.9990	0.00000000000000	1	0	1	1	0	1	6027842.5	0	6027842.5			
tr|Q802U8|Q802U8_DANRE	Q802U8	Q802U8_DANRE	wu:fb12d01	192	false	false	Danio rerio	H1 histone family, member X	1:Experimental evidence at protein level	6.25	1.0000	0.9990	0.00000000000000	1	1	1	1	1	1	1521927.0	1521927.0	1521927.0			
tr|Q802Y1|Q802Y1_DANRE	Q802Y1	Q802Y1_DANRE	zgc:55809	366	false	false	Danio rerio	Serine and arginine-rich-splicing factor 4	1:Experimental evidence at protein level	2.46	1.0000	0.9989	0.00000000000000	1	0	0	1	0	0	4892716.5	0	0			
tr|Q803B0|Q803B0_DANRE	Q803B0	Q803B0_DANRE	cb863	575	false	false	Danio rerio	60 kDa heat shock protein, mitochondrial	1:Experimental evidence at protein level	7.30	1.0000	0.9990	0.00000000000000	2	2	2	2	2	2	1.0228517E7	1.0228517E7	1.0228517E7			
tr|Q803E5|Q803E5_DANRE	Q803E5	Q803E5_DANRE	etf1	442	false	false	Danio rerio	Eukaryotic peptide chain release factor subunit 1	1:Experimental evidence at protein level	2.94	1.0000	0.9985	0.00000000000000	1	0	1	1	0	1	0	0	0			
tr|Q803M8|Q803M8_DANRE	Q803M8	Q803M8_DANRE	ywhaz	245	false	false	Danio rerio	14-3-3 protein theta	1:Experimental evidence at protein level	3.27	1.0000	0.9990	0.00000000000000	1	0	0	1	0	0	7240772.0	0	0			
tr|Q803N2|Q803N2_DANRE	Q803N2	Q803N2_DANRE	wu:fb22e01	1216	false	false	Danio rerio	Structural maintenance of chromosomes protein	1:Experimental evidence at protein level	1.32	1.0000	0.9990	0.00000000000000	1	1	1	1	1	1	0	0	0			
tr|Q803T5|Q803T5_DANRE	Q803T5	Q803T5_DANRE	AHCY	433	false	false	Danio rerio	Adenosylhomocysteinase	1:Experimental evidence at protein level	2.77	1.0000	0.9990	0.00000000000000	1	1	1	1	1	1	369825.25	369825.25	369825.25			
tr|Q803W0|Q803W0_DANRE	Q803W0	Q803W0_DANRE	ddx39b	427	false	false	Danio rerio	RNA helicase	1:Experimental evidence at protein level	4.68	1.0000	0.9990	0.00000000000000	2	0	2	2	0	2	4679372.0	0	4679372.0			
tr|Q8AWD0|Q8AWD0_DANRE	Q8AWD0	Q8AWD0_DANRE	wu:fa01a08	283	false	false	Danio rerio	Vdac2 protein	1:Experimental evidence at protein level	43.11	1.0000	0.9990	0.00000000000000	9	8	9	9	8	9	1.3761248E7	1.2420277E7	1.3761248E7	1M(15.9949),N-term(42.0106)		
tr|Q8AWD9|Q8AWD9_DANRE	Q8AWD9	Q8AWD9_DANRE	catD	398	false	false	Danio rerio	Cathepsin D	1:Experimental evidence at protein level	2.76	1.0000	0.9990	0.00000000000000	1	0	0	1	0	0	356142.34	0	0			
tr|Q8AWW3|Q8AWW3_DANRE	Q8AWW3	Q8AWW3_DANRE	cb758	290	false	false	Danio rerio	Translocon-associated protein subunit alpha	1:Experimental evidence at protein level	2.76	1.0000	0.9990	0.00000000000000	1	1	1	1	1	1	1370295.8	1370295.8	1370295.8			
tr|Q8AX99|Q8AX99_DANRE	Q8AX99	Q8AX99_DANRE	wu:fc11d03	898	false	false	Danio rerio	Actinin alpha 3B	1:Experimental evidence at protein level	2.90	1.0000	0.9990	0.00000000000000	2	0	0	2	0	0	0	0	0			
tr|Q8AY63|Q8AY63_DANRE	Q8AY63	Q8AY63_DANRE	ckb	381	false	false	Danio rerio	creatine kinase	1:Experimental evidence at protein level	12.60	1.0000	0.9990	0.00000000000000	4	2	4	5	2	5	7050996.5	3434409.5	7050996.5	2C(57.0215)		
tr|Q8AYB9|Q8AYB9_DANRE	Q8AYB9	Q8AYB9_DANRE	wu:fa12h07	598	false	false	Danio rerio	Dolichyl-diphosphooligosaccharide--protein glycosyltransferase subunit 1	1:Experimental evidence at protein level	1.51	1.0000	0.9990	0.00000000000000	1	1	1	1	1	1	1015877.7	1015877.7	1015877.7			
tr|Q8JHH1|Q8JHH1_DANRE	Q8JHH1	Q8JHH1_DANRE	fk26a01	119	false	false	Danio rerio	Small nuclear ribonucleoprotein Sm D1	1:Experimental evidence at protein level	10.92	1.0000	0.9990	0.00000000000000	1	1	1	1	1	1	599027.25	599027.25	599027.25			
tr|Q8JHI0|Q8JHI0_DANRE	Q8JHI0	Q8JHI0_DANRE	SLC25A5	298	false	false	Danio rerio	ADP/ATP translocase	1:Experimental evidence at protein level	17.79	1.0000	0.9990	0.00000000000000	5	1	5	5	1	5	6907398.0	2913065.5	6907398.0			
tr|Q8QHA6|Q8QHA6_DANRE	Q8QHA6	Q8QHA6_DANRE	wu:fj51e01	509	false	false	Danio rerio	Vacuolar proton pump subunit B	1:Experimental evidence at protein level	3.34	1.0000	0.9990	0.00000000000000	1	0	1	1	0	1	292528.53	0	292528.53			
tr|Q8QHA7|Q8QHA7_DANRE	Q8QHA7	Q8QHA7_DANRE	vatB1	506	false	false	Danio rerio	Vacuolar proton pump subunit B	1:Experimental evidence at protein level	3.36	1.0000	0.9990	0.00000000000000	1	0	0	1	0	0	292528.53	0	0			
tr|Q90WX5|Q90WX5_DANRE	Q90WX5	Q90WX5_DANRE	gnat2	354	false	false	Danio rerio	Cone transducin alpha subunit	1:Experimental evidence at protein level	8.76	1.0000	0.9990	0.00000000000000	3	1	3	3	1	3	9604163.0	0	9604163.0	11C(57.0215),1M(15.9949)		
tr|Q9DEU1|Q9DEU1_DANRE	Q9DEU1	Q9DEU1_DANRE	zgc:92351	1025	false	false	Danio rerio	Sodium/potassium-transporting ATPase subunit alpha	1:Experimental evidence at protein level	5.37	1.0000	0.9990	0.00000000000000	4	0	0	4	0	0	1.328743E7	0	0			
tr|Q9DGL6|Q9DGL6_DANRE	Q9DGL6	Q9DGL6_DANRE	atp1a1	1028	false	false	Danio rerio	Sodium/potassium-transporting ATPase subunit alpha	1:Experimental evidence at protein level	6.32	1.0000	0.9990	0.00000000000000	5	1	1	5	1	1	1.328743E7	1124726.4	1124726.4			
tr|Q9I8N9|Q9I8N9_DANRE	Q9I8N9	Q9I8N9_DANRE	B-FABP	132	false	false	Danio rerio	Brain-type fatty acid-binding protein	1:Experimental evidence at protein level	11.36	1.0000	0.9990	0.00000000000000	1	1	1	1	1	1	0	0	0			
tr|Q9I8U7|Q9I8U7_DANRE	Q9I8U7	Q9I8U7_DANRE	zgc:109832	151	false	false	Danio rerio	Fast skeletal muscle myosin light polypeptide 3	1:Experimental evidence at protein level	7.28	1.0000	0.9990	0.00000000000000	1	1	1	1	1	1	283265.72	283265.72	283265.72			
tr|Q9I8U8|Q9I8U8_DANRE	Q9I8U8	Q9I8U8_DANRE	tnnc	160	false	false	Danio rerio	Fast skeletal muscle troponin C	1:Experimental evidence at protein level	7.50	1.0000	0.9990	0.00000000000000	1	1	1	1	1	1	727520.44	727520.44	727520.44			
tr|Q9PWD8|Q9PWD8_DANRE	Q9PWD8	Q9PWD8_DANRE	wu:fa03a08	429	false	false	Danio rerio	Type I cytokeratin	1:Experimental evidence at protein level	1.63	1.0000	0.9990	0.00000000000000	1	0	0	1	0	0	2.32891632E8	0	0			
tr|Q9W792|Q9W792_DANRE	Q9W792	Q9W792_DANRE	fa13h08	556	false	false	Danio rerio	T-complex protein 1 subunit alpha	1:Experimental evidence at protein level	1.98	1.0000	0.9990	0.00000000000000	1	1	1	1	1	1	940191.8	940191.8	940191.8			
tr|Q9YHX5|Q9YHX5_DANRE	Q9YHX5	Q9YHX5_DANRE	cb28	455	false	false	Danio rerio	Vimentin	1:Experimental evidence at protein level	3.96	1.0000	0.9990	0.00000000000000	2	0	1	2	0	1	4001095.8	0	0	1M(15.9949)		
tr|R4GDZ5|R4GDZ5_DANRE	R4GDZ5	R4GDZ5_DANRE	myh7ba	1938	false	false	Danio rerio	Myosin, heavy chain 7B, cardiac muscle, beta A	3:Protein inferred from homology	2.68	1.0000	0.9936	0.00000000000000	4	0	0	4	0	0	1.197584E7	0	0			
tr|R4GE15|R4GE15_DANRE	R4GE15	R4GE15_DANRE	si:ch211-113a14.29	124	false	false	Danio rerio	Histone H2B	3:Protein inferred from homology	38.71	1.0000	0.9990	0.00000000000000	7	0	7	13	0	13	3.35189146E9	0	3.35189146E9	13M(15.9949),2M(15.9949),2M(15.9949),5M(15.9949),5M(15.9949)		
tr|X1WFI9|X1WFI9_DANRE	X1WFI9	X1WFI9_DANRE	hmgb1b	197	false	false	Danio rerio	High mobility group box 1b	1:Experimental evidence at protein level	26.40	1.0000	0.9990	0.00000000000000	5	4	4	6	4	4	1.738359E7	1.2653598E7	1.2653598E7	10C(57.0215),10C(57.0215)		
sp|Q6NUX8|RHOAA_DANRE	Q6NUX8	RHOAA_DANRE	rhoaa	193	false	false	Danio rerio	Rho-related GTP-binding protein RhoA-A	1:Experimental evidence at protein level	4.66	0.9999	0.9990	0.00000000000000	1	0	0	1	0	0	1522829.9	0	0			sp|Q7T2E8|RHOAC_DANRE
tr|A0A8M3B873|A0A8M3B873_DANRE	A0A8M3B873	A0A8M3B873_DANRE	dnajc7	522	false	false	Danio rerio	dnaJ homolog subfamily C member 7 isoform X1	1:Experimental evidence at protein level	1.92	0.9999	0.9981	0.00000000000000	1	1	1	1	1	1	0	0	0			
tr|B0UXR9|B0UXR9_DANRE	B0UXR9	B0UXR9_DANRE	hsp70.1	643	false	false	Danio rerio	Heat shock cognate 70-kd protein, tandem duplicate 2	3:Protein inferred from homology	11.98	0.9999	0.9983	0.00000000000000	5	0	1	5	0	1	9053058.0	0	0			tr|B0UXS6|B0UXS6_DANRE, tr|Q6PH56|Q6PH56_DANRE
tr|Q6PBN3|Q6PBN3_DANRE	Q6PBN3	Q6PBN3_DANRE	rds4	342	false	false	Danio rerio	Peripherin 2B (retinal degeneration, slow)	2:Experimental evidence at transcript level	2.92	0.9999	0.9980	0.00000000000000	1	1	1	1	1	1	680053.2	680053.2	680053.2			
tr|A0A8M2B8T5|A0A8M2B8T5_DANRE	A0A8M2B8T5	A0A8M2B8T5_DANRE	srsf6a	400	false	false	Danio rerio	serine/arginine-rich splicing factor 6a isoform X1	1:Experimental evidence at protein level	2.25	0.9998	0.9989	0.00000000000000	1	0	0	1	0	0	4892716.5	0	0			
tr|Q08C80|Q08C80_DANRE	Q08C80	Q08C80_DANRE	fj41e11	444	false	false	Danio rerio	Tubulin beta chain	1:Experimental evidence at protein level	42.12	0.9998	0.9979	0.00000000000000	14	0	0	17	0	0	3.3041776E7	0	0			
tr|Q7SYD3|Q7SYD3_DANRE	Q7SYD3	Q7SYD3_DANRE	zgc:63559	896	false	false	Danio rerio	Actinin alpha 3A	1:Experimental evidence at protein level	2.90	0.9998	0.9982	0.00000000000000	2	0	0	2	0	0	0	0	0			
tr|Q7ZUR5|Q7ZUR5_DANRE	Q7ZUR5	Q7ZUR5_DANRE	fb01d07	185	false	false	Danio rerio	Translocon-associated protein subunit gamma	1:Experimental evidence at protein level	7.57	0.9998	0.9990	0.00000000000000	1	1	1	1	1	1	626736.7	626736.7	626736.7			
sp|Q6DHM9|RHOAB_DANRE	Q6DHM9	RHOAB_DANRE	rhoab	193	false	false	Danio rerio	Rho-related GTP-binding protein RhoA-B	1:Experimental evidence at protein level	4.66	0.9997	0.9990	0.00000000000000	1	0	1	1	0	1	1522829.9	0	1522829.9	2C(57.0215)		
tr|A0A8M1Q6T5|A0A8M1Q6T5_DANRE	A0A8M1Q6T5	A0A8M1Q6T5_DANRE	si:ch211-113a14.18	199	false	false	Danio rerio	histone H1-like	3:Protein inferred from homology	31.16	0.9997	0.9989	0.00000000000000	10	0	1	15	0	1	6.2175494E8	0	8.8661952E7			tr|A0A8N7TAZ2|A0A8N7TAZ2_DANRE, tr|A0A8N7UY69|A0A8N7UY69_DANRE
tr|Q7SXU7|Q7SXU7_DANRE	Q7SXU7	Q7SXU7_DANRE	bat1	435	false	false	Danio rerio	RNA helicase	1:Experimental evidence at protein level	4.60	0.9996	0.9978	0.00000000000000	2	0	0	2	0	0	4679372.0	0	0			
tr|A0A8M1NE33|A0A8M1NE33_DANRE	A0A8M1NE33	A0A8M1NE33_DANRE	si:ch211-199o1.2	639	false	false	Danio rerio	Heat shock protein family A (Hsp70) member 1B	1:Experimental evidence at protein level	5.63	0.9994	0.9839	0.00109080992637	3	0	1	3	0	1	9053058.0	0	8383592.0			
tr|A0A8N7T6V1|A0A8N7T6V1_DANRE	A0A8N7T6V1	A0A8N7T6V1_DANRE	si:dkey-183i3.5	650	false	false	Danio rerio	thread biopolymer filament subunit alpha	1:Experimental evidence at protein level	1.08	0.9994	0.9953	0.00000000000000	1	0	0	1	0	0	1.0717828E8	0	0			
tr|B3DKC6|B3DKC6_DANRE	B3DKC6	B3DKC6_DANRE	si:dkey-216e9.5	172	false	false	Danio rerio	Myosin, light chain 12, Genome duplicate 2	1:Experimental evidence at protein level	6.40	0.9990	0.9990	0.00000000000000	1	0	0	1	0	0	0	0	0			
sp|Q15323|K1H1_HUMAN	Q15323	K1H1_HUMAN	KRT31	416	false	false	Homo sapiens	Keratin, type I cuticular Ha1	1:Experimental evidence at protein level	1.68	0.9988	0.9987	0.00000000000000	1	0	0	1	0	0	2.32891632E8	0	0			
tr|Q6IQ56|Q6IQ56_DANRE	Q6IQ56	Q6IQ56_DANRE	zgc:86943	127	false	false	Danio rerio	Small nuclear ribonucleoprotein Sm D3	1:Experimental evidence at protein level	16.54	0.9987	0.9987	0.00000000000000	1	0	0	1	0	0	2529293.8	0	0			
sp|Q14532|K1H2_HUMAN	Q14532	K1H2_HUMAN	KRT32	448	false	false	Homo sapiens	Keratin, type I cuticular Ha2	1:Experimental evidence at protein level	6.25	0.9986	0.9733	0.00342736620090	2	1	1	2	1	1	2.32891632E8	0	0	9M(15.9949)		
tr|Q7ZWI5|Q7ZWI5_DANRE	Q7ZWI5	Q7ZWI5_DANRE	gnai2	347	false	false	Danio rerio	Guanine nucleotide binding protein (G protein), alpha inhibiting activity polypeptide 2	1:Experimental evidence at protein level	5.48	0.9983	0.9982	0.00000000000000	2	0	0	2	0	0	9604163.0	0	0			
tr|A2RV44|A2RV44_DANRE	A2RV44	A2RV44_DANRE	wu:fb58f07	486	false	false	Danio rerio	Zgc:158846 protein	2:Experimental evidence at transcript level	6.17	0.9978	0.9490	0.00907944514502	5	1	1	5	1	1	1.44444848E8	0	0			
sp|P52161|MAX_DANRE	P52161	MAX_DANRE	max	165	false	false	Danio rerio	Protein max	2:Experimental evidence at transcript level	6.06	0.9977	0.9964	0.00000000000000	1	1	1	1	1	1	0	0	0			
tr|A0A8M1PUA5|A0A8M1PUA5_DANRE	A0A8M1PUA5	A0A8M1PUA5_DANRE	aclyb	1111	false	false	Danio rerio	ATP-citrate synthase	1:Experimental evidence at protein level	1.35	0.9975	0.9987	0.00000000000000	1	1	1	1	1	1	335613.53	335613.53	335613.53			
tr|A8WFS0|A8WFS0_DANRE	A8WFS0	A8WFS0_DANRE	LOC560210	643	false	false	Danio rerio	LOC560210 protein	2:Experimental evidence at transcript level	7.78	0.9975	0.9901	0.00027901785714	4	0	0	4	0	0	9053058.0	0	0			
tr|Q5M9N3|Q5M9N3_DANRE	Q5M9N3	Q5M9N3_DANRE	sfrs6b	355	false	false	Danio rerio	Splicing factor, arginine/serine-rich 6b	1:Experimental evidence at protein level	2.54	0.9974	0.9972	0.00000000000000	1	0	0	1	0	0	4892716.5	0	0			
tr|Q1L986|Q1L986_DANRE	Q1L986	Q1L986_DANRE	rab3b	217	false	false	Danio rerio	RAB3B, member RAS oncogene family (Fragment)	1:Experimental evidence at protein level	8.76	0.9968	0.9950	0.00000000000000	2	0	0	2	0	0	2320514.8	0	0			
tr|E7FBI4|E7FBI4_DANRE	E7FBI4	E7FBI4_DANRE	zgc:56630	185	false	false	Danio rerio	small monomeric GTPase	1:Experimental evidence at protein level	5.95	0.9967	0.9965	0.00000000000000	1	0	0	1	0	0	800288.5	0	0			
tr|A0A8N7T6X5|A0A8N7T6X5_DANRE	A0A8N7T6X5	A0A8N7T6X5_DANRE	si:ch211-250g4.3	15997	false	false	Danio rerio	nesprin-1 isoform X1	1:Experimental evidence at protein level	0.06	0.9965	0.9957	0.00000000000000	1	1	1	1	1	1	1.7214248E7	1.7214248E7	1.7214248E7			
tr|A0A8M1PZ01|A0A8M1PZ01_DANRE	A0A8M1PZ01	A0A8M1PZ01_DANRE	gnas	419	false	false	Danio rerio	guanine nucleotide-binding protein G(S) subunit alpha isoform X1	1:Experimental evidence at protein level	2.63	0.9953	0.9984	0.00000000000000	1	0	0	1	0	0	9295741.0	0	0			tr|A0A8M2BLF1|A0A8M2BLF1_DANRE
tr|Q90WX6|Q90WX6_DANRE	Q90WX6	Q90WX6_DANRE	wu:fk56e06	350	false	false	Danio rerio	Guanine nucleotide-binding protein (G protein), alpha transducing activity polypeptide 1	1:Experimental evidence at protein level	5.43	0.9950	0.9989	0.00000000000000	2	0	0	2	0	0	9604163.0	0	0			
tr|A0A8M2BEV5|A0A8M2BEV5_DANRE	A0A8M2BEV5	A0A8M2BEV5_DANRE	rab3c	224	false	false	Danio rerio	Ras-related protein Rab-3	1:Experimental evidence at protein level	8.48	0.9947	0.9988	0.00000000000000	2	0	0	2	0	0	2320514.8	0	0			
tr|Q90X33|Q90X33_DANRE	Q90X33	Q90X33_DANRE	atp[a]1A1	1024	false	false	Danio rerio	Sodium/potassium-transporting ATPase subunit alpha	1:Experimental evidence at protein level	4.10	0.9927	0.9715	0.00367261280168	3	0	0	3	0	0	7855279.5	0	0			
sp|Q6TEN1|RAP1B_DANRE	Q6TEN1	RAP1B_DANRE	rap1b	184	false	false	Danio rerio	Ras-related protein Rap-1b	2:Experimental evidence at transcript level	5.98	0.9922	0.9918	0.00027901785714	1	0	0	1	0	0	800288.5	0	0			
tr|A0A8M9QIA6|A0A8M9QIA6_DANRE	A0A8M9QIA6	A0A8M9QIA6_DANRE	LOC110439971	90	false	false	Danio rerio	histone H2B 1/2-like	3:Protein inferred from homology	25.56	0.9916	0.9575	0.00793447658050	3	0	0	4	0	0	2.65290138E9	0	0			
tr|Q6NWK7|Q6NWK7_DANRE	Q6NWK7	Q6NWK7_DANRE	tuba1	451	false	false	Danio rerio	Tubulin alpha chain	2:Experimental evidence at transcript level	56.32	0.9901	0.9990	0.00000000000000	16	0	0	20	0	0	5.9118576E7	0	0			
tr|A9JTC8|A9JTC8_DANRE	A9JTC8	A9JTC8_DANRE	gnai3	354	false	false	Danio rerio	Gnai3 protein	1:Experimental evidence at protein level	5.37	0.9873	0.9990	0.00000000000000	2	0	0	2	0	0	9604163.0	0	0			
tr|A4QN79|A4QN79_DANRE	A4QN79	A4QN79_DANRE	si:dkey-251i10.1	299	false	false	Danio rerio	ADP/ATP translocase	1:Experimental evidence at protein level	9.36	0.9872	0.9866	0.00082712985939	3	0	0	3	0	0	3348826.5	0	0			
tr|Q567W2|Q567W2_DANRE	Q567W2	Q567W2_DANRE	sb:cb640	453	false	false	Danio rerio	Zgc:110712	1:Experimental evidence at protein level	1.99	0.9859	0.9914	0.00027901785714	1	1	1	1	1	1	0	0	0			
tr|Q6P977|Q6P977_DANRE	Q6P977	Q6P977_DANRE	zgc:73061	213	false	false	Danio rerio	RAB42, member RAS oncogene family a	2:Experimental evidence at transcript level	5.16	0.9819	0.9960	0.00000000000000	1	0	0	1	0	0	1391867.0	0	0			
tr|Q6DGB3|Q6DGB3_DANRE	Q6DGB3	Q6DGB3_DANRE	zgc:100889	201	false	false	Danio rerio	RAB30, member RAS oncogene family	2:Experimental evidence at transcript level	5.47	0.9806	0.9989	0.00000000000000	1	0	0	1	0	0	1391867.0	0	0			
sp|Q9MIY5|ATP6_DANRE	Q9MIY5	ATP6_DANRE	mt-atp6	227	false	false	Danio rerio	ATP synthase subunit a	3:Protein inferred from homology	4.85	0.9803	0.9989	0.00000000000000	1	1	1	1	1	1	0	0	0			
tr|Q7ZTT0|Q7ZTT0_DANRE	Q7ZTT0	Q7ZTT0_DANRE	zgc:56685	140	false	false	Danio rerio	Histone H2A	1:Experimental evidence at protein level	11.43	0.9800	0.9905	0.00027901785714	2	0	0	2	0	0	3.13991501E9	0	0			
sp|Q6P3L6|DH12A_DANRE	Q6P3L6	DH12A_DANRE	hsd17b12a	319	false	false	Danio rerio	Very-long-chain 3-oxoacyl-CoA reductase-A	2:Experimental evidence at transcript level	4.08	0.9752	0.9986	0.00000000000000	1	0	1	1	0	1	0	0	0			sp|Q6QA33|DH12B_DANRE
tr|Q7ZSZ0|Q7ZSZ0_DANRE	Q7ZSZ0	Q7ZSZ0_DANRE	rab1a	201	false	false	Danio rerio	RAB1A, member RAS oncogene family	2:Experimental evidence at transcript level	5.47	0.9720	0.9758	0.00265533722783	1	0	0	1	0	0	1391867.0	0	0			
tr|A8WFV1|A8WFV1_DANRE	A8WFV1	A8WFV1_DANRE	fc85a11	719	false	false	Danio rerio	TNF receptor-associated protein 1	1:Experimental evidence at protein level	1.95	0.9693	0.9887	0.00027901785714	1	0	0	1	0	0	2.3699054E7	0	0			
tr|Q66HW7|Q66HW7_DANRE	Q66HW7	Q66HW7_DANRE	rds2	345	false	false	Danio rerio	Peripherin 2a (retinal degeneration, slow)	1:Experimental evidence at protein level	2.90	0.9514	0.9973	0.00000000000000	1	1	1	1	1	1	320566.53	320566.53	320566.53			
sp|Q68EK7|RAB4B_DANRE	Q68EK7	RAB4B_DANRE	rab4b	213	false	false	Danio rerio	Ras-related protein Rab-4B	2:Experimental evidence at transcript level	5.16	0.8391	0.9898	0.00027901785714	1	0	0	1	0	0	1391867.0	0	0			sp|Q6PHI9|RAB4A_DANRE
tr|A4FVJ5|A4FVJ5_DANRE	A4FVJ5	A4FVJ5_DANRE	fj64c01	377	false	false	Danio rerio	Guanine nucleotide binding protein (G protein), alpha 13b	1:Experimental evidence at protein level	2.92	0.7796	0.9850	0.00082712985939	1	0	0	1	0	0	9295741.0	0	0			
sp|P25691|K2M3_SHEEP	P25691	K2M3_SHEEP		502	false	false	Ovis aries	Keratin, type II microfibrillar, component 5	1:Experimental evidence at protein level	1.39	0.6509	0.9719	0.00367261280168	1	0	0	1	0	0	4001095.8	0	0			sp|P78386|KRT85_HUMAN
