Protein	Protein ID	Entry Name	Gene	Length	Is Decoy	Is Contaminant	Organism	Protein Description	Protein Existence	Coverage	Protein Probability	Top Peptide Probability	Protein Qvalue	Total Peptides	Unique Peptides	Razor Peptides	Total Spectral Count	Unique Spectral Count	Razor Spectral Count	Total Intensity	Unique Intensity	Razor Intensity	Razor Assigned Modifications	Razor Observed Modifications	Indistinguishable Proteins
sp|A2BIL7|BAZ1B_DANRE	A2BIL7	BAZ1B_DANRE	baz1b	1536	false	false	Danio rerio	Tyrosine-protein kinase BAZ1B	1:Experimental evidence at protein level	0.98	1.0000	0.9990	0.00000000000000	1	1	1	1	1	1	452937.7	452937.7	452937.7			
sp|A3QK16|ERLN2_DANRE	A3QK16	ERLN2_DANRE	erlin2	331	false	false	Danio rerio	Erlin-2	2:Experimental evidence at transcript level	3.02	1.0000	0.9988	0.00000000000000	1	0	0	1	0	0	2793896.0	0	0			
sp|B5DE31|YBOX1_DANRE	B5DE31	YBOX1_DANRE	ybx1	310	false	false	Danio rerio	Y-box-binding protein 1	1:Experimental evidence at protein level	5.48	1.0000	0.9990	0.00000000000000	1	1	1	1	1	1	689647.9	689647.9	689647.9			
sp|F1QGH7|CTNB1_DANRE	F1QGH7	CTNB1_DANRE	ctnnb1	780	false	false	Danio rerio	Catenin beta-1	1:Experimental evidence at protein level	1.28	1.0000	0.9990	0.00000000000000	1	0	1	1	0	1	0	0	0	5C(57.0215)		
sp|F1QGH9|PS11B_DANRE	F1QGH9	PS11B_DANRE	psmd11b	422	false	false	Danio rerio	26S proteasome non-ATPase regulatory subunit 11B	2:Experimental evidence at transcript level	2.37	1.0000	0.9983	0.00000000000000	1	1	1	1	1	1	1253660.4	1253660.4	1253660.4	N-term(42.0106)		
sp|O13166|TLE3A_DANRE	O13166	TLE3A_DANRE	tle3a	761	false	false	Danio rerio	Transducin-like enhancer protein 3-A	1:Experimental evidence at protein level	1.45	1.0000	0.9990	0.00000000000000	1	0	1	1	0	1	544885.0	0	544885.0			
sp|O42248|GBLP_DANRE	O42248	GBLP_DANRE	gnb2l1	317	false	false	Danio rerio	Guanine nucleotide-binding protein subunit beta-2-like 1	1:Experimental evidence at protein level	3.79	1.0000	0.9990	0.00000000000000	1	1	1	1	1	1	1420096.1	1420096.1	1420096.1			
sp|O57521|HS90B_DANRE	O57521	HS90B_DANRE	hsp90ab1	725	false	false	Danio rerio	Heat shock protein HSP 90-beta	1:Experimental evidence at protein level	8.28	1.0000	0.9990	0.00000000000000	4	2	4	4	2	4	1.5290196E7	2720665.2	1.5290196E7			
sp|O77727|K1C15_SHEEP	O77727	K1C15_SHEEP	KRT15	453	false	false	Ovis aries	Keratin, type I cytoskeletal 15	2:Experimental evidence at transcript level	14.57	1.0000	0.9990	0.00000000000000	8	3	3	9	3	3	5.9120486E8	1.1988028E7	1.1988028E7			
sp|O93409|MLRSA_DANRE	O93409	MLRSA_DANRE	mylpfa	169	false	false	Danio rerio	Myosin regulatory light chain 2, skeletal muscle isoform A	1:Experimental evidence at protein level	18.93	1.0000	0.9990	0.00000000000000	2	0	2	2	0	2	831684.8	0	831684.8	12C(57.0215)		
sp|P00760|TRY1_BOVIN	P00760	TRY1_BOVIN	PRSS1	246	false	false	Bos taurus	Serine protease 1	1:Experimental evidence at protein level	17.89	1.0000	0.9990	0.00000000000000	2	2	2	2	2	2	7291340.5	7291340.5	7291340.5	12C(57.0215),23C(57.0215)		
sp|P00761|TRYP_PIG	P00761	TRYP_PIG		231	false	false	Sus scrofa	Trypsin	1:Experimental evidence at protein level	46.32	1.0000	0.9990	0.00000000000000	8	8	8	14	14	14	1.12308301E9	1.12308301E9	1.12308301E9	12C(57.0215),12C(57.0215),17M(15.9949),17M(15.9949),2C(57.0215),2C(57.0215),2C(57.0215),9C(57.0215),2C(57.0215),9C(57.0215),9C(57.0215)		
sp|P02662|CASA1_BOVIN	P02662	CASA1_BOVIN	CSN1S1	214	false	false	Bos taurus	Alpha-S1-casein	1:Experimental evidence at protein level	10.28	1.0000	0.9990	0.00000000000000	2	2	2	2	2	2	1519727.5	1519727.5	1519727.5			
sp|P02768|ALBU_HUMAN	P02768	ALBU_HUMAN	ALB	609	false	false	Homo sapiens	Albumin	1:Experimental evidence at protein level	34.98	1.0000	0.9989	0.00000000000000	21	13	13	26	14	14	2.62898606E10	8.4786472E7	8.4786472E7	10C(57.0215),11C(57.0215),11C(57.0215),12C(57.0215),1C(57.0215),2C(57.0215),12M(15.9949),30C(57.0215),3C(57.0215),12M(15.9949),30C(57.0215),3C(57.0215),13C(57.0215),5C(57.0215),6C(57.0215),13C(57.0215),5C(57.0215),6C(57.0215),14C(57.0215),14C(57.0215),22C(57.0215),30C(57.0215),3C(57.0215),3C(57.0215)		
sp|P02769|ALBU_BOVIN	P02769	ALBU_BOVIN	ALB	607	false	false	Bos taurus	Albumin	1:Experimental evidence at protein level	93.41	1.0000	0.9990	0.00000000000000	121	113	121	216	204	216	4.4170928E10	3.9392133E10	4.4170928E10	10C(57.0215),11C(57.0215),10C(57.0215),11C(57.0215),10C(57.0215),18C(57.0215),9C(57.0215),10C(57.0215),18C(57.0215),9C(57.0215),10C(57.0215),18C(57.0215),9C(57.0215),10C(57.0215),18C(57.0215),9C(57.0215),10C(57.0215),1C(57.0215),2C(57.0215),10C(57.0215),1C(57.0215),2C(57.0215),10C(57.0215),1C(57.0215),2C(57.0215),10C(57.0215),1C(57.0215),2C(57.0215),10C(57.0215),20C(57.0215),9C(57.0215),10C(57.0215),20C(57.0215),9C(57.0215),10C(57.0215),2C(57.0215),3C(57.0215),10C(57.0215),2C(57.0215),3C(57.0215),10C(57.0215),2C(57.0215),3C(57.0215),10C(57.0215),2C(57.0215),3C(57.0215),10C(57.0215),2C(57.0215),3C(57.0215),10C(57.0215),6M(15.9949),9C(57.0215),10C(57.0215),6M(15.9949),9C(57.0215),10C(57.0215),6M(15.9949),9C(57.0215),10C(57.0215),6M(15.9949),9C(57.0215),10C(57.0215),9C(57.0215),10C(57.0215),9C(57.0215),10C(57.0215),9C(57.0215),10C(57.0215),9C(57.0215),10C(57.0215),9C(57.0215),10C(57.0215),9C(57.0215),10M(15.9949),10M(15.9949),12C(57.0215),1C(57.0215),2C(57.0215),10M(15.9949),12C(57.0215),1C(57.0215),2C(57.0215),11C(57.0215),11C(57.0215),11C(57.0215),11C(57.0215),11C(57.0215),11C(57.0215),24C(57.0215),2C(57.0215),11C(57.0215),24C(57.0215),2C(57.0215),11C(57.0215),2C(57.0215),11C(57.0215),2C(57.0215),11M(15.9949),14C(57.0215),15C(57.0215),11M(15.9949),14C(57.0215),15C(57.0215),12C(57.0215),13C(57.0215),12C(57.0215),13C(57.0215),12C(57.0215),13C(57.0215),21C(57.0215),12C(57.0215),13C(57.0215),21C(57.0215),12C(57.0215),1C(57.0215),2C(57.0215),12C(57.0215),1C(57.0215),2C(57.0215),12C(57.0215),1C(57.0215),2C(57.0215),12C(57.0215),1C(57.0215),2C(57.0215),12C(57.0215),21C(57.0215),12C(57.0215),21C(57.0215),13C(57.0215),14C(57.0215),13C(57.0215),14C(57.0215),22C(57.0215),13C(57.0215),14C(57.0215),22C(57.0215),13C(57.0215),14C(57.0215),22C(57.0215),3M(15.9949),13C(57.0215),14C(57.0215),22C(57.0215),3M(15.9949),13C(57.0215),5C(57.0215),6C(57.0215),13C(57.0215),5C(57.0215),6C(57.0215),13C(57.0215),5C(57.0215),6C(57.0215),13C(57.0215),5C(57.0215),6C(57.0215),13C(57.0215),5C(57.0215),6C(57.0215),14C(57.0215),14C(57.0215),14C(57.0215),14C(57.0215),14C(57.0215),14C(57.0215),14C(57.0215),14C(57.0215),14C(57.0215),14C(57.0215),15C(57.0215),14C(57.0215),15C(57.0215),14C(57.0215),15C(57.0215),14C(57.0215),15C(57.0215),14M(15.9949),16C(57.0215),5C(57.0215),6C(57.0215),16C(57.0215),17C(57.0215),3C(57.0215),16C(57.0215),3C(57.0215),16C(57.0215),5C(57.0215),6C(57.0215),16C(57.0215),5C(57.0215),6C(57.0215),17C(57.0215),17C(57.0215),8C(57.0215),9C(57.0215),17C(57.0215),8C(57.0215),9C(57.0215),1C(57.0215),1C(57.0215),1C(57.0215),2C(57.0215),1C(57.0215),2C(57.0215),1C(57.0215),2C(57.0215),1M(15.9949),3C(57.0215),1M(15.9949),3C(57.0215),21C(57.0215),21C(57.0215),21C(57.0215),21C(57.0215),22C(57.0215),23C(57.0215),24C(57.0215),23C(57.0215),24C(57.0215),32C(57.0215),24C(57.0215),24C(57.0215),25C(57.0215),2C(57.0215),2C(57.0215),2C(57.0215),2C(57.0215),3C(57.0215),2C(57.0215),3C(57.0215),30C(57.0215),3C(57.0215),3C(57.0215),3C(57.0215),3C(57.0215),3C(57.0215),3C(57.0215),3C(57.0215),3C(57.0215),3C(57.0215),3C(57.0215),3C(57.0215),3C(57.0215),3C(57.0215),3C(57.0215),3C(57.0215),3C(57.0215),3C(57.0215),3C(57.0215),3C(57.0215),3C(57.0215),3C(57.0215),3C(57.0215),3C(57.0215),3C(57.0215),3C(57.0215),3M(15.9949),3M(15.9949),4C(57.0215),5C(57.0215),4C(57.0215),5C(57.0215),4C(57.0215),5C(57.0215),4C(57.0215),5C(57.0215),5C(57.0215),6C(57.0215),5C(57.0215),6C(57.0215),6C(57.0215),6C(57.0215),6C(57.0215),6C(57.0215),6C(57.0215),8C(57.0215),8C(57.0215),8C(57.0215),8C(57.0215),8C(57.0215),9C(57.0215),8C(57.0215),9C(57.0215),9C(57.0215),9C(57.0215),9C(57.0215),9C(57.0215),9C(57.0215),9C(57.0215),9C(57.0215),9C(57.0215),9C(57.0215),9C(57.0215),9C(57.0215),9C(57.0215),9C(57.0215),9C(57.0215)		
sp|P02788|TRFL_HUMAN	P02788	TRFL_HUMAN	LTF	710	false	false	Homo sapiens	Lactotransferrin	1:Experimental evidence at protein level	4.51	1.0000	0.9990	0.00000000000000	2	2	2	2	2	2	1151673.6	1151673.6	1151673.6			
sp|P04040|CATA_HUMAN	P04040	CATA_HUMAN	CAT	527	false	false	Homo sapiens	Catalase	1:Experimental evidence at protein level	2.28	1.0000	0.9990	0.00000000000000	1	1	1	1	1	1	0	0	0			
sp|P04264|K2C1_HUMAN	P04264	K2C1_HUMAN	KRT1	644	false	false	Homo sapiens	Keratin, type II cytoskeletal 1	1:Experimental evidence at protein level	67.55	1.0000	0.9990	0.00000000000000	41	37	41	60	55	60	6.3172211E8	4.70748992E8	6.3172211E8	1M(15.9949),5C(57.0215),1M(15.9949),5C(57.0215),4C(57.0215),4C(57.0215),5C(57.0215),5M(15.9949),7M(15.9949),9M(15.9949),9M(15.9949)		
sp|P07339|CATD_HUMAN	P07339	CATD_HUMAN	CTSD	412	false	false	Homo sapiens	Cathepsin D	1:Experimental evidence at protein level	9.71	1.0000	0.9990	0.00000000000000	4	3	4	4	3	4	8758150.0	8758150.0	8758150.0			
sp|P10599|THIO_HUMAN	P10599	THIO_HUMAN	TXN	105	false	false	Homo sapiens	Thioredoxin	1:Experimental evidence at protein level	35.24	1.0000	0.9990	0.00000000000000	3	3	3	3	3	3	2887323.0	2887323.0	2887323.0	1C(57.0215),24C(57.0215),27C(57.0215)		
sp|P13104|TPM1_DANRE	P13104	TPM1_DANRE	tpma	284	false	false	Danio rerio	Tropomyosin alpha-1 chain	2:Experimental evidence at transcript level	24.30	1.0000	0.9990	0.00000000000000	9	2	9	11	2	11	4.3640864E7	7205956.0	4.3640864E7			
sp|P13645|K1C10_HUMAN	P13645	K1C10_HUMAN	KRT10	584	false	false	Homo sapiens	Keratin, type I cytoskeletal 10	1:Experimental evidence at protein level	61.13	1.0000	0.9990	0.00000000000000	36	29	36	51	44	51	6.1652224E8	5.5395373E8	6.1652224E8	10C(57.0215),11M(15.9949),11M(15.9949),14M(15.9949),26C(57.0215),26M(15.9949),2C(57.0215),3M(15.9949),5C(57.0215),5C(57.0215),5M(15.9949),5M(15.9949),5M(15.9949),5M(15.9949),7C(57.0215)		
sp|P35527|K1C9_HUMAN	P35527	K1C9_HUMAN	KRT9	623	false	false	Homo sapiens	Keratin, type I cytoskeletal 9	1:Experimental evidence at protein level	68.06	1.0000	0.9990	0.00000000000000	32	31	31	39	38	38	4.92212704E8	4.20129696E8	4.20129696E8	15M(15.9949),1M(15.9949),1M(15.9949),3C(57.0215),2C(57.0215),7M(15.9949),3M(15.9949),5C(57.0215),5C(57.0215),5M(15.9949),5M(15.9949),6M(15.9949),8M(15.9949)		
sp|P35908|K22E_HUMAN	P35908	K22E_HUMAN	KRT2	639	false	false	Homo sapiens	Keratin, type II cytoskeletal 2 epidermal	1:Experimental evidence at protein level	66.82	1.0000	0.9990	0.00000000000000	42	38	39	56	51	52	4.77383104E8	1.79509504E8	1.79509504E8	10M(15.9949),23M(15.9949),23M(15.9949),6M(15.9949),7C(57.0215),7M(15.9949),7M(15.9949),7M(15.9949),8C(57.0215),9M(15.9949),N-term(42.0106),2C(57.0215),6C(57.0215)		
sp|P61626|LYSC_HUMAN	P61626	LYSC_HUMAN	LYZ	148	false	false	Homo sapiens	Lysozyme C	1:Experimental evidence at protein level	27.03	1.0000	0.9990	0.00000000000000	2	2	2	2	2	2	5934288.5	5934288.5	5934288.5	12C(57.0215),26C(57.0215),8C(57.0215)		
sp|P62247|RS8_DANRE	P62247	RS8_DANRE	rps8	208	false	false	Danio rerio	40S ribosomal protein S8	1:Experimental evidence at protein level	32.69	1.0000	0.9990	0.00000000000000	6	4	6	6	3	6	1.8990416E7	1.6015572E7	1.8990416E7	12C(57.0215),13C(57.0215),12C(57.0215),4C(57.0215)		
sp|P68871|HBB_HUMAN	P68871	HBB_HUMAN	HBB	147	false	false	Homo sapiens	Hemoglobin subunit beta	1:Experimental evidence at protein level	6.80	1.0000	0.9986	0.00000000000000	1	1	1	1	1	1	1198732.8	1198732.8	1198732.8			
sp|P79735|RAN_DANRE	P79735	RAN_DANRE	ran	215	false	false	Danio rerio	GTP-binding nuclear protein Ran	2:Experimental evidence at transcript level	6.51	1.0000	0.9990	0.00000000000000	1	1	1	1	1	1	1341973.6	1341973.6	1341973.6			
sp|Q06830|PRDX1_HUMAN	Q06830	PRDX1_HUMAN	PRDX1	199	false	false	Homo sapiens	Peroxiredoxin-1	1:Experimental evidence at protein level	16.58	1.0000	0.9984	0.00000000000000	3	1	1	4	1	1	2.4889806E7	2489755.8	2489755.8			
sp|Q1LVE8|SF3B3_DANRE	Q1LVE8	SF3B3_DANRE	sf3b3	1217	false	false	Danio rerio	Splicing factor 3B subunit 3	2:Experimental evidence at transcript level	0.99	1.0000	0.9990	0.00000000000000	1	1	1	1	1	1	0	0	0			
sp|Q52PJ5|DPYL3_DANRE	Q52PJ5	DPYL3_DANRE	dpysl3	567	false	false	Danio rerio	Dihydropyrimidinase-related protein 3	2:Experimental evidence at transcript level	9.35	1.0000	0.9990	0.00000000000000	4	4	4	4	4	4	4950308.5	4950308.5	4950308.5	10C(57.0215)		
sp|Q58EE9|GFAP_DANRE	Q58EE9	GFAP_DANRE	gfap	444	false	false	Danio rerio	Glial fibrillary acidic protein	1:Experimental evidence at protein level	4.50	1.0000	0.9990	0.00000000000000	3	0	0	3	0	0	5.9124052E7	0	0			
sp|Q58EG2|ERLN1_DANRE	Q58EG2	ERLN1_DANRE	erlin1	342	false	false	Danio rerio	Erlin-1	2:Experimental evidence at transcript level	9.94	1.0000	0.9989	0.00000000000000	3	2	3	3	2	3	4478652.0	1684756.1	4478652.0			
sp|Q5MJ86|G3P2_DANRE	Q5MJ86	G3P2_DANRE	gapdh-2	335	false	false	Danio rerio	Glyceraldehyde-3-phosphate dehydrogenase 2	2:Experimental evidence at transcript level	22.69	1.0000	0.9990	0.00000000000000	5	5	5	7	7	7	2.4949794E7	2.4949794E7	2.4949794E7	13C(57.0215),13C(57.0215),N-term(42.0106),4C(57.0215)		
sp|Q5PRD0|143BA_DANRE	Q5PRD0	143BA_DANRE	ywhaba	244	false	false	Danio rerio	14-3-3 protein beta/alpha-A	2:Experimental evidence at transcript level	3.28	1.0000	0.9990	0.00000000000000	1	0	1	1	0	1	1.4511741E7	0	1.4511741E7			
sp|Q5TZ66|SN25A_DANRE	Q5TZ66	SN25A_DANRE	snap25a	204	false	false	Danio rerio	Synaptosomal-associated protein 25-A	2:Experimental evidence at transcript level	14.22	1.0000	0.9990	0.00000000000000	2	0	0	5	0	0	1.358241E7	0	0			
sp|Q5XJ10|G3P_DANRE	Q5XJ10	G3P_DANRE	gapdh	333	false	false	Danio rerio	Glyceraldehyde-3-phosphate dehydrogenase	2:Experimental evidence at transcript level	13.81	1.0000	0.9990	0.00000000000000	3	3	3	3	3	3	6443663.0	6443663.0	6443663.0			
sp|Q642H9|RS4X_DANRE	Q642H9	RS4X_DANRE	rps4x	263	false	false	Danio rerio	40S ribosomal protein S4, X isoform	1:Experimental evidence at protein level	7.98	1.0000	0.9990	0.00000000000000	2	2	2	2	2	2	3804361.0	3804361.0	3804361.0	4C(57.0215)		
sp|Q66I73|MLRSB_DANRE	Q66I73	MLRSB_DANRE	mylpfb	170	false	false	Danio rerio	Myosin regulatory light chain 2, skeletal muscle isoform B	2:Experimental evidence at transcript level	18.82	1.0000	0.9990	0.00000000000000	2	0	0	2	0	0	831684.8	0	0			
sp|Q6DEH3|KC2D1_DANRE	Q6DEH3	KC2D1_DANRE	camk2d1	491	false	false	Danio rerio	Calcium/calmodulin-dependent protein kinase type II delta 1 chain	2:Experimental evidence at transcript level	2.65	1.0000	0.9990	0.00000000000000	1	0	0	1	0	0	905424.94	0	0			
sp|Q6DEM5|TIM8A_DANRE	Q6DEM5	TIM8A_DANRE	timm8a	90	false	false	Danio rerio	Mitochondrial import inner membrane translocase subunit Tim8 A	3:Protein inferred from homology	12.22	1.0000	0.9990	0.00000000000000	1	1	1	1	1	1	2234705.0	2234705.0	2234705.0			
sp|Q6DGJ3|TIM13_DANRE	Q6DGJ3	TIM13_DANRE	timm13	95	false	false	Danio rerio	Mitochondrial import inner membrane translocase subunit Tim13	3:Protein inferred from homology	25.26	1.0000	0.9990	0.00000000000000	2	2	2	2	2	2	1881464.9	1881464.9	1881464.9			
sp|Q6DGY7|CRGNB_DANRE	Q6DGY7	CRGNB_DANRE	crygnb	183	false	false	Danio rerio	Gamma-crystallin N-B	2:Experimental evidence at transcript level	6.01	1.0000	0.9990	0.00000000000000	1	1	1	1	1	1	0	0	0	6C(57.0215)		
sp|Q6DI05|SUMO3_DANRE	Q6DI05	SUMO3_DANRE	sumo3	94	false	false	Danio rerio	Small ubiquitin-related modifier 3	3:Protein inferred from homology	12.77	1.0000	0.9990	0.00000000000000	1	0	1	1	0	1	2555196.0	0	2555196.0			sp|Q6NV25|SMO3L_DANRE
sp|Q6NSN2|AOF_DANRE	Q6NSN2	AOF_DANRE	mao	522	false	false	Danio rerio	Amine oxidase [flavin-containing]	1:Experimental evidence at protein level	2.87	1.0000	0.9990	0.00000000000000	1	1	1	1	1	1	556586.7	556586.7	556586.7			
sp|Q6NUW5|AN32E_DANRE	Q6NUW5	AN32E_DANRE	anp32e	250	false	false	Danio rerio	Acidic leucine-rich nuclear phosphoprotein 32 family member E	1:Experimental evidence at protein level	14.00	1.0000	0.9990	0.00000000000000	2	2	2	2	2	2	1962382.0	1962382.0	1962382.0	15C(57.0215)		
sp|Q6NWF6|K2C8_DANRE	Q6NWF6	K2C8_DANRE	krt8	520	false	false	Danio rerio	Keratin, type II cytoskeletal 8	1:Experimental evidence at protein level	5.96	1.0000	0.9990	0.00000000000000	5	0	1	5	0	1	1.11183008E8	0	5.2058952E7			
sp|Q6NYA0|SRS1B_DANRE	Q6NYA0	SRS1B_DANRE	srsf1b	245	false	false	Danio rerio	Serine/arginine-rich splicing factor 1B	2:Experimental evidence at transcript level	13.06	1.0000	0.9986	0.00000000000000	3	0	0	3	0	0	1.0230684E7	0	0			
sp|Q6NYE2|RCC2_DANRE	Q6NYE2	RCC2_DANRE	rcc2	495	false	false	Danio rerio	Protein RCC2 homolog	2:Experimental evidence at transcript level	6.06	1.0000	0.9990	0.00000000000000	2	2	2	2	2	2	2200061.2	2200061.2	2200061.2			
sp|Q6NYS8|OST48_DANRE	Q6NYS8	OST48_DANRE	ddost	441	false	false	Danio rerio	Dolichyl-diphosphooligosaccharide--protein glycosyltransferase 48 kDa subunit	2:Experimental evidence at transcript level	2.49	1.0000	0.9990	0.00000000000000	1	1	1	1	1	1	1992641.5	1992641.5	1992641.5			
sp|Q6P026|BAF_DANRE	Q6P026	BAF_DANRE	banf1	90	false	false	Danio rerio	Barrier-to-autointegration factor	1:Experimental evidence at protein level	53.33	1.0000	0.9990	0.00000000000000	4	4	4	5	5	5	7561023.0	7561023.0	7561023.0	3M(15.9949),5C(57.0215),8C(57.0215)		
sp|Q6P0V6|RL8_DANRE	Q6P0V6	RL8_DANRE	rpl8	257	false	false	Danio rerio	60S ribosomal protein L8	1:Experimental evidence at protein level	4.28	1.0000	0.9990	0.00000000000000	1	1	1	1	1	1	2407218.2	2407218.2	2407218.2			
sp|Q6PBK3|RS28_DANRE	Q6PBK3	RS28_DANRE	rps28	69	false	false	Danio rerio	40S ribosomal protein S28	1:Experimental evidence at protein level	17.39	1.0000	0.9990	0.00000000000000	1	1	1	1	1	1	2765308.2	2765308.2	2765308.2			
sp|Q6PBW5|RP65A_DANRE	Q6PBW5	RP65A_DANRE	rpe65a	531	false	false	Danio rerio	Retinoid isomerohydrolase	2:Experimental evidence at transcript level	3.20	1.0000	0.9990	0.00000000000000	1	1	1	1	1	1	1620385.5	1620385.5	1620385.5			
sp|Q6PBY1|RS3A_DANRE	Q6PBY1	RS3A_DANRE	rps3a	267	false	false	Danio rerio	40S ribosomal protein S3a	1:Experimental evidence at protein level	14.61	1.0000	0.9990	0.00000000000000	3	3	3	3	3	3	6522766.0	6522766.0	6522766.0	2C(57.0215)		
sp|Q6PC54|SN25B_DANRE	Q6PC54	SN25B_DANRE	snap25b	203	false	false	Danio rerio	Synaptosomal-associated protein 25-B	2:Experimental evidence at transcript level	31.53	1.0000	0.9990	0.00000000000000	5	3	5	8	3	8	1.358241E7	0	1.358241E7	2M(15.9949),4M(15.9949),4M(15.9949)		
sp|Q6PG31|RNPS1_DANRE	Q6PG31	RNPS1_DANRE	rnps1	283	false	false	Danio rerio	RNA-binding protein with serine-rich domain 1	2:Experimental evidence at transcript level	7.42	1.0000	0.9990	0.00000000000000	1	1	1	1	1	1	2066096.6	2066096.6	2066096.6			
sp|Q6PGV1|VA0D1_DANRE	Q6PGV1	VA0D1_DANRE	atp6v0d1	350	false	false	Danio rerio	V-type proton ATPase subunit d 1	1:Experimental evidence at protein level	8.29	1.0000	0.9990	0.00000000000000	2	2	2	2	2	2	3317725.5	3317725.5	3317725.5			
sp|Q6PH57|GBB1_DANRE	Q6PH57	GBB1_DANRE	gnb1	340	false	false	Danio rerio	Guanine nucleotide-binding protein G(I)/G(S)/G(T) subunit beta-1	2:Experimental evidence at transcript level	24.41	1.0000	0.9990	0.00000000000000	6	1	6	6	1	6	1.3304776E7	0	1.3304776E7	11C(57.0215),15C(57.0215),7C(57.0215),N-term(42.0106),N-term(42.0106),N-term(42.0106)		
sp|Q6PI20|H33_DANRE	Q6PI20	H33_DANRE	h3f3d	136	false	false	Danio rerio	Histone H3.3	2:Experimental evidence at transcript level	55.15	1.0000	0.9990	0.00000000000000	8	1	1	8	1	1	3.24282419E9	0	0	27C(57.0215)		
sp|Q6PI52|CALM_DANRE	Q6PI52	CALM_DANRE	calm3b	149	false	false	Danio rerio	Calmodulin	2:Experimental evidence at transcript level	30.87	1.0000	0.9990	0.00000000000000	4	4	4	7	7	7	4.715686E7	4.715686E7	4.715686E7	N-term(42.0106),N-term(42.0106),N-term(42.0106)		
sp|Q6Q415|RL36_DANRE	Q6Q415	RL36_DANRE	rpl36	105	false	false	Danio rerio	60S ribosomal protein L36	1:Experimental evidence at protein level	9.52	1.0000	0.9989	0.00000000000000	1	1	1	1	1	1	1204971.1	1204971.1	1204971.1	3C(57.0215)		
sp|Q6TH15|EIF3D_DANRE	Q6TH15	EIF3D_DANRE	eif3d	552	false	false	Danio rerio	Eukaryotic translation initiation factor 3 subunit D	2:Experimental evidence at transcript level	3.80	1.0000	0.9990	0.00000000000000	2	2	2	2	2	2	1007311.1	1007311.1	1007311.1			
sp|Q71PD7|H2AV_DANRE	Q71PD7	H2AV_DANRE	h2az2a	128	false	false	Danio rerio	Histone H2A.V	2:Experimental evidence at transcript level	31.25	1.0000	0.9990	0.00000000000000	5	0	4	6	0	5	3.55958374E9	0	2.44789744E8			tr|Q0Z946|Q0Z946_DANRE
sp|Q7SXP4|SRS1A_DANRE	Q7SXP4	SRS1A_DANRE	srsf1a	257	false	false	Danio rerio	Serine/arginine-rich splicing factor 1A	2:Experimental evidence at transcript level	12.45	1.0000	0.9990	0.00000000000000	3	0	3	3	0	3	1.0230684E7	0	1.0230684E7	6C(57.0215)		
sp|Q7SXW4|EMC3_DANRE	Q7SXW4	EMC3_DANRE	emc3	261	false	false	Danio rerio	ER membrane protein complex subunit 3	2:Experimental evidence at transcript level	3.83	1.0000	0.9990	0.00000000000000	1	1	1	1	1	1	1341443.8	1341443.8	1341443.8			
sp|Q7SYK7|AATM_DANRE	Q7SYK7	AATM_DANRE	got2a	428	false	false	Danio rerio	Aspartate aminotransferase, mitochondrial	2:Experimental evidence at transcript level	3.27	1.0000	0.9988	0.00000000000000	1	0	0	1	0	0	0	0	0			
sp|Q7T356|143BB_DANRE	Q7T356	143BB_DANRE	ywhabb	242	false	false	Danio rerio	14-3-3 protein beta/alpha-B	2:Experimental evidence at transcript level	8.26	1.0000	0.9990	0.00000000000000	2	1	1	2	1	1	1.5362452E7	850711.06	850711.06			
sp|Q7ZTS4|K1C18_DANRE	Q7ZTS4	K1C18_DANRE	krt18	431	false	false	Danio rerio	Keratin, type I cytoskeletal 18	1:Experimental evidence at protein level	3.71	1.0000	0.9990	0.00000000000000	2	1	1	2	1	1	1.76807968E8	0	0			
sp|Q7ZTY4|RBBP7_DANRE	Q7ZTY4	RBBP7_DANRE	rbbp7	426	false	false	Danio rerio	Histone-binding protein RBBP7	2:Experimental evidence at transcript level	3.05	1.0000	0.9990	0.00000000000000	1	1	1	1	1	1	1014562.56	1014562.56	1014562.56	N-term(42.0106)		
sp|Q7ZU29|NUP93_DANRE	Q7ZU29	NUP93_DANRE	dye	820	false	false	Danio rerio	Nuclear pore complex protein Nup93	2:Experimental evidence at transcript level	1.46	1.0000	0.9989	0.00000000000000	1	1	1	1	1	1	471879.47	471879.47	471879.47			
sp|Q7ZU99|TERA_DANRE	Q7ZU99	TERA_DANRE	vcp	806	false	false	Danio rerio	Transitional endoplasmic reticulum ATPase	1:Experimental evidence at protein level	1.61	1.0000	0.9990	0.00000000000000	1	1	1	1	1	1	0	0	0			
sp|Q7ZUG5|RS21_DANRE	Q7ZUG5	RS21_DANRE	rps21	81	false	false	Danio rerio	40S ribosomal protein S21	1:Experimental evidence at protein level	11.11	1.0000	0.9990	0.00000000000000	1	1	1	1	1	1	2646218.5	2646218.5	2646218.5	5C(57.0215)		
sp|Q7ZUY3|H2AX_DANRE	Q7ZUY3	H2AX_DANRE	h2ax	142	false	false	Danio rerio	Histone H2AX	2:Experimental evidence at transcript level	34.51	1.0000	0.9990	0.00000000000000	6	0	6	10	0	10	5.1878451E9	0	5.1878451E9			tr|A0A8M2BA83|A0A8M2BA83_DANRE, tr|A0A8M3ATV1|A0A8M3ATV1_DANRE, tr|A0A8N7TAW0|A0A8N7TAW0_DANRE, tr|A4FVM2|A4FVM2_DANRE, tr|E7EXD7|E7EXD7_DANRE, tr|E7F5W3|E7F5W3_DANRE, tr|F1QTL1|F1QTL1_DANRE, tr|Q4FZZ7|Q4FZZ7_DANRE, tr|Q561S9|Q561S9_DANRE, tr|Q5XJK2|Q5XJK2_DANRE
sp|Q7ZV82|RL27_DANRE	Q7ZV82	RL27_DANRE	rpl27	136	false	false	Danio rerio	60S ribosomal protein L27	1:Experimental evidence at protein level	6.62	1.0000	0.9988	0.00000000000000	1	1	1	1	1	1	2995916.8	2995916.8	2995916.8			
sp|Q7ZV96|RL10_DANRE	Q7ZV96	RL10_DANRE	rpl10	215	false	false	Danio rerio	60S ribosomal protein L10	1:Experimental evidence at protein level	28.37	1.0000	0.9990	0.00000000000000	4	4	4	4	4	4	4458926.0	4458926.0	4458926.0	4C(57.0215),6C(57.0215),7C(57.0215)		
sp|Q7ZVF9|ACTB2_DANRE	Q7ZVF9	ACTB2_DANRE	actbb	375	false	false	Danio rerio	Actin, cytoplasmic 2	1:Experimental evidence at protein level	69.87	1.0000	0.9990	0.00000000000000	20	1	20	34	2	34	2.55464272E8	1833615.2	2.55464272E8	10M(15.9949),16C(57.0215),1C(57.0215),2C(57.0215),4C(57.0215),5M(15.9949),6M(15.9949),6M(15.9949),7M(15.9949),8M(15.9949),8M(15.9949),N-term(42.0106),15M(15.9949),16C(57.0215),N-term(42.0106),16C(57.0215)		
sp|Q7ZVI7|ACTB1_DANRE	Q7ZVI7	ACTB1_DANRE	actba	375	false	false	Danio rerio	Actin, cytoplasmic 1	1:Experimental evidence at protein level	69.87	1.0000	0.9990	0.00000000000000	20	1	1	33	1	1	2.55464272E8	0	0	N-term(42.0106),16C(57.0215)		
sp|Q7ZWE9|KCY_DANRE	Q7ZWE9	KCY_DANRE	cmpk	196	false	false	Danio rerio	UMP-CMP kinase	2:Experimental evidence at transcript level	6.12	1.0000	0.9990	0.00000000000000	1	1	1	1	1	1	315342.97	315342.97	315342.97			
sp|Q7ZWJ4|RL18A_DANRE	Q7ZWJ4	RL18A_DANRE	rpl18a	176	false	false	Danio rerio	60S ribosomal protein L18a	1:Experimental evidence at protein level	11.93	1.0000	0.9990	0.00000000000000	2	2	2	2	2	2	3501168.0	3501168.0	3501168.0	11C(57.0215)		
sp|Q8JGR4|RL24_DANRE	Q8JGR4	RL24_DANRE	rpl24	157	false	false	Danio rerio	60S ribosomal protein L24	2:Experimental evidence at transcript level	5.73	1.0000	0.9990	0.00000000000000	1	1	1	1	1	1	0	0	0			
sp|Q8JGS9|RS18_DANRE	Q8JGS9	RS18_DANRE	rps18	152	false	false	Danio rerio	40S ribosomal protein S18	1:Experimental evidence at protein level	5.92	1.0000	0.9989	0.00000000000000	1	1	1	1	1	1	1822607.0	1822607.0	1822607.0			
sp|Q8JH70|ALDCB_DANRE	Q8JH70	ALDCB_DANRE	aldocb	363	false	false	Danio rerio	Fructose-bisphosphate aldolase C-B	2:Experimental evidence at transcript level	3.86	1.0000	0.9990	0.00000000000000	1	1	1	1	1	1	0	0	0			
sp|Q90473|HSP7C_DANRE	Q90473	HSP7C_DANRE	hspa8	649	false	false	Danio rerio	Heat shock cognate 71 kDa protein	2:Experimental evidence at transcript level	11.40	1.0000	0.9990	0.00000000000000	6	0	5	6	0	5	1.1992944E7	0	1.1992944E7			
sp|Q90XG0|TPISB_DANRE	Q90XG0	TPISB_DANRE	tpi1b	248	false	false	Danio rerio	Triosephosphate isomerase B	2:Experimental evidence at transcript level	10.08	1.0000	0.9990	0.00000000000000	2	2	2	2	2	2	1346110.9	1346110.9	1346110.9	12C(57.0215)		
sp|Q90Z10|RL13_DANRE	Q90Z10	RL13_DANRE	rpl13	211	false	false	Danio rerio	60S ribosomal protein L13	1:Experimental evidence at protein level	5.21	1.0000	0.9988	0.00000000000000	1	1	1	1	1	1	0	0	0			
sp|Q91398|CSK2B_DANRE	Q91398	CSK2B_DANRE	csnk2b	215	false	false	Danio rerio	Casein kinase II subunit beta	2:Experimental evidence at transcript level	5.12	1.0000	0.9990	0.00000000000000	1	1	1	1	1	1	0	0	0	9C(57.0215)		
sp|Q92005|EF1A_DANRE	Q92005	EF1A_DANRE	eef1a	462	false	false	Danio rerio	Elongation factor 1-alpha	2:Experimental evidence at transcript level	12.99	1.0000	0.9990	0.00000000000000	5	2	5	8	4	8	4.5178628E7	2.2737438E7	4.5178628E7			
sp|Q9NSB2|KRT84_HUMAN	Q9NSB2	KRT84_HUMAN	KRT84	600	false	false	Homo sapiens	Keratin, type II cuticular Hb4	2:Experimental evidence at transcript level	2.83	1.0000	0.9982	0.00000000000000	3	0	0	3	0	0	5.2058952E7	0	0			
sp|Q9PV90|RLA0_DANRE	Q9PV90	RLA0_DANRE	rplp0	319	false	false	Danio rerio	60S acidic ribosomal protein P0	2:Experimental evidence at transcript level	3.76	1.0000	0.9990	0.00000000000000	1	1	1	1	1	1	527464.2	527464.2	527464.2			
sp|Q9PVK4|LDHBA_DANRE	Q9PVK4	LDHBA_DANRE	ldhba	334	false	false	Danio rerio	L-lactate dehydrogenase B-A chain	2:Experimental evidence at transcript level	8.08	1.0000	0.9990	0.00000000000000	2	1	2	2	1	2	2683737.0	0	2683737.0			
sp|Q9PVK5|LDHA_DANRE	Q9PVK5	LDHA_DANRE	ldha	333	false	false	Danio rerio	L-lactate dehydrogenase A chain	2:Experimental evidence at transcript level	3.60	1.0000	0.9990	0.00000000000000	1	0	0	1	0	0	2683737.0	0	0			
sp|Q9W6A5|OPSG1_DANRE	Q9W6A5	OPSG1_DANRE	opn1mw1	349	false	false	Danio rerio	Green-sensitive opsin-1	1:Experimental evidence at protein level	4.30	1.0000	0.9990	0.00000000000000	1	1	1	1	1	1	0	0	0			
sp|Q9W6A9|OP1S1_DANRE	Q9W6A9	OP1S1_DANRE	opn1sw1	336	false	false	Danio rerio	Opsin-1, short-wave-sensitive 1	1:Experimental evidence at protein level	12.50	1.0000	0.9990	0.00000000000000	3	3	3	3	3	3	2.4448952E7	2.4448952E7	2.4448952E7	10C(57.0215),3C(57.0215),3C(57.0215)		
tr|A0A0R4IBX9|A0A0R4IBX9_DANRE	A0A0R4IBX9	A0A0R4IBX9_DANRE	si:ch73-1a9.3	87	false	false	Danio rerio	Si:ch73-1a9.3	3:Protein inferred from homology	33.33	1.0000	0.9990	0.00000000000000	6	6	6	8	8	8	5.807228E7	5.807228E7	5.807228E7			
tr|A0A0R4IC20|A0A0R4IC20_DANRE	A0A0R4IC20	A0A0R4IC20_DANRE	si:ch211-276i12.9	167	false	false	Danio rerio	Si:ch211-276i12.9	4:Protein predicted	10.18	1.0000	0.9990	0.00000000000000	2	1	2	1	0	1	2702330.5	1324925.5	2702330.5			
tr|A0A0R4IFJ7|A0A0R4IFJ7_DANRE	A0A0R4IFJ7	A0A0R4IFJ7_DANRE	fi14g08	417	false	false	Danio rerio	creatine kinase	1:Experimental evidence at protein level	34.29	1.0000	0.9990	0.00000000000000	9	6	9	11	8	11	1.6002933E7	1.6002933E7	1.6002933E7	4M(15.9949)		
tr|A0A0R4IKF0|A0A0R4IKF0_DANRE	A0A0R4IKF0	A0A0R4IKF0_DANRE	wu:fb66d03	257	false	false	Danio rerio	Apolipoprotein A-Ib	1:Experimental evidence at protein level	3.50	1.0000	0.9990	0.00000000000000	1	1	1	1	1	1	340331.03	340331.03	340331.03			
tr|A0A0R4IM99|A0A0R4IM99_DANRE	A0A0R4IM99	A0A0R4IM99_DANRE	tpm2	284	false	false	Danio rerio	Tropomyosin 2 (beta)	3:Protein inferred from homology	24.65	1.0000	0.9990	0.00000000000000	8	3	5	11	3	6	3.9663144E7	9404460.0	1.1032594E7			
tr|A0A0R4INI3|A0A0R4INI3_DANRE	A0A0R4INI3	A0A0R4INI3_DANRE	smyhc1	1938	false	false	Danio rerio	Slow myosin heavy chain 1	1:Experimental evidence at protein level	10.32	1.0000	0.9990	0.00000000000000	19	1	4	23	1	4	7.1078968E7	0	4729511.0	1C(57.0215)		
tr|A0A0R4IQM9|A0A0R4IQM9_DANRE	A0A0R4IQM9	A0A0R4IQM9_DANRE	stxbp1a	603	false	false	Danio rerio	Syntaxin-binding protein 1a	3:Protein inferred from homology	3.65	1.0000	0.9990	0.00000000000000	2	0	2	2	0	2	864144.4	0	864144.4	9C(57.0215)		
tr|A0A1L6UW63|A0A1L6UW63_DANRE	A0A1L6UW63	A0A1L6UW63_DANRE	zgc:171719	284	false	false	Danio rerio	Tropomyosin 1-1	1:Experimental evidence at protein level	19.37	1.0000	0.9990	0.00000000000000	7	1	1	9	1	1	4.1430488E7	1441564.9	1441564.9			
tr|A0A1L6UW65|A0A1L6UW65_DANRE	A0A1L6UW65	A0A1L6UW65_DANRE	tmp4	284	false	false	Danio rerio	Tropomyosin 4-2alpha	2:Experimental evidence at transcript level	13.73	1.0000	0.9990	0.00000000000000	5	0	0	8	0	0	4.3640864E7	0	0			
tr|A0A2R8Q650|A0A2R8Q650_DANRE	A0A2R8Q650	A0A2R8Q650_DANRE	tpm3	284	false	false	Danio rerio	Tropomyosin 3	3:Protein inferred from homology	19.37	1.0000	0.9990	0.00000000000000	7	0	0	9	0	0	4.1430488E7	0	0			
tr|A0A2R8QLH1|A0A2R8QLH1_DANRE	A0A2R8QLH1	A0A2R8QLH1_DANRE	rab41	211	false	false	Danio rerio	RAB41, member RAS oncogene family	4:Protein predicted	5.21	1.0000	0.9980	0.00000000000000	1	0	0	1	0	0	3264589.0	0	0			
tr|A0A2R8RKX9|A0A2R8RKX9_DANRE	A0A2R8RKX9	A0A2R8RKX9_DANRE	gnb4b	340	false	false	Danio rerio	Guanine nucleotide-binding protein (G protein), beta polypeptide 4b	3:Protein inferred from homology	5.29	1.0000	0.9990	0.00000000000000	1	0	1	1	0	1	360460.84	0	360460.84	11C(57.0215)		
tr|A0A8M1N2G4|A0A8M1N2G4_DANRE	A0A8M1N2G4	A0A8M1N2G4_DANRE	snrpg	76	false	false	Danio rerio	Small nuclear ribonucleoprotein G	1:Experimental evidence at protein level	17.11	1.0000	0.9990	0.00000000000000	1	1	1	1	1	1	1682841.6	1682841.6	1682841.6			
tr|A0A8M1N4J0|A0A8M1N4J0_DANRE	A0A8M1N4J0	A0A8M1N4J0_DANRE	acp1	158	false	false	Danio rerio	Low molecular weight phosphotyrosine protein phosphatase	1:Experimental evidence at protein level	7.59	1.0000	0.9990	0.00000000000000	1	1	1	1	1	1	760083.6	760083.6	760083.6	11C(57.0215),6C(57.0215)		
tr|A0A8M1N5K7|A0A8M1N5K7_DANRE	A0A8M1N5K7	A0A8M1N5K7_DANRE	c1qbp	270	false	false	Danio rerio	Complement component 1 Q subcomponent-binding protein, mitochondrial	1:Experimental evidence at protein level	3.70	1.0000	0.9990	0.00000000000000	1	1	1	1	1	1	1968612.1	1968612.1	1968612.1			
tr|A0A8M1N5M5|A0A8M1N5M5_DANRE	A0A8M1N5M5	A0A8M1N5M5_DANRE	tubb6	447	false	false	Danio rerio	Tubulin beta chain	1:Experimental evidence at protein level	17.00	1.0000	0.9990	0.00000000000000	8	2	2	13	3	3	5.5162736E7	4461408.5	4461408.5			
tr|A0A8M1N618|A0A8M1N618_DANRE	A0A8M1N618	A0A8M1N618_DANRE	gdi1	447	false	false	Danio rerio	Rab GDP dissociation inhibitor	1:Experimental evidence at protein level	4.25	1.0000	0.9990	0.00000000000000	1	0	1	1	0	1	0	0	0			
tr|A0A8M1N7Z8|A0A8M1N7Z8_DANRE	A0A8M1N7Z8	A0A8M1N7Z8_DANRE	tubb2b	472	false	false	Danio rerio	Tubulin beta chain	1:Experimental evidence at protein level	61.65	1.0000	0.9990	0.00000000000000	25	3	25	38	3	38	1.0395888E8	2.283844E7	1.0395888E8	10C(57.0215),11M(15.9949),11M(15.9949),12C(57.0215),12C(57.0215),12C(57.0215),1M(15.9949),12C(57.0215),1M(15.9949),23C(57.0215),4C(57.0215),5C(57.0215),7C(57.0215),5M(15.9949),5M(15.9949),6C(57.0215),8C(57.0215),8M(15.9949)		
tr|A0A8M1NBP6|A0A8M1NBP6_DANRE	A0A8M1NBP6	A0A8M1NBP6_DANRE	myh7l	1936	false	false	Danio rerio	myosin heavy chain 7-like	1:Experimental evidence at protein level	8.01	1.0000	0.9977	0.00000000000000	17	0	0	21	0	0	5.6906784E7	0	0			
tr|A0A8M1NEM1|A0A8M1NEM1_DANRE	A0A8M1NEM1	A0A8M1NEM1_DANRE	myh9a	1961	false	false	Danio rerio	myosin-9	1:Experimental evidence at protein level	0.46	1.0000	0.9990	0.00000000000000	1	0	0	1	0	0	2348121.2	0	0			
tr|A0A8M1NF56|A0A8M1NF56_DANRE	A0A8M1NF56	A0A8M1NF56_DANRE	LOC558044	2391	false	false	Danio rerio	Spectrin beta chain	1:Experimental evidence at protein level	0.38	1.0000	0.9990	0.00000000000000	1	0	0	1	0	0	0	0	0			
tr|A0A8M1NFX8|A0A8M1NFX8_DANRE	A0A8M1NFX8	A0A8M1NFX8_DANRE	krtt1c19e	473	false	false	Danio rerio	keratin type 1 c19e	1:Experimental evidence at protein level	1.48	1.0000	0.9990	0.00000000000000	2	0	0	1	0	0	1.59924048E8	0	0			
tr|A0A8M1NR42|A0A8M1NR42_DANRE	A0A8M1NR42	A0A8M1NR42_DANRE	si:ch211-251b21.1	458	false	false	Danio rerio	Glutamate receptor	1:Experimental evidence at protein level	14.41	1.0000	0.9990	0.00000000000000	5	5	5	6	6	6	4221970.5	4221970.5	4221970.5			
tr|A0A8M1NYZ2|A0A8M1NYZ2_DANRE	A0A8M1NYZ2	A0A8M1NYZ2_DANRE	ssbp4	386	false	false	Danio rerio	single-stranded DNA-binding protein 4	4:Protein predicted	2.59	1.0000	0.9990	0.00000000000000	1	0	1	1	0	1	815975.6	0	815975.6			tr|A0A8M3APY7|A0A8M3APY7_DANRE
tr|A0A8M1P3T0|A0A8M1P3T0_DANRE	A0A8M1P3T0	A0A8M1P3T0_DANRE	pfklb	779	false	false	Danio rerio	ATP-dependent 6-phosphofructokinase	1:Experimental evidence at protein level	1.16	1.0000	0.9990	0.00000000000000	1	0	0	1	0	0	439842.66	0	0			
tr|A0A8M1P5N6|A0A8M1P5N6_DANRE	A0A8M1P5N6	A0A8M1P5N6_DANRE	krt4	497	false	false	Danio rerio	keratin 4	1:Experimental evidence at protein level	15.49	1.0000	0.9990	0.00000000000000	9	1	5	9	1	5	1.13924152E8	2047326.2	7013548.0			
tr|A0A8M1P7E4|A0A8M1P7E4_DANRE	A0A8M1P7E4	A0A8M1P7E4_DANRE	cox5ab	138	false	false	Danio rerio	Cytochrome c oxidase subunit 5A, mitochondrial	1:Experimental evidence at protein level	30.43	1.0000	0.9990	0.00000000000000	3	1	1	4	1	1	6621106.0	1260749.8	1260749.8			
tr|A0A8M1P8J0|A0A8M1P8J0_DANRE	A0A8M1P8J0	A0A8M1P8J0_DANRE	drada	1381	false	false	Danio rerio	Adenosine deaminase RNA-specific	1:Experimental evidence at protein level	0.80	1.0000	0.9990	0.00000000000000	1	1	1	1	1	1	1361641.2	1361641.2	1361641.2			
tr|A0A8M1P8U9|A0A8M1P8U9_DANRE	A0A8M1P8U9	A0A8M1P8U9_DANRE	si:ch211-114n24.6	451	false	false	Danio rerio	Tubulin alpha chain	3:Protein inferred from homology	53.44	1.0000	0.9990	0.00000000000000	19	0	8	28	0	12	2.09345056E8	0	1.2058156E8	15C(57.0215),15C(57.0215),22M(15.9949),8C(57.0215),8C(57.0215),9C(57.0215),9C(57.0215)		
tr|A0A8M1P8Z3|A0A8M1P8Z3_DANRE	A0A8M1P8Z3	A0A8M1P8Z3_DANRE	ddx39aa	427	false	false	Danio rerio	RNA helicase	1:Experimental evidence at protein level	6.79	1.0000	0.9990	0.00000000000000	2	0	0	2	0	0	3817507.5	0	0			
tr|A0A8M1PA74|A0A8M1PA74_DANRE	A0A8M1PA74	A0A8M1PA74_DANRE	desma	488	false	false	Danio rerio	desmin isoform 2	1:Experimental evidence at protein level	3.89	1.0000	0.9990	0.00000000000000	2	0	1	3	0	2	0	0	0	1M(15.9949)		
tr|A0A8M1PFC4|A0A8M1PFC4_DANRE	A0A8M1PFC4	A0A8M1PFC4_DANRE	npm1a	279	false	false	Danio rerio	Nucleophosmin	1:Experimental evidence at protein level	16.49	1.0000	0.9990	0.00000000000000	2	2	2	2	2	2	3539029.0	3539029.0	3539029.0	15C(57.0215)		
tr|A0A8M1PHY6|A0A8M1PHY6_DANRE	A0A8M1PHY6	A0A8M1PHY6_DANRE	ssrp1a	705	false	false	Danio rerio	FACT complex subunit SSRP1	1:Experimental evidence at protein level	1.99	1.0000	0.9990	0.00000000000000	1	1	1	1	1	1	1184259.5	1184259.5	1184259.5	N-term(42.0106)		
tr|A0A8M1PUI6|A0A8M1PUI6_DANRE	A0A8M1PUI6	A0A8M1PUI6_DANRE	si:dkey-23a13.9	201	false	false	Danio rerio	histone H1-like	3:Protein inferred from homology	24.88	1.0000	0.9990	0.00000000000000	8	0	2	10	0	2	7.2786682E8	0	1.1967243E7	N-term(42.0106),N-term(42.0106)		tr|A0A8N7TF89|A0A8N7TF89_DANRE, tr|A0A8N7URG1|A0A8N7URG1_DANRE
tr|A0A8M1QUS6|A0A8M1QUS6_DANRE	A0A8M1QUS6	A0A8M1QUS6_DANRE	myh9b	1698	false	false	Danio rerio	myosin-9 isoform X1	1:Experimental evidence at protein level	0.53	1.0000	0.9990	0.00000000000000	1	0	0	1	0	0	2348121.2	0	0			
tr|A0A8M1RLA4|A0A8M1RLA4_DANRE	A0A8M1RLA4	A0A8M1RLA4_DANRE	si:ch73-36p18.1	204	false	false	Danio rerio	histone H1-like	3:Protein inferred from homology	20.10	1.0000	0.9990	0.00000000000000	7	0	3	10	0	4	6.7770259E8	0	8.9919192E7	N-term(42.0106)		tr|A0A8M1RS22|A0A8M1RS22_DANRE
tr|A0A8M1RSM5|A0A8M1RSM5_DANRE	A0A8M1RSM5	A0A8M1RSM5_DANRE	si:ch73-368j24.12	201	false	false	Danio rerio	histone H1-like	3:Protein inferred from homology	26.37	1.0000	0.9990	0.00000000000000	8	0	8	12	0	12	7.2786682E8	0	7.2786682E8	N-term(42.0106),N-term(42.0106)		tr|A0A8M2BG38|A0A8M2BG38_DANRE
tr|A0A8M2B1U6|A0A8M2B1U6_DANRE	A0A8M2B1U6	A0A8M2B1U6_DANRE	dpysl2b	643	false	false	Danio rerio	dihydropyrimidinase-related protein 2 isoform X1	1:Experimental evidence at protein level	9.64	1.0000	0.9990	0.00000000000000	4	4	4	4	4	4	7954203.5	7954203.5	7954203.5			
tr|A0A8M2B296|A0A8M2B296_DANRE	A0A8M2B296	A0A8M2B296_DANRE	cct8	558	false	false	Danio rerio	T-complex protein 1 subunit theta	1:Experimental evidence at protein level	2.15	1.0000	0.9990	0.00000000000000	1	1	1	1	1	1	0	0	0			
tr|A0A8M2B2E6|A0A8M2B2E6_DANRE	A0A8M2B2E6	A0A8M2B2E6_DANRE	camk2g1	627	false	false	Danio rerio	calcium/calmodulin-dependent protein kinase	1:Experimental evidence at protein level	2.07	1.0000	0.9990	0.00000000000000	1	0	1	1	0	1	905424.94	0	905424.94			
tr|A0A8M2B2Q3|A0A8M2B2Q3_DANRE	A0A8M2B2Q3	A0A8M2B2Q3_DANRE	atp2a1l	993	false	false	Danio rerio	Calcium-transporting ATPase	1:Experimental evidence at protein level	5.54	1.0000	0.9982	0.00000000000000	5	0	0	4	0	0	1.0465208E7	0	0			
tr|A0A8M2B343|A0A8M2B343_DANRE	A0A8M2B343	A0A8M2B343_DANRE	rps24	133	false	false	Danio rerio	40S ribosomal protein S24	1:Experimental evidence at protein level	20.30	1.0000	0.9990	0.00000000000000	2	2	2	2	2	2	2943379.8	2943379.8	2943379.8			
tr|A0A8M2B3J4|A0A8M2B3J4_DANRE	A0A8M2B3J4	A0A8M2B3J4_DANRE	cltcb	1685	false	false	Danio rerio	Clathrin heavy chain	1:Experimental evidence at protein level	6.65	1.0000	0.9990	0.00000000000000	8	0	0	8	0	0	9221631.0	0	0			
tr|A0A8M2B3U1|A0A8M2B3U1_DANRE	A0A8M2B3U1	A0A8M2B3U1_DANRE	actn1	924	false	false	Danio rerio	alpha-actinin-1 isoform X5	1:Experimental evidence at protein level	1.30	1.0000	0.9990	0.00000000000000	1	0	0	1	0	0	726782.25	0	0			
tr|A0A8M2B505|A0A8M2B505_DANRE	A0A8M2B505	A0A8M2B505_DANRE	si:ch211-113g11.6	632	false	false	Danio rerio	si:ch211-113g11.6 isoform X1	1:Experimental evidence at protein level	1.74	1.0000	0.9990	0.00000000000000	1	1	1	1	1	1	961005.8	961005.8	961005.8	8C(57.0215)		
tr|A0A8M2B6N2|A0A8M2B6N2_DANRE	A0A8M2B6N2	A0A8M2B6N2_DANRE	hdac1	484	false	false	Danio rerio	Histone deacetylase	1:Experimental evidence at protein level	2.69	1.0000	0.9990	0.00000000000000	1	1	1	1	1	1	537184.06	537184.06	537184.06	1M(15.9949)		
tr|A0A8M2B7H0|A0A8M2B7H0_DANRE	A0A8M2B7H0	A0A8M2B7H0_DANRE	apobb.1	3739	false	false	Danio rerio	apolipoprotein Bb, tandem duplicate 1 isoform X1	1:Experimental evidence at protein level	0.29	1.0000	0.9990	0.00000000000000	1	1	1	1	1	1	0	0	0			
tr|A0A8M2B848|A0A8M2B848_DANRE	A0A8M2B848	A0A8M2B848_DANRE	atp2a2b	1041	false	false	Danio rerio	Calcium-transporting ATPase	1:Experimental evidence at protein level	3.84	1.0000	0.9990	0.00000000000000	4	0	0	3	0	0	6832004.5	0	0			
tr|A0A8M2B9C5|A0A8M2B9C5_DANRE	A0A8M2B9C5	A0A8M2B9C5_DANRE	pfkpa	789	false	false	Danio rerio	ATP-dependent 6-phosphofructokinase	1:Experimental evidence at protein level	1.14	1.0000	0.9990	0.00000000000000	1	0	1	1	0	1	439842.66	0	439842.66			
tr|A0A8M2BB12|A0A8M2BB12_DANRE	A0A8M2BB12	A0A8M2BB12_DANRE	phb	309	false	false	Danio rerio	Prohibitin	1:Experimental evidence at protein level	23.30	1.0000	0.9990	0.00000000000000	6	6	6	7	7	7	1.1470484E7	1.1470484E7	1.1470484E7			
tr|A0A8M2BB25|A0A8M2BB25_DANRE	A0A8M2BB25	A0A8M2BB25_DANRE	atp6v0a1a	840	false	false	Danio rerio	V-type proton ATPase subunit a	1:Experimental evidence at protein level	1.07	1.0000	0.9990	0.00000000000000	1	0	0	1	0	0	2823846.2	0	0			
tr|A0A8M2BCL1|A0A8M2BCL1_DANRE	A0A8M2BCL1	A0A8M2BCL1_DANRE	gnb2	344	false	false	Danio rerio	guanine nucleotide-binding protein G(I)/G(S)/G(T) subunit beta-2 isoform X1	1:Experimental evidence at protein level	3.20	1.0000	0.9990	0.00000000000000	1	0	0	1	0	0	4100041.0	0	0			
tr|A0A8M2BCV1|A0A8M2BCV1_DANRE	A0A8M2BCV1	A0A8M2BCV1_DANRE	dnm1b	859	false	false	Danio rerio	dynamin GTPase	1:Experimental evidence at protein level	2.21	1.0000	0.9990	0.00000000000000	2	0	0	2	0	0	2107674.0	0	0			
tr|A0A8M2BEA2|A0A8M2BEA2_DANRE	A0A8M2BEA2	A0A8M2BEA2_DANRE	vdac3	319	false	false	Danio rerio	voltage-dependent anion-selective channel protein 3 isoform X1	1:Experimental evidence at protein level	27.27	1.0000	0.9990	0.00000000000000	8	8	8	7	7	7	2.928774E7	2.928774E7	2.928774E7			
tr|A0A8M2BGP7|A0A8M2BGP7_DANRE	A0A8M2BGP7	A0A8M2BGP7_DANRE	hp1bp3	595	false	false	Danio rerio	heterochromatin protein 1-binding protein 3 isoform X1	1:Experimental evidence at protein level	11.43	1.0000	0.9990	0.00000000000000	7	7	7	7	7	7	3.4347916E7	3.4347916E7	3.4347916E7	12C(57.0215),12C(57.0215),2C(57.0215)		
tr|A0A8M2BHU5|A0A8M2BHU5_DANRE	A0A8M2BHU5	A0A8M2BHU5_DANRE	tle2	801	false	false	Danio rerio	transducin-like enhancer of split 2 isoform X1	3:Protein inferred from homology	1.37	1.0000	0.9986	0.00000000000000	1	0	0	1	0	0	544885.0	0	0			tr|B3DJR5|B3DJR5_DANRE
tr|A0A8M2BI26|A0A8M2BI26_DANRE	A0A8M2BI26	A0A8M2BI26_DANRE	si:dkey-108k21.21	271	false	false	Danio rerio	histone H1-like	1:Experimental evidence at protein level	9.96	1.0000	0.9990	0.00000000000000	6	1	1	8	1	1	6.7770259E8	5073750.0	5073750.0			
tr|A0A8M2BJ13|A0A8M2BJ13_DANRE	A0A8M2BJ13	A0A8M2BJ13_DANRE	nap1l1	396	false	false	Danio rerio	nucleosome assembly protein 1-like 1 isoform X1	1:Experimental evidence at protein level	2.78	1.0000	0.9990	0.00000000000000	1	1	1	1	1	1	884469.7	884469.7	884469.7			
tr|A0A8M2BKD3|A0A8M2BKD3_DANRE	A0A8M2BKD3	A0A8M2BKD3_DANRE	npm1b	316	false	false	Danio rerio	Nucleophosmin	1:Experimental evidence at protein level	8.86	1.0000	0.9990	0.00000000000000	1	1	1	1	1	1	1180156.2	1180156.2	1180156.2			
tr|A0A8M3AK57|A0A8M3AK57_DANRE	A0A8M3AK57	A0A8M3AK57_DANRE	meis2a	409	false	false	Danio rerio	homeobox protein Meis2 isoform X1	1:Experimental evidence at protein level	5.13	1.0000	0.9989	0.00000000000000	1	0	0	1	0	0	0	0	0			
tr|A0A8M3ALJ0|A0A8M3ALJ0_DANRE	A0A8M3ALJ0	A0A8M3ALJ0_DANRE	xpo1a	1071	false	false	Danio rerio	exportin-1	1:Experimental evidence at protein level	1.49	1.0000	0.9990	0.00000000000000	1	0	0	1	0	0	1476992.9	0	0			
tr|A0A8M3APD8|A0A8M3APD8_DANRE	A0A8M3APD8	A0A8M3APD8_DANRE	wu:fb14d09	516	false	false	Danio rerio	aldehyde dehydrogenase, mitochondrial	3:Protein inferred from homology	4.26	1.0000	0.9990	0.00000000000000	2	0	2	2	0	2	3143462.5	0	3143462.5			tr|Q6TH48|Q6TH48_DANRE
tr|A0A8M3AQG4|A0A8M3AQG4_DANRE	A0A8M3AQG4	A0A8M3AQG4_DANRE	myh14	2065	false	false	Danio rerio	myosin-10 isoform X1	1:Experimental evidence at protein level	0.44	1.0000	0.9990	0.00000000000000	1	0	0	1	0	0	2348121.2	0	0			
tr|A0A8M3ATS9|A0A8M3ATS9_DANRE	A0A8M3ATS9	A0A8M3ATS9_DANRE	ncam1a	1010	false	false	Danio rerio	neural cell adhesion molecule 1 isoform X1	1:Experimental evidence at protein level	6.34	1.0000	0.9990	0.00000000000000	5	5	5	5	5	5	4906441.5	4906441.5	4906441.5	12C(57.0215),4C(57.0215)		
tr|A0A8M3AWS2|A0A8M3AWS2_DANRE	A0A8M3AWS2	A0A8M3AWS2_DANRE	cltca	1685	false	false	Danio rerio	Clathrin heavy chain	1:Experimental evidence at protein level	8.13	1.0000	0.9990	0.00000000000000	10	2	10	10	2	10	9221631.0	436726.22	9221631.0	3C(57.0215),6C(57.0215)		
tr|A0A8M3AWW3|A0A8M3AWW3_DANRE	A0A8M3AWW3	A0A8M3AWW3_DANRE	kpnb3	1093	false	false	Danio rerio	importin-5 isoform X1	1:Experimental evidence at protein level	0.82	1.0000	0.9990	0.00000000000000	1	1	1	1	1	1	0	0	0			
tr|A0A8M3AXB0|A0A8M3AXB0_DANRE	A0A8M3AXB0	A0A8M3AXB0_DANRE	camk2b	537	false	false	Danio rerio	calcium/calmodulin-dependent protein kinase	1:Experimental evidence at protein level	2.42	1.0000	0.9990	0.00000000000000	1	0	0	1	0	0	905424.94	0	0			
tr|A0A8M3AXL2|A0A8M3AXL2_DANRE	A0A8M3AXL2	A0A8M3AXL2_DANRE	hcfc1a	1802	false	false	Danio rerio	host cell factor C1a isoform X1	1:Experimental evidence at protein level	1.11	1.0000	0.9990	0.00000000000000	2	0	2	2	0	2	2957509.8	0	2957509.8			
tr|A0A8M3AYX3|A0A8M3AYX3_DANRE	A0A8M3AYX3	A0A8M3AYX3_DANRE	atp6v0a1b	868	false	false	Danio rerio	V-type proton ATPase subunit a	1:Experimental evidence at protein level	7.72	1.0000	0.9990	0.00000000000000	6	5	6	6	5	6	8387727.0	5563881.0	8387727.0			
tr|A0A8M3B3U9|A0A8M3B3U9_DANRE	A0A8M3B3U9	A0A8M3B3U9_DANRE	si:ch1073-153i20.4	201	false	false	Danio rerio	histone H1-like	3:Protein inferred from homology	24.88	1.0000	0.9990	0.00000000000000	7	0	0	10	0	0	7.2786682E8	0	0			
tr|A0A8M3B8D0|A0A8M3B8D0_DANRE	A0A8M3B8D0	A0A8M3B8D0_DANRE	ap2a1	984	false	false	Danio rerio	AP-2 complex subunit alpha	1:Experimental evidence at protein level	2.03	1.0000	0.9990	0.00000000000000	2	2	2	2	2	2	0	0	0	4C(57.0215)		
tr|A0A8M3BA62|A0A8M3BA62_DANRE	A0A8M3BA62	A0A8M3BA62_DANRE	myh10	2014	false	false	Danio rerio	myosin-10 isoform X1	1:Experimental evidence at protein level	0.45	1.0000	0.9990	0.00000000000000	1	0	0	1	0	0	2348121.2	0	0			
tr|A0A8M3BBK0|A0A8M3BBK0_DANRE	A0A8M3BBK0	A0A8M3BBK0_DANRE	gcn1	2669	false	false	Danio rerio	eIF-2-alpha kinase activator GCN1	1:Experimental evidence at protein level	0.41	1.0000	0.9990	0.00000000000000	1	1	1	1	1	1	210640.36	210640.36	210640.36			
tr|A0A8M3BDW6|A0A8M3BDW6_DANRE	A0A8M3BDW6	A0A8M3BDW6_DANRE	sptbn1	2363	false	false	Danio rerio	Spectrin beta chain	1:Experimental evidence at protein level	0.80	1.0000	0.9990	0.00000000000000	2	1	2	2	1	2	0	0	0			
tr|A0A8M6YYI1|A0A8M6YYI1_DANRE	A0A8M6YYI1	A0A8M6YYI1_DANRE	si:dkey-261m9.12	199	false	false	Danio rerio	histone H1-like	1:Experimental evidence at protein level	25.63	1.0000	0.9990	0.00000000000000	8	2	4	13	2	7	6.6980672E8	2.4073128E7	1.51788672E8	N-term(42.0106),N-term(42.0106),N-term(42.0106)		
tr|A0A8M6Z1M4|A0A8M6Z1M4_DANRE	A0A8M6Z1M4	A0A8M6Z1M4_DANRE	LOC570405	242	false	false	Danio rerio	histone H3-like	3:Protein inferred from homology	57.44	1.0000	0.9990	0.00000000000000	25	0	25	46	0	46	6.6133873E9	0	6.6133873E9	27C(57.0215),5M(15.9949),5M(15.9949),5M(15.9949),5M(15.9949),6M(15.9949),6M(15.9949),6M(15.9949),6M(15.9949)		
tr|A0A8M6Z292|A0A8M6Z292_DANRE	A0A8M6Z292	A0A8M6Z292_DANRE	nme2b.1	164	false	false	Danio rerio	Nucleoside diphosphate kinase	1:Experimental evidence at protein level	23.17	1.0000	0.9990	0.00000000000000	3	1	3	3	1	3	1711037.6	1711037.6	1711037.6	4C(57.0215)		
tr|A0A8M6Z2B4|A0A8M6Z2B4_DANRE	A0A8M6Z2B4	A0A8M6Z2B4_DANRE	ckba	385	false	false	Danio rerio	creatine kinase	1:Experimental evidence at protein level	13.25	1.0000	0.9927	0.00027901785714	3	0	0	4	0	0	8971613.0	0	0			
tr|A0A8M6Z3P2|A0A8M6Z3P2_DANRE	A0A8M6Z3P2	A0A8M6Z3P2_DANRE	zgc:153867	209	false	false	Danio rerio	myosin light chain alkali, smooth-muscle isoform isoform X4	1:Experimental evidence at protein level	5.26	1.0000	0.9990	0.00000000000000	1	1	1	1	1	1	785518.2	785518.2	785518.2	6C(57.0215)		
tr|A0A8M6Z7Z5|A0A8M6Z7Z5_DANRE	A0A8M6Z7Z5	A0A8M6Z7Z5_DANRE	LOC569982	200	false	false	Danio rerio	histone H1-like	3:Protein inferred from homology	27.00	1.0000	0.9990	0.00000000000000	9	0	9	12	0	12	2.8637328E8	0	2.8637328E8	N-term(42.0106),N-term(42.0106),N-term(42.0106)		tr|A4QN90|A4QN90_DANRE
tr|A0A8M9PEX3|A0A8M9PEX3_DANRE	A0A8M9PEX3	A0A8M9PEX3_DANRE	nsfa	747	false	false	Danio rerio	Vesicle-fusing ATPase	1:Experimental evidence at protein level	1.34	1.0000	0.9990	0.00000000000000	1	1	1	1	1	1	1318889.2	1318889.2	1318889.2			
tr|A0A8M9PJL9|A0A8M9PJL9_DANRE	A0A8M9PJL9	A0A8M9PJL9_DANRE	dnm1a	854	false	false	Danio rerio	dynamin GTPase	1:Experimental evidence at protein level	2.22	1.0000	0.9990	0.00000000000000	2	0	2	2	0	2	2107674.0	0	2107674.0			
tr|A0A8M9PJW6|A0A8M9PJW6_DANRE	A0A8M9PJW6	A0A8M9PJW6_DANRE	wu:fd14a01	1936	false	false	Danio rerio	myosin heavy chain, fast skeletal muscle	1:Experimental evidence at protein level	27.07	1.0000	0.9990	0.00000000000000	50	3	15	62	3	18	8.5884704E7	2543294.2	6.3751016E7	3C(57.0215),3C(57.0215),3C(57.0215),5M(15.9949),7M(15.9949)		
tr|A0A8M9PKU7|A0A8M9PKU7_DANRE	A0A8M9PKU7	A0A8M9PKU7_DANRE	atp1b2a	293	false	false	Danio rerio	Sodium/potassium-transporting ATPase subunit beta	1:Experimental evidence at protein level	4.10	1.0000	0.9990	0.00000000000000	1	1	1	1	1	1	0	0	0	9C(57.0215)		
tr|A0A8M9PPG9|A0A8M9PPG9_DANRE	A0A8M9PPG9	A0A8M9PPG9_DANRE	xpo1b	1071	false	false	Danio rerio	exportin-1	1:Experimental evidence at protein level	1.49	1.0000	0.9990	0.00000000000000	1	0	1	1	0	1	1476992.9	0	1476992.9			
tr|A0A8M9PQY4|A0A8M9PQY4_DANRE	A0A8M9PQY4	A0A8M9PQY4_DANRE	hcfc1b	1993	false	false	Danio rerio	host cell factor 1	1:Experimental evidence at protein level	1.00	1.0000	0.9990	0.00000000000000	2	0	0	2	0	0	2957509.8	0	0			
tr|A0A8M9PR47|A0A8M9PR47_DANRE	A0A8M9PR47	A0A8M9PR47_DANRE	LOC100329813	1938	false	false	Danio rerio	Myosin-7	1:Experimental evidence at protein level	8.20	1.0000	0.9976	0.00000000000000	16	0	0	20	0	0	7.1078968E7	0	0			
tr|A0A8M9PRM2|A0A8M9PRM2_DANRE	A0A8M9PRM2	A0A8M9PRM2_DANRE	chd4a	1931	false	false	Danio rerio	DNA helicase	1:Experimental evidence at protein level	0.88	1.0000	0.9990	0.00000000000000	1	0	0	1	0	0	0	0	0			
tr|A0A8M9PSZ1|A0A8M9PSZ1_DANRE	A0A8M9PSZ1	A0A8M9PSZ1_DANRE	tardbpl	396	false	false	Danio rerio	TAR DNA-binding protein 43	1:Experimental evidence at protein level	5.81	1.0000	0.9990	0.00000000000000	2	0	0	2	0	0	1571674.9	0	0			
tr|A0A8M9PTL3|A0A8M9PTL3_DANRE	A0A8M9PTL3	A0A8M9PTL3_DANRE	si:ch211-243g18.2	458	false	false	Danio rerio	uncharacterized protein LOC559906 isoform X1	1:Experimental evidence at protein level	1.53	1.0000	0.9990	0.00000000000000	1	0	0	1	0	0	1.76807968E8	0	0			
tr|A0A8M9PVN0|A0A8M9PVN0_DANRE	A0A8M9PVN0	A0A8M9PVN0_DANRE	LOC100537594	1085	false	false	Danio rerio	myosin heavy chain, fast skeletal muscle-like	1:Experimental evidence at protein level	13.55	1.0000	0.9802	0.00161987041037	11	0	0	15	0	0	6.3751016E7	0	0			
tr|A0A8M9PZU3|A0A8M9PZU3_DANRE	A0A8M9PZU3	A0A8M9PZU3_DANRE	prkacaa	389	false	false	Danio rerio	cAMP-dependent protein kinase	1:Experimental evidence at protein level	3.08	1.0000	0.9990	0.00000000000000	1	0	1	1	0	1	307739.8	0	307739.8			tr|Q6DBV8|Q6DBV8_DANRE
tr|A0A8M9Q0P4|A0A8M9Q0P4_DANRE	A0A8M9Q0P4	A0A8M9Q0P4_DANRE	acin1a	1951	false	false	Danio rerio	apoptotic chromatin condensation inducer in the nucleus isoform X1	1:Experimental evidence at protein level	0.36	1.0000	0.9990	0.00000000000000	1	1	1	1	1	1	0	0	0			
tr|A0A8M9Q103|A0A8M9Q103_DANRE	A0A8M9Q103	A0A8M9Q103_DANRE	si:ch211-59d13.2	1135	false	false	Danio rerio	solute carrier family 12 member 5 isoform X1	1:Experimental evidence at protein level	2.03	1.0000	0.9990	0.00000000000000	2	1	2	2	1	2	4679378.5	712920.8	4679378.5			
tr|A0A8M9Q3H8|A0A8M9Q3H8_DANRE	A0A8M9Q3H8	A0A8M9Q3H8_DANRE	camk2b1	693	false	false	Danio rerio	calcium/calmodulin-dependent protein kinase	1:Experimental evidence at protein level	1.88	1.0000	0.9990	0.00000000000000	1	0	0	1	0	0	905424.94	0	0			
tr|A0A8M9Q636|A0A8M9Q636_DANRE	A0A8M9Q636	A0A8M9Q636_DANRE	tuba7l	468	false	false	Danio rerio	Tubulin alpha chain	1:Experimental evidence at protein level	25.21	1.0000	0.9990	0.00000000000000	11	0	0	17	0	0	1.42783824E8	0	0			
tr|A0A8M9QCY6|A0A8M9QCY6_DANRE	A0A8M9QCY6	A0A8M9QCY6_DANRE	hnrnpa1a	445	false	false	Danio rerio	heterogeneous nuclear ribonucleoprotein A1 isoform X1	1:Experimental evidence at protein level	3.60	1.0000	0.9990	0.00000000000000	1	1	1	1	1	1	0	0	0			
tr|A0A8M9QEC8|A0A8M9QEC8_DANRE	A0A8M9QEC8	A0A8M9QEC8_DANRE	myhc3	1937	false	false	Danio rerio	Myosin, heavy polypeptide 1.2, skeletal muscle	3:Protein inferred from homology	35.83	1.0000	0.9990	0.00000000000000	67	0	0	91	0	0	8.6067016E7	0	0			
tr|A0A8M9QF30|A0A8M9QF30_DANRE	A0A8M9QF30	A0A8M9QF30_DANRE	cltcl1	1606	false	false	Danio rerio	Clathrin heavy chain	1:Experimental evidence at protein level	1.43	1.0000	0.9988	0.00000000000000	2	0	0	2	0	0	982702.3	0	0			
tr|A0A8M9QFE6|A0A8M9QFE6_DANRE	A0A8M9QFE6	A0A8M9QFE6_DANRE	myh11a	1983	false	false	Danio rerio	myosin-11 isoform X1	1:Experimental evidence at protein level	0.45	1.0000	0.9990	0.00000000000000	1	0	0	1	0	0	2348121.2	0	0			
tr|A0A8M9QGA6|A0A8M9QGA6_DANRE	A0A8M9QGA6	A0A8M9QGA6_DANRE	ttn.1	28035	false	false	Danio rerio	titin isoform X1	1:Experimental evidence at protein level	0.08	1.0000	0.9979	0.00000000000000	1	1	1	1	1	1	0	0	0	17M(15.9949),21C(57.0215)		
tr|A0A8M9QH30|A0A8M9QH30_DANRE	A0A8M9QH30	A0A8M9QH30_DANRE	wu:fb53f05	923	false	false	Danio rerio	Actinin, alpha 4	1:Experimental evidence at protein level	1.30	1.0000	0.9990	0.00000000000000	1	0	1	1	0	1	726782.25	0	726782.25			
tr|A0A8M9QK76|A0A8M9QK76_DANRE	A0A8M9QK76	A0A8M9QK76_DANRE	camk2g2	637	false	false	Danio rerio	calcium/calmodulin-dependent protein kinase	1:Experimental evidence at protein level	2.04	1.0000	0.9990	0.00000000000000	1	0	0	1	0	0	905424.94	0	0			
tr|A0A8M9QKH6|A0A8M9QKH6_DANRE	A0A8M9QKH6	A0A8M9QKH6_DANRE	atrx	2053	false	false	Danio rerio	DNA helicase	1:Experimental evidence at protein level	0.44	1.0000	0.9990	0.00000000000000	1	1	1	1	1	1	259222.53	259222.53	259222.53			
tr|A0A8N7TBR8|A0A8N7TBR8_DANRE	A0A8N7TBR8	A0A8N7TBR8_DANRE	si:dkey-222f2.1	438	false	false	Danio rerio	keratin, type II cytoskeletal 8 isoform X1	1:Experimental evidence at protein level	2.74	1.0000	0.9989	0.00000000000000	2	0	0	2	0	0	5.9124052E7	0	0			
tr|A0A8N7TBX7|A0A8N7TBX7_DANRE	A0A8N7TBX7	A0A8N7TBX7_DANRE	pfkla	780	false	false	Danio rerio	ATP-dependent 6-phosphofructokinase	1:Experimental evidence at protein level	1.15	1.0000	0.9962	0.00000000000000	1	0	0	1	0	0	439842.66	0	0			
tr|A0A8N7TEC8|A0A8N7TEC8_DANRE	A0A8N7TEC8	A0A8N7TEC8_DANRE	tkta	628	false	false	Danio rerio	transketolase-like	1:Experimental evidence at protein level	9.87	1.0000	0.9990	0.00000000000000	4	4	4	4	4	4	3703032.8	3703032.8	3703032.8	21C(57.0215),2C(57.0215)		
tr|A0A8N7UVM4|A0A8N7UVM4_DANRE	A0A8N7UVM4	A0A8N7UVM4_DANRE	eef2l2	861	false	false	Danio rerio	elongation factor 2	1:Experimental evidence at protein level	4.53	1.0000	0.9989	0.00000000000000	3	0	0	3	0	0	3938479.5	0	0			
tr|A0A8N7UYB5|A0A8N7UYB5_DANRE	A0A8N7UYB5	A0A8N7UYB5_DANRE	top2b	1618	false	false	Danio rerio	DNA topoisomerase 2	1:Experimental evidence at protein level	0.74	1.0000	0.9990	0.00000000000000	1	1	1	1	1	1	1252908.1	1252908.1	1252908.1			
tr|A0A8N7UZF7|A0A8N7UZF7_DANRE	A0A8N7UZF7	A0A8N7UZF7_DANRE	inab	469	false	false	Danio rerio	internexin neuronal intermediate filament protein, alpha b	1:Experimental evidence at protein level	3.84	1.0000	0.9990	0.00000000000000	1	1	1	1	1	1	0	0	0			
tr|A0JPF7|A0JPF7_DANRE	A0JPF7	A0JPF7_DANRE	vps37c	323	false	false	Danio rerio	VPS37C subunit of ESCRT-I	2:Experimental evidence at transcript level	4.64	1.0000	0.9990	0.00000000000000	1	1	1	1	1	1	0	0	0	4M(15.9949)		
tr|A1L223|A1L223_DANRE	A1L223	A1L223_DANRE	fc63e02	204	false	false	Danio rerio	Cbx5 protein	1:Experimental evidence at protein level	5.88	1.0000	0.9990	0.00000000000000	1	0	1	1	0	1	1783556.5	0	1783556.5	1C(57.0215),1C(57.0215)		
tr|A1L257|A1L257_DANRE	A1L257	A1L257_DANRE	zgc:158660	322	false	false	Danio rerio	Sidoreflexin	1:Experimental evidence at protein level	4.04	1.0000	0.9990	0.00000000000000	1	1	1	1	1	1	698074.44	698074.44	698074.44			
tr|A2AWE1|A2AWE1_DANRE	A2AWE1	A2AWE1_DANRE	hm:zehl0637	199	false	false	Danio rerio	Peroxiredoxin-1	1:Experimental evidence at protein level	47.24	1.0000	0.9990	0.00000000000000	7	3	5	9	3	6	6.156276E7	1.2791483E7	2.7815606E7	N-term(42.0106)		
tr|A2BGE0|A2BGE0_DANRE	A2BGE0	A2BGE0_DANRE	si:rp71-10d23.3	605	false	false	Danio rerio	Si:rp71-10d23.3	1:Experimental evidence at protein level	3.64	1.0000	0.9990	0.00000000000000	2	0	0	2	0	0	864144.4	0	0			
tr|A2BGX6|A2BGX6_DANRE	A2BGX6	A2BGX6_DANRE	myhc4	1935	false	false	Danio rerio	Myosin heavy chain 4	1:Experimental evidence at protein level	32.97	1.0000	0.9973	0.00000000000000	63	0	0	82	0	0	8.6067016E7	0	0			
tr|A2BHA3|A2BHA3_DANRE	A2BHA3	A2BHA3_DANRE	CK-M	381	false	false	Danio rerio	creatine kinase	1:Experimental evidence at protein level	3.41	1.0000	0.9990	0.00000000000000	1	0	0	2	0	0	8971613.0	0	0			
tr|A3KMH5|A3KMH5_DANRE	A3KMH5	A3KMH5_DANRE	im:7144234	763	false	false	Danio rerio	enoyl-CoA hydratase	1:Experimental evidence at protein level	1.97	1.0000	0.9990	0.00000000000000	1	1	1	1	1	1	0	0	0			
tr|A3KP44|A3KP44_DANRE	A3KP44	A3KP44_DANRE	fb59c09	260	false	false	Danio rerio	Zgc:162938 protein	1:Experimental evidence at protein level	5.38	1.0000	0.9990	0.00000000000000	1	1	1	1	1	1	1832541.5	1832541.5	1832541.5			
tr|A3KPI6|A3KPI6_DANRE	A3KPI6	A3KPI6_DANRE	si:ch211-288g17.3	378	false	false	Danio rerio	Si:ch211-288g17.3	4:Protein predicted	8.47	1.0000	0.9990	0.00000000000000	3	3	3	3	3	3	1.7361038E7	1.7361038E7	1.7361038E7	N-term(42.0106)		
tr|A3KPW8|A3KPW8_DANRE	A3KPW8	A3KPW8_DANRE	si:ch211-215a10.5	191	false	false	Danio rerio	Hippocalcin-like 4 (Fragment)	1:Experimental evidence at protein level	5.76	1.0000	0.9986	0.00000000000000	1	0	0	1	0	0	1271272.8	0	0			
tr|A4IG19|A4IG19_DANRE	A4IG19	A4IG19_DANRE	pygb	843	false	false	Danio rerio	Alpha-1,4 glucan phosphorylase	1:Experimental evidence at protein level	4.03	1.0000	0.9967	0.00000000000000	3	0	0	3	0	0	1819735.0	0	0			
tr|A5A4L9|A5A4L9_DANRE	A5A4L9	A5A4L9_DANRE	DUF140	1033	false	false	Danio rerio	FACT complex subunit	1:Experimental evidence at protein level	1.55	1.0000	0.9990	0.00000000000000	2	2	2	2	2	2	1240642.4	1240642.4	1240642.4			
tr|A5PMV7|A5PMV7_DANRE	A5PMV7	A5PMV7_DANRE	ppp2r1ba	589	false	false	Danio rerio	Protein phosphatase 2, regulatory subunit A, beta a	4:Protein predicted	2.04	1.0000	0.9990	0.00000000000000	1	0	1	1	0	1	335524.66	0	335524.66			
tr|A7E2K4|A7E2K4_DANRE	A7E2K4	A7E2K4_DANRE	rplp2l	114	false	false	Danio rerio	60S acidic ribosomal protein P2	1:Experimental evidence at protein level	11.40	1.0000	0.9990	0.00000000000000	1	1	1	1	1	1	1431709.1	1431709.1	1431709.1			
tr|A7E2K5|A7E2K5_DANRE	A7E2K5	A7E2K5_DANRE	crybb1l2	221	false	false	Danio rerio	Zgc:171773 protein	1:Experimental evidence at protein level	5.43	1.0000	0.9990	0.00000000000000	1	0	1	1	0	1	5249537.5	0	5249537.5			
tr|A7MCR1|A7MCR1_DANRE	A7MCR1	A7MCR1_DANRE	fb78f10	273	false	false	Danio rerio	Cytochrome b-c1 complex subunit Rieske, mitochondrial	1:Experimental evidence at protein level	4.40	1.0000	0.9990	0.00000000000000	1	1	1	1	1	1	1496890.9	1496890.9	1496890.9			
tr|A8E5J9|A8E5J9_DANRE	A8E5J9	A8E5J9_DANRE	ckmt2	413	false	false	Danio rerio	creatine kinase	1:Experimental evidence at protein level	10.17	1.0000	0.9990	0.00000000000000	3	0	0	3	0	0	5954694.5	0	0			
tr|A8E5L0|A8E5L0_DANRE	A8E5L0	A8E5L0_DANRE	zgc:64204	380	false	false	Danio rerio	creatine kinase	1:Experimental evidence at protein level	3.42	1.0000	0.9990	0.00000000000000	1	0	0	2	0	0	8971613.0	0	0			
tr|A8KB78|A8KB78_DANRE	A8KB78	A8KB78_DANRE	rps23	143	false	false	Danio rerio	40S ribosomal protein S23	1:Experimental evidence at protein level	26.57	1.0000	0.9990	0.00000000000000	2	2	2	2	2	2	2094166.5	2094166.5	2094166.5	10C(57.0215)		
tr|A8KBJ5|A8KBJ5_DANRE	A8KBJ5	A8KBJ5_DANRE	si:ch211-113a14.27	136	false	false	Danio rerio	Histone H3	1:Experimental evidence at protein level	31.62	1.0000	0.9990	0.00000000000000	7	0	0	7	0	0	3.24282419E9	0	0			
tr|A8KC22|A8KC22_DANRE	A8KC22	A8KC22_DANRE	hnrnpl	522	false	false	Danio rerio	Heterogeneous nuclear ribonucleoprotein L2	1:Experimental evidence at protein level	2.49	1.0000	0.9990	0.00000000000000	1	0	0	1	0	0	0	0	0			
tr|A8WFS1|A8WFS1_DANRE	A8WFS1	A8WFS1_DANRE	zgc:66214	973	false	false	Danio rerio	116 kDa U5 small nuclear ribonucleoprotein component	1:Experimental evidence at protein level	1.75	1.0000	0.9990	0.00000000000000	1	1	1	1	1	1	323682.72	323682.72	323682.72			
tr|A8WGC6|A8WGC6_DANRE	A8WGC6	A8WGC6_DANRE	atp5b	517	false	false	Danio rerio	ATP synthase subunit beta	1:Experimental evidence at protein level	43.13	1.0000	0.9990	0.00000000000000	16	16	16	22	22	22	3.5042856E7	3.5042856E7	3.5042856E7	2M(15.9949),2M(15.9949)		
tr|B0JYH6|B0JYH6_DANRE	B0JYH6	B0JYH6_DANRE	pvrl1b	541	false	false	Danio rerio	Nectin 1b	1:Experimental evidence at protein level	3.70	1.0000	0.9990	0.00000000000000	2	2	2	2	2	2	990619.8	990619.8	990619.8			
tr|B0S5B9|B0S5B9_DANRE	B0S5B9	B0S5B9_DANRE	syp	294	false	false	Danio rerio	Synaptophysin a	1:Experimental evidence at protein level	8.84	1.0000	0.9990	0.00000000000000	2	2	2	2	2	2	2724481.0	2724481.0	2724481.0	11C(57.0215),8C(57.0215)		
tr|B0S730|B0S730_DANRE	B0S730	B0S730_DANRE	wu:fj78b08	298	false	false	Danio rerio	ADP/ATP translocase	1:Experimental evidence at protein level	19.13	1.0000	0.9990	0.00000000000000	4	0	0	4	0	0	6381411.5	0	0			
tr|B3DFN3|B3DFN3_DANRE	B3DFN3	B3DFN3_DANRE	fc15d06	583	false	false	Danio rerio	Lamin-B2	1:Experimental evidence at protein level	26.59	1.0000	0.9990	0.00000000000000	13	12	13	13	12	13	2.6986086E7	2.6986086E7	2.6986086E7	1C(57.0215)		
tr|B3DKC5|B3DKC5_DANRE	B3DKC5	B3DKC5_DANRE	cb948	659	false	false	Danio rerio	Lamin A	1:Experimental evidence at protein level	1.21	1.0000	0.9990	0.00000000000000	1	0	0	1	0	0	0	0	0			
tr|B6IDE1|B6IDE1_DANRE	B6IDE1	B6IDE1_DANRE	smyhc2	1939	false	false	Danio rerio	slow Myosin heavy chain 2	1:Experimental evidence at protein level	8.72	1.0000	0.9990	0.00000000000000	17	0	0	21	0	0	7.1078968E7	0	0			
tr|B8A516|B8A516_DANRE	B8A516	B8A516_DANRE	fb22g06	449	false	false	Danio rerio	Tubulin alpha chain	1:Experimental evidence at protein level	48.33	1.0000	0.9990	0.00000000000000	18	0	1	26	0	1	2.16440896E8	0	2.6308232E7			
tr|B8A552|B8A552_DANRE	B8A552	B8A552_DANRE	smarca5	1035	false	false	Danio rerio	SWI/SNF-related matrix-associated actin-dependent regulator of chromatin subfamily A member 5	3:Protein inferred from homology	0.87	1.0000	0.9990	0.00000000000000	1	0	1	1	0	1	513920.9	0	513920.9			
tr|B8A568|B8A568_DANRE	B8A568	B8A568_DANRE	myhz1.1	1937	false	false	Danio rerio	Myosin, heavy polypeptide 1.1, skeletal muscle	1:Experimental evidence at protein level	35.83	1.0000	0.9990	0.00000000000000	67	0	5	91	0	9	8.6067016E7	0	1.7333122E7	5M(15.9949)		
tr|B8A569|B8A569_DANRE	B8A569	B8A569_DANRE	ns:zf-e68	1937	false	false	Danio rerio	Myosin, heavy polypeptide 1.3, skeletal muscle	1:Experimental evidence at protein level	34.54	1.0000	0.9990	0.00000000000000	63	0	10	85	0	13	8.6067016E7	0	5.8940496E7	9M(15.9949)		
tr|E7EXT3|E7EXT3_DANRE	E7EXT3	E7EXT3_DANRE	zgc:63642	842	false	false	Danio rerio	Alpha-1,4 glucan phosphorylase	1:Experimental evidence at protein level	4.04	1.0000	0.9990	0.00000000000000	3	0	3	3	0	3	1819735.0	0	1819735.0			
tr|E7F354|E7F354_DANRE	E7F354	E7F354_DANRE	ywhag2	247	false	false	Danio rerio	14-3-3 protein gamma-1	1:Experimental evidence at protein level	7.29	1.0000	0.9990	0.00000000000000	2	0	0	2	0	0	1.5054516E7	0	0			
tr|E7F8M1|E7F8M1_DANRE	E7F8M1	E7F8M1_DANRE	crybb1l1	219	false	false	Danio rerio	Crystallin, beta B1,-like 1	1:Experimental evidence at protein level	5.48	1.0000	0.9990	0.00000000000000	1	0	0	1	0	0	5249537.5	0	0			
tr|E7FCD8|E7FCD8_DANRE	E7FCD8	E7FCD8_DANRE	atp6v1ab	617	false	false	Danio rerio	H(+)-transporting two-sector ATPase	1:Experimental evidence at protein level	4.38	1.0000	0.9990	0.00000000000000	3	0	0	2	0	0	2956929.0	0	0			
tr|E9QF07|E9QF07_DANRE	E9QF07	E9QF07_DANRE	myh7bb	1935	false	false	Danio rerio	Myosin, heavy chain 7B, cardiac muscle, beta b	3:Protein inferred from homology	5.53	1.0000	0.9946	0.00000000000000	10	0	0	12	0	0	4.644142E7	0	0			
tr|E9QI01|E9QI01_DANRE	E9QI01	E9QI01_DANRE	hmgn7	107	false	false	Danio rerio	High mobility group nucleosomal-binding domain 7	3:Protein inferred from homology	12.15	1.0000	0.9990	0.00000000000000	2	2	2	2	2	2	5572022.5	5572022.5	5572022.5			
tr|F1Q7N8|F1Q7N8_DANRE	F1Q7N8	F1Q7N8_DANRE	si:dkey-28b4.8	1056	false	false	Danio rerio	Calcium-transporting ATPase	1:Experimental evidence at protein level	4.55	1.0000	0.9990	0.00000000000000	3	0	0	3	0	0	8242485.5	0	0			
tr|F1QCC9|F1QCC9_DANRE	F1QCC9	F1QCC9_DANRE	syt5b	446	false	false	Danio rerio	Synaptotagmin Vb	4:Protein predicted	2.91	1.0000	0.9990	0.00000000000000	1	1	1	1	1	1	913087.44	913087.44	913087.44			
tr|F1QFV6|F1QFV6_DANRE	F1QFV6	F1QFV6_DANRE	rpl28l	138	false	false	Danio rerio	60S ribosomal protein L28	1:Experimental evidence at protein level	7.97	1.0000	0.9990	0.00000000000000	2	2	2	2	2	2	6334892.0	6334892.0	6334892.0	N-term(42.0106),N-term(42.0106),8M(15.9949)		
tr|F1QGP8|F1QGP8_DANRE	F1QGP8	F1QGP8_DANRE	hmgb3a	213	false	false	Danio rerio	High mobility group box 3a	4:Protein predicted	12.21	1.0000	0.9990	0.00000000000000	3	3	3	4	4	4	1.4598006E7	1.4598006E7	1.4598006E7	11C(57.0215)		
tr|F1QHC4|F1QHC4_DANRE	F1QHC4	F1QHC4_DANRE	lmnb1	588	false	false	Danio rerio	Lamin B1	1:Experimental evidence at protein level	20.24	1.0000	0.9990	0.00000000000000	8	6	7	8	6	7	1.8255288E7	1.8255288E7	1.8255288E7			
tr|F1QM86|F1QM86_DANRE	F1QM86	F1QM86_DANRE	cbx1a	212	false	false	Danio rerio	Chromobox homolog 1a (HP1 beta homolog Drosophila)	1:Experimental evidence at protein level	5.66	1.0000	0.9990	0.00000000000000	1	0	1	1	0	1	637762.56	0	637762.56	1C(57.0215)		
tr|F1QNF2|F1QNF2_DANRE	F1QNF2	F1QNF2_DANRE	cbx3a	177	false	false	Danio rerio	Chromobox homolog 3a (HP1 gamma homolog, Drosophila)	4:Protein predicted	13.56	1.0000	0.9990	0.00000000000000	2	1	1	2	1	1	1783556.5	0	0	6C(57.0215)		
tr|F1QV31|F1QV31_DANRE	F1QV31	F1QV31_DANRE	ckii	566	false	false	Danio rerio	keratin 5	1:Experimental evidence at protein level	11.48	1.0000	0.9990	0.00000000000000	8	0	0	8	0	0	1.13924152E8	0	0			
tr|F1QVX3|F1QVX3_DANRE	F1QVX3	F1QVX3_DANRE	myhb	1937	false	false	Danio rerio	Myosin, heavy chain b	1:Experimental evidence at protein level	18.07	1.0000	0.9990	0.00000000000000	33	4	30	42	4	37	8.523688E7	2286201.0	8.387788E7	1M(15.9949)		
tr|F1QZW1|F1QZW1_DANRE	F1QZW1	F1QZW1_DANRE	myh7	1938	false	false	Danio rerio	Myosin heavy chain 7	1:Experimental evidence at protein level	8.20	1.0000	0.9988	0.00000000000000	17	0	0	22	0	0	6.8098664E7	0	0			
tr|F1R412|F1R412_DANRE	F1R412	F1R412_DANRE	tpm4a	284	false	false	Danio rerio	Tropomyosin 4a	3:Protein inferred from homology	16.20	1.0000	0.9990	0.00000000000000	5	1	1	8	1	1	3.7007152E7	0	0			
tr|F1R6C7|F1R6C7_DANRE	F1R6C7	F1R6C7_DANRE	myha	1933	false	false	Danio rerio	Myosin, heavy chain a	3:Protein inferred from homology	30.11	1.0000	0.9982	0.00000000000000	55	0	0	74	0	0	8.6067016E7	0	0			
tr|F1R9A7|F1R9A7_DANRE	F1R9A7	F1R9A7_DANRE	atp6ap1a	466	false	false	Danio rerio	ATPase H+-transporting accessory protein 1a	3:Protein inferred from homology	2.58	1.0000	0.9988	0.00000000000000	1	1	1	1	1	1	0	0	0			
tr|F1R9C6|F1R9C6_DANRE	F1R9C6	F1R9C6_DANRE	zgc:86841	303	false	false	Danio rerio	Prohibitin	1:Experimental evidence at protein level	6.93	1.0000	0.9989	0.00000000000000	2	0	0	2	0	0	1765404.2	0	0			
tr|F1R9V3|F1R9V3_DANRE	F1R9V3	F1R9V3_DANRE	hspa8b	647	false	false	Danio rerio	Heat shock protein family A (Hsp70) member 8b	3:Protein inferred from homology	7.42	1.0000	0.9990	0.00000000000000	5	1	1	5	1	1	1.2683259E7	2278900.2	2278900.2			
tr|F1RBT2|F1RBT2_DANRE	F1RBT2	F1RBT2_DANRE	chd4b	1953	false	false	Danio rerio	DNA helicase	1:Experimental evidence at protein level	0.87	1.0000	0.9990	0.00000000000000	1	0	1	1	0	1	0	0	0			
tr|F1RCB6|F1RCB6_DANRE	F1RCB6	F1RCB6_DANRE	actc1a	377	false	false	Danio rerio	Actin alpha cardiac muscle 1a	1:Experimental evidence at protein level	66.84	1.0000	0.9990	0.00000000000000	17	1	8	29	1	11	2.59724352E8	2476513.5	1.23947144E8	10M(15.9949),14M(15.9949),1M(15.9949),2C(57.0215),3C(57.0215)		
tr|F6NI63|F6NI63_DANRE	F6NI63	F6NI63_DANRE	VSNL1	191	false	false	Danio rerio	Si:dkey-30j22.11	1:Experimental evidence at protein level	17.80	1.0000	0.9990	0.00000000000000	3	0	3	3	0	3	3695608.2	0	3695608.2	4C(57.0215)		
tr|F6NZ76|F6NZ76_DANRE	F6NZ76	F6NZ76_DANRE	tomm5	51	false	false	Danio rerio	Translocase of outer mitochondrial membrane 5 homolog (yeast)	3:Protein inferred from homology	19.61	1.0000	0.9988	0.00000000000000	1	1	1	1	1	1	473503.12	473503.12	473503.12			
tr|F8W442|F8W442_DANRE	F8W442	F8W442_DANRE	gnao1a	354	false	false	Danio rerio	Guanine nucleotide-binding protein (G protein), alpha-activating activity polypeptide O, a	4:Protein predicted	21.19	1.0000	0.9990	0.00000000000000	6	4	5	6	4	5	1.8887672E7	1160651.9	4966658.5	10C(57.0215)		
tr|M1EVR1|M1EVR1_DANRE	M1EVR1	M1EVR1_DANRE	SLC12A5	1117	false	false	Danio rerio	Potassium/chloride cotransporter kcc2	2:Experimental evidence at transcript level	0.98	1.0000	0.9990	0.00000000000000	1	0	0	1	0	0	3966457.8	0	0			
tr|O57332|O57332_DANRE	O57332	O57332_DANRE	Y	223	false	false	Danio rerio	Proteasome subunit beta	1:Experimental evidence at protein level	6.73	1.0000	0.9990	0.00000000000000	1	1	1	1	1	1	1012991.75	1012991.75	1012991.75			
tr|O93548|O93548_DANRE	O93548	O93548_DANRE	hbbe1.3	147	false	false	Danio rerio	Embryonic 1 beta-globin	1:Experimental evidence at protein level	14.29	1.0000	0.9990	0.00000000000000	2	1	2	2	1	2	1431220.2	1431220.2	1431220.2	1C(57.0215)		
tr|Q05AL9|Q05AL9_DANRE	Q05AL9	Q05AL9_DANRE	wu:fa91c11	431	false	false	Danio rerio	Zgc:153629	1:Experimental evidence at protein level	5.80	1.0000	0.9990	0.00000000000000	4	0	1	3	0	1	3.36732032E8	0	1.2763854E7			
tr|Q08BA1|Q08BA1_DANRE	Q08BA1	Q08BA1_DANRE	atp5a1	551	false	false	Danio rerio	ATP synthase subunit alpha	1:Experimental evidence at protein level	32.85	1.0000	0.9990	0.00000000000000	13	13	13	13	13	13	2.583294E7	2.583294E7	2.583294E7	3C(57.0215)		
tr|Q1ECY0|Q1ECY0_DANRE	Q1ECY0	Q1ECY0_DANRE	wu:fj24g11	825	false	false	Danio rerio	Silver homolog (Mouse) a	2:Experimental evidence at transcript level	1.21	1.0000	0.9988	0.00000000000000	1	1	1	1	1	1	477277.1	477277.1	477277.1			
tr|Q1JQ71|Q1JQ71_DANRE	Q1JQ71	Q1JQ71_DANRE	silverb	616	false	false	Danio rerio	Silver homolog (Mouse) b	2:Experimental evidence at transcript level	5.36	1.0000	0.9990	0.00000000000000	2	2	2	2	2	2	3211437.8	3211437.8	3211437.8			
tr|Q1LUD3|Q1LUD3_DANRE	Q1LUD3	Q1LUD3_DANRE	rcv2b	191	false	false	Danio rerio	Recoverin 3	1:Experimental evidence at protein level	9.42	1.0000	0.9990	0.00000000000000	1	1	1	2	2	2	1146668.6	1146668.6	1146668.6			
tr|Q1LWH1|Q1LWH1_DANRE	Q1LWH1	Q1LWH1_DANRE	im:6906552	146	false	false	Danio rerio	40S ribosomal protein S16	1:Experimental evidence at protein level	6.85	1.0000	0.9990	0.00000000000000	1	1	1	1	1	1	2805050.5	2805050.5	2805050.5			
tr|Q1LXJ1|Q1LXJ1_DANRE	Q1LXJ1	Q1LXJ1_DANRE	si:dkeyp-113d7.7	423	false	false	Danio rerio	Si:dkeyp-113d7.7	1:Experimental evidence at protein level	2.13	1.0000	0.9990	0.00000000000000	1	0	0	1	0	0	1482553.0	0	0			
tr|Q1LXJ7|Q1LXJ7_DANRE	Q1LXJ7	Q1LXJ7_DANRE	cyt1l	429	false	false	Danio rerio	type I cytokeratin, enveloping layer, like	1:Experimental evidence at protein level	3.73	1.0000	0.9990	0.00000000000000	3	0	0	2	0	0	1.84040464E8	0	0			
tr|Q2LEK1|Q2LEK1_DANRE	Q2LEK1	Q2LEK1_DANRE	fk70a07	4643	false	false	Danio rerio	Dynein cytoplasmic 1 heavy chain 1	1:Experimental evidence at protein level	0.22	1.0000	0.9990	0.00000000000000	1	1	1	1	1	1	0	0	0			
tr|Q2YDR5|Q2YDR5_DANRE	Q2YDR5	Q2YDR5_DANRE	actn2	895	false	false	Danio rerio	Actinin, alpha 2	1:Experimental evidence at protein level	1.12	1.0000	0.9990	0.00000000000000	1	0	0	1	0	0	344686.38	0	0			
tr|Q32PT3|Q32PT3_DANRE	Q32PT3	Q32PT3_DANRE	zgc:123215	213	false	false	Danio rerio	Zgc:123215	1:Experimental evidence at protein level	27.23	1.0000	0.9990	0.00000000000000	8	8	8	10	10	10	6.8826384E7	6.8826384E7	6.8826384E7	10C(57.0215),10C(57.0215),11C(57.0215),11C(57.0215)		
tr|Q3B732|Q3B732_DANRE	Q3B732	Q3B732_DANRE	zgc:123210	76	false	false	Danio rerio	High mobility group nucleosomal-binding domain 2	1:Experimental evidence at protein level	35.53	1.0000	0.9990	0.00000000000000	2	2	2	3	3	3	2.977719E7	2.977719E7	2.977719E7			
tr|Q3B750|Q3B750_DANRE	Q3B750	Q3B750_DANRE	zgc:123330	90	false	false	Danio rerio	Cytochrome b-c1 complex subunit 6	1:Experimental evidence at protein level	20.00	1.0000	0.9990	0.00000000000000	1	1	1	1	1	1	1785589.8	1785589.8	1785589.8	7C(57.0215)		
tr|Q45FX9|Q45FX9_DANRE	Q45FX9	Q45FX9_DANRE	cryba22	197	false	false	Danio rerio	BetaA2-2-crystallin	1:Experimental evidence at protein level	11.68	1.0000	0.9990	0.00000000000000	2	0	2	2	0	2	2201063.0	0	2201063.0			
tr|Q4KMI7|Q4KMI7_DANRE	Q4KMI7	Q4KMI7_DANRE	actc	377	false	false	Danio rerio	Actin, alpha 1b, skeletal muscle	1:Experimental evidence at protein level	71.88	1.0000	0.9990	0.00000000000000	20	1	6	35	1	11	2.20508256E8	1893332.2	8.268464E7	14M(15.9949),14M(15.9949),1C(57.0215)		
tr|Q4KMK4|Q4KMK4_DANRE	Q4KMK4	Q4KMK4_DANRE	wu:fj35g11	1023	false	false	Danio rerio	Sodium/potassium-transporting ATPase subunit alpha	1:Experimental evidence at protein level	8.90	1.0000	0.9990	0.00000000000000	8	0	0	8	0	0	3.0645238E7	0	0			
tr|Q4QRD2|Q4QRD2_DANRE	Q4QRD2	Q4QRD2_DANRE	im:7136900	187	false	false	Danio rerio	Zgc:114164	1:Experimental evidence at protein level	8.02	1.0000	0.9990	0.00000000000000	1	1	1	1	1	1	0	0	0			
tr|Q4V914|Q4V914_DANRE	Q4V914	Q4V914_DANRE	zgc:114051	367	false	false	Danio rerio	Core histone macro-H2A	1:Experimental evidence at protein level	26.70	1.0000	0.9990	0.00000000000000	9	7	9	8	7	8	2.8902338E7	1.8278696E7	2.8902338E7	3M(15.9949)		
tr|Q4V918|Q4V918_DANRE	Q4V918	Q4V918_DANRE	zgc:114044	255	false	false	Danio rerio	Proteasome subunit alpha type	1:Experimental evidence at protein level	4.71	1.0000	0.9990	0.00000000000000	1	1	1	1	1	1	2976050.5	2976050.5	2976050.5			
tr|Q4VBI6|Q4VBI6_DANRE	Q4VBI6	Q4VBI6_DANRE	tubb2a	449	false	false	Danio rerio	Tubulin beta chain	1:Experimental evidence at protein level	42.32	1.0000	0.9990	0.00000000000000	17	0	0	29	0	0	1.03364384E8	0	0			
tr|Q4VBU5|Q4VBU5_DANRE	Q4VBU5	Q4VBU5_DANRE	zgc:110005	117	false	false	Danio rerio	DNA-directed RNA polymerase II subunit RPB11-a	1:Experimental evidence at protein level	12.82	1.0000	0.9990	0.00000000000000	1	1	1	1	1	1	0	0	0			
tr|Q4VBU7|Q4VBU7_DANRE	Q4VBU7	Q4VBU7_DANRE	zgc:114165	141	false	false	Danio rerio	Cytochrome c oxidase subunit 5A, mitochondrial	1:Experimental evidence at protein level	36.88	1.0000	0.9990	0.00000000000000	4	2	4	5	2	5	1.1207149E7	5846792.5	1.1207149E7			
tr|Q502J1|Q502J1_DANRE	Q502J1	Q502J1_DANRE	zgc:112161	295	false	false	Danio rerio	Zgc:112161	1:Experimental evidence at protein level	3.73	1.0000	0.9990	0.00000000000000	1	0	1	1	0	1	0	0	0			
tr|Q502Q7|Q502Q7_DANRE	Q502Q7	Q502Q7_DANRE	plasticin	442	false	false	Danio rerio	Peripherin	2:Experimental evidence at transcript level	4.30	1.0000	0.9980	0.00000000000000	2	0	0	2	0	0	0	0	0			
tr|Q503J3|Q503J3_DANRE	Q503J3	Q503J3_DANRE	zgc:110551	360	false	false	Danio rerio	Zgc:110551	1:Experimental evidence at protein level	4.17	1.0000	0.9990	0.00000000000000	1	1	1	1	1	1	0	0	0			
tr|Q503M9|Q503M9_DANRE	Q503M9	Q503M9_DANRE	zgc:110425	195	false	false	Danio rerio	Zgc:110425	1:Experimental evidence at protein level	18.46	1.0000	0.9989	0.00000000000000	6	1	1	8	1	1	6.3832678E8	2.8609182E7	2.8609182E7			
tr|Q504B1|Q504B1_DANRE	Q504B1	Q504B1_DANRE	zgc:109973	123	false	false	Danio rerio	Activated RNA polymerase II transcriptional coactivator p15	1:Experimental evidence at protein level	19.51	1.0000	0.9990	0.00000000000000	3	3	3	3	3	3	7437416.0	7437416.0	7437416.0			
tr|Q504B4|Q504B4_DANRE	Q504B4	Q504B4_DANRE	cox7a2	83	false	false	Danio rerio	Cytochrome c oxidase, subunit VIIa 2	1:Experimental evidence at protein level	12.05	1.0000	0.9989	0.00000000000000	1	1	1	1	1	1	3846155.2	3846155.2	3846155.2			
tr|Q52PJ7|Q52PJ7_DANRE	Q52PJ7	Q52PJ7_DANRE	CRMP-5a	564	false	false	Danio rerio	Collapsin response mediator protein 5.1	1:Experimental evidence at protein level	3.90	1.0000	0.9990	0.00000000000000	2	0	2	2	0	2	1225030.6	0	1225030.6	1C(57.0215)		
tr|Q52PJ8|Q52PJ8_DANRE	Q52PJ8	Q52PJ8_DANRE	crmp5.2	568	false	false	Danio rerio	Collapsin response mediator protein 5.2	1:Experimental evidence at protein level	3.87	1.0000	0.9990	0.00000000000000	2	0	0	2	0	0	1225030.6	0	0			
tr|Q566S4|Q566S4_DANRE	Q566S4	Q566S4_DANRE	zgc:112520	255	false	false	Danio rerio	NADH dehydrogenase [ubiquinone] iron-sulfur protein 3, mitochondrial	1:Experimental evidence at protein level	5.88	1.0000	0.9990	0.00000000000000	1	1	1	1	1	1	0	0	0			
tr|Q567D7|Q567D7_DANRE	Q567D7	Q567D7_DANRE	zgc:112138	643	false	false	Danio rerio	Zgc:112138	1:Experimental evidence at protein level	1.40	1.0000	0.9975	0.00000000000000	1	1	1	1	1	1	271967.97	271967.97	271967.97			
tr|Q567E8|Q567E8_DANRE	Q567E8	Q567E8_DANRE	zgc:112098	377	false	false	Danio rerio	Acta1a protein	2:Experimental evidence at transcript level	67.64	1.0000	0.9990	0.00000000000000	19	0	1	34	0	2	2.20508256E8	0	1.0443426E7			
tr|Q567N5|Q567N5_DANRE	Q567N5	Q567N5_DANRE	wu:fa93h05	265	false	false	Danio rerio	60S ribosomal protein L6	1:Experimental evidence at protein level	13.58	1.0000	0.9990	0.00000000000000	3	3	3	3	3	3	6796812.5	6796812.5	6796812.5	2C(57.0215)		
tr|Q567V5|Q567V5_DANRE	Q567V5	Q567V5_DANRE	si:dkey-113g17.2	118	false	false	Danio rerio	Small nuclear ribonucleoprotein Sm D2	1:Experimental evidence at protein level	8.47	1.0000	0.9990	0.00000000000000	1	1	1	1	1	1	639915.4	639915.4	639915.4	9C(57.0215)		
tr|Q568D0|Q568D0_DANRE	Q568D0	Q568D0_DANRE	histh1l	201	false	false	Danio rerio	Zgc:110380	1:Experimental evidence at protein level	25.87	1.0000	0.9990	0.00000000000000	7	7	7	9	9	9	2.14790928E8	2.14790928E8	2.14790928E8	N-term(42.0106)		
tr|Q568U3|Q568U3_DANRE	Q568U3	Q568U3_DANRE	si:dkeyp-113d7.5	430	false	false	Danio rerio	Zgc:109868	1:Experimental evidence at protein level	3.72	1.0000	0.9990	0.00000000000000	2	0	0	2	0	0	1.78290528E8	0	0			
tr|Q5BJ17|Q5BJ17_DANRE	Q5BJ17	Q5BJ17_DANRE	zgc:110766	448	false	false	Danio rerio	Elongation factor Tu	1:Experimental evidence at protein level	6.03	1.0000	0.9990	0.00000000000000	2	2	2	2	2	2	5963330.0	5963330.0	5963330.0			
tr|Q5BJA2|Q5BJA2_DANRE	Q5BJA2	Q5BJA2_DANRE	zgc:114172	116	false	false	Danio rerio	NADH dehydrogenase [ubiquinone] 1 alpha subcomplex subunit 5	1:Experimental evidence at protein level	31.90	1.0000	0.9990	0.00000000000000	2	2	2	2	2	2	3433870.8	3433870.8	3433870.8			
tr|Q5CZQ1|Q5CZQ1_DANRE	Q5CZQ1	Q5CZQ1_DANRE	im:7138781	255	false	false	Danio rerio	Tyrosine 3-monooxygenase/tryptophan 5-monooxygenase activation protein, epsilon polypeptide 2	1:Experimental evidence at protein level	7.45	1.0000	0.9990	0.00000000000000	2	0	0	2	0	0	1.4511741E7	0	0			
tr|Q5FVD1|Q5FVD1_DANRE	Q5FVD1	Q5FVD1_DANRE	zgc:92612	201	false	false	Danio rerio	Zgc:92612	1:Experimental evidence at protein level	8.46	1.0000	0.9990	0.00000000000000	3	3	3	2	2	2	7992703.0	7992703.0	7992703.0			
tr|Q5GA13|Q5GA13_DANRE	Q5GA13	Q5GA13_DANRE	ogt	1062	false	false	Danio rerio	UDP-N-acetylglucosamine--peptide N-acetylglucosaminyltransferase 110 kDa subunit	1:Experimental evidence at protein level	0.94	1.0000	0.9990	0.00000000000000	1	1	1	1	1	1	427179.06	427179.06	427179.06			
tr|Q5PR52|Q5PR52_DANRE	Q5PR52	Q5PR52_DANRE	zgc:103508	204	false	false	Danio rerio	Zgc:103508	1:Experimental evidence at protein level	6.86	1.0000	0.9987	0.00000000000000	1	1	1	1	1	1	1658157.4	1658157.4	1658157.4			
tr|Q5RG12|Q5RG12_DANRE	Q5RG12	Q5RG12_DANRE	hsp90a2	734	false	false	Danio rerio	Heat shock protein 90-alpha 2	1:Experimental evidence at protein level	3.54	1.0000	0.9990	0.00000000000000	2	0	0	2	0	0	1.2569531E7	0	0			
tr|Q5RGB5|Q5RGB5_DANRE	Q5RGB5	Q5RGB5_DANRE	rab3a	220	false	false	Danio rerio	Ras-related protein Rab-3	1:Experimental evidence at protein level	12.27	1.0000	0.9990	0.00000000000000	3	1	3	3	1	3	8936483.0	2383956.0	8936483.0	6C(57.0215)		
tr|Q5RKM2|Q5RKM2_DANRE	Q5RKM2	Q5RKM2_DANRE	wu:fb33h05	731	false	false	Danio rerio	NADH-ubiquinone oxidoreductase 75 kDa subunit, mitochondrial	1:Experimental evidence at protein level	2.74	1.0000	0.9990	0.00000000000000	1	1	1	1	1	1	0	0	0			
tr|Q5RKM9|Q5RKM9_DANRE	Q5RKM9	Q5RKM9_DANRE	zgc:66314	967	false	false	Danio rerio	Alpha-1,4 glucan phosphorylase	1:Experimental evidence at protein level	0.83	1.0000	0.9990	0.00000000000000	1	0	0	1	0	0	0	0	0			
tr|Q5TZ27|Q5TZ27_DANRE	Q5TZ27	Q5TZ27_DANRE	syt1	419	false	false	Danio rerio	Synaptotagmin	1:Experimental evidence at protein level	5.73	1.0000	0.9990	0.00000000000000	2	1	2	2	1	2	1138039.2	0	1138039.2			
tr|Q5TZ35|Q5TZ35_DANRE	Q5TZ35	Q5TZ35_DANRE	im:7159195	191	false	false	Danio rerio	Visinin-like 1B	1:Experimental evidence at protein level	17.80	1.0000	0.9990	0.00000000000000	3	0	0	3	0	0	3695608.2	0	0			
tr|Q5U3E1|Q5U3E1_DANRE	Q5U3E1	Q5U3E1_DANRE	zgc:103679	215	false	false	Danio rerio	Novel protein similar to vertebrate Ras family	1:Experimental evidence at protein level	5.12	1.0000	0.9990	0.00000000000000	1	0	1	1	0	1	527971.56	0	527971.56			
tr|Q5XJ12|Q5XJ12_DANRE	Q5XJ12	Q5XJ12_DANRE	crs	682	false	false	Danio rerio	Stress-70 protein, mitochondrial	1:Experimental evidence at protein level	1.76	1.0000	0.9990	0.00000000000000	1	1	1	1	1	1	404389.22	404389.22	404389.22			
tr|Q5XLR3|Q5XLR3_DANRE	Q5XLR3	Q5XLR3_DANRE	ncstn	707	false	false	Danio rerio	Nicastrin	1:Experimental evidence at protein level	1.56	1.0000	0.9989	0.00000000000000	1	1	1	1	1	1	304150.3	304150.3	304150.3			
tr|Q641M4|Q641M4_DANRE	Q641M4	Q641M4_DANRE	zgc:100918	205	false	false	Danio rerio	Zgc:100918	1:Experimental evidence at protein level	4.88	1.0000	0.9990	0.00000000000000	1	0	1	1	0	1	0	0	0			
tr|Q642H5|Q642H5_DANRE	Q642H5	Q642H5_DANRE	ppp2r1b	589	false	false	Danio rerio	Protein phosphatase 2 (Formerly 2A), regulatory subunit A, beta isoform	1:Experimental evidence at protein level	2.04	1.0000	0.9990	0.00000000000000	1	0	0	1	0	0	335524.66	0	0			
tr|Q642Z0|Q642Z0_DANRE	Q642Z0	Q642Z0_DANRE	cb279	994	false	false	Danio rerio	Calcium-transporting ATPase	1:Experimental evidence at protein level	7.44	1.0000	0.9990	0.00000000000000	7	2	7	6	2	6	1.1811988E7	5047839.0	1.1811988E7	10C(57.0215),11C(57.0215),10C(57.0215),11C(57.0215),10C(57.0215),15C(57.0215),1C(57.0215),9C(57.0215)		
tr|Q66IB6|Q66IB6_DANRE	Q66IB6	Q66IB6_DANRE	hmgb2	214	false	false	Danio rerio	High mobility group box 2B	1:Experimental evidence at protein level	24.30	1.0000	0.9990	0.00000000000000	6	6	6	8	8	8	3.3993564E7	3.3993564E7	3.3993564E7	10C(57.0215),10C(57.0215),11C(57.0215),11C(57.0215)		
tr|Q6DC49|Q6DC49_DANRE	Q6DC49	Q6DC49_DANRE	tuba8l3a	450	false	false	Danio rerio	Tubulin alpha chain	2:Experimental evidence at transcript level	42.44	1.0000	0.9990	0.00000000000000	15	0	2	22	0	4	2.09345056E8	0	9.1788104E7	2M(15.9949),4C(57.0215),5C(57.0215),3C(57.0215),3C(57.0215),3C(57.0215),4M(15.9949),3C(57.0215),4M(15.9949),4C(57.0215),5C(57.0215)		
tr|Q6DGJ6|Q6DGJ6_DANRE	Q6DGJ6	Q6DGJ6_DANRE	prdx1	197	false	false	Danio rerio	Peroxiredoxin-1	1:Experimental evidence at protein level	51.27	1.0000	0.9990	0.00000000000000	10	8	10	12	9	12	6.793248E7	4.3537596E7	6.793248E7			
tr|Q6DGV5|Q6DGV5_DANRE	Q6DGV5	Q6DGV5_DANRE	zgc:92757	201	false	false	Danio rerio	RAB10, member RAS oncogene family	1:Experimental evidence at protein level	5.47	1.0000	0.9989	0.00000000000000	1	0	0	1	0	0	3264589.0	0	0			
tr|Q6DGX8|Q6DGX8_DANRE	Q6DGX8	Q6DGX8_DANRE	zgc:92726	262	false	false	Danio rerio	Proteasome subunit alpha type	1:Experimental evidence at protein level	5.73	1.0000	0.9990	0.00000000000000	1	1	1	1	1	1	0	0	0			
tr|Q6DGY8|Q6DGY8_DANRE	Q6DGY8	Q6DGY8_DANRE	zgc:92716	246	false	false	Danio rerio	Proteasome subunit alpha type	1:Experimental evidence at protein level	10.16	1.0000	0.9990	0.00000000000000	2	0	0	2	0	0	881057.44	0	0			
tr|Q6DGZ8|Q6DGZ8_DANRE	Q6DGZ8	Q6DGZ8_DANRE	zgc:92706	232	false	false	Danio rerio	Crystallin, beta B1	1:Experimental evidence at protein level	28.88	1.0000	0.9990	0.00000000000000	5	5	5	5	5	5	5319093.0	5319093.0	5319093.0	17C(57.0215),8C(57.0215)		
tr|Q6DH01|Q6DH01_DANRE	Q6DH01	Q6DH01_DANRE	rs1	230	false	false	Danio rerio	Retinoschisin 1a	1:Experimental evidence at protein level	9.13	1.0000	0.9990	0.00000000000000	2	2	2	2	2	2	1674070.0	1674070.0	1674070.0			
tr|Q6DH07|Q6DH07_DANRE	Q6DH07	Q6DH07_DANRE	arr3l	357	false	false	Danio rerio	Arrestin 3, retinal (X-arrestin), like	1:Experimental evidence at protein level	15.13	1.0000	0.9990	0.00000000000000	4	3	4	4	3	4	5998366.5	5998366.5	5998366.5	7C(57.0215)		
tr|Q6DHB6|Q6DHB6_DANRE	Q6DHB6	Q6DHB6_DANRE	wu:fa97a07	466	false	false	Danio rerio	Zgc:92533	1:Experimental evidence at protein level	3.43	1.0000	0.9990	0.00000000000000	2	0	0	2	0	0	1.78290528E8	0	0			
tr|Q6DHJ0|Q6DHJ0_DANRE	Q6DHJ0	Q6DHJ0_DANRE	sfrs5b	285	false	false	Danio rerio	Serine and arginine-rich-splicing factor 5b	1:Experimental evidence at protein level	3.16	1.0000	0.9990	0.00000000000000	1	0	0	1	0	0	1.0367423E7	0	0			
tr|Q6DHJ2|Q6DHJ2_DANRE	Q6DHJ2	Q6DHJ2_DANRE	rab3a	220	false	false	Danio rerio	Ras-related protein Rab-3	1:Experimental evidence at protein level	12.27	1.0000	0.9986	0.00000000000000	3	1	1	3	1	1	8250916.5	1698389.6	1698389.6	6C(57.0215)		
tr|Q6DHL6|Q6DHL6_DANRE	Q6DHL6	Q6DHL6_DANRE	wu:fa92e06	249	false	false	Danio rerio	40S ribosomal protein S6	1:Experimental evidence at protein level	14.06	1.0000	0.9990	0.00000000000000	3	3	3	3	3	3	1.2871094E7	1.2871094E7	1.2871094E7	10C(57.0215),1M(15.9949)		
tr|Q6DHS3|Q6DHS3_DANRE	Q6DHS3	Q6DHS3_DANRE	wu:fa92b05	204	false	false	Danio rerio	Ribosomal protein L15	1:Experimental evidence at protein level	17.16	1.0000	0.9990	0.00000000000000	3	3	3	3	3	3	1.0841122E7	1.0841122E7	1.0841122E7			
tr|Q6DI17|Q6DI17_DANRE	Q6DI17	Q6DI17_DANRE	gpm6ab	285	false	false	Danio rerio	Glycoprotein M6Ab	1:Experimental evidence at protein level	4.21	1.0000	0.9982	0.00000000000000	1	1	1	1	1	1	0	0	0			
tr|Q6DRC1|Q6DRC1_DANRE	Q6DRC1	Q6DRC1_DANRE	snrpfl	86	false	false	Danio rerio	Sm protein F	1:Experimental evidence at protein level	15.12	1.0000	0.9990	0.00000000000000	1	1	1	1	1	1	0	0	0			
tr|Q6DRF3|Q6DRF3_DANRE	Q6DRF3	Q6DRF3_DANRE	wu:fc51f06	237	false	false	Danio rerio	Proteasome subunit beta	1:Experimental evidence at protein level	5.91	1.0000	0.9990	0.00000000000000	1	1	1	1	1	1	2233356.2	2233356.2	2233356.2			
tr|Q6DRM9|Q6DRM9_DANRE	Q6DRM9	Q6DRM9_DANRE	im:7158706	1233	false	false	Danio rerio	Structural maintenance of chromosomes protein	1:Experimental evidence at protein level	1.38	1.0000	0.9990	0.00000000000000	2	0	2	2	0	2	1787416.1	0	1787416.1			
tr|Q6DRN7|Q6DRN7_DANRE	Q6DRN7	Q6DRN7_DANRE	zgc:111817	139	false	false	Danio rerio	60S ribosomal protein L14	1:Experimental evidence at protein level	24.46	1.0000	0.9990	0.00000000000000	3	3	3	3	3	3	1.2779418E7	1.2779418E7	1.2779418E7	1C(57.0215)		
tr|Q6GQM9|Q6GQM9_DANRE	Q6GQM9	Q6GQM9_DANRE	eno3	434	false	false	Danio rerio	phosphopyruvate hydratase	1:Experimental evidence at protein level	4.15	1.0000	0.9990	0.00000000000000	1	0	0	2	0	0	3035053.8	0	0			
tr|Q6IMW6|Q6IMW6_DANRE	Q6IMW6	Q6IMW6_DANRE	fb14f11	151	false	false	Danio rerio	40S ribosomal protein S13	1:Experimental evidence at protein level	8.61	1.0000	0.9989	0.00000000000000	1	1	1	1	1	1	1382457.1	1382457.1	1382457.1			
tr|Q6IMW7|Q6IMW7_DANRE	Q6IMW7	Q6IMW7_DANRE	hm:zehn1044	109	false	false	Danio rerio	Parvalbumin	1:Experimental evidence at protein level	17.43	1.0000	0.9990	0.00000000000000	1	1	1	1	1	1	0	0	0	N-term(42.0106),18C(57.0215)		
tr|Q6IQ59|Q6IQ59_DANRE	Q6IQ59	Q6IQ59_DANRE	uqcrc2	454	false	false	Danio rerio	Ubiquinol-cytochrome c reductase core protein 2b	1:Experimental evidence at protein level	13.88	1.0000	0.9990	0.00000000000000	4	4	4	4	4	4	1819600.6	1819600.6	1819600.6	9C(57.0215)		
tr|Q6IQ71|Q6IQ71_DANRE	Q6IQ71	Q6IQ71_DANRE	zgc:86924	203	false	false	Danio rerio	Chromobox homolog 1b (HP1 beta homolog Drosophila)	2:Experimental evidence at transcript level	5.91	1.0000	0.9990	0.00000000000000	1	0	0	1	0	0	637762.56	0	0			
tr|Q6IQI6|Q6IQI6_DANRE	Q6IQI6	Q6IQI6_DANRE	zgc:86748	178	false	false	Danio rerio	60S ribosomal protein L11	1:Experimental evidence at protein level	7.87	1.0000	0.9990	0.00000000000000	1	1	1	1	1	1	2827305.5	2827305.5	2827305.5			
tr|Q6IQL9|Q6IQL9_DANRE	Q6IQL9	Q6IQL9_DANRE	actc2	377	false	false	Danio rerio	Novel actin protein	2:Experimental evidence at transcript level	70.56	1.0000	0.9990	0.00000000000000	20	0	0	36	0	0	2.20508256E8	0	0			
tr|Q6IQP4|Q6IQP4_DANRE	Q6IQP4	Q6IQP4_DANRE	rap1a	185	false	false	Danio rerio	small monomeric GTPase	1:Experimental evidence at protein level	11.35	1.0000	0.9990	0.00000000000000	2	0	2	2	0	2	2913411.2	0	2913411.2			
tr|Q6IQP5|Q6IQP5_DANRE	Q6IQP5	Q6IQP5_DANRE	wu:fi32b03	432	false	false	Danio rerio	phosphopyruvate hydratase	1:Experimental evidence at protein level	12.04	1.0000	0.9990	0.00000000000000	3	1	3	5	2	5	8884948.0	3951757.2	8884948.0	14C(57.0215)		
tr|Q6IQU2|Q6IQU2_DANRE	Q6IQU2	Q6IQU2_DANRE	cryba2	197	false	false	Danio rerio	Beta A2-crystallin	1:Experimental evidence at protein level	11.68	1.0000	0.9990	0.00000000000000	2	0	0	2	0	0	2201063.0	0	0			
tr|Q6IQU9|Q6IQU9_DANRE	Q6IQU9	Q6IQU9_DANRE	hm:zeh0438	126	false	false	Danio rerio	Zgc:86599	1:Experimental evidence at protein level	19.84	1.0000	0.9990	0.00000000000000	1	1	1	1	1	1	0	0	0	4C(57.0215),6C(57.0215)		
tr|Q6IQX1|Q6IQX1_DANRE	Q6IQX1	Q6IQX1_DANRE	sb:cb38	1935	false	false	Danio rerio	Myosin, heavy polypeptide 2, fast muscle-specific	1:Experimental evidence at protein level	35.19	1.0000	0.9990	0.00000000000000	66	1	20	85	1	27	8.6067016E7	1148492.5	6.3202076E7	4M(15.9949)		
tr|Q6NV11|Q6NV11_DANRE	Q6NV11	Q6NV11_DANRE	zgc:85677	101	false	false	Danio rerio	High mobility group AT-hook 1a	1:Experimental evidence at protein level	10.89	1.0000	0.9990	0.00000000000000	1	1	1	1	1	1	0	0	0	N-term(42.0106)		
tr|Q6NW56|Q6NW56_DANRE	Q6NW56	Q6NW56_DANRE	khdrbs1	370	false	false	Danio rerio	KH domain containing, RNA binding, signal transduction associated 1	1:Experimental evidence at protein level	2.16	1.0000	0.9990	0.00000000000000	1	1	1	1	1	1	2849242.8	2849242.8	2849242.8			
tr|Q6NW90|Q6NW90_DANRE	Q6NW90	Q6NW90_DANRE	Tubb5	444	false	false	Danio rerio	Tubulin beta chain	1:Experimental evidence at protein level	60.81	1.0000	0.9990	0.00000000000000	23	2	7	36	2	8	1.29851968E8	1033632.4	7.0715904E7	11M(15.9949),23C(57.0215),23C(57.0215)		
tr|Q6NWC1|Q6NWC1_DANRE	Q6NWC1	Q6NWC1_DANRE	VDAC1	283	false	false	Danio rerio	Vdac1 protein	1:Experimental evidence at protein level	45.58	1.0000	0.9990	0.00000000000000	10	10	10	11	11	11	3.1236708E7	3.1236708E7	3.1236708E7	N-term(42.0106)		
tr|Q6NWC3|Q6NWC3_DANRE	Q6NWC3	Q6NWC3_DANRE	fc94f01	280	false	false	Danio rerio	40S ribosomal protein S2	1:Experimental evidence at protein level	24.29	1.0000	0.9990	0.00000000000000	5	5	5	5	5	5	1.193837E7	1.193837E7	1.193837E7	11C(57.0215),2C(57.0215)		
tr|Q6NWI0|Q6NWI0_DANRE	Q6NWI0	Q6NWI0_DANRE	tuba8l	449	false	false	Danio rerio	Tubulin alpha chain	1:Experimental evidence at protein level	23.39	1.0000	0.9990	0.00000000000000	8	0	0	11	0	0	7.0345016E7	0	0			
tr|Q6NX10|Q6NX10_DANRE	Q6NX10	Q6NX10_DANRE	fa22e07	298	false	false	Danio rerio	ADP/ATP translocase	1:Experimental evidence at protein level	25.84	1.0000	0.9989	0.00000000000000	6	0	0	6	0	0	9316145.0	0	0			
tr|Q6NX86|Q6NX86_DANRE	Q6NX86	Q6NX86_DANRE	HMGB1	205	false	false	Danio rerio	High mobility group box 1a	1:Experimental evidence at protein level	32.68	1.0000	0.9990	0.00000000000000	6	5	6	8	7	8	3.5466104E7	3.5466104E7	3.5466104E7	10C(57.0215),10C(57.0215),11C(57.0215),1M(15.9949)		
tr|Q6NY78|Q6NY78_DANRE	Q6NY78	Q6NY78_DANRE	zgc:77084	327	false	false	Danio rerio	Eukaryotic translation initiation factor 2, subunit 2 beta	1:Experimental evidence at protein level	3.06	1.0000	0.9990	0.00000000000000	1	1	1	1	1	1	493883.25	493883.25	493883.25			
tr|Q6NYF7|Q6NYF7_DANRE	Q6NYF7	Q6NYF7_DANRE	atp5j	112	false	false	Danio rerio	ATP synthase-coupling factor 6, mitochondrial	1:Experimental evidence at protein level	12.50	1.0000	0.9990	0.00000000000000	1	1	1	1	1	1	4998227.0	4998227.0	4998227.0			
tr|Q6NYU8|Q6NYU8_DANRE	Q6NYU8	Q6NYU8_DANRE	hnrpab	340	false	false	Danio rerio	Heterogeneous Nuclear ribonucleoprotein a/b	1:Experimental evidence at protein level	7.06	1.0000	0.9990	0.00000000000000	2	2	2	2	2	2	5577622.0	5577622.0	5577622.0	7C(57.0215)		
tr|Q6NYV3|Q6NYV3_DANRE	Q6NYV3	Q6NYV3_DANRE	zgc:65861	199	false	false	Danio rerio	H1.0 linker histone	1:Experimental evidence at protein level	23.62	1.0000	0.9990	0.00000000000000	5	4	5	4	3	4	5.8058556E7	2.6733116E7	5.8058556E7	N-term(42.0106)		
tr|Q6NYW8|Q6NYW8_DANRE	Q6NYW8	Q6NYW8_DANRE	hnrpa0	314	false	false	Danio rerio	Heterogeneous nuclear ribonucleoprotein A0	1:Experimental evidence at protein level	5.10	1.0000	0.9990	0.00000000000000	1	1	1	1	1	1	1869881.1	1869881.1	1869881.1			
tr|Q6P025|Q6P025_DANRE	Q6P025	Q6P025_DANRE	gnb3	338	false	false	Danio rerio	Gnb3 protein	1:Experimental evidence at protein level	25.44	1.0000	0.9990	0.00000000000000	4	4	4	5	5	5	1.6339764E7	1.6339764E7	1.6339764E7	11C(57.0215),11C(57.0215),12C(57.0215),11C(57.0215),12C(57.0215),16C(57.0215),7C(57.0215)		
tr|Q6P043|Q6P043_DANRE	Q6P043	Q6P043_DANRE	aldoab	364	false	false	Danio rerio	Fructose-bisphosphate aldolase	1:Experimental evidence at protein level	3.85	1.0000	0.9983	0.00000000000000	1	0	0	1	0	0	0	0	0			
tr|Q6P0T0|Q6P0T0_DANRE	Q6P0T0	Q6P0T0_DANRE	ndufs8	210	false	false	Danio rerio	NADH dehydrogenase [ubiquinone] iron-sulfur protein 8, mitochondrial	1:Experimental evidence at protein level	5.71	1.0000	0.9990	0.00000000000000	1	1	1	1	1	1	596817.44	596817.44	596817.44			
tr|Q6P102|Q6P102_DANRE	Q6P102	Q6P102_DANRE	hm:zehn0976	245	false	false	Danio rerio	Tyrosine 3-monooxygenase/tryptophan 5-monooxygenase activation protein, beta polypeptide-like	1:Experimental evidence at protein level	3.27	1.0000	0.9990	0.00000000000000	1	0	0	1	0	0	1.4511741E7	0	0			
tr|Q6P1J5|Q6P1J5_DANRE	Q6P1J5	Q6P1J5_DANRE	fk58f09	159	false	false	Danio rerio	ATP synthase F1 subunit delta	1:Experimental evidence at protein level	18.24	1.0000	0.9990	0.00000000000000	2	2	2	2	2	2	2692156.0	2692156.0	2692156.0			
tr|Q6P271|Q6P271_DANRE	Q6P271	Q6P271_DANRE	atp1a3b	1023	false	false	Danio rerio	Sodium/potassium-transporting ATPase subunit alpha	1:Experimental evidence at protein level	11.34	1.0000	0.9990	0.00000000000000	9	1	9	9	1	9	3.0645238E7	773667.0	3.0645238E7	7C(57.0215),9C(57.0215),9C(57.0215)		
tr|Q6P3H9|Q6P3H9_DANRE	Q6P3H9	Q6P3H9_DANRE	zgc:55813	504	false	false	Danio rerio	Solute carrier family 3 member 2B	1:Experimental evidence at protein level	1.59	1.0000	0.9989	0.00000000000000	1	1	1	1	1	1	0	0	0			
tr|Q6P3J5|Q6P3J5_DANRE	Q6P3J5	Q6P3J5_DANRE	EEF2	858	false	false	Danio rerio	Eukaryotic Translation Elongation factor 2B	1:Experimental evidence at protein level	10.84	1.0000	0.9990	0.00000000000000	7	4	7	7	4	7	6111613.5	2853124.5	6111613.5	11C(57.0215)		
tr|Q6P5M3|Q6P5M3_DANRE	Q6P5M3	Q6P5M3_DANRE	hm:zeh0819	194	false	false	Danio rerio	40S ribosomal protein S9	1:Experimental evidence at protein level	4.64	1.0000	0.9988	0.00000000000000	1	1	1	1	1	1	0	0	0			
tr|Q6P5M9|Q6P5M9_DANRE	Q6P5M9	Q6P5M9_DANRE	tubb2c	445	false	false	Danio rerio	Tubulin beta chain	1:Experimental evidence at protein level	61.80	1.0000	0.9990	0.00000000000000	24	0	1	36	0	1	1.29851968E8	0	1.0234466E7			
tr|Q6P6E0|Q6P6E0_DANRE	Q6P6E0	Q6P6E0_DANRE	zgc:77946	103	false	false	Danio rerio	ATP synthase subunit	1:Experimental evidence at protein level	21.36	1.0000	0.9982	0.00000000000000	2	2	2	2	2	2	3931211.5	3931211.5	3931211.5			
tr|Q6P937|Q6P937_DANRE	Q6P937	Q6P937_DANRE	wu:fb61d08	235	false	false	Danio rerio	Clathrin light chain	1:Experimental evidence at protein level	4.68	1.0000	0.9990	0.00000000000000	1	1	1	1	1	1	2521597.5	2521597.5	2521597.5			
tr|Q6P967|Q6P967_DANRE	Q6P967	Q6P967_DANRE	zgc:73153	354	false	false	Danio rerio	Zgc:73153	1:Experimental evidence at protein level	2.26	1.0000	0.9990	0.00000000000000	1	0	0	1	0	0	3806006.5	0	0			
tr|Q6P969|Q6P969_DANRE	Q6P969	Q6P969_DANRE	zgc:73138	462	false	false	Danio rerio	Elongation factor 1-alpha	1:Experimental evidence at protein level	4.55	1.0000	0.9990	0.00000000000000	2	0	0	3	0	0	2.828548E7	0	0			
tr|Q6P972|Q6P972_DANRE	Q6P972	Q6P972_DANRE	zgc:73108	451	false	false	Danio rerio	Tubulin alpha chain	1:Experimental evidence at protein level	41.02	1.0000	0.9990	0.00000000000000	14	2	12	19	2	15	1.67483856E8	6341914.0	1.23466576E8	8C(57.0215),8C(57.0215),8M(15.9949),8M(15.9949)		
tr|Q6PBI0|Q6PBI0_DANRE	Q6PBI0	Q6PBI0_DANRE	SUCLA2	466	false	false	Danio rerio	Succinate--CoA ligase [ADP-forming] subunit beta, mitochondrial	1:Experimental evidence at protein level	2.15	1.0000	0.9990	0.00000000000000	1	1	1	1	1	1	431585.1	431585.1	431585.1	2C(57.0215),8C(57.0215)		
tr|Q6PBJ3|Q6PBJ3_DANRE	Q6PBJ3	Q6PBJ3_DANRE	vamp1a	119	false	false	Danio rerio	VAMP/synaptobrevin	1:Experimental evidence at protein level	13.45	1.0000	0.9965	0.00000000000000	1	0	0	1	0	0	0	0	0			
tr|Q6PBJ8|Q6PBJ8_DANRE	Q6PBJ8	Q6PBJ8_DANRE	zgc:73373	108	false	false	Danio rerio	peptidylprolyl isomerase	1:Experimental evidence at protein level	28.70	1.0000	0.9990	0.00000000000000	2	2	2	2	2	2	3596110.5	3596110.5	3596110.5			
tr|Q6PBM0|Q6PBM0_DANRE	Q6PBM0	Q6PBM0_DANRE	wu:fb39a11	355	false	false	Danio rerio	NADH dehydrogenase [ubiquinone] 1 alpha subcomplex subunit 10, mitochondrial	1:Experimental evidence at protein level	3.10	1.0000	0.9990	0.00000000000000	1	1	1	1	1	1	0	0	0			
tr|Q6PBM9|Q6PBM9_DANRE	Q6PBM9	Q6PBM9_DANRE	arr3	362	false	false	Danio rerio	Arrestin 3, retinal (X-arrestin)	1:Experimental evidence at protein level	6.63	1.0000	0.9990	0.00000000000000	2	1	1	2	1	1	946772.9	0	0			
tr|Q6PBR5|Q6PBR5_DANRE	Q6PBR5	Q6PBR5_DANRE	wu:fa12a02	118	false	false	Danio rerio	V-type proton ATPase subunit G	1:Experimental evidence at protein level	25.42	1.0000	0.9990	0.00000000000000	3	3	3	4	4	4	8381600.0	8381600.0	8381600.0	N-term(42.0106),N-term(42.0106)		
tr|Q6PBW6|Q6PBW6_DANRE	Q6PBW6	Q6PBW6_DANRE	wu:fc58a11	535	false	false	Danio rerio	T-complex protein 1 subunit beta	1:Experimental evidence at protein level	4.11	1.0000	0.9990	0.00000000000000	1	1	1	1	1	1	0	0	0			
tr|Q6PBW7|Q6PBW7_DANRE	Q6PBW7	Q6PBW7_DANRE	zgc:73211	146	false	false	Danio rerio	40S ribosomal protein S19	1:Experimental evidence at protein level	6.16	1.0000	0.9988	0.00000000000000	1	1	1	1	1	1	5356547.5	5356547.5	5356547.5			
tr|Q6PBZ1|Q6PBZ1_DANRE	Q6PBZ1	Q6PBZ1_DANRE	zgc:86667	266	false	false	Danio rerio	60S ribosomal protein L7a	1:Experimental evidence at protein level	7.89	1.0000	0.9990	0.00000000000000	2	2	2	2	2	2	7880133.5	7880133.5	7880133.5			
tr|Q6PC13|Q6PC13_DANRE	Q6PC13	Q6PC13_DANRE	phb2	302	false	false	Danio rerio	Prohibitin	1:Experimental evidence at protein level	14.24	1.0000	0.9990	0.00000000000000	4	2	4	4	2	4	1765404.2	0	1765404.2			
tr|Q6PC38|Q6PC38_DANRE	Q6PC38	Q6PC38_DANRE	rcv2a	193	false	false	Danio rerio	Recoverin	1:Experimental evidence at protein level	13.99	1.0000	0.9990	0.00000000000000	2	2	2	2	2	2	935620.6	935620.6	935620.6	7C(57.0215)		
tr|Q6PC53|Q6PC53_DANRE	Q6PC53	Q6PC53_DANRE	ppial	164	false	false	Danio rerio	Peptidyl-prolyl cis-trans isomerase	1:Experimental evidence at protein level	14.63	1.0000	0.9990	0.00000000000000	3	3	3	4	4	4	2.0058892E7	2.0058892E7	2.0058892E7			
tr|Q6PC56|Q6PC56_DANRE	Q6PC56	Q6PC56_DANRE	calb2	269	false	false	Danio rerio	Calbindin 2, (Calretinin)	1:Experimental evidence at protein level	4.09	1.0000	0.9990	0.00000000000000	1	1	1	1	1	1	847741.7	847741.7	847741.7			
tr|Q6PC77|Q6PC77_DANRE	Q6PC77	Q6PC77_DANRE	atp5h	161	false	false	Danio rerio	ATP synthase subunit d, mitochondrial	1:Experimental evidence at protein level	6.21	1.0000	0.9990	0.00000000000000	1	1	1	1	1	1	1325406.1	1325406.1	1325406.1			
tr|Q6PC80|Q6PC80_DANRE	Q6PC80	Q6PC80_DANRE	chunp6933	204	false	false	Danio rerio	40S ribosomal protein S5 isoform X1	1:Experimental evidence at protein level	13.73	1.0000	0.9990	0.00000000000000	2	2	2	4	4	4	4119086.2	4119086.2	4119086.2	5C(57.0215),5C(57.0215),9C(57.0215),9C(57.0215)		
tr|Q6PC89|Q6PC89_DANRE	Q6PC89	Q6PC89_DANRE	zgc:73056	433	false	false	Danio rerio	phosphopyruvate hydratase	1:Experimental evidence at protein level	4.16	1.0000	0.9990	0.00000000000000	1	0	0	2	0	0	3035053.8	0	0			
tr|Q6PC90|Q6PC90_DANRE	Q6PC90	Q6PC90_DANRE	fa95a02	132	false	false	Danio rerio	40S ribosomal protein S12	1:Experimental evidence at protein level	13.64	1.0000	0.9990	0.00000000000000	1	1	1	1	1	1	4795827.5	4795827.5	4795827.5	11C(57.0215),5C(57.0215)		
tr|Q6PC95|Q6PC95_DANRE	Q6PC95	Q6PC95_DANRE	zgc:73046	449	false	false	Danio rerio	Tubulin alpha chain	1:Experimental evidence at protein level	30.96	1.0000	0.9989	0.00000000000000	10	0	0	15	0	0	1.63695184E8	0	0			
tr|Q6PE34|Q6PE34_DANRE	Q6PE34	Q6PE34_DANRE	fj33a08	444	false	false	Danio rerio	Tubulin beta chain	1:Experimental evidence at protein level	47.75	1.0000	0.9990	0.00000000000000	17	1	1	23	1	1	1.29851968E8	0	0			
tr|Q6PEI6|Q6PEI6_DANRE	Q6PEI6	Q6PEI6_DANRE	wu:fc20c11	782	false	false	Danio rerio	Aconitate hydratase, mitochondrial	1:Experimental evidence at protein level	1.92	1.0000	0.9990	0.00000000000000	1	1	1	1	1	1	0	0	0			
tr|Q6PFM3|Q6PFM3_DANRE	Q6PFM3	Q6PFM3_DANRE	wu:fj94c07	682	false	false	Danio rerio	Solute carrier family 25 (Mitochondrial carrier, Aralar), member 12	1:Experimental evidence at protein level	4.11	1.0000	0.9990	0.00000000000000	2	2	2	2	2	2	796160.3	796160.3	796160.3			
tr|Q6PGX4|Q6PGX4_DANRE	Q6PGX4	Q6PGX4_DANRE	zgc:63663	647	false	false	Danio rerio	Heat shock cognate 70	1:Experimental evidence at protein level	11.44	1.0000	0.9990	0.00000000000000	6	0	0	6	0	0	1.1992944E7	0	0			
tr|Q6PH46|Q6PH46_DANRE	Q6PH46	Q6PH46_DANRE	zgc:77192	533	false	false	Danio rerio	T-complex protein 1 subunit delta	1:Experimental evidence at protein level	4.88	1.0000	0.9990	0.00000000000000	2	2	2	2	2	2	2475729.2	2475729.2	2475729.2	7C(57.0215)		
tr|Q6PHI8|Q6PHI8_DANRE	Q6PHI8	Q6PHI8_DANRE	TKT	625	false	false	Danio rerio	Tkt protein	1:Experimental evidence at protein level	7.04	1.0000	0.9990	0.00000000000000	3	3	3	3	3	3	843594.0	843594.0	843594.0	5C(57.0215)		
tr|Q6PHJ8|Q6PHJ8_DANRE	Q6PHJ8	Q6PHJ8_DANRE	myl9l	172	false	false	Danio rerio	Myosin, light chain 12, genome duplicate 1	1:Experimental evidence at protein level	5.81	1.0000	0.9990	0.00000000000000	1	1	1	1	1	1	1927358.4	1927358.4	1927358.4			
tr|Q6Q417|Q6Q417_DANRE	Q6Q417	Q6Q417_DANRE	rpl7	246	false	false	Danio rerio	60S ribosomal protein L7	1:Experimental evidence at protein level	14.63	1.0000	0.9990	0.00000000000000	2	2	2	2	2	2	2326984.2	2326984.2	2326984.2	5C(57.0215),9C(57.0215)		
tr|Q6TGS5|Q6TGS5_DANRE	Q6TGS5	Q6TGS5_DANRE	zgc:76934	449	false	false	Danio rerio	Tubulin alpha chain	1:Experimental evidence at protein level	22.27	1.0000	0.9990	0.00000000000000	8	0	1	10	0	2	1.33117584E8	0	1.6571378E7			
tr|Q6TGT9|Q6TGT9_DANRE	Q6TGT9	Q6TGT9_DANRE	SFRS5	259	false	false	Danio rerio	Splicing factor, arginine/serine-rich 5	1:Experimental evidence at protein level	6.18	1.0000	0.9990	0.00000000000000	2	1	2	2	1	2	1.2304954E7	1937531.1	1.2304954E7			
tr|Q6TGU0|Q6TGU0_DANRE	Q6TGU0	Q6TGU0_DANRE	SET	275	false	false	Danio rerio	Myeloid leukemia-associated SET translocation protein	1:Experimental evidence at protein level	28.00	1.0000	0.9990	0.00000000000000	5	2	5	5	2	5	4.5719264E7	8317729.0	4.5719264E7			
tr|Q6TGV6|Q6TGV6_DANRE	Q6TGV6	Q6TGV6_DANRE	PSMA5	241	false	false	Danio rerio	Proteasome subunit alpha type	1:Experimental evidence at protein level	4.15	1.0000	0.9990	0.00000000000000	1	1	1	1	1	1	1215799.5	1215799.5	1215799.5			
tr|Q6TH14|Q6TH14_DANRE	Q6TH14	Q6TH14_DANRE	ENO1	433	false	false	Danio rerio	phosphopyruvate hydratase	1:Experimental evidence at protein level	3.46	1.0000	0.9990	0.00000000000000	1	0	0	1	0	0	1898136.5	0	0			
tr|Q6TH32|Q6TH32_DANRE	Q6TH32	Q6TH32_DANRE	CFL2	165	false	false	Danio rerio	Cofilin-1	1:Experimental evidence at protein level	12.12	1.0000	0.9990	0.00000000000000	2	2	2	2	2	2	1239309.8	1239309.8	1239309.8			
tr|Q6TNR5|Q6TNR5_DANRE	Q6TNR5	Q6TNR5_DANRE	wu:fb13h02	164	false	false	Danio rerio	Peptidyl-prolyl cis-trans isomerase	1:Experimental evidence at protein level	9.15	1.0000	0.9990	0.00000000000000	1	1	1	1	1	1	6599216.0	6599216.0	6599216.0			
tr|Q6TNT8|Q6TNT8_DANRE	Q6TNT8	Q6TNT8_DANRE	gnai2l	355	false	false	Danio rerio	Guanine nucleotide binding protein (G protein), alpha inhibiting activity polypeptide 2	1:Experimental evidence at protein level	3.10	1.0000	0.9985	0.00000000000000	1	0	0	1	0	0	1.3921013E7	0	0			
tr|Q6TNV0|Q6TNV0_DANRE	Q6TNV0	Q6TNV0_DANRE	COX4I1	169	false	false	Danio rerio	Cytochrome c oxidase subunit 4	1:Experimental evidence at protein level	5.92	1.0000	0.9983	0.00000000000000	2	1	2	1	0	1	7234393.0	1981535.5	7234393.0			
tr|Q6XG62|Q6XG62_DANRE	Q6XG62	Q6XG62_DANRE	s100a4a	95	false	false	Danio rerio	Protein S100	1:Experimental evidence at protein level	13.68	1.0000	0.9990	0.00000000000000	1	1	1	1	1	1	0	0	0			
tr|Q6YJK1|Q6YJK1_DANRE	Q6YJK1	Q6YJK1_DANRE	amhc	1936	false	false	Danio rerio	Atrial myosin heavy chain	1:Experimental evidence at protein level	6.77	1.0000	0.9858	0.00082712985939	12	1	1	14	1	1	6.0921876E7	0	0			
tr|Q7SXA3|Q7SXA3_DANRE	Q7SXA3	Q7SXA3_DANRE	zgc:66168	156	false	false	Danio rerio	Ubiquitin-40S ribosomal protein S27a	1:Experimental evidence at protein level	42.31	1.0000	0.9990	0.00000000000000	5	1	5	6	1	6	2.60674992E8	0	2.60674992E8	2C(57.0215),7C(57.0215)		
tr|Q7SXL4|Q7SXL4_DANRE	Q7SXL4	Q7SXL4_DANRE	ndpkz2	153	false	false	Danio rerio	Nucleoside diphosphate kinase	1:Experimental evidence at protein level	13.73	1.0000	0.9985	0.00000000000000	2	0	0	2	0	0	0	0	0			
tr|Q7SXM1|Q7SXM1_DANRE	Q7SXM1	Q7SXM1_DANRE	zgc:66195	86	false	false	Danio rerio	Cytochrome c oxidase subunit	1:Experimental evidence at protein level	11.63	1.0000	0.9990	0.00000000000000	1	1	1	1	1	1	1158208.8	1158208.8	1158208.8	3C(57.0215)		
tr|Q7SXN6|Q7SXN6_DANRE	Q7SXN6	Q7SXN6_DANRE	psma6a	246	false	false	Danio rerio	Proteasome subunit alpha type	1:Experimental evidence at protein level	10.16	1.0000	0.9990	0.00000000000000	2	0	2	2	0	2	881057.44	0	881057.44			
tr|Q7SXU3|Q7SXU3_DANRE	Q7SXU3	Q7SXU3_DANRE	aldh2a	516	false	false	Danio rerio	Aldehyde dehydrogenase 2 family (Mitochondrial)a	1:Experimental evidence at protein level	4.26	1.0000	0.9990	0.00000000000000	2	0	0	2	0	0	3143462.5	0	0			
tr|Q7SY46|Q7SY46_DANRE	Q7SY46	Q7SY46_DANRE	zgc:63516	617	false	false	Danio rerio	H(+)-transporting two-sector ATPase	1:Experimental evidence at protein level	10.21	1.0000	0.9990	0.00000000000000	6	3	6	5	3	5	4949196.0	1992266.9	4949196.0	12C(57.0215)		
tr|Q7SZD3|Q7SZD3_DANRE	Q7SZD3	Q7SZD3_DANRE	fi36d04	650	false	false	Danio rerio	78 kDa glucose-regulated protein	1:Experimental evidence at protein level	7.08	1.0000	0.9990	0.00000000000000	3	2	3	3	2	3	3478286.5	1956687.6	3478286.5			
tr|Q7SZZ5|Q7SZZ5_DANRE	Q7SZZ5	Q7SZZ5_DANRE	wu:fj61c06	110	false	false	Danio rerio	Vesicle-associated membrane protein 2	1:Experimental evidence at protein level	36.36	1.0000	0.9990	0.00000000000000	2	0	2	2	0	2	2376359.8	0	2376359.8			
tr|Q7T1J9|Q7T1J9_DANRE	Q7T1J9	Q7T1J9_DANRE	zgc:65936	166	false	false	Danio rerio	40S ribosomal protein S10	1:Experimental evidence at protein level	14.46	1.0000	0.9990	0.00000000000000	2	2	2	2	2	2	6638789.0	6638789.0	6638789.0			
tr|Q7T2C6|Q7T2C6_DANRE	Q7T2C6	Q7T2C6_DANRE	rab7	207	false	false	Danio rerio	RAB7, member RAS oncogene family	1:Experimental evidence at protein level	4.83	1.0000	0.9975	0.00000000000000	1	0	0	1	0	0	0	0	0			
tr|Q7T2F7|Q7T2F7_DANRE	Q7T2F7	Q7T2F7_DANRE	zgc:63904	194	false	false	Danio rerio	Calcineurin-like EF-hand protein 1	1:Experimental evidence at protein level	6.19	1.0000	0.9990	0.00000000000000	1	1	1	1	1	1	0	0	0			
tr|Q7T2P7|Q7T2P7_DANRE	Q7T2P7	Q7T2P7_DANRE	cb195	371	false	false	Danio rerio	Glutamine synthetase	1:Experimental evidence at protein level	14.02	1.0000	0.9990	0.00000000000000	3	2	3	3	2	3	1.4193725E7	3132981.5	1.4193725E7	1C(57.0215),5C(57.0215),6C(57.0215),6C(57.0215),6C(57.0215)		
tr|Q7T334|Q7T334_DANRE	Q7T334	Q7T334_DANRE	zgc:64133	337	false	false	Danio rerio	Malate dehydrogenase	1:Experimental evidence at protein level	8.90	1.0000	0.9990	0.00000000000000	2	2	2	2	2	2	934271.6	934271.6	934271.6			
tr|Q7T399|Q7T399_DANRE	Q7T399	Q7T399_DANRE	rhoae	193	false	false	Danio rerio	Ras homolog family member CA	1:Experimental evidence at protein level	4.66	1.0000	0.9987	0.00000000000000	1	0	0	1	0	0	2824587.0	0	0			
tr|Q7T3D3|Q7T3D3_DANRE	Q7T3D3	Q7T3D3_DANRE	zgc:63957	354	false	false	Danio rerio	Guanine nucleotide-binding protein (G protein), alpha-inhibiting activity polypeptide 1	1:Experimental evidence at protein level	3.11	1.0000	0.9990	0.00000000000000	1	0	0	1	0	0	1.3921013E7	0	0			
tr|Q7T3G2|Q7T3G2_DANRE	Q7T3G2	Q7T3G2_DANRE	zgc:63883	246	false	false	Danio rerio	14-3-3 protein eta	1:Experimental evidence at protein level	7.32	1.0000	0.9990	0.00000000000000	2	0	1	2	0	1	1.5054516E7	0	542774.6			
tr|Q7ZU48|Q7ZU48_DANRE	Q7ZU48	Q7ZU48_DANRE	hnrpa0l	302	false	false	Danio rerio	Hnrpa0l protein	1:Experimental evidence at protein level	5.30	1.0000	0.9990	0.00000000000000	1	1	1	1	1	1	1288177.1	1288177.1	1288177.1			
tr|Q7ZU67|Q7ZU67_DANRE	Q7ZU67	Q7ZU67_DANRE	fb54c08	406	false	false	Danio rerio	ATP-dependent RNA helicase	1:Experimental evidence at protein level	5.91	1.0000	0.9989	0.00000000000000	2	0	0	2	0	0	3439369.2	0	0			
tr|Q7ZUG1|Q7ZUG1_DANRE	Q7ZUG1	Q7ZUG1_DANRE	wu:fa27c04	165	false	false	Danio rerio	60S ribosomal protein L12	1:Experimental evidence at protein level	21.21	1.0000	0.9990	0.00000000000000	2	2	2	2	2	2	2950116.2	2950116.2	2950116.2	11C(57.0215),11C(57.0215),16C(57.0215)		
tr|Q7ZUG6|Q7ZUG6_DANRE	Q7ZUG6	Q7ZUG6_DANRE	fa93d05	117	false	false	Danio rerio	60S ribosomal protein L30	1:Experimental evidence at protein level	23.93	1.0000	0.9990	0.00000000000000	2	2	2	2	2	2	2573402.5	2573402.5	2573402.5	2C(57.0215),8C(57.0215)		
tr|Q7ZUI4|Q7ZUI4_DANRE	Q7ZUI4	Q7ZUI4_DANRE	TXN	108	false	false	Danio rerio	Thioredoxin	1:Experimental evidence at protein level	26.85	1.0000	0.9990	0.00000000000000	2	2	2	3	3	3	1413512.1	1413512.1	1413512.1	13C(57.0215),1M(15.9949)		
tr|Q7ZUK2|Q7ZUK2_DANRE	Q7ZUK2	Q7ZUK2_DANRE	wu:fj36b10	369	false	false	Danio rerio	General transcription factor IIA, 1	2:Experimental evidence at transcript level	2.98	1.0000	0.9988	0.00000000000000	1	1	1	1	1	1	783289.94	783289.94	783289.94			
tr|Q7ZUM0|Q7ZUM0_DANRE	Q7ZUM0	Q7ZUM0_DANRE	ywhaq	245	false	false	Danio rerio	14-3-3 protein theta	1:Experimental evidence at protein level	3.27	1.0000	0.9990	0.00000000000000	1	0	0	1	0	0	1.4511741E7	0	0			
tr|Q7ZUM3|Q7ZUM3_DANRE	Q7ZUM3	Q7ZUM3_DANRE	wu:fc21e02	918	false	false	Danio rerio	hexokinase	1:Experimental evidence at protein level	1.20	1.0000	0.9990	0.00000000000000	1	1	1	1	1	1	0	0	0			
tr|Q7ZUN7|Q7ZUN7_DANRE	Q7ZUN7	Q7ZUN7_DANRE	fb37h03	417	false	false	Danio rerio	creatine kinase	1:Experimental evidence at protein level	9.59	1.0000	0.9990	0.00000000000000	3	2	2	3	2	2	1735788.0	0	0			
tr|Q7ZUP6|Q7ZUP6_DANRE	Q7ZUP6	Q7ZUP6_DANRE	zgc:55485	449	false	false	Danio rerio	Isocitrate dehydrogenase [NADP]	1:Experimental evidence at protein level	30.29	1.0000	0.9990	0.00000000000000	12	12	12	12	12	12	2.2435884E7	2.2435884E7	2.2435884E7	11M(15.9949),2C(57.0215),1C(57.0215)		
tr|Q7ZUV5|Q7ZUV5_DANRE	Q7ZUV5	Q7ZUV5_DANRE	zgc:56049	201	false	false	Danio rerio	ZRAB1B, member RAS oncogene family a	1:Experimental evidence at protein level	5.47	1.0000	0.9990	0.00000000000000	1	0	0	1	0	0	3264589.0	0	0			
tr|Q7ZUY0|Q7ZUY0_DANRE	Q7ZUY0	Q7ZUY0_DANRE	seta	269	false	false	Danio rerio	SET nuclear proto-oncogene a	1:Experimental evidence at protein level	23.42	1.0000	0.9990	0.00000000000000	4	1	1	4	1	1	4.2903664E7	3952836.8	3952836.8			
tr|Q7ZUY9|Q7ZUY9_DANRE	Q7ZUY9	Q7ZUY9_DANRE	itm1	705	false	false	Danio rerio	dolichyl-diphosphooligosaccharide--protein glycotransferase	1:Experimental evidence at protein level	0.99	1.0000	0.9990	0.00000000000000	1	1	1	1	1	1	2893895.2	2893895.2	2893895.2			
tr|Q7ZUZ7|Q7ZUZ7_DANRE	Q7ZUZ7	Q7ZUZ7_DANRE	arf1l	181	false	false	Danio rerio	ADP-ribosylation factor	1:Experimental evidence at protein level	7.73	1.0000	0.9990	0.00000000000000	1	0	1	1	0	1	1082308.0	0	1082308.0			
tr|Q7ZV05|Q7ZV05_DANRE	Q7ZV05	Q7ZV05_DANRE	wu:fa91c09	159	false	false	Danio rerio	40S ribosomal protein S11	1:Experimental evidence at protein level	11.32	1.0000	0.9990	0.00000000000000	1	1	1	2	2	2	4525943.5	4525943.5	4525943.5	13C(57.0215),13C(57.0215)		
tr|Q7ZV16|Q7ZV16_DANRE	Q7ZV16	Q7ZV16_DANRE	zgc:86802	225	false	false	Danio rerio	Elongation factor 1-beta	1:Experimental evidence at protein level	5.78	1.0000	0.9990	0.00000000000000	1	1	1	1	1	1	499843.56	499843.56	499843.56			
tr|Q7ZV39|Q7ZV39_DANRE	Q7ZV39	Q7ZV39_DANRE	zgc:56235	281	false	false	Danio rerio	Zgc:56235	1:Experimental evidence at protein level	4.27	1.0000	0.9988	0.00000000000000	1	0	0	1	0	0	6988513.5	0	0			
tr|Q7ZV45|Q7ZV45_DANRE	Q7ZV45	Q7ZV45_DANRE	wu:fb59a06	356	false	false	Danio rerio	Phosphate carrier protein, mitochondrial	1:Experimental evidence at protein level	3.37	1.0000	0.9989	0.00000000000000	1	0	1	1	0	1	636039.1	0	636039.1			
tr|Q7ZV77|Q7ZV77_DANRE	Q7ZV77	Q7ZV77_DANRE	wu:fe05d10	261	false	false	Danio rerio	Proteasome subunit alpha type	1:Experimental evidence at protein level	3.83	1.0000	0.9990	0.00000000000000	1	1	1	1	1	1	1877580.4	1877580.4	1877580.4			
tr|Q7ZVB5|Q7ZVB5_DANRE	Q7ZVB5	Q7ZVB5_DANRE	SNRPD3	128	false	false	Danio rerio	Small nuclear ribonucleoprotein Sm D3	1:Experimental evidence at protein level	24.22	1.0000	0.9990	0.00000000000000	2	1	2	2	1	2	3449198.0	0	3449198.0	12C(57.0215)		
tr|Q7ZVD9|Q7ZVD9_DANRE	Q7ZVD9	Q7ZVD9_DANRE	wu:fb13d09	245	false	false	Danio rerio	DNA-(apurinic or apyrimidinic site) lyase	1:Experimental evidence at protein level	17.96	1.0000	0.9990	0.00000000000000	4	4	4	4	4	4	1.4618966E7	1.4618966E7	1.4618966E7	3C(57.0215)		
tr|Q7ZVF2|Q7ZVF2_DANRE	Q7ZVF2	Q7ZVF2_DANRE	fb11d08	372	false	false	Danio rerio	Glutamine synthetase	1:Experimental evidence at protein level	4.57	1.0000	0.9990	0.00000000000000	1	0	0	1	0	0	1.1060743E7	0	0			
tr|Q7ZVI6|Q7ZVI6_DANRE	Q7ZVI6	Q7ZVI6_DANRE	fa93f03	450	false	false	Danio rerio	Tubulin alpha chain	1:Experimental evidence at protein level	47.56	1.0000	0.9990	0.00000000000000	15	1	1	21	1	1	2.09345056E8	2047481.6	2047481.6	15C(57.0215),22M(15.9949)		
tr|Q7ZVL9|Q7ZVL9_DANRE	Q7ZVL9	Q7ZVL9_DANRE	fc09e02	448	false	false	Danio rerio	Rab GDP dissociation inhibitor	1:Experimental evidence at protein level	4.24	1.0000	0.9990	0.00000000000000	1	0	0	1	0	0	0	0	0			
tr|Q7ZVT2|Q7ZVT2_DANRE	Q7ZVT2	Q7ZVT2_DANRE	pkm2a	532	false	false	Danio rerio	Pyruvate kinase	1:Experimental evidence at protein level	5.64	1.0000	0.9990	0.00000000000000	2	2	2	2	2	2	3037610.2	3037610.2	3037610.2	6C(57.0215)		
tr|Q7ZVX4|Q7ZVX4_DANRE	Q7ZVX4	Q7ZVX4_DANRE	wu:fj47f07	215	false	false	Danio rerio	Ras-related protein Rab-14	1:Experimental evidence at protein level	5.12	1.0000	0.9967	0.00000000000000	1	0	0	1	0	0	3264589.0	0	0			
tr|Q7ZW01|Q7ZW01_DANRE	Q7ZW01	Q7ZW01_DANRE	fd02b12	445	false	false	Danio rerio	Tubulin beta chain	1:Experimental evidence at protein level	55.96	1.0000	0.9990	0.00000000000000	23	0	0	35	0	0	1.29851968E8	0	0			
tr|Q7ZW09|Q7ZW09_DANRE	Q7ZW09	Q7ZW09_DANRE	zgc:55429	536	false	false	Danio rerio	Heterogeneous Nuclear ribonucleoprotein L	2:Experimental evidence at transcript level	2.43	1.0000	0.9990	0.00000000000000	1	0	1	1	0	1	0	0	0	6C(57.0215)		
tr|Q7ZW20|Q7ZW20_DANRE	Q7ZW20	Q7ZW20_DANRE	fe38c12	255	false	false	Danio rerio	14-3-3 protein epsilon	1:Experimental evidence at protein level	11.76	1.0000	0.9990	0.00000000000000	3	1	2	3	1	2	1.6635962E7	2124221.2	2124221.2	N-term(42.0106)		
tr|Q7ZW95|Q7ZW95_DANRE	Q7ZW95	Q7ZW95_DANRE	zgc:56659	375	false	false	Danio rerio	60S ribosomal protein L4	1:Experimental evidence at protein level	11.47	1.0000	0.9990	0.00000000000000	4	4	4	4	4	4	9577438.0	9577438.0	9577438.0	10C(57.0215),2C(57.0215)		
tr|Q7ZWF5|Q7ZWF5_DANRE	Q7ZWF5	Q7ZWF5_DANRE	zgc:56425	428	false	false	Danio rerio	Aspartate aminotransferase	1:Experimental evidence at protein level	3.27	1.0000	0.9990	0.00000000000000	1	0	1	1	0	1	0	0	0			
tr|Q801U3|Q801U3_DANRE	Q801U3	Q801U3_DANRE	sfrs3a	174	false	false	Danio rerio	Serine and arginine-rich-splicing factor 3a	1:Experimental evidence at protein level	5.17	1.0000	0.9990	0.00000000000000	1	0	1	1	0	1	0	0	0			
tr|Q802C7|Q802C7_DANRE	Q802C7	Q802C7_DANRE	tardbp	412	false	false	Danio rerio	TAR DNA-binding protein 43	1:Experimental evidence at protein level	7.77	1.0000	0.9990	0.00000000000000	3	1	3	3	1	3	2978606.2	1406931.4	2978606.2	1C(57.0215)		
tr|Q802C9|Q802C9_DANRE	Q802C9	Q802C9_DANRE	wu:fd15g03	406	false	false	Danio rerio	ATP-dependent RNA helicase	1:Experimental evidence at protein level	5.91	1.0000	0.9990	0.00000000000000	2	0	2	2	0	2	3439369.2	0	3439369.2			
tr|Q802U8|Q802U8_DANRE	Q802U8	Q802U8_DANRE	wu:fb12d01	192	false	false	Danio rerio	H1 histone family, member X	1:Experimental evidence at protein level	16.15	1.0000	0.9990	0.00000000000000	2	2	2	2	2	2	2522014.2	2522014.2	2522014.2			
tr|Q802Y1|Q802Y1_DANRE	Q802Y1	Q802Y1_DANRE	zgc:55809	366	false	false	Danio rerio	Serine and arginine-rich-splicing factor 4	1:Experimental evidence at protein level	2.46	1.0000	0.9989	0.00000000000000	1	0	0	1	0	0	1.0367423E7	0	0			
tr|Q803B0|Q803B0_DANRE	Q803B0	Q803B0_DANRE	cb863	575	false	false	Danio rerio	60 kDa heat shock protein, mitochondrial	1:Experimental evidence at protein level	4.35	1.0000	0.9990	0.00000000000000	1	1	1	1	1	1	3371926.2	3371926.2	3371926.2			
tr|Q803D1|Q803D1_DANRE	Q803D1	Q803D1_DANRE	arf1	180	false	false	Danio rerio	ADP-ribosylation factor	1:Experimental evidence at protein level	7.78	1.0000	0.9985	0.00000000000000	1	0	0	1	0	0	1082308.0	0	0			
tr|Q803E5|Q803E5_DANRE	Q803E5	Q803E5_DANRE	etf1	442	false	false	Danio rerio	Eukaryotic peptide chain release factor subunit 1	1:Experimental evidence at protein level	2.94	1.0000	0.9985	0.00000000000000	1	0	1	1	0	1	0	0	0			
tr|Q803M8|Q803M8_DANRE	Q803M8	Q803M8_DANRE	ywhaz	245	false	false	Danio rerio	14-3-3 protein theta	1:Experimental evidence at protein level	3.27	1.0000	0.9990	0.00000000000000	1	0	0	1	0	0	1.4511741E7	0	0			
tr|Q803N2|Q803N2_DANRE	Q803N2	Q803N2_DANRE	wu:fb22e01	1216	false	false	Danio rerio	Structural maintenance of chromosomes protein	1:Experimental evidence at protein level	3.21	1.0000	0.9990	0.00000000000000	3	3	3	3	3	3	1300920.4	1300920.4	1300920.4			
tr|Q803Q7|Q803Q7_DANRE	Q803Q7	Q803Q7_DANRE	aldoa	364	false	false	Danio rerio	Fructose-bisphosphate aldolase	1:Experimental evidence at protein level	7.14	1.0000	0.9990	0.00000000000000	2	1	2	2	1	2	2734547.8	2734547.8	2734547.8			
tr|Q803T5|Q803T5_DANRE	Q803T5	Q803T5_DANRE	AHCY	433	false	false	Danio rerio	Adenosylhomocysteinase	1:Experimental evidence at protein level	2.77	1.0000	0.9990	0.00000000000000	1	1	1	1	1	1	1591915.0	1591915.0	1591915.0			
tr|Q803W0|Q803W0_DANRE	Q803W0	Q803W0_DANRE	ddx39b	427	false	false	Danio rerio	RNA helicase	1:Experimental evidence at protein level	10.07	1.0000	0.9990	0.00000000000000	3	1	3	3	1	3	5489160.0	1671652.6	5489160.0			
tr|Q804G7|Q804G7_DANRE	Q804G7	Q804G7_DANRE	ANXIV	321	false	false	Danio rerio	Annexin	1:Experimental evidence at protein level	4.36	1.0000	0.9990	0.00000000000000	1	1	1	1	1	1	624792.3	624792.3	624792.3			
tr|Q8AWD0|Q8AWD0_DANRE	Q8AWD0	Q8AWD0_DANRE	wu:fa01a08	283	false	false	Danio rerio	Vdac2 protein	1:Experimental evidence at protein level	43.11	1.0000	0.9990	0.00000000000000	9	8	9	11	10	11	2.8706018E7	2.8706018E7	2.8706018E7	1M(15.9949),N-term(42.0106)		
tr|Q8AWD9|Q8AWD9_DANRE	Q8AWD9	Q8AWD9_DANRE	catD	398	false	false	Danio rerio	Cathepsin D	1:Experimental evidence at protein level	2.76	1.0000	0.9990	0.00000000000000	1	0	0	1	0	0	268257.25	0	0			
tr|Q8AWW3|Q8AWW3_DANRE	Q8AWW3	Q8AWW3_DANRE	cb758	290	false	false	Danio rerio	Translocon-associated protein subunit alpha	1:Experimental evidence at protein level	5.17	1.0000	0.9990	0.00000000000000	2	2	2	1	1	1	4742028.5	4742028.5	4742028.5			
tr|Q8AX99|Q8AX99_DANRE	Q8AX99	Q8AX99_DANRE	wu:fc11d03	898	false	false	Danio rerio	Actinin alpha 3B	1:Experimental evidence at protein level	2.45	1.0000	0.9990	0.00000000000000	2	0	1	2	0	1	1071468.6	0	344686.38			
tr|Q8AY63|Q8AY63_DANRE	Q8AY63	Q8AY63_DANRE	ckb	381	false	false	Danio rerio	creatine kinase	1:Experimental evidence at protein level	22.05	1.0000	0.9990	0.00000000000000	6	3	6	7	3	7	1.6608724E7	7637110.5	1.6608724E7	2C(57.0215)		
tr|Q8AYB9|Q8AYB9_DANRE	Q8AYB9	Q8AYB9_DANRE	wu:fa12h07	598	false	false	Danio rerio	Dolichyl-diphosphooligosaccharide--protein glycosyltransferase subunit 1	1:Experimental evidence at protein level	10.54	1.0000	0.9990	0.00000000000000	4	4	4	4	4	4	3068645.8	3068645.8	3068645.8			
tr|Q8JHH1|Q8JHH1_DANRE	Q8JHH1	Q8JHH1_DANRE	fk26a01	119	false	false	Danio rerio	Small nuclear ribonucleoprotein Sm D1	1:Experimental evidence at protein level	10.92	1.0000	0.9990	0.00000000000000	1	1	1	1	1	1	1775069.4	1775069.4	1775069.4			
tr|Q8JHH4|Q8JHH4_DANRE	Q8JHH4	Q8JHH4_DANRE	atp6e	226	false	false	Danio rerio	V-type proton ATPase subunit E 1	1:Experimental evidence at protein level	6.19	1.0000	0.9990	0.00000000000000	1	1	1	1	1	1	1747260.0	1747260.0	1747260.0			
tr|Q8JHI0|Q8JHI0_DANRE	Q8JHI0	Q8JHI0_DANRE	SLC25A5	298	false	false	Danio rerio	ADP/ATP translocase	1:Experimental evidence at protein level	44.30	1.0000	0.9990	0.00000000000000	12	5	12	12	5	12	1.4436974E7	1.1974216E7	1.4436974E7	12C(57.0215),13C(57.0215),18C(57.0215),N-term(42.0106)		
tr|Q8JHI7|Q8JHI7_DANRE	Q8JHI7	Q8JHI7_DANRE	wu:fj48b06	543	false	false	Danio rerio	T-complex protein 1 subunit gamma	1:Experimental evidence at protein level	3.50	1.0000	0.9990	0.00000000000000	2	2	2	2	2	2	614621.5	614621.5	614621.5	6C(57.0215)		
tr|Q8JHJ3|Q8JHJ3_DANRE	Q8JHJ3	Q8JHJ3_DANRE	zgc:111896	249	false	false	Danio rerio	U2 small nuclear RNA auxiliary factor small subunit	1:Experimental evidence at protein level	3.21	1.0000	0.9990	0.00000000000000	1	1	1	1	1	1	1197404.4	1197404.4	1197404.4			
tr|Q8QHA6|Q8QHA6_DANRE	Q8QHA6	Q8QHA6_DANRE	wu:fj51e01	509	false	false	Danio rerio	Vacuolar proton pump subunit B	1:Experimental evidence at protein level	10.22	1.0000	0.9990	0.00000000000000	4	2	4	5	3	5	5270494.0	1891312.5	5270494.0			
tr|Q8QHA7|Q8QHA7_DANRE	Q8QHA7	Q8QHA7_DANRE	vatB1	506	false	false	Danio rerio	Vacuolar proton pump subunit B	1:Experimental evidence at protein level	5.34	1.0000	0.9990	0.00000000000000	2	0	0	2	0	0	3379181.8	0	0			
tr|Q8UVG7|Q8UVG7_DANRE	Q8UVG7	Q8UVG7_DANRE	H-FABP	133	false	false	Danio rerio	Fatty acid-binding protein 3, muscle and heart	1:Experimental evidence at protein level	9.77	1.0000	0.9990	0.00000000000000	1	0	0	1	0	0	799283.4	0	0			
tr|Q90WX5|Q90WX5_DANRE	Q90WX5	Q90WX5_DANRE	gnat2	354	false	false	Danio rerio	Cone transducin alpha subunit	1:Experimental evidence at protein level	10.73	1.0000	0.9990	0.00000000000000	3	2	3	3	2	3	1.6254005E7	2332992.2	1.6254005E7	11C(57.0215),2C(57.0215)		
tr|Q90XH2|Q90XH2_DANRE	Q90XH2	Q90XH2_DANRE	meis1	388	false	false	Danio rerio	Myeloid ecotropic viral integration 1	1:Experimental evidence at protein level	5.41	1.0000	0.9990	0.00000000000000	1	0	1	1	0	1	0	0	0			
tr|Q9DEU1|Q9DEU1_DANRE	Q9DEU1	Q9DEU1_DANRE	zgc:92351	1025	false	false	Danio rerio	Sodium/potassium-transporting ATPase subunit alpha	1:Experimental evidence at protein level	9.17	1.0000	0.9990	0.00000000000000	8	1	1	8	1	1	3.0645238E7	0	0			
tr|Q9DGL6|Q9DGL6_DANRE	Q9DGL6	Q9DGL6_DANRE	atp1a1	1028	false	false	Danio rerio	Sodium/potassium-transporting ATPase subunit alpha	1:Experimental evidence at protein level	7.98	1.0000	0.9990	0.00000000000000	7	0	1	7	0	1	3.0534032E7	0	1049818.9			
tr|Q9I8N9|Q9I8N9_DANRE	Q9I8N9	Q9I8N9_DANRE	B-FABP	132	false	false	Danio rerio	Brain-type fatty acid-binding protein	1:Experimental evidence at protein level	21.21	1.0000	0.9990	0.00000000000000	2	1	2	2	1	2	2036806.0	1237522.6	2036806.0			
tr|Q9I8U7|Q9I8U7_DANRE	Q9I8U7	Q9I8U7_DANRE	zgc:109832	151	false	false	Danio rerio	Fast skeletal muscle myosin light polypeptide 3	1:Experimental evidence at protein level	7.28	1.0000	0.9990	0.00000000000000	1	1	1	1	1	1	674971.25	674971.25	674971.25			
tr|Q9I9P6|Q9I9P6_DANRE	Q9I9P6	Q9I9P6_DANRE	zgc:92909	288	false	false	Danio rerio	Syntaxin-1B	1:Experimental evidence at protein level	9.72	1.0000	0.9990	0.00000000000000	2	2	2	2	2	2	0	0	0			
tr|Q9PWD8|Q9PWD8_DANRE	Q9PWD8	Q9PWD8_DANRE	wu:fa03a08	429	false	false	Danio rerio	Type I cytokeratin	1:Experimental evidence at protein level	3.73	1.0000	0.9990	0.00000000000000	3	0	2	2	0	1	1.84040464E8	0	7232481.5	7M(15.9949)		
tr|Q9W792|Q9W792_DANRE	Q9W792	Q9W792_DANRE	fa13h08	556	false	false	Danio rerio	T-complex protein 1 subunit alpha	1:Experimental evidence at protein level	3.96	1.0000	0.9990	0.00000000000000	2	2	2	2	2	2	1437021.5	1437021.5	1437021.5			
tr|Q9YHX5|Q9YHX5_DANRE	Q9YHX5	Q9YHX5_DANRE	cb28	455	false	false	Danio rerio	Vimentin	1:Experimental evidence at protein level	6.81	1.0000	0.9990	0.00000000000000	3	1	2	3	1	2	0	0	0	1M(15.9949)		
tr|R4GDZ5|R4GDZ5_DANRE	R4GDZ5	R4GDZ5_DANRE	myh7ba	1938	false	false	Danio rerio	Myosin, heavy chain 7B, cardiac muscle, beta A	3:Protein inferred from homology	4.44	1.0000	0.9936	0.00000000000000	8	0	0	9	0	0	2.2700596E7	0	0			
tr|R4GE15|R4GE15_DANRE	R4GE15	R4GE15_DANRE	si:ch211-113a14.29	124	false	false	Danio rerio	Histone H2B	3:Protein inferred from homology	38.71	1.0000	0.9990	0.00000000000000	9	0	9	14	0	14	5.6364145E9	0	5.6364145E9	13M(15.9949),2M(15.9949),2M(15.9949),5M(15.9949),5M(15.9949)		
tr|X1WFI9|X1WFI9_DANRE	X1WFI9	X1WFI9_DANRE	hmgb1b	197	false	false	Danio rerio	High mobility group box 1b	1:Experimental evidence at protein level	32.49	1.0000	0.9990	0.00000000000000	6	5	5	6	5	5	1.3093524E7	1.2040684E7	1.2040684E7	10C(57.0215),10C(57.0215)		
sp|Q6NUX8|RHOAA_DANRE	Q6NUX8	RHOAA_DANRE	rhoaa	193	false	false	Danio rerio	Rho-related GTP-binding protein RhoA-A	1:Experimental evidence at protein level	4.66	0.9999	0.9990	0.00000000000000	1	0	0	1	0	0	2824587.0	0	0			sp|Q7T2E8|RHOAC_DANRE
tr|A0A8M1NVL4|A0A8M1NVL4_DANRE	A0A8M1NVL4	A0A8M1NVL4_DANRE	ndufs7	217	false	false	Danio rerio	NADH dehydrogenase [ubiquinone] iron-sulfur protein 7, mitochondrial	1:Experimental evidence at protein level	4.15	0.9999	0.9989	0.00000000000000	1	1	1	1	1	1	537734.8	537734.8	537734.8			
tr|B0UXR9|B0UXR9_DANRE	B0UXR9	B0UXR9_DANRE	hsp70.1	643	false	false	Danio rerio	Heat shock cognate 70-kd protein, tandem duplicate 2	3:Protein inferred from homology	7.78	0.9999	0.9983	0.00000000000000	4	0	0	4	0	0	6364987.0	0	0			tr|B0UXS6|B0UXS6_DANRE, tr|Q6PH56|Q6PH56_DANRE
tr|F1QEJ5|F1QEJ5_DANRE	F1QEJ5	F1QEJ5_DANRE	zgc:92848	82	false	false	Danio rerio	Cytochrome b-c1 complex subunit 8	1:Experimental evidence at protein level	8.54	0.9999	0.9980	0.00000000000000	1	1	1	1	1	1	1378503.8	1378503.8	1378503.8			
tr|Q6PBN3|Q6PBN3_DANRE	Q6PBN3	Q6PBN3_DANRE	rds4	342	false	false	Danio rerio	Peripherin 2B (retinal degeneration, slow)	2:Experimental evidence at transcript level	2.92	0.9999	0.9980	0.00000000000000	1	1	1	1	1	1	826628.56	826628.56	826628.56			
tr|A0A8M2B8T5|A0A8M2B8T5_DANRE	A0A8M2B8T5	A0A8M2B8T5_DANRE	srsf6a	400	false	false	Danio rerio	serine/arginine-rich splicing factor 6a isoform X1	1:Experimental evidence at protein level	2.25	0.9998	0.9989	0.00000000000000	2	1	1	1	0	0	1.258315E7	2215726.8	2215726.8			
tr|Q08C80|Q08C80_DANRE	Q08C80	Q08C80_DANRE	fj41e11	444	false	false	Danio rerio	Tubulin beta chain	1:Experimental evidence at protein level	63.74	0.9998	0.9979	0.00000000000000	23	0	0	34	0	0	1.29851968E8	0	0			
tr|Q7SYD3|Q7SYD3_DANRE	Q7SYD3	Q7SYD3_DANRE	zgc:63559	896	false	false	Danio rerio	Actinin alpha 3A	1:Experimental evidence at protein level	1.34	0.9998	0.9982	0.00000000000000	1	0	0	1	0	0	726782.25	0	0			
tr|Q7ZUR5|Q7ZUR5_DANRE	Q7ZUR5	Q7ZUR5_DANRE	fb01d07	185	false	false	Danio rerio	Translocon-associated protein subunit gamma	1:Experimental evidence at protein level	7.57	0.9998	0.9990	0.00000000000000	1	1	1	1	1	1	1453631.0	1453631.0	1453631.0			
sp|Q6DHM9|RHOAB_DANRE	Q6DHM9	RHOAB_DANRE	rhoab	193	false	false	Danio rerio	Rho-related GTP-binding protein RhoA-B	1:Experimental evidence at protein level	4.66	0.9997	0.9990	0.00000000000000	1	0	1	1	0	1	2824587.0	0	2824587.0	2C(57.0215)		
tr|A0A8M1Q6T5|A0A8M1Q6T5_DANRE	A0A8M1Q6T5	A0A8M1Q6T5_DANRE	si:ch211-113a14.18	199	false	false	Danio rerio	histone H1-like	3:Protein inferred from homology	26.63	0.9997	0.9989	0.00000000000000	9	0	1	14	0	1	7.1630714E8	0	1.1307448E8			tr|A0A8N7TAZ2|A0A8N7TAZ2_DANRE, tr|A0A8N7UY69|A0A8N7UY69_DANRE
tr|Q7SXU7|Q7SXU7_DANRE	Q7SXU7	Q7SXU7_DANRE	bat1	435	false	false	Danio rerio	RNA helicase	1:Experimental evidence at protein level	2.30	0.9996	0.9978	0.00000000000000	1	0	0	1	0	0	2844490.5	0	0			
tr|A0A8M1NE33|A0A8M1NE33_DANRE	A0A8M1NE33	A0A8M1NE33_DANRE	si:ch211-199o1.2	639	false	false	Danio rerio	Heat shock protein family A (Hsp70) member 1B	1:Experimental evidence at protein level	5.63	0.9994	0.9839	0.00109080992637	3	0	1	3	0	1	6364987.0	0	2074737.8			
tr|A0A8N7T6V1|A0A8N7T6V1_DANRE	A0A8N7T6V1	A0A8N7T6V1_DANRE	si:dkey-183i3.5	650	false	false	Danio rerio	thread biopolymer filament subunit alpha	1:Experimental evidence at protein level	1.08	0.9994	0.9953	0.00000000000000	1	0	0	1	0	0	5.2058952E7	0	0			
tr|A2CEA9|A2CEA9_DANRE	A2CEA9	A2CEA9_DANRE	bri3bp	234	false	false	Danio rerio	BRI3-binding protein precursor	4:Protein predicted	3.85	0.9993	0.9972	0.00000000000000	1	1	1	1	1	1	782502.2	782502.2	782502.2			
tr|E9QCQ6|E9QCQ6_DANRE	E9QCQ6	E9QCQ6_DANRE	fb37h12	406	false	false	Danio rerio	Branched-chain-amino-acid aminotransferase	1:Experimental evidence at protein level	2.22	0.9991	0.9983	0.00000000000000	1	0	1	1	0	1	596177.75	0	596177.75			
sp|Q15323|K1H1_HUMAN	Q15323	K1H1_HUMAN	KRT31	416	false	false	Homo sapiens	Keratin, type I cuticular Ha1	1:Experimental evidence at protein level	1.68	0.9988	0.9987	0.00000000000000	1	0	0	1	0	0	1.76807968E8	0	0			
tr|Q6IQ56|Q6IQ56_DANRE	Q6IQ56	Q6IQ56_DANRE	zgc:86943	127	false	false	Danio rerio	Small nuclear ribonucleoprotein Sm D3	1:Experimental evidence at protein level	16.54	0.9987	0.9987	0.00000000000000	1	0	0	1	0	0	3449198.0	0	0			
sp|Q14532|K1H2_HUMAN	Q14532	K1H2_HUMAN	KRT32	448	false	false	Homo sapiens	Keratin, type I cuticular Ha2	1:Experimental evidence at protein level	1.56	0.9986	0.9733	0.00342736620090	2	0	1	1	0	0	1.85159344E8	0	8351373.5			
tr|A0A8M9PHT6|A0A8M9PHT6_DANRE	A0A8M9PHT6	A0A8M9PHT6_DANRE	dnm2a	885	false	false	Danio rerio	dynamin GTPase	1:Experimental evidence at protein level	0.79	0.9986	0.9987	0.00000000000000	1	0	0	1	0	0	2107674.0	0	0			
tr|Q7ZWI5|Q7ZWI5_DANRE	Q7ZWI5	Q7ZWI5_DANRE	gnai2	347	false	false	Danio rerio	Guanine nucleotide binding protein (G protein), alpha inhibiting activity polypeptide 2	1:Experimental evidence at protein level	3.17	0.9983	0.9982	0.00000000000000	1	0	0	1	0	0	1.3921013E7	0	0			
tr|A2RV44|A2RV44_DANRE	A2RV44	A2RV44_DANRE	wu:fb58f07	486	false	false	Danio rerio	Zgc:158846 protein	2:Experimental evidence at transcript level	5.97	0.9978	0.9490	0.00907944514502	5	0	0	5	0	0	1.11183008E8	0	0			
tr|A8WFS0|A8WFS0_DANRE	A8WFS0	A8WFS0_DANRE	LOC560210	643	false	false	Danio rerio	LOC560210 protein	2:Experimental evidence at transcript level	7.78	0.9975	0.9901	0.00027901785714	4	0	0	4	0	0	6364987.0	0	0			
tr|Q5M9N3|Q5M9N3_DANRE	Q5M9N3	Q5M9N3_DANRE	sfrs6b	355	false	false	Danio rerio	Splicing factor, arginine/serine-rich 6b	1:Experimental evidence at protein level	2.54	0.9974	0.9972	0.00000000000000	1	0	0	1	0	0	1.0367423E7	0	0			
tr|Q1L986|Q1L986_DANRE	Q1L986	Q1L986_DANRE	rab3b	217	false	false	Danio rerio	RAB3B, member RAS oncogene family (Fragment)	1:Experimental evidence at protein level	8.76	0.9968	0.9950	0.00000000000000	2	0	0	2	0	0	6552527.0	0	0			
tr|E7FBI4|E7FBI4_DANRE	E7FBI4	E7FBI4_DANRE	zgc:56630	185	false	false	Danio rerio	small monomeric GTPase	1:Experimental evidence at protein level	11.35	0.9967	0.9965	0.00000000000000	2	0	0	2	0	0	2913411.2	0	0			
tr|A0A8N7T6X5|A0A8N7T6X5_DANRE	A0A8N7T6X5	A0A8N7T6X5_DANRE	si:ch211-250g4.3	15997	false	false	Danio rerio	nesprin-1 isoform X1	1:Experimental evidence at protein level	0.06	0.9965	0.9957	0.00000000000000	1	1	1	1	1	1	1.4929338E7	1.4929338E7	1.4929338E7			
tr|Q6DGU2|Q6DGU2_DANRE	Q6DGU2	Q6DGU2_DANRE	zgc:92772	218	false	false	Danio rerio	RAB11B, member RAS oncogene family, b	2:Experimental evidence at transcript level	5.05	0.9956	0.9990	0.00000000000000	1	0	0	1	0	0	527971.56	0	0			tr|Q802D1|Q802D1_DANRE
tr|A0A8M1PZ01|A0A8M1PZ01_DANRE	A0A8M1PZ01	A0A8M1PZ01_DANRE	gnas	419	false	false	Danio rerio	guanine nucleotide-binding protein G(S) subunit alpha isoform X1	1:Experimental evidence at protein level	2.63	0.9953	0.9984	0.00000000000000	1	0	0	1	0	0	1.3921013E7	0	0			tr|A0A8M2BLF1|A0A8M2BLF1_DANRE
tr|Q90WX6|Q90WX6_DANRE	Q90WX6	Q90WX6_DANRE	wu:fk56e06	350	false	false	Danio rerio	Guanine nucleotide-binding protein (G protein), alpha transducing activity polypeptide 1	1:Experimental evidence at protein level	3.14	0.9950	0.9989	0.00000000000000	1	0	0	1	0	0	1.3921013E7	0	0			
tr|A0A8M2BEV5|A0A8M2BEV5_DANRE	A0A8M2BEV5	A0A8M2BEV5_DANRE	rab3c	224	false	false	Danio rerio	Ras-related protein Rab-3	1:Experimental evidence at protein level	8.48	0.9947	0.9988	0.00000000000000	2	0	0	2	0	0	6552527.0	0	0			
tr|E7F602|E7F602_DANRE	E7F602	E7F602_DANRE	lppr3b	847	false	false	Danio rerio	Mediator of RNA polymerase II transcription subunit 16	1:Experimental evidence at protein level	1.30	0.9931	0.9960	0.00000000000000	1	1	1	1	1	1	0	0	0			
tr|Q90X33|Q90X33_DANRE	Q90X33	Q90X33_DANRE	atp[a]1A1	1024	false	false	Danio rerio	Sodium/potassium-transporting ATPase subunit alpha	1:Experimental evidence at protein level	6.64	0.9927	0.9715	0.00367261280168	5	0	0	5	0	0	2.0653206E7	0	0			
sp|Q6TEN1|RAP1B_DANRE	Q6TEN1	RAP1B_DANRE	rap1b	184	false	false	Danio rerio	Ras-related protein Rap-1b	2:Experimental evidence at transcript level	11.41	0.9922	0.9918	0.00027901785714	2	0	0	2	0	0	2913411.2	0	0			
tr|A0A8M9QIA6|A0A8M9QIA6_DANRE	A0A8M9QIA6	A0A8M9QIA6_DANRE	LOC110439971	90	false	false	Danio rerio	histone H2B 1/2-like	3:Protein inferred from homology	25.56	0.9916	0.9575	0.00793447658050	4	0	0	4	0	0	3.65802368E9	0	0			
tr|Q6NWK7|Q6NWK7_DANRE	Q6NWK7	Q6NWK7_DANRE	tuba1	451	false	false	Danio rerio	Tubulin alpha chain	2:Experimental evidence at transcript level	53.44	0.9901	0.9990	0.00000000000000	19	0	0	28	0	0	2.09345056E8	0	0			
tr|A9JTC8|A9JTC8_DANRE	A9JTC8	A9JTC8_DANRE	gnai3	354	false	false	Danio rerio	Gnai3 protein	1:Experimental evidence at protein level	3.11	0.9873	0.9990	0.00000000000000	1	0	0	1	0	0	1.3921013E7	0	0			
tr|A4QN79|A4QN79_DANRE	A4QN79	A4QN79_DANRE	si:dkey-251i10.1	299	false	false	Danio rerio	ADP/ATP translocase	1:Experimental evidence at protein level	12.71	0.9872	0.9866	0.00082712985939	4	0	0	4	0	0	7792196.0	0	0			
tr|A0A8M9PUK6|A0A8M9PUK6_DANRE	A0A8M9PUK6	A0A8M9PUK6_DANRE	nefla	712	false	false	Danio rerio	neurofilament light polypeptide-like	1:Experimental evidence at protein level	1.12	0.9868	0.9971	0.00000000000000	1	0	0	1	0	0	0	0	0			
tr|Q567W2|Q567W2_DANRE	Q567W2	Q567W2_DANRE	sb:cb640	453	false	false	Danio rerio	Zgc:110712	1:Experimental evidence at protein level	1.99	0.9859	0.9914	0.00027901785714	1	1	1	1	1	1	0	0	0			
tr|Q6P977|Q6P977_DANRE	Q6P977	Q6P977_DANRE	zgc:73061	213	false	false	Danio rerio	RAB42, member RAS oncogene family a	2:Experimental evidence at transcript level	5.16	0.9819	0.9960	0.00000000000000	1	0	0	1	0	0	3264589.0	0	0			
tr|A0A8M6Z396|A0A8M6Z396_DANRE	A0A8M6Z396	A0A8M6Z396_DANRE	slc6a11b	617	false	false	Danio rerio	Transporter	1:Experimental evidence at protein level	1.78	0.9815	0.9821	0.00135244793075	1	1	1	1	1	1	0	0	0	3C(57.0215)		
tr|Q4V8Q5|Q4V8Q5_DANRE	Q4V8Q5	Q4V8Q5_DANRE	sfrs7	178	false	false	Danio rerio	Serine and arginine-rich-splicing factor 7b	1:Experimental evidence at protein level	5.06	0.9806	0.9957	0.00000000000000	1	0	0	1	0	0	0	0	0			
tr|Q6DGB3|Q6DGB3_DANRE	Q6DGB3	Q6DGB3_DANRE	zgc:100889	201	false	false	Danio rerio	RAB30, member RAS oncogene family	2:Experimental evidence at transcript level	5.47	0.9806	0.9989	0.00000000000000	1	0	0	1	0	0	3264589.0	0	0			
sp|Q9MIY5|ATP6_DANRE	Q9MIY5	ATP6_DANRE	mt-atp6	227	false	false	Danio rerio	ATP synthase subunit a	3:Protein inferred from homology	4.85	0.9803	0.9989	0.00000000000000	1	1	1	1	1	1	0	0	0			
tr|Q7ZTT0|Q7ZTT0_DANRE	Q7ZTT0	Q7ZTT0_DANRE	zgc:56685	140	false	false	Danio rerio	Histone H2A	1:Experimental evidence at protein level	35.00	0.9800	0.9905	0.00027901785714	4	2	2	4	2	2	4.27272934E9	203640.02	203640.02			
tr|Q7ZSZ0|Q7ZSZ0_DANRE	Q7ZSZ0	Q7ZSZ0_DANRE	rab1a	201	false	false	Danio rerio	RAB1A, member RAS oncogene family	2:Experimental evidence at transcript level	5.47	0.9720	0.9758	0.00265533722783	1	0	0	1	0	0	3264589.0	0	0			
tr|A8WFV1|A8WFV1_DANRE	A8WFV1	A8WFV1_DANRE	fc85a11	719	false	false	Danio rerio	TNF receptor-associated protein 1	1:Experimental evidence at protein level	1.95	0.9693	0.9887	0.00027901785714	1	0	0	1	0	0	1.056311E7	0	0			
sp|P61485|RL36A_DANRE	P61485	RL36A_DANRE	rpl36a	106	false	false	Danio rerio	60S ribosomal protein L36a	1:Experimental evidence at protein level	8.49	0.9639	0.9980	0.00000000000000	1	1	1	1	1	1	0	0	0	3C(57.0215),8C(57.0215)		
tr|A4FVI4|A4FVI4_DANRE	A4FVI4	A4FVI4_DANRE	si:dkeyp-117b8.3	295	false	false	Danio rerio	Si:dkeyp-117b8.3 protein	1:Experimental evidence at protein level	3.73	0.9630	0.9917	0.00027901785714	1	0	0	1	0	0	0	0	0			
tr|Q66HW7|Q66HW7_DANRE	Q66HW7	Q66HW7_DANRE	rds2	345	false	false	Danio rerio	Peripherin 2a (retinal degeneration, slow)	1:Experimental evidence at protein level	2.90	0.9514	0.9973	0.00000000000000	1	1	1	1	1	1	0	0	0			
tr|Q1LUM4|Q1LUM4_DANRE	Q1LUM4	Q1LUM4_DANRE	ppfibp1b	1013	false	false	Danio rerio	PPFIA-binding protein 1b	3:Protein inferred from homology	3.75	0.9495	0.9590	0.00770020533881	1	1	1	1	1	1	0	0	0	22C(57.0215)		
tr|A0A8M6Z2N0|A0A8M6Z2N0_DANRE	A0A8M6Z2N0	A0A8M6Z2N0_DANRE	LOC100536182	551	false	false	Danio rerio	E3 ubiquitin/ISG15 ligase TRIM25-like	4:Protein predicted	2.00	0.8886	0.9746	0.00291159343568	1	0	0	1	0	0	527971.56	0	0			
tr|E7FG54|E7FG54_DANRE	E7FG54	E7FG54_DANRE	myl2a	169	false	false	Danio rerio	Myosin regulatory light chain 2a	1:Experimental evidence at protein level	10.65	0.8416	0.9605	0.00721277691911	1	0	0	1	0	0	0	0	0			
sp|Q68EK7|RAB4B_DANRE	Q68EK7	RAB4B_DANRE	rab4b	213	false	false	Danio rerio	Ras-related protein Rab-4B	2:Experimental evidence at transcript level	5.16	0.8391	0.9898	0.00027901785714	1	0	0	1	0	0	3264589.0	0	0			sp|Q6PHI9|RAB4A_DANRE
tr|A0A8M1NS15|A0A8M1NS15_DANRE	A0A8M1NS15	A0A8M1NS15_DANRE	si:dkey-37o8.1	458	false	false	Danio rerio	Elongation factor 1-alpha	1:Experimental evidence at protein level	4.59	0.8319	0.9577	0.00793447658050	2	1	1	2	1	1	1.0118789E7	0	0			
tr|A4FVJ5|A4FVJ5_DANRE	A4FVJ5	A4FVJ5_DANRE	fj64c01	377	false	false	Danio rerio	Guanine nucleotide binding protein (G protein), alpha 13b	1:Experimental evidence at protein level	2.92	0.7796	0.9850	0.00082712985939	1	0	0	1	0	0	1.3921013E7	0	0			
tr|A0A8M3ARX3|A0A8M3ARX3_DANRE	A0A8M3ARX3	A0A8M3ARX3_DANRE	cetp	518	false	false	Danio rerio	Cholesteryl ester transfer protein	1:Experimental evidence at protein level	3.86	0.6447	0.9712	0.00367261280168	1	1	1	1	1	1	0	0	0			
